/*******************************************************************************
 * Size: 17 px
 * Bpp: 4
 * Opts: --font /Users/kongweilu/Development/EchoEar Token&Weather/SHANHAI_EchoEar_Demo/assets/firmware/NotoSansJP-600.ttf --symbols °·×÷–…↑↓∞　、。「」いかがきくごさしじすせだつてでとなにのはへまみむめもりるれわをんイオカキクサザスセタダチッデトドネパビプホムモャュラリルレワン・ー一上下不两中为予事京仅今件会位低体余作使例供保信値元入全六共内再凭击分切列利别制刻削前加务动動包区单単历原双取口可右号同含和品唤回图圆土在地均域報場声备多天失存定实実客室对対専屏山左已帐年应底度当形待得必忘応态总息情感態或户所拖持按换据接控描提操支敗数料断新方日旧时明显時晴曇更最月有服期木未本机条来東果染查标样案检検機次残每比气気水没況海済温渲湿滑滚演火点無版状率环用画留発百的看確示离秒程窓窗第答約細終続约线结络网置美能自获行表製要览角解触設証試詳認説読議认讨论设证详说读資败車车轮轻载込过返进述週部配醒重量金钮長閉開間间阅降限除際集雨雪雷霧面音題页题额高，； !"#$%&'()*+,-./0123456789:;<=>?@ABCDEFGHIJKLMNOPQRSTUVWXYZ[\]^_`abcdefghijklmnopqrstuvwxyz{|}~°↑↓ --size 17 --bpp 4 --format lvgl --lv-include lvgl.h --no-compress --lv-font-name sh_font_17_600 -o /Users/kongweilu/Development/EchoEar Token&Weather/SHANHAI_EchoEar_Demo/main/fonts/sh_font_17_600.c
 ******************************************************************************/

#ifdef LV_LVGL_H_INCLUDE_SIMPLE
#include "lvgl.h"
#else
#include "lvgl.h"
#endif

#ifndef SH_FONT_17_600
#define SH_FONT_17_600 1
#endif

#if SH_FONT_17_600

/*-----------------
 *    BITMAPS
 *----------------*/

/*Store the image of the glyphs*/
static LV_ATTRIBUTE_LARGE_CONST const uint8_t glyph_bitmap[] = {
    /* U+0020 " " */

    /* U+0021 "!" */
    0x1f, 0xf2, 0xf, 0xf1, 0xf, 0xf1, 0xf, 0xf0,
    0xe, 0xf0, 0xe, 0xf0, 0xd, 0xe0, 0xc, 0xd0,
    0xb, 0xc0, 0x0, 0x10, 0x2e, 0xf2, 0x6f, 0xf6,
    0x1d, 0xe2,

    /* U+0022 "\"" */
    0x7f, 0xc0, 0x8f, 0xc7, 0xfb, 0x7, 0xfb, 0x6f,
    0xa0, 0x6f, 0xa4, 0xf9, 0x4, 0xf9, 0x2f, 0x70,
    0x2f, 0x70, 0xe4, 0x0, 0xe4,

    /* U+0023 "#" */
    0x0, 0xd, 0x70, 0x4f, 0x10, 0x0, 0xf, 0x50,
    0x6f, 0x0, 0x0, 0x1f, 0x30, 0x8d, 0x0, 0xf,
    0xff, 0xff, 0xff, 0xf4, 0x7, 0xbf, 0x88, 0xec,
    0x82, 0x0, 0x7d, 0x0, 0xe7, 0x0, 0x0, 0x9c,
    0x0, 0xf5, 0x0, 0x28, 0xdd, 0x88, 0xfa, 0x70,
    0x5f, 0xff, 0xff, 0xff, 0xe0, 0x0, 0xe7, 0x5,
    0xf0, 0x0, 0x0, 0xf5, 0x7, 0xe0, 0x0, 0x2,
    0xf3, 0x8, 0xd0, 0x0, 0x3, 0xf1, 0xa, 0xb0,
    0x0,

    /* U+0024 "$" */
    0x0, 0x0, 0xcb, 0x0, 0x0, 0x0, 0xc, 0xb0,
    0x0, 0x0, 0x3b, 0xff, 0xc4, 0x0, 0x1f, 0xff,
    0xef, 0xf4, 0x8, 0xfc, 0x0, 0x4a, 0x0, 0xaf,
    0x80, 0x0, 0x0, 0x7, 0xfe, 0x20, 0x0, 0x0,
    0x1d, 0xff, 0x81, 0x0, 0x0, 0x19, 0xff, 0xf5,
    0x0, 0x0, 0x2, 0xcf, 0xf3, 0x0, 0x0, 0x0,
    0xbf, 0x90, 0x0, 0x0, 0x7, 0xfb, 0x8, 0xa2,
    0x0, 0xcf, 0x80, 0xdf, 0xfe, 0xff, 0xe1, 0x0,
    0x7d, 0xff, 0xa2, 0x0, 0x0, 0xc, 0xb0, 0x0,
    0x0, 0x0, 0xcb, 0x0, 0x0,

    /* U+0025 "%" */
    0x3, 0xcf, 0xd4, 0x0, 0x0, 0x7e, 0x0, 0x0,
    0xe, 0xd6, 0xcf, 0x20, 0x0, 0xe6, 0x0, 0x0,
    0x4f, 0x50, 0x2f, 0x70, 0x8, 0xd0, 0x0, 0x0,
    0x6f, 0x20, 0xf, 0x90, 0x1f, 0x50, 0x0, 0x0,
    0x5f, 0x40, 0x1f, 0x80, 0x8d, 0x0, 0x0, 0x0,
    0x1f, 0xb1, 0x9f, 0x31, 0xf4, 0x2d, 0xfe, 0x40,
    0x6, 0xff, 0xf8, 0x9, 0xc0, 0xdb, 0x8, 0xf1,
    0x0, 0x13, 0x10, 0x2f, 0x33, 0xf4, 0x2, 0xf6,
    0x0, 0x0, 0x0, 0xab, 0x5, 0xf3, 0x0, 0xf9,
    0x0, 0x0, 0x3, 0xf3, 0x5, 0xf3, 0x0, 0xf9,
    0x0, 0x0, 0xb, 0xa0, 0x3, 0xf6, 0x3, 0xf6,
    0x0, 0x0, 0x3f, 0x20, 0x0, 0xce, 0x6d, 0xe1,
    0x0, 0x0, 0xc9, 0x0, 0x0, 0x2c, 0xfd, 0x30,

    /* U+0026 "&" */
    0x0, 0x7, 0xef, 0xc2, 0x0, 0x0, 0x0, 0x6f,
    0xd9, 0xfd, 0x0, 0x0, 0x0, 0xcf, 0x20, 0xbf,
    0x10, 0x0, 0x0, 0xdf, 0x0, 0xde, 0x0, 0x0,
    0x0, 0xaf, 0x6b, 0xf6, 0x0, 0x0, 0x0, 0x4f,
    0xff, 0x60, 0x0, 0x22, 0x1, 0xcf, 0xf9, 0x0,
    0x6, 0xfa, 0xc, 0xfb, 0xef, 0x60, 0xd, 0xf3,
    0x4f, 0xd0, 0x3f, 0xf7, 0x6f, 0xc0, 0x7f, 0xb0,
    0x4, 0xff, 0xff, 0x30, 0x4f, 0xf3, 0x0, 0x9f,
    0xff, 0x60, 0xc, 0xff, 0xde, 0xff, 0xdf, 0xfd,
    0x0, 0x8e, 0xfe, 0xa3, 0x4, 0xb8,

    /* U+0027 "'" */
    0x7f, 0xc7, 0xfb, 0x6f, 0xa4, 0xf9, 0x2f, 0x70,
    0xe4,

    /* U+0028 "(" */
    0x0, 0x15, 0x0, 0x9, 0xf2, 0x1, 0xfa, 0x0,
    0x7f, 0x40, 0xc, 0xf0, 0x1, 0xfb, 0x0, 0x4f,
    0x80, 0x6, 0xf6, 0x0, 0x7f, 0x50, 0x8, 0xf4,
    0x0, 0x7f, 0x50, 0x6, 0xf6, 0x0, 0x4f, 0x80,
    0x0, 0xfb, 0x0, 0xc, 0xf0, 0x0, 0x6f, 0x40,
    0x1, 0xfb, 0x0, 0x8, 0xf2, 0x0, 0x14, 0x0,

    /* U+0029 ")" */
    0x3, 0x30, 0x0, 0xec, 0x0, 0x7, 0xf4, 0x0,
    0x1f, 0xb0, 0x0, 0xcf, 0x10, 0x8, 0xf5, 0x0,
    0x5f, 0x80, 0x2, 0xfa, 0x0, 0x1f, 0xb0, 0x1,
    0xfc, 0x0, 0x1f, 0xb0, 0x2, 0xfa, 0x0, 0x5f,
    0x80, 0x8, 0xf4, 0x0, 0xcf, 0x0, 0x1f, 0xa0,
    0x7, 0xf4, 0x0, 0xec, 0x0, 0x3, 0x20, 0x0,

    /* U+002A "*" */
    0x0, 0x7, 0xd0, 0x0, 0x1, 0x8, 0xf0, 0x10,
    0xe, 0xee, 0xfd, 0xf5, 0x3, 0xbf, 0xfe, 0x60,
    0x0, 0x7f, 0xfd, 0x0, 0x1, 0xfa, 0x3f, 0x60,
    0x0, 0x40, 0x4, 0x0,

    /* U+002B "+" */
    0x0, 0x0, 0x22, 0x0, 0x0, 0x0, 0x0, 0xec,
    0x0, 0x0, 0x0, 0x0, 0xec, 0x0, 0x0, 0x0,
    0x0, 0xec, 0x0, 0x0, 0x3a, 0xaa, 0xfe, 0xaa,
    0xa2, 0x5f, 0xff, 0xff, 0xff, 0xf3, 0x0, 0x0,
    0xec, 0x0, 0x0, 0x0, 0x0, 0xec, 0x0, 0x0,
    0x0, 0x0, 0xec, 0x0, 0x0, 0x0, 0x0, 0xec,
    0x0, 0x0,

    /* U+002C "," */
    0x4, 0xc9, 0x0, 0xbf, 0xf4, 0x6, 0xff, 0x60,
    0x3, 0xf4, 0x0, 0xce, 0x0, 0xdf, 0x40, 0x6,
    0x20, 0x0,

    /* U+002D "-" */
    0x2a, 0xaa, 0xa4, 0x3f, 0xff, 0xf6,

    /* U+002E "." */
    0x1, 0x0, 0x7f, 0xc0, 0xcf, 0xf0, 0x5f, 0xa0,

    /* U+002F "/" */
    0x0, 0x0, 0x6f, 0x10, 0x0, 0xb, 0xd0, 0x0,
    0x0, 0xe9, 0x0, 0x0, 0x3f, 0x50, 0x0, 0x7,
    0xf1, 0x0, 0x0, 0xbc, 0x0, 0x0, 0xf, 0x80,
    0x0, 0x3, 0xf4, 0x0, 0x0, 0x7f, 0x0, 0x0,
    0xb, 0xc0, 0x0, 0x0, 0xf8, 0x0, 0x0, 0x4f,
    0x40, 0x0, 0x8, 0xf0, 0x0, 0x0, 0xcc, 0x0,
    0x0, 0xf, 0x80, 0x0, 0x4, 0xf4, 0x0, 0x0,
    0x8f, 0x0, 0x0, 0x5, 0x60, 0x0, 0x0,

    /* U+0030 "0" */
    0x0, 0x2b, 0xff, 0xa1, 0x0, 0x1, 0xef, 0xee,
    0xfd, 0x0, 0x8, 0xfb, 0x0, 0xcf, 0x60, 0xe,
    0xf3, 0x0, 0x5f, 0xc0, 0x1f, 0xf0, 0x0, 0x2f,
    0xf0, 0x2f, 0xe0, 0x0, 0xf, 0xf0, 0x3f, 0xe0,
    0x0, 0xf, 0xf1, 0x2f, 0xe0, 0x0, 0x1f, 0xf0,
    0x1f, 0xf0, 0x0, 0x2f, 0xe0, 0xd, 0xf4, 0x0,
    0x6f, 0xb0, 0x8, 0xfb, 0x0, 0xdf, 0x60, 0x1,
    0xef, 0xee, 0xfc, 0x0, 0x0, 0x2b, 0xff, 0xa1,
    0x0,

    /* U+0031 "1" */
    0x1, 0x6d, 0xf6, 0x0, 0x1f, 0xff, 0xf6, 0x0,
    0x7, 0x7e, 0xf6, 0x0, 0x0, 0xd, 0xf6, 0x0,
    0x0, 0xd, 0xf6, 0x0, 0x0, 0xd, 0xf6, 0x0,
    0x0, 0xd, 0xf6, 0x0, 0x0, 0xd, 0xf6, 0x0,
    0x0, 0xd, 0xf6, 0x0, 0x0, 0xd, 0xf6, 0x0,
    0x0, 0xd, 0xf6, 0x0, 0x8e, 0xef, 0xfe, 0xea,
    0x9f, 0xff, 0xff, 0xfc,

    /* U+0032 "2" */
    0x0, 0x8e, 0xfe, 0x80, 0x1, 0xdf, 0xfd, 0xff,
    0xb0, 0xc, 0x90, 0x4, 0xff, 0x30, 0x0, 0x0,
    0xd, 0xf6, 0x0, 0x0, 0x0, 0xcf, 0x50, 0x0,
    0x0, 0x1f, 0xf2, 0x0, 0x0, 0x9, 0xfb, 0x0,
    0x0, 0x4, 0xff, 0x20, 0x0, 0x2, 0xef, 0x60,
    0x0, 0x2, 0xef, 0x90, 0x0, 0x2, 0xef, 0xa0,
    0x0, 0x1, 0xef, 0xfe, 0xef, 0xff, 0x4f, 0xff,
    0xff, 0xff, 0xf0,

    /* U+0033 "3" */
    0x0, 0x8e, 0xfe, 0xa2, 0x0, 0xdf, 0xfd, 0xff,
    0xe1, 0x5, 0x80, 0x2, 0xff, 0x60, 0x0, 0x0,
    0xc, 0xf7, 0x0, 0x0, 0x3, 0xff, 0x30, 0x0,
    0x9c, 0xff, 0x50, 0x0, 0xe, 0xff, 0xd5, 0x0,
    0x0, 0x1, 0x6f, 0xf5, 0x0, 0x0, 0x0, 0x7f,
    0xc0, 0x0, 0x0, 0x6, 0xfe, 0x1e, 0x70, 0x2,
    0xdf, 0xb3, 0xff, 0xfe, 0xff, 0xf3, 0x2, 0x9e,
    0xfe, 0xa2, 0x0,

    /* U+0034 "4" */
    0x0, 0x0, 0x2f, 0xfd, 0x0, 0x0, 0x0, 0xbf,
    0xfd, 0x0, 0x0, 0x4, 0xfd, 0xfd, 0x0, 0x0,
    0xd, 0xf6, 0xfd, 0x0, 0x0, 0x7f, 0xa3, 0xfd,
    0x0, 0x1, 0xff, 0x14, 0xfd, 0x0, 0xa, 0xf7,
    0x4, 0xfd, 0x0, 0x3f, 0xd0, 0x4, 0xfd, 0x0,
    0xaf, 0xff, 0xff, 0xff, 0xf5, 0x8c, 0xcc, 0xcd,
    0xff, 0xc4, 0x0, 0x0, 0x4, 0xfd, 0x0, 0x0,
    0x0, 0x4, 0xfd, 0x0, 0x0, 0x0, 0x4, 0xfd,
    0x0,

    /* U+0035 "5" */
    0x3, 0xff, 0xff, 0xff, 0x50, 0x4f, 0xff, 0xff,
    0xf5, 0x5, 0xfb, 0x0, 0x0, 0x0, 0x6f, 0x90,
    0x0, 0x0, 0x7, 0xfb, 0x9a, 0x60, 0x0, 0x8f,
    0xff, 0xff, 0xd1, 0x1, 0x82, 0x4, 0xef, 0x90,
    0x0, 0x0, 0x7, 0xfd, 0x0, 0x0, 0x0, 0x5f,
    0xe0, 0x0, 0x0, 0x7, 0xfd, 0x1e, 0x70, 0x3,
    0xef, 0x84, 0xff, 0xfe, 0xff, 0xd0, 0x2, 0x9e,
    0xfe, 0x90, 0x0,

    /* U+0036 "6" */
    0x0, 0x6, 0xdf, 0xe9, 0x10, 0x0, 0x9f, 0xfe,
    0xff, 0xa0, 0x3, 0xff, 0x40, 0x6, 0x0, 0xa,
    0xf7, 0x0, 0x0, 0x0, 0xf, 0xf2, 0x6a, 0x82,
    0x0, 0x1f, 0xfc, 0xff, 0xff, 0x40, 0x2f, 0xfc,
    0x20, 0x9f, 0xd0, 0x1f, 0xf1, 0x0, 0xf, 0xf1,
    0xf, 0xf0, 0x0, 0xe, 0xf2, 0xc, 0xf4, 0x0,
    0xf, 0xf0, 0x6, 0xfc, 0x0, 0x7f, 0xc0, 0x0,
    0xbf, 0xed, 0xff, 0x30, 0x0, 0x8, 0xef, 0xc3,
    0x0,

    /* U+0037 "7" */
    0x2f, 0xff, 0xff, 0xff, 0xf0, 0x2f, 0xff, 0xff,
    0xff, 0xe0, 0x0, 0x0, 0x0, 0xbf, 0x40, 0x0,
    0x0, 0x5, 0xf9, 0x0, 0x0, 0x0, 0xd, 0xf1,
    0x0, 0x0, 0x0, 0x5f, 0xa0, 0x0, 0x0, 0x0,
    0xbf, 0x40, 0x0, 0x0, 0x0, 0xff, 0x10, 0x0,
    0x0, 0x4, 0xfd, 0x0, 0x0, 0x0, 0x7, 0xfb,
    0x0, 0x0, 0x0, 0x9, 0xfa, 0x0, 0x0, 0x0,
    0xa, 0xf9, 0x0, 0x0, 0x0, 0xc, 0xf8, 0x0,
    0x0,

    /* U+0038 "8" */
    0x0, 0x3b, 0xff, 0xb3, 0x0, 0x2, 0xff, 0xbb,
    0xff, 0x20, 0x9, 0xf8, 0x0, 0x8f, 0x80, 0xa,
    0xf5, 0x0, 0x4f, 0x90, 0x7, 0xfa, 0x0, 0x6f,
    0x50, 0x0, 0xbf, 0xc4, 0xeb, 0x0, 0x0, 0x6f,
    0xff, 0xf5, 0x0, 0x7, 0xf7, 0x29, 0xff, 0x50,
    0xf, 0xe0, 0x0, 0x6f, 0xe0, 0x3f, 0xc0, 0x0,
    0xf, 0xf1, 0x1f, 0xf3, 0x0, 0x5f, 0xe0, 0x8,
    0xff, 0xbb, 0xff, 0x60, 0x0, 0x6c, 0xff, 0xc5,
    0x0,

    /* U+0039 "9" */
    0x0, 0x6d, 0xfe, 0x70, 0x0, 0x7f, 0xfc, 0xff,
    0xa0, 0xf, 0xf4, 0x1, 0xdf, 0x43, 0xfd, 0x0,
    0x6, 0xfa, 0x4f, 0xc0, 0x0, 0x2f, 0xd1, 0xff,
    0x20, 0x9, 0xff, 0xa, 0xff, 0xad, 0xef, 0xf0,
    0x9, 0xef, 0xa3, 0xfe, 0x0, 0x0, 0x0, 0x4f,
    0xc0, 0x0, 0x0, 0xa, 0xf8, 0x3, 0x70, 0x5,
    0xff, 0x20, 0xdf, 0xff, 0xff, 0x60, 0x2, 0xaf,
    0xfc, 0x40, 0x0,

    /* U+003A ":" */
    0x5f, 0xa0, 0xcf, 0xf0, 0x7f, 0xb0, 0x0, 0x0,
    0x0, 0x0, 0x0, 0x0, 0x1, 0x0, 0x7f, 0xc0,
    0xcf, 0xf0, 0x5f, 0xa0,

    /* U+003B ";" */
    0x5, 0xfa, 0x0, 0xcf, 0xf0, 0x7, 0xfb, 0x0,
    0x0, 0x0, 0x0, 0x0, 0x0, 0x0, 0x0, 0x0,
    0x0, 0x0, 0x4c, 0x90, 0xb, 0xff, 0x40, 0x6f,
    0xf6, 0x0, 0x3f, 0x40, 0xc, 0xe0, 0xd, 0xf4,
    0x0, 0x62, 0x0,

    /* U+003C "<" */
    0x0, 0x0, 0x0, 0x2, 0x92, 0x0, 0x0, 0x6,
    0xcf, 0xf3, 0x0, 0x29, 0xff, 0xfa, 0x50, 0x2c,
    0xff, 0xc6, 0x10, 0x0, 0x5f, 0xf8, 0x0, 0x0,
    0x0, 0x19, 0xff, 0xf9, 0x30, 0x0, 0x0, 0x6,
    0xcf, 0xfd, 0x81, 0x0, 0x0, 0x3, 0x9f, 0xf3,
    0x0, 0x0, 0x0, 0x0, 0x62,

    /* U+003D "=" */
    0x5f, 0xff, 0xff, 0xff, 0xf3, 0x3a, 0xaa, 0xaa,
    0xaa, 0xa2, 0x0, 0x0, 0x0, 0x0, 0x0, 0x0,
    0x0, 0x0, 0x0, 0x0, 0x3a, 0xaa, 0xaa, 0xaa,
    0xa2, 0x5f, 0xff, 0xff, 0xff, 0xf3,

    /* U+003E ">" */
    0x48, 0x20, 0x0, 0x0, 0x0, 0x5f, 0xfb, 0x50,
    0x0, 0x0, 0x5, 0xbf, 0xfe, 0x82, 0x0, 0x0,
    0x1, 0x7d, 0xff, 0xb1, 0x0, 0x0, 0x0, 0x9f,
    0xf3, 0x0, 0x4, 0xaf, 0xfe, 0x81, 0x19, 0xef,
    0xfb, 0x50, 0x0, 0x5f, 0xe8, 0x20, 0x0, 0x0,
    0x35, 0x0, 0x0, 0x0, 0x0,

    /* U+003F "?" */
    0x1, 0x9e, 0xfd, 0x50, 0xe, 0xfe, 0xff, 0xf4,
    0x6, 0x60, 0xb, 0xfa, 0x0, 0x0, 0x7, 0xfa,
    0x0, 0x0, 0x1e, 0xf4, 0x0, 0x0, 0xcf, 0x80,
    0x0, 0x8, 0xfa, 0x0, 0x0, 0xf, 0xf1, 0x0,
    0x0, 0x9, 0x90, 0x0, 0x0, 0x0, 0x0, 0x0,
    0x0, 0x2e, 0xf2, 0x0, 0x0, 0x6f, 0xf6, 0x0,
    0x0, 0x1d, 0xd1, 0x0,

    /* U+0040 "@" */
    0x0, 0x0, 0x1, 0x7c, 0xff, 0xea, 0x40, 0x0,
    0x0, 0x0, 0x6f, 0xfb, 0x87, 0x9e, 0xf9, 0x0,
    0x0, 0x8, 0xfb, 0x10, 0x0, 0x0, 0x7f, 0x80,
    0x0, 0x6f, 0x90, 0x0, 0x0, 0x0, 0x9, 0xf2,
    0x1, 0xec, 0x0, 0x4, 0x84, 0x56, 0x1, 0xf8,
    0x7, 0xf3, 0x0, 0x9f, 0xff, 0xea, 0x0, 0xbb,
    0xb, 0xd0, 0x5, 0xf9, 0x7, 0xf7, 0x0, 0x9d,
    0xf, 0x90, 0xd, 0xe0, 0x5, 0xf4, 0x0, 0x9d,
    0xf, 0x80, 0x1f, 0xa0, 0x8, 0xf1, 0x0, 0xcb,
    0xf, 0x80, 0x2f, 0x90, 0xb, 0xe0, 0x2, 0xf6,
    0xe, 0xa0, 0xf, 0xe3, 0x7f, 0xf4, 0x4d, 0xd0,
    0xb, 0xe0, 0x7, 0xff, 0xd3, 0xef, 0xfc, 0x10,
    0x5, 0xf7, 0x0, 0x24, 0x0, 0x14, 0x30, 0x0,
    0x0, 0xcf, 0x50, 0x0, 0x0, 0x0, 0x0, 0x0,
    0x0, 0x1d, 0xfb, 0x52, 0x24, 0x95, 0x0, 0x0,
    0x0, 0x0, 0x8e, 0xff, 0xff, 0xe5, 0x0, 0x0,
    0x0, 0x0, 0x0, 0x24, 0x42, 0x0, 0x0, 0x0,

    /* U+0041 "A" */
    0x0, 0x0, 0x1f, 0xfd, 0x0, 0x0, 0x0, 0x0,
    0x6f, 0xff, 0x20, 0x0, 0x0, 0x0, 0xbf, 0x9f,
    0x70, 0x0, 0x0, 0x1, 0xfe, 0x3f, 0xc0, 0x0,
    0x0, 0x5, 0xf9, 0xf, 0xf1, 0x0, 0x0, 0xa,
    0xf5, 0xa, 0xf6, 0x0, 0x0, 0xf, 0xf1, 0x6,
    0xfb, 0x0, 0x0, 0x4f, 0xc0, 0x1, 0xff, 0x10,
    0x0, 0x9f, 0xff, 0xff, 0xff, 0x50, 0x0, 0xef,
    0xdd, 0xdd, 0xef, 0xa0, 0x3, 0xfe, 0x0, 0x0,
    0x4f, 0xf0, 0x8, 0xfa, 0x0, 0x0, 0xf, 0xf4,
    0xd, 0xf6, 0x0, 0x0, 0xb, 0xf9,

    /* U+0042 "B" */
    0x6f, 0xff, 0xff, 0xc7, 0x0, 0x6f, 0xfd, 0xde,
    0xff, 0xa0, 0x6f, 0xd0, 0x0, 0x7f, 0xf0, 0x6f,
    0xd0, 0x0, 0x1f, 0xf0, 0x6f, 0xd0, 0x0, 0x7f,
    0xc0, 0x6f, 0xfb, 0xbd, 0xfd, 0x20, 0x6f, 0xff,
    0xff, 0xff, 0x70, 0x6f, 0xd0, 0x0, 0x5e, 0xf6,
    0x6f, 0xd0, 0x0, 0x8, 0xfb, 0x6f, 0xd0, 0x0,
    0x8, 0xfb, 0x6f, 0xd0, 0x0, 0x2e, 0xf8, 0x6f,
    0xfd, 0xde, 0xff, 0xd1, 0x6f, 0xff, 0xff, 0xd8,
    0x10,

    /* U+0043 "C" */
    0x0, 0x1, 0x8d, 0xfe, 0xa1, 0x0, 0x3, 0xef,
    0xff, 0xff, 0xe1, 0x0, 0xef, 0xd4, 0x1, 0x99,
    0x0, 0x7f, 0xe1, 0x0, 0x0, 0x0, 0xd, 0xf8,
    0x0, 0x0, 0x0, 0x0, 0xff, 0x50, 0x0, 0x0,
    0x0, 0xf, 0xf4, 0x0, 0x0, 0x0, 0x0, 0xff,
    0x50, 0x0, 0x0, 0x0, 0xd, 0xf8, 0x0, 0x0,
    0x0, 0x0, 0x8f, 0xe1, 0x0, 0x0, 0x10, 0x1,
    0xef, 0xd4, 0x2, 0x9e, 0x20, 0x4, 0xff, 0xff,
    0xff, 0xf3, 0x0, 0x2, 0x9e, 0xfe, 0xa2, 0x0,

    /* U+0044 "D" */
    0x6f, 0xff, 0xfd, 0x92, 0x0, 0x6, 0xff, 0xee,
    0xff, 0xf5, 0x0, 0x6f, 0xd0, 0x2, 0xbf, 0xf2,
    0x6, 0xfd, 0x0, 0x0, 0xdf, 0x90, 0x6f, 0xd0,
    0x0, 0x7, 0xfe, 0x6, 0xfd, 0x0, 0x0, 0x4f,
    0xf0, 0x6f, 0xd0, 0x0, 0x3, 0xff, 0x6, 0xfd,
    0x0, 0x0, 0x4f, 0xf0, 0x6f, 0xd0, 0x0, 0x8,
    0xfd, 0x6, 0xfd, 0x0, 0x0, 0xef, 0x90, 0x6f,
    0xd0, 0x2, 0xcf, 0xf2, 0x6, 0xff, 0xee, 0xff,
    0xf4, 0x0, 0x6f, 0xff, 0xfd, 0x92, 0x0, 0x0,

    /* U+0045 "E" */
    0x6f, 0xff, 0xff, 0xff, 0x26, 0xff, 0xff, 0xff,
    0xf2, 0x6f, 0xd0, 0x0, 0x0, 0x6, 0xfd, 0x0,
    0x0, 0x0, 0x6f, 0xd0, 0x0, 0x0, 0x6, 0xff,
    0xff, 0xff, 0x50, 0x6f, 0xff, 0xff, 0xf5, 0x6,
    0xfd, 0x0, 0x0, 0x0, 0x6f, 0xd0, 0x0, 0x0,
    0x6, 0xfd, 0x0, 0x0, 0x0, 0x6f, 0xd0, 0x0,
    0x0, 0x6, 0xff, 0xff, 0xff, 0xf5, 0x6f, 0xff,
    0xff, 0xff, 0x50,

    /* U+0046 "F" */
    0x6f, 0xff, 0xff, 0xff, 0x36, 0xff, 0xff, 0xff,
    0xf2, 0x6f, 0xd0, 0x0, 0x0, 0x6, 0xfd, 0x0,
    0x0, 0x0, 0x6f, 0xd0, 0x0, 0x0, 0x6, 0xfd,
    0x0, 0x0, 0x0, 0x6f, 0xff, 0xff, 0xf6, 0x6,
    0xff, 0xff, 0xff, 0x50, 0x6f, 0xd0, 0x0, 0x0,
    0x6, 0xfd, 0x0, 0x0, 0x0, 0x6f, 0xd0, 0x0,
    0x0, 0x6, 0xfd, 0x0, 0x0, 0x0, 0x6f, 0xd0,
    0x0, 0x0, 0x0,

    /* U+0047 "G" */
    0x0, 0x1, 0x8d, 0xff, 0xc4, 0x0, 0x2, 0xef,
    0xff, 0xff, 0xf6, 0x0, 0xef, 0xd4, 0x0, 0x6d,
    0x10, 0x7f, 0xf2, 0x0, 0x0, 0x0, 0xd, 0xf9,
    0x0, 0x0, 0x0, 0x0, 0xff, 0x50, 0x0, 0x0,
    0x0, 0xf, 0xf4, 0x0, 0x8f, 0xff, 0xe0, 0xff,
    0x50, 0x7, 0xee, 0xfe, 0xd, 0xf8, 0x0, 0x0,
    0x2f, 0xe0, 0x8f, 0xf1, 0x0, 0x2, 0xfe, 0x1,
    0xef, 0xd5, 0x11, 0x6f, 0xe0, 0x3, 0xef, 0xff,
    0xff, 0xfb, 0x0, 0x1, 0x8d, 0xff, 0xc6, 0x0,

    /* U+0048 "H" */
    0x6f, 0xd0, 0x0, 0x1, 0xff, 0x26, 0xfd, 0x0,
    0x0, 0x1f, 0xf2, 0x6f, 0xd0, 0x0, 0x1, 0xff,
    0x26, 0xfd, 0x0, 0x0, 0x1f, 0xf2, 0x6f, 0xd0,
    0x0, 0x1, 0xff, 0x26, 0xff, 0xff, 0xff, 0xff,
    0xf2, 0x6f, 0xff, 0xff, 0xff, 0xff, 0x26, 0xfd,
    0x0, 0x0, 0x1f, 0xf2, 0x6f, 0xd0, 0x0, 0x1,
    0xff, 0x26, 0xfd, 0x0, 0x0, 0x1f, 0xf2, 0x6f,
    0xd0, 0x0, 0x1, 0xff, 0x26, 0xfd, 0x0, 0x0,
    0x1f, 0xf2, 0x6f, 0xd0, 0x0, 0x1, 0xff, 0x20,

    /* U+0049 "I" */
    0x6f, 0xd6, 0xfd, 0x6f, 0xd6, 0xfd, 0x6f, 0xd6,
    0xfd, 0x6f, 0xd6, 0xfd, 0x6f, 0xd6, 0xfd, 0x6f,
    0xd6, 0xfd, 0x6f, 0xd0,

    /* U+004A "J" */
    0x0, 0x0, 0x4, 0xff, 0x0, 0x0, 0x4, 0xff,
    0x0, 0x0, 0x4, 0xff, 0x0, 0x0, 0x4, 0xff,
    0x0, 0x0, 0x4, 0xff, 0x0, 0x0, 0x4, 0xff,
    0x0, 0x0, 0x4, 0xff, 0x0, 0x0, 0x4, 0xff,
    0x0, 0x0, 0x4, 0xff, 0x1, 0x0, 0x5, 0xfe,
    0x3e, 0xa1, 0x2c, 0xfb, 0x2e, 0xff, 0xff, 0xf3,
    0x2, 0xaf, 0xfc, 0x40,

    /* U+004B "K" */
    0x6f, 0xd0, 0x0, 0x1e, 0xf7, 0x6, 0xfd, 0x0,
    0xc, 0xfb, 0x0, 0x6f, 0xd0, 0x8, 0xfd, 0x10,
    0x6, 0xfd, 0x4, 0xff, 0x30, 0x0, 0x6f, 0xd2,
    0xef, 0x60, 0x0, 0x6, 0xfd, 0xcf, 0xf3, 0x0,
    0x0, 0x6f, 0xff, 0xff, 0xc0, 0x0, 0x6, 0xff,
    0xf4, 0xff, 0x50, 0x0, 0x6f, 0xf6, 0x7, 0xfe,
    0x0, 0x6, 0xfd, 0x0, 0xe, 0xf7, 0x0, 0x6f,
    0xd0, 0x0, 0x5f, 0xf1, 0x6, 0xfd, 0x0, 0x0,
    0xcf, 0xa0, 0x6f, 0xd0, 0x0, 0x3, 0xff, 0x30,

    /* U+004C "L" */
    0x6f, 0xd0, 0x0, 0x0, 0x6, 0xfd, 0x0, 0x0,
    0x0, 0x6f, 0xd0, 0x0, 0x0, 0x6, 0xfd, 0x0,
    0x0, 0x0, 0x6f, 0xd0, 0x0, 0x0, 0x6, 0xfd,
    0x0, 0x0, 0x0, 0x6f, 0xd0, 0x0, 0x0, 0x6,
    0xfd, 0x0, 0x0, 0x0, 0x6f, 0xd0, 0x0, 0x0,
    0x6, 0xfd, 0x0, 0x0, 0x0, 0x6f, 0xd0, 0x0,
    0x0, 0x6, 0xff, 0xff, 0xff, 0xf0, 0x6f, 0xff,
    0xff, 0xff, 0x10,

    /* U+004D "M" */
    0x6f, 0xf4, 0x0, 0x0, 0xf, 0xfb, 0x6f, 0xfa,
    0x0, 0x0, 0x5f, 0xfb, 0x6f, 0xff, 0x0, 0x0,
    0xaf, 0xfb, 0x6f, 0xcf, 0x50, 0x0, 0xfc, 0xfb,
    0x6f, 0x9f, 0xb0, 0x5, 0xf8, 0xfb, 0x6f, 0x8b,
    0xf1, 0xb, 0xf5, 0xfb, 0x6f, 0x96, 0xf6, 0x1f,
    0xa5, 0xfb, 0x6f, 0xa1, 0xfb, 0x5f, 0x45, 0xfb,
    0x6f, 0xa0, 0xbf, 0xbe, 0x5, 0xfb, 0x6f, 0xa0,
    0x5f, 0xf9, 0x5, 0xfb, 0x6f, 0xa0, 0xf, 0xf4,
    0x5, 0xfb, 0x6f, 0xa0, 0x8, 0xb0, 0x5, 0xfb,
    0x6f, 0xa0, 0x0, 0x0, 0x5, 0xfb,

    /* U+004E "N" */
    0x6f, 0xf2, 0x0, 0x2, 0xff, 0x6f, 0xfb, 0x0,
    0x2, 0xff, 0x6f, 0xff, 0x30, 0x2, 0xff, 0x6f,
    0xbf, 0xc0, 0x2, 0xff, 0x6f, 0x9b, 0xf4, 0x2,
    0xff, 0x6f, 0xa4, 0xfd, 0x2, 0xff, 0x6f, 0xb0,
    0xbf, 0x51, 0xff, 0x6f, 0xb0, 0x3f, 0xd1, 0xff,
    0x6f, 0xb0, 0xa, 0xf5, 0xff, 0x6f, 0xb0, 0x2,
    0xfd, 0xef, 0x6f, 0xb0, 0x0, 0xaf, 0xff, 0x6f,
    0xb0, 0x0, 0x1f, 0xff, 0x6f, 0xb0, 0x0, 0x8,
    0xff,

    /* U+004F "O" */
    0x0, 0x2, 0xae, 0xfe, 0xa2, 0x0, 0x0, 0x5,
    0xff, 0xff, 0xff, 0xf4, 0x0, 0x2, 0xff, 0xb2,
    0x3, 0xcf, 0xf1, 0x0, 0x9f, 0xe0, 0x0, 0x1,
    0xef, 0x80, 0xd, 0xf8, 0x0, 0x0, 0x8, 0xfc,
    0x0, 0xff, 0x50, 0x0, 0x0, 0x5f, 0xf0, 0xf,
    0xf4, 0x0, 0x0, 0x4, 0xff, 0x0, 0xff, 0x50,
    0x0, 0x0, 0x5f, 0xf0, 0xd, 0xf8, 0x0, 0x0,
    0x9, 0xfc, 0x0, 0x8f, 0xe1, 0x0, 0x1, 0xff,
    0x70, 0x1, 0xff, 0xc3, 0x3, 0xdf, 0xe1, 0x0,
    0x4, 0xff, 0xff, 0xff, 0xf4, 0x0, 0x0, 0x2,
    0xae, 0xfe, 0x92, 0x0, 0x0,

    /* U+0050 "P" */
    0x6f, 0xff, 0xff, 0xc6, 0x0, 0x6f, 0xfd, 0xdf,
    0xff, 0xa0, 0x6f, 0xd0, 0x0, 0x5f, 0xf3, 0x6f,
    0xd0, 0x0, 0xd, 0xf6, 0x6f, 0xd0, 0x0, 0xd,
    0xf6, 0x6f, 0xd0, 0x0, 0x7f, 0xf2, 0x6f, 0xfd,
    0xdf, 0xff, 0x80, 0x6f, 0xff, 0xff, 0xc5, 0x0,
    0x6f, 0xd0, 0x0, 0x0, 0x0, 0x6f, 0xd0, 0x0,
    0x0, 0x0, 0x6f, 0xd0, 0x0, 0x0, 0x0, 0x6f,
    0xd0, 0x0, 0x0, 0x0, 0x6f, 0xd0, 0x0, 0x0,
    0x0,

    /* U+0051 "Q" */
    0x0, 0x2, 0xae, 0xfe, 0xa2, 0x0, 0x0, 0x5,
    0xff, 0xff, 0xff, 0xf4, 0x0, 0x2, 0xff, 0xb2,
    0x3, 0xcf, 0xf1, 0x0, 0x9f, 0xe0, 0x0, 0x1,
    0xef, 0x80, 0xd, 0xf8, 0x0, 0x0, 0x8, 0xfc,
    0x0, 0xff, 0x50, 0x0, 0x0, 0x5f, 0xf0, 0xf,
    0xf4, 0x0, 0x0, 0x4, 0xff, 0x0, 0xff, 0x50,
    0x0, 0x0, 0x5f, 0xf0, 0xd, 0xf8, 0x0, 0x0,
    0x8, 0xfc, 0x0, 0x8f, 0xe0, 0x0, 0x0, 0xef,
    0x70, 0x1, 0xff, 0xb1, 0x1, 0xbf, 0xe1, 0x0,
    0x4, 0xff, 0xff, 0xff, 0xf4, 0x0, 0x0, 0x2,
    0xaf, 0xff, 0x92, 0x0, 0x0, 0x0, 0x0, 0x5f,
    0xf2, 0x0, 0x0, 0x0, 0x0, 0x0, 0xcf, 0xd2,
    0x0, 0x0, 0x0, 0x0, 0x2, 0xef, 0xfe, 0xf4,
    0x0, 0x0, 0x0, 0x1, 0x9e, 0xfe, 0x50,

    /* U+0052 "R" */
    0x6f, 0xff, 0xff, 0xd7, 0x0, 0x6f, 0xfd, 0xdf,
    0xff, 0xc0, 0x6f, 0xd0, 0x0, 0x4f, 0xf4, 0x6f,
    0xd0, 0x0, 0xc, 0xf6, 0x6f, 0xd0, 0x0, 0xd,
    0xf6, 0x6f, 0xd0, 0x0, 0x6f, 0xf2, 0x6f, 0xfd,
    0xdf, 0xff, 0x90, 0x6f, 0xff, 0xff, 0xf6, 0x0,
    0x6f, 0xd0, 0x1e, 0xf6, 0x0, 0x6f, 0xd0, 0x7,
    0xfe, 0x10, 0x6f, 0xd0, 0x0, 0xef, 0x80, 0x6f,
    0xd0, 0x0, 0x6f, 0xf2, 0x6f, 0xd0, 0x0, 0xd,
    0xfa,

    /* U+0053 "S" */
    0x0, 0x19, 0xef, 0xe9, 0x20, 0x1, 0xef, 0xff,
    0xff, 0xf2, 0x8, 0xfe, 0x30, 0x29, 0xb0, 0xb,
    0xf9, 0x0, 0x0, 0x0, 0x9, 0xfe, 0x40, 0x0,
    0x0, 0x1, 0xef, 0xfc, 0x60, 0x0, 0x0, 0x1a,
    0xff, 0xfe, 0x50, 0x0, 0x0, 0x18, 0xef, 0xf4,
    0x0, 0x0, 0x0, 0x1d, 0xfb, 0x1, 0x20, 0x0,
    0x8, 0xfc, 0xb, 0xf7, 0x20, 0x4e, 0xf8, 0xb,
    0xff, 0xff, 0xff, 0xd1, 0x0, 0x5b, 0xff, 0xe9,
    0x10,

    /* U+0054 "T" */
    0x7f, 0xff, 0xff, 0xff, 0xff, 0x7f, 0xff, 0xff,
    0xff, 0xff, 0x0, 0x0, 0xef, 0x60, 0x0, 0x0,
    0x0, 0xef, 0x60, 0x0, 0x0, 0x0, 0xef, 0x60,
    0x0, 0x0, 0x0, 0xef, 0x60, 0x0, 0x0, 0x0,
    0xef, 0x60, 0x0, 0x0, 0x0, 0xef, 0x60, 0x0,
    0x0, 0x0, 0xef, 0x60, 0x0, 0x0, 0x0, 0xef,
    0x60, 0x0, 0x0, 0x0, 0xef, 0x60, 0x0, 0x0,
    0x0, 0xef, 0x60, 0x0, 0x0, 0x0, 0xef, 0x60,
    0x0,

    /* U+0055 "U" */
    0x7f, 0xc0, 0x0, 0x1, 0xff, 0x17, 0xfc, 0x0,
    0x0, 0x1f, 0xf1, 0x7f, 0xc0, 0x0, 0x1, 0xff,
    0x17, 0xfc, 0x0, 0x0, 0x1f, 0xf1, 0x7f, 0xc0,
    0x0, 0x1, 0xff, 0x17, 0xfc, 0x0, 0x0, 0x1f,
    0xf1, 0x7f, 0xc0, 0x0, 0x1, 0xff, 0x17, 0xfc,
    0x0, 0x0, 0x1f, 0xf0, 0x6f, 0xd0, 0x0, 0x2,
    0xff, 0x3, 0xff, 0x20, 0x0, 0x7f, 0xc0, 0xd,
    0xfc, 0x20, 0x4f, 0xf7, 0x0, 0x4f, 0xff, 0xff,
    0xfd, 0x0, 0x0, 0x3b, 0xff, 0xe9, 0x10, 0x0,

    /* U+0056 "V" */
    0xe, 0xf7, 0x0, 0x0, 0xf, 0xf3, 0x9, 0xfb,
    0x0, 0x0, 0x4f, 0xe0, 0x5, 0xff, 0x0, 0x0,
    0x9f, 0xa0, 0x0, 0xff, 0x40, 0x0, 0xdf, 0x50,
    0x0, 0xbf, 0x80, 0x1, 0xff, 0x0, 0x0, 0x6f,
    0xc0, 0x5, 0xfb, 0x0, 0x0, 0x1f, 0xf1, 0xa,
    0xf7, 0x0, 0x0, 0xd, 0xf5, 0xe, 0xf2, 0x0,
    0x0, 0x8, 0xf9, 0x2f, 0xd0, 0x0, 0x0, 0x3,
    0xfd, 0x6f, 0x80, 0x0, 0x0, 0x0, 0xef, 0xcf,
    0x30, 0x0, 0x0, 0x0, 0x9f, 0xfe, 0x0, 0x0,
    0x0, 0x0, 0x5f, 0xfa, 0x0, 0x0,

    /* U+0057 "W" */
    0x8f, 0xb0, 0x0, 0x5f, 0xd0, 0x0, 0x3f, 0xe0,
    0x5f, 0xe0, 0x0, 0x9f, 0xf1, 0x0, 0x6f, 0xb0,
    0x2f, 0xf1, 0x0, 0xcf, 0xf5, 0x0, 0x8f, 0x80,
    0xf, 0xf3, 0x0, 0xfd, 0xf8, 0x0, 0xbf, 0x50,
    0xc, 0xf6, 0x4, 0xf7, 0xfc, 0x0, 0xef, 0x20,
    0x9, 0xf8, 0x8, 0xf3, 0xdf, 0x0, 0xff, 0x0,
    0x6, 0xfb, 0xb, 0xf0, 0xaf, 0x33, 0xfc, 0x0,
    0x3, 0xfd, 0xe, 0xc0, 0x6f, 0x75, 0xfa, 0x0,
    0x0, 0xff, 0x2f, 0x90, 0x3f, 0xa8, 0xf7, 0x0,
    0x0, 0xdf, 0x8f, 0x50, 0xf, 0xda, 0xf4, 0x0,
    0x0, 0xaf, 0xdf, 0x20, 0xb, 0xfd, 0xf1, 0x0,
    0x0, 0x7f, 0xfe, 0x0, 0x8, 0xff, 0xe0, 0x0,
    0x0, 0x4f, 0xfb, 0x0, 0x4, 0xff, 0xb0, 0x0,

    /* U+0058 "X" */
    0x4f, 0xf3, 0x0, 0xa, 0xfa, 0x0, 0xbf, 0xb0,
    0x2, 0xff, 0x20, 0x3, 0xff, 0x20, 0x9f, 0x90,
    0x0, 0xa, 0xfa, 0x1f, 0xf1, 0x0, 0x0, 0x2f,
    0xf9, 0xf9, 0x0, 0x0, 0x0, 0x9f, 0xff, 0x10,
    0x0, 0x0, 0x5, 0xff, 0xb0, 0x0, 0x0, 0x0,
    0xcf, 0xff, 0x20, 0x0, 0x0, 0x5f, 0xc8, 0xfb,
    0x0, 0x0, 0xd, 0xf4, 0x1f, 0xf4, 0x0, 0x6,
    0xfd, 0x0, 0x9f, 0xc0, 0x0, 0xef, 0x50, 0x1,
    0xff, 0x50, 0x7f, 0xd0, 0x0, 0x9, 0xfd, 0x0,

    /* U+0059 "Y" */
    0xd, 0xf8, 0x0, 0x0, 0xdf, 0x70, 0x6f, 0xe0,
    0x0, 0x3f, 0xf1, 0x0, 0xef, 0x50, 0xa, 0xf8,
    0x0, 0x7, 0xfb, 0x1, 0xff, 0x10, 0x0, 0xf,
    0xf2, 0x7f, 0xa0, 0x0, 0x0, 0x8f, 0x8d, 0xf2,
    0x0, 0x0, 0x1, 0xff, 0xfb, 0x0, 0x0, 0x0,
    0x9, 0xff, 0x30, 0x0, 0x0, 0x0, 0x5f, 0xf0,
    0x0, 0x0, 0x0, 0x5, 0xff, 0x0, 0x0, 0x0,
    0x0, 0x5f, 0xf0, 0x0, 0x0, 0x0, 0x5, 0xff,
    0x0, 0x0, 0x0, 0x0, 0x5f, 0xf0, 0x0, 0x0,

    /* U+005A "Z" */
    0xa, 0xff, 0xff, 0xff, 0xf9, 0xa, 0xff, 0xff,
    0xff, 0xf7, 0x0, 0x0, 0x0, 0x8f, 0xd0, 0x0,
    0x0, 0x2, 0xff, 0x40, 0x0, 0x0, 0xc, 0xfa,
    0x0, 0x0, 0x0, 0x6f, 0xe1, 0x0, 0x0, 0x1,
    0xff, 0x60, 0x0, 0x0, 0xa, 0xfc, 0x0, 0x0,
    0x0, 0x4f, 0xf2, 0x0, 0x0, 0x0, 0xef, 0x80,
    0x0, 0x0, 0x8, 0xfd, 0x0, 0x0, 0x0, 0x2f,
    0xff, 0xff, 0xff, 0xfa, 0x3f, 0xff, 0xff, 0xff,
    0xfa,

    /* U+005B "[" */
    0x4f, 0xff, 0x74, 0xf8, 0x41, 0x4f, 0x60, 0x4,
    0xf6, 0x0, 0x4f, 0x60, 0x4, 0xf6, 0x0, 0x4f,
    0x60, 0x4, 0xf6, 0x0, 0x4f, 0x60, 0x4, 0xf6,
    0x0, 0x4f, 0x60, 0x4, 0xf6, 0x0, 0x4f, 0x60,
    0x4, 0xf6, 0x0, 0x4f, 0x60, 0x4, 0xf6, 0x0,
    0x4f, 0xff, 0x70, 0x33, 0x31,

    /* U+005C "\\" */
    0x7f, 0x0, 0x0, 0x3, 0xf4, 0x0, 0x0, 0xf,
    0x90, 0x0, 0x0, 0xbd, 0x0, 0x0, 0x7, 0xf1,
    0x0, 0x0, 0x3f, 0x50, 0x0, 0x0, 0xe9, 0x0,
    0x0, 0xa, 0xd0, 0x0, 0x0, 0x6f, 0x10, 0x0,
    0x2, 0xf5, 0x0, 0x0, 0xe, 0x90, 0x0, 0x0,
    0xad, 0x0, 0x0, 0x6, 0xf1, 0x0, 0x0, 0x2f,
    0x60, 0x0, 0x0, 0xea, 0x0, 0x0, 0xa, 0xe0,
    0x0, 0x0, 0x6f, 0x20, 0x0, 0x1, 0x82,

    /* U+005D "]" */
    0x4f, 0xff, 0x71, 0x46, 0xf7, 0x0, 0x2f, 0x70,
    0x2, 0xf7, 0x0, 0x2f, 0x70, 0x2, 0xf7, 0x0,
    0x2f, 0x70, 0x2, 0xf7, 0x0, 0x2f, 0x70, 0x2,
    0xf7, 0x0, 0x2f, 0x70, 0x2, 0xf7, 0x0, 0x2f,
    0x70, 0x2, 0xf7, 0x0, 0x2f, 0x70, 0x3, 0xf7,
    0x4f, 0xff, 0x70, 0x33, 0x31,

    /* U+005E "^" */
    0x0, 0x3f, 0xf1, 0x0, 0x0, 0x8f, 0xf6, 0x0,
    0x0, 0xec, 0xec, 0x0, 0x4, 0xf7, 0x9f, 0x20,
    0xa, 0xf2, 0x4f, 0x80, 0x1f, 0xc0, 0xe, 0xe0,
    0x6f, 0x70, 0x9, 0xf4, 0xcf, 0x10, 0x3, 0xfa,

    /* U+005F "_" */
    0x11, 0x11, 0x11, 0x11, 0x10, 0xcf, 0xff, 0xff,
    0xff, 0xf5, 0x34, 0x44, 0x44, 0x44, 0x41,

    /* U+0060 "`" */
    0x1b, 0x10, 0xb, 0xfc, 0x0, 0x1d, 0xf9, 0x0,
    0x1c, 0xf2, 0x0, 0x5, 0x0,

    /* U+0061 "a" */
    0x0, 0x5b, 0xff, 0xc3, 0x0, 0x8f, 0xfe, 0xff,
    0xf1, 0x1, 0x81, 0x1, 0xdf, 0x70, 0x0, 0x0,
    0x2b, 0xfa, 0x0, 0x4b, 0xff, 0xff, 0xa0, 0x7f,
    0xe7, 0x39, 0xfa, 0xf, 0xf3, 0x0, 0x9f, 0xa1,
    0xff, 0x30, 0x2d, 0xfa, 0xc, 0xff, 0xdf, 0xff,
    0xa0, 0x2b, 0xfe, 0x74, 0xfa,

    /* U+0062 "b" */
    0x9f, 0xa0, 0x0, 0x0, 0x0, 0x9f, 0xa0, 0x0,
    0x0, 0x0, 0x9f, 0xa0, 0x0, 0x0, 0x0, 0x9f,
    0xa0, 0x0, 0x0, 0x0, 0x9f, 0x97, 0xef, 0xc3,
    0x0, 0x9f, 0xff, 0xef, 0xff, 0x20, 0x9f, 0xe4,
    0x1, 0xdf, 0xa0, 0x9f, 0xa0, 0x0, 0x7f, 0xe0,
    0x9f, 0xa0, 0x0, 0x4f, 0xf0, 0x9f, 0xa0, 0x0,
    0x5f, 0xf0, 0x9f, 0xa0, 0x0, 0x8f, 0xd0, 0x9f,
    0xd2, 0x3, 0xff, 0x70, 0x9f, 0xff, 0xff, 0xfd,
    0x0, 0x9f, 0x49, 0xff, 0x91, 0x0,

    /* U+0063 "c" */
    0x0, 0x18, 0xef, 0xe7, 0x0, 0x1d, 0xff, 0xef,
    0xe1, 0xa, 0xfe, 0x30, 0x23, 0x0, 0xff, 0x50,
    0x0, 0x0, 0x3f, 0xf1, 0x0, 0x0, 0x3, 0xff,
    0x10, 0x0, 0x0, 0xf, 0xf5, 0x0, 0x0, 0x0,
    0xbf, 0xe3, 0x1, 0x60, 0x2, 0xef, 0xfe, 0xff,
    0x30, 0x1, 0xae, 0xfd, 0x70,

    /* U+0064 "d" */
    0x0, 0x0, 0x0, 0xc, 0xf7, 0x0, 0x0, 0x0,
    0xc, 0xf7, 0x0, 0x0, 0x0, 0xc, 0xf7, 0x0,
    0x0, 0x0, 0xc, 0xf7, 0x0, 0x2b, 0xfe, 0x8c,
    0xf7, 0x2, 0xef, 0xfe, 0xff, 0xf7, 0xa, 0xfe,
    0x20, 0x3e, 0xf7, 0xf, 0xf5, 0x0, 0xc, 0xf7,
    0x2f, 0xf2, 0x0, 0xc, 0xf7, 0x2f, 0xf2, 0x0,
    0xc, 0xf7, 0xf, 0xf5, 0x0, 0xc, 0xf7, 0xc,
    0xfd, 0x10, 0x5f, 0xf7, 0x4, 0xff, 0xff, 0xff,
    0xf7, 0x0, 0x4c, 0xfe, 0x67, 0xf7,

    /* U+0065 "e" */
    0x0, 0x1a, 0xef, 0xc4, 0x0, 0x1, 0xef, 0xed,
    0xff, 0x30, 0xa, 0xfa, 0x0, 0x5f, 0xb0, 0xf,
    0xf1, 0x0, 0xe, 0xf0, 0x3f, 0xff, 0xff, 0xff,
    0xf0, 0x3f, 0xf9, 0x99, 0x99, 0x80, 0xf, 0xf3,
    0x0, 0x0, 0x0, 0xa, 0xfc, 0x10, 0x4, 0x0,
    0x1, 0xef, 0xfd, 0xef, 0x60, 0x0, 0x19, 0xef,
    0xe8, 0x10,

    /* U+0066 "f" */
    0x0, 0x2b, 0xff, 0x70, 0xc, 0xff, 0xd5, 0x2,
    0xff, 0x30, 0x0, 0x3f, 0xf0, 0x0, 0x7f, 0xff,
    0xfd, 0x6, 0xdf, 0xfd, 0xb0, 0x3, 0xff, 0x0,
    0x0, 0x3f, 0xf0, 0x0, 0x3, 0xff, 0x0, 0x0,
    0x3f, 0xf0, 0x0, 0x3, 0xff, 0x0, 0x0, 0x3f,
    0xf0, 0x0, 0x3, 0xff, 0x0, 0x0, 0x3f, 0xf0,
    0x0,

    /* U+0067 "g" */
    0x0, 0x5c, 0xff, 0xff, 0xf9, 0x6, 0xff, 0xac,
    0xff, 0xb6, 0xd, 0xf5, 0x0, 0xcf, 0x40, 0xe,
    0xf3, 0x0, 0xaf, 0x50, 0x9, 0xfb, 0x25, 0xff,
    0x20, 0x0, 0xef, 0xff, 0xf5, 0x0, 0x6, 0xf5,
    0x44, 0x0, 0x0, 0xb, 0xf2, 0x0, 0x0, 0x0,
    0x8, 0xff, 0xdd, 0xcb, 0x60, 0x2, 0xff, 0xff,
    0xff, 0xf7, 0xe, 0xd0, 0x0, 0xa, 0xfb, 0x3f,
    0xc0, 0x0, 0xa, 0xf8, 0xe, 0xfc, 0x88, 0xcf,
    0xd1, 0x2, 0xae, 0xff, 0xc7, 0x0,

    /* U+0068 "h" */
    0x9f, 0xa0, 0x0, 0x0, 0x9, 0xfa, 0x0, 0x0,
    0x0, 0x9f, 0xa0, 0x0, 0x0, 0x9, 0xfa, 0x0,
    0x0, 0x0, 0x9f, 0x94, 0xdf, 0xd4, 0x9, 0xfe,
    0xff, 0xff, 0xf0, 0x9f, 0xf7, 0x3, 0xff, 0x59,
    0xfa, 0x0, 0xd, 0xf6, 0x9f, 0xa0, 0x0, 0xcf,
    0x79, 0xfa, 0x0, 0xc, 0xf7, 0x9f, 0xa0, 0x0,
    0xcf, 0x79, 0xfa, 0x0, 0xc, 0xf7, 0x9f, 0xa0,
    0x0, 0xcf, 0x79, 0xfa, 0x0, 0xc, 0xf7,

    /* U+0069 "i" */
    0x7f, 0x8c, 0xfd, 0x39, 0x30, 0x0, 0x9f, 0xa9,
    0xfa, 0x9f, 0xa9, 0xfa, 0x9f, 0xa9, 0xfa, 0x9f,
    0xa9, 0xfa, 0x9f, 0xa9, 0xfa,

    /* U+006A "j" */
    0x0, 0x7f, 0x80, 0xc, 0xfd, 0x0, 0x39, 0x30,
    0x0, 0x0, 0x0, 0x9f, 0xa0, 0x9, 0xfa, 0x0,
    0x9f, 0xa0, 0x9, 0xfa, 0x0, 0x9f, 0xa0, 0x9,
    0xfa, 0x0, 0x9f, 0xa0, 0x9, 0xfa, 0x0, 0x9f,
    0xa0, 0x9, 0xfa, 0x0, 0x9f, 0xa0, 0xb, 0xf8,
    0x8e, 0xff, 0x3a, 0xfe, 0x60,

    /* U+006B "k" */
    0x9f, 0x90, 0x0, 0x0, 0x9, 0xf9, 0x0, 0x0,
    0x0, 0x9f, 0x90, 0x0, 0x0, 0x9, 0xf9, 0x0,
    0x0, 0x0, 0x9f, 0x90, 0x4, 0xff, 0x39, 0xf9,
    0x1, 0xef, 0x60, 0x9f, 0x90, 0xcf, 0x90, 0x9,
    0xf9, 0x8f, 0xc0, 0x0, 0x9f, 0xdf, 0xf9, 0x0,
    0x9, 0xff, 0xff, 0xf3, 0x0, 0x9f, 0xf5, 0x7f,
    0xc0, 0x9, 0xfb, 0x0, 0xef, 0x60, 0x9f, 0x90,
    0x5, 0xfe, 0x19, 0xf9, 0x0, 0xc, 0xf9,

    /* U+006C "l" */
    0x9f, 0xa0, 0x9f, 0xa0, 0x9f, 0xa0, 0x9f, 0xa0,
    0x9f, 0xa0, 0x9f, 0xa0, 0x9f, 0xa0, 0x9f, 0xa0,
    0x9f, 0xa0, 0x9f, 0xa0, 0x9f, 0xa0, 0x9f, 0xa0,
    0x6f, 0xf7, 0xc, 0xf9,

    /* U+006D "m" */
    0x9f, 0x45, 0xdf, 0xc2, 0x9, 0xef, 0x90, 0x9f,
    0xdf, 0xff, 0xfd, 0xcf, 0xff, 0xf6, 0x9f, 0xf6,
    0x6, 0xff, 0xd3, 0xb, 0xfc, 0x9f, 0xa0, 0x0,
    0xff, 0x40, 0x5, 0xfd, 0x9f, 0xa0, 0x0, 0xff,
    0x40, 0x5, 0xfe, 0x9f, 0xa0, 0x0, 0xff, 0x40,
    0x5, 0xfe, 0x9f, 0xa0, 0x0, 0xff, 0x40, 0x5,
    0xfe, 0x9f, 0xa0, 0x0, 0xff, 0x40, 0x5, 0xfe,
    0x9f, 0xa0, 0x0, 0xff, 0x40, 0x5, 0xfe, 0x9f,
    0xa0, 0x0, 0xff, 0x40, 0x5, 0xfe,

    /* U+006E "n" */
    0x9f, 0x45, 0xdf, 0xd4, 0x9, 0xfd, 0xff, 0xff,
    0xf0, 0x9f, 0xf7, 0x3, 0xff, 0x59, 0xfa, 0x0,
    0xd, 0xf6, 0x9f, 0xa0, 0x0, 0xcf, 0x79, 0xfa,
    0x0, 0xc, 0xf7, 0x9f, 0xa0, 0x0, 0xcf, 0x79,
    0xfa, 0x0, 0xc, 0xf7, 0x9f, 0xa0, 0x0, 0xcf,
    0x79, 0xfa, 0x0, 0xc, 0xf7,

    /* U+006F "o" */
    0x0, 0x19, 0xef, 0xd5, 0x0, 0x1, 0xef, 0xfe,
    0xff, 0x80, 0xa, 0xfd, 0x10, 0x5f, 0xf3, 0xf,
    0xf4, 0x0, 0xb, 0xf9, 0x3f, 0xf1, 0x0, 0x8,
    0xfb, 0x3f, 0xf1, 0x0, 0x8, 0xfb, 0xf, 0xf5,
    0x0, 0xc, 0xf9, 0xa, 0xfd, 0x10, 0x5f, 0xf3,
    0x1, 0xef, 0xff, 0xff, 0x80, 0x0, 0x19, 0xef,
    0xc5, 0x0,

    /* U+0070 "p" */
    0x9f, 0x57, 0xef, 0xc3, 0x0, 0x9f, 0xff, 0xef,
    0xff, 0x20, 0x9f, 0xe4, 0x1, 0xdf, 0xa0, 0x9f,
    0xa0, 0x0, 0x7f, 0xe0, 0x9f, 0xa0, 0x0, 0x4f,
    0xf0, 0x9f, 0xa0, 0x0, 0x5f, 0xf0, 0x9f, 0xa0,
    0x0, 0x8f, 0xd0, 0x9f, 0xd2, 0x3, 0xff, 0x70,
    0x9f, 0xff, 0xff, 0xfd, 0x0, 0x9f, 0xa9, 0xff,
    0x91, 0x0, 0x9f, 0xa0, 0x0, 0x0, 0x0, 0x9f,
    0xa0, 0x0, 0x0, 0x0, 0x9f, 0xa0, 0x0, 0x0,
    0x0, 0x9f, 0xa0, 0x0, 0x0, 0x0,

    /* U+0071 "q" */
    0x0, 0x2b, 0xfe, 0x97, 0xf7, 0x2, 0xef, 0xfe,
    0xff, 0xf7, 0xa, 0xfe, 0x20, 0x3e, 0xf7, 0xf,
    0xf5, 0x0, 0xc, 0xf7, 0x2f, 0xf2, 0x0, 0xc,
    0xf7, 0x2f, 0xf2, 0x0, 0xc, 0xf7, 0xf, 0xf5,
    0x0, 0xc, 0xf7, 0xc, 0xfd, 0x10, 0x5f, 0xf7,
    0x4, 0xff, 0xff, 0xff, 0xf7, 0x0, 0x4c, 0xfd,
    0x6b, 0xf7, 0x0, 0x0, 0x0, 0xc, 0xf7, 0x0,
    0x0, 0x0, 0xc, 0xf7, 0x0, 0x0, 0x0, 0xc,
    0xf7, 0x0, 0x0, 0x0, 0xc, 0xf7,

    /* U+0072 "r" */
    0x9f, 0x45, 0xef, 0x19, 0xfa, 0xff, 0xf0, 0x9f,
    0xfa, 0x11, 0x9, 0xfe, 0x0, 0x0, 0x9f, 0xa0,
    0x0, 0x9, 0xfa, 0x0, 0x0, 0x9f, 0xa0, 0x0,
    0x9, 0xfa, 0x0, 0x0, 0x9f, 0xa0, 0x0, 0x9,
    0xfa, 0x0, 0x0,

    /* U+0073 "s" */
    0x0, 0x8e, 0xfd, 0x70, 0xa, 0xfe, 0xce, 0xf4,
    0xf, 0xf3, 0x0, 0x50, 0xe, 0xf8, 0x0, 0x0,
    0x4, 0xff, 0xf9, 0x20, 0x0, 0x18, 0xef, 0xf3,
    0x0, 0x0, 0xb, 0xfa, 0x8, 0x30, 0x8, 0xfa,
    0x4f, 0xfd, 0xcf, 0xf4, 0x4, 0xbf, 0xfc, 0x50,

    /* U+0074 "t" */
    0x0, 0x77, 0x0, 0x0, 0xf, 0xf0, 0x0, 0x1,
    0xff, 0x0, 0x9, 0xff, 0xff, 0xf5, 0x7d, 0xff,
    0xcc, 0x40, 0x4f, 0xf0, 0x0, 0x4, 0xff, 0x0,
    0x0, 0x4f, 0xf0, 0x0, 0x4, 0xff, 0x0, 0x0,
    0x4f, 0xf0, 0x0, 0x2, 0xff, 0x30, 0x0, 0xd,
    0xff, 0xd6, 0x0, 0x2c, 0xfe, 0x60,

    /* U+0075 "u" */
    0xbf, 0x80, 0x0, 0xef, 0x4b, 0xf8, 0x0, 0xe,
    0xf4, 0xbf, 0x80, 0x0, 0xef, 0x4b, 0xf8, 0x0,
    0xe, 0xf4, 0xbf, 0x80, 0x0, 0xef, 0x4b, 0xf8,
    0x0, 0xe, 0xf4, 0xaf, 0x90, 0x0, 0xff, 0x49,
    0xfd, 0x11, 0xaf, 0xf4, 0x4f, 0xff, 0xfe, 0xdf,
    0x40, 0x7e, 0xfb, 0x29, 0xf4,

    /* U+0076 "v" */
    0x9f, 0xa0, 0x0, 0xf, 0xf2, 0x4f, 0xe0, 0x0,
    0x4f, 0xd0, 0xe, 0xf3, 0x0, 0x9f, 0x80, 0xa,
    0xf8, 0x0, 0xdf, 0x20, 0x4, 0xfc, 0x2, 0xfd,
    0x0, 0x0, 0xff, 0x17, 0xf8, 0x0, 0x0, 0xaf,
    0x5b, 0xf3, 0x0, 0x0, 0x5f, 0x9f, 0xe0, 0x0,
    0x0, 0xf, 0xff, 0x90, 0x0, 0x0, 0xa, 0xff,
    0x40, 0x0,

    /* U+0077 "w" */
    0x6f, 0xc0, 0x0, 0xef, 0x60, 0x4, 0xfc, 0x2f,
    0xf0, 0x2, 0xff, 0x90, 0x8, 0xf9, 0xe, 0xf3,
    0x5, 0xfe, 0xd0, 0xb, 0xf5, 0xa, 0xf7, 0x9,
    0xf9, 0xf1, 0xe, 0xf1, 0x6, 0xfb, 0xd, 0xb6,
    0xf5, 0x2f, 0xd0, 0x2, 0xfe, 0x1f, 0x82, 0xf9,
    0x5f, 0x90, 0x0, 0xef, 0x5f, 0x50, 0xfc, 0x8f,
    0x50, 0x0, 0xaf, 0xbf, 0x10, 0xbf, 0xbf, 0x20,
    0x0, 0x6f, 0xfd, 0x0, 0x7f, 0xfe, 0x0, 0x0,
    0x2f, 0xfa, 0x0, 0x3f, 0xfa, 0x0,

    /* U+0078 "x" */
    0x3f, 0xf2, 0x0, 0xcf, 0x70, 0xaf, 0xb0, 0x4f,
    0xe0, 0x1, 0xff, 0x3b, 0xf6, 0x0, 0x7, 0xfc,
    0xfd, 0x0, 0x0, 0xe, 0xff, 0x40, 0x0, 0x2,
    0xff, 0xf4, 0x0, 0x0, 0xbf, 0xaf, 0xd0, 0x0,
    0x4f, 0xc0, 0xdf, 0x70, 0xd, 0xf5, 0x4, 0xff,
    0x17, 0xfd, 0x0, 0xb, 0xfa,

    /* U+0079 "y" */
    0x9f, 0xa0, 0x0, 0xf, 0xf1, 0x3f, 0xf0, 0x0,
    0x4f, 0xc0, 0xd, 0xf5, 0x0, 0x9f, 0x70, 0x7,
    0xfa, 0x0, 0xdf, 0x20, 0x1, 0xff, 0x2, 0xfc,
    0x0, 0x0, 0xbf, 0x46, 0xf7, 0x0, 0x0, 0x5f,
    0x9a, 0xf2, 0x0, 0x0, 0xe, 0xee, 0xd0, 0x0,
    0x0, 0x9, 0xff, 0x70, 0x0, 0x0, 0x3, 0xff,
    0x20, 0x0, 0x0, 0x4, 0xfd, 0x0, 0x0, 0x0,
    0xc, 0xf6, 0x0, 0x0, 0xc, 0xef, 0xd0, 0x0,
    0x0, 0x1f, 0xfa, 0x10, 0x0, 0x0,

    /* U+007A "z" */
    0xd, 0xff, 0xff, 0xfe, 0x0, 0xbd, 0xdd, 0xff,
    0xb0, 0x0, 0x0, 0x5f, 0xf2, 0x0, 0x0, 0x1e,
    0xf7, 0x0, 0x0, 0x9, 0xfc, 0x0, 0x0, 0x4,
    0xff, 0x20, 0x0, 0x0, 0xdf, 0x80, 0x0, 0x0,
    0x8f, 0xd0, 0x0, 0x0, 0x2f, 0xfe, 0xdd, 0xdd,
    0x5, 0xff, 0xff, 0xff, 0xf0,

    /* U+007B "{" */
    0x0, 0x3d, 0xf7, 0x0, 0xcf, 0x61, 0x0, 0xee,
    0x0, 0x0, 0xee, 0x0, 0x0, 0xdf, 0x0, 0x0,
    0xcf, 0x0, 0x0, 0xcf, 0x0, 0x5, 0xfd, 0x0,
    0x6f, 0xf3, 0x0, 0x18, 0xfb, 0x0, 0x0, 0xcf,
    0x0, 0x0, 0xcf, 0x0, 0x0, 0xdf, 0x0, 0x0,
    0xee, 0x0, 0x0, 0xee, 0x0, 0x0, 0xdf, 0x30,
    0x0, 0x6f, 0xf7, 0x0, 0x1, 0x31,

    /* U+007C "|" */
    0x3d, 0x24, 0xf3, 0x4f, 0x34, 0xf3, 0x4f, 0x34,
    0xf3, 0x4f, 0x34, 0xf3, 0x4f, 0x34, 0xf3, 0x4f,
    0x34, 0xf3, 0x4f, 0x34, 0xf3, 0x4f, 0x34, 0xf3,
    0x4f, 0x34, 0xf3, 0x4f, 0x34, 0xf3,

    /* U+007D "}" */
    0x4f, 0xe6, 0x0, 0x14, 0xef, 0x0, 0x0, 0xbf,
    0x20, 0x0, 0xbf, 0x20, 0x0, 0xbf, 0x10, 0x0,
    0xbf, 0x0, 0x0, 0xbf, 0x0, 0x0, 0x9f, 0x71,
    0x0, 0x1d, 0xf9, 0x0, 0x7f, 0xa3, 0x0, 0xbf,
    0x0, 0x0, 0xbf, 0x0, 0x0, 0xbf, 0x0, 0x0,
    0xbf, 0x10, 0x0, 0xaf, 0x20, 0x1, 0xdf, 0x0,
    0x4f, 0xf9, 0x0, 0x3, 0x20, 0x0,

    /* U+007E "~" */
    0x3, 0xdf, 0xb2, 0x2, 0x50, 0x2f, 0xeb, 0xff,
    0xbe, 0xe0, 0x6, 0x10, 0x3b, 0xfc, 0x20,

    /* U+00B0 "°" */
    0x3, 0xdf, 0xb1, 0xe, 0x83, 0xbb, 0x3f, 0x0,
    0x4e, 0x1f, 0x50, 0xac, 0x6, 0xff, 0xe2, 0x0,
    0x2, 0x0,

    /* U+00B7 "·" */
    0x0, 0x0, 0x3f, 0xe1, 0x7f, 0xf5, 0x2e, 0xd1,

    /* U+00D7 "×" */
    0x0, 0x10, 0x0, 0x0, 0x0, 0x11, 0x0, 0xbd,
    0x10, 0x0, 0x0, 0x1d, 0xc0, 0x5, 0xfd, 0x10,
    0x0, 0x1c, 0xf5, 0x0, 0x5, 0xfc, 0x10, 0xc,
    0xf6, 0x0, 0x0, 0x6, 0xfc, 0x1c, 0xf6, 0x0,
    0x0, 0x0, 0x6, 0xff, 0xf7, 0x0, 0x0, 0x0,
    0x0, 0xd, 0xfd, 0x0, 0x0, 0x0, 0x0, 0xb,
    0xfc, 0xfb, 0x0, 0x0, 0x0, 0xa, 0xf8, 0x8,
    0xfb, 0x0, 0x0, 0xa, 0xf9, 0x0, 0x8, 0xfa,
    0x0, 0x9, 0xf9, 0x0, 0x0, 0x9, 0xfa, 0x0,
    0x8a, 0x0, 0x0, 0x0, 0x9, 0x80, 0x0, 0x0,
    0x0, 0x0, 0x0, 0x0, 0x0,

    /* U+00F7 "÷" */
    0x0, 0x0, 0x6, 0xd6, 0x0, 0x0, 0x0, 0x0,
    0x0, 0xef, 0xd0, 0x0, 0x0, 0x0, 0x0, 0x7,
    0xf7, 0x0, 0x0, 0x0, 0x0, 0x0, 0x0, 0x0,
    0x0, 0x0, 0x0, 0x0, 0x0, 0x0, 0x0, 0x0,
    0x5, 0xaa, 0xaa, 0xaa, 0xaa, 0xaa, 0xa5, 0x9f,
    0xff, 0xff, 0xff, 0xff, 0xff, 0x90, 0x0, 0x0,
    0x0, 0x0, 0x0, 0x0, 0x0, 0x0, 0x0, 0x0,
    0x0, 0x0, 0x0, 0x0, 0x0, 0x6d, 0x60, 0x0,
    0x0, 0x0, 0x0, 0xe, 0xfd, 0x0, 0x0, 0x0,
    0x0, 0x0, 0x7f, 0x70, 0x0, 0x0,

    /* U+2013 "–" */
    0x18, 0x88, 0x88, 0x88, 0x33, 0xff, 0xff, 0xff,
    0xf6,

    /* U+2026 "…" */
    0x19, 0x70, 0x0, 0x3a, 0x30, 0x0, 0x79, 0x16,
    0xff, 0x10, 0xc, 0xfc, 0x0, 0x1f, 0xf6, 0x2e,
    0xc0, 0x0, 0x7f, 0x70, 0x0, 0xce, 0x20,

    /* U+2191 "↑" */
    0x0, 0x0, 0x50, 0x0, 0x0, 0x0, 0x3f, 0x90,
    0x0, 0x0, 0x1e, 0xff, 0x60, 0x0, 0x2d, 0xff,
    0xff, 0x60, 0x2e, 0xf5, 0xf8, 0xcf, 0x60, 0xc3,
    0x1f, 0x70, 0xb4, 0x0, 0x1, 0xf7, 0x0, 0x0,
    0x0, 0x1f, 0x70, 0x0, 0x0, 0x1, 0xf7, 0x0,
    0x0, 0x0, 0x1f, 0x70, 0x0, 0x0, 0x1, 0xf7,
    0x0, 0x0, 0x0, 0x1f, 0x70, 0x0, 0x0, 0x1,
    0xf7, 0x0, 0x0, 0x0, 0x1f, 0x70, 0x0, 0x0,
    0x1, 0xf7, 0x0, 0x0, 0x0, 0x1f, 0x70, 0x0,

    /* U+2193 "↓" */
    0x0, 0x1, 0xf7, 0x0, 0x0, 0x0, 0x1f, 0x70,
    0x0, 0x0, 0x1, 0xf7, 0x0, 0x0, 0x0, 0x1f,
    0x70, 0x0, 0x0, 0x1, 0xf7, 0x0, 0x0, 0x0,
    0x1f, 0x70, 0x0, 0x0, 0x1, 0xf7, 0x0, 0x0,
    0x0, 0x1f, 0x70, 0x0, 0x0, 0x1, 0xf7, 0x0,
    0x0, 0x0, 0x1f, 0x70, 0x0, 0xc, 0x31, 0xf7,
    0xb, 0x41, 0xef, 0x5f, 0x8c, 0xf6, 0x1, 0xdf,
    0xff, 0xf6, 0x0, 0x1, 0xef, 0xf6, 0x0, 0x0,
    0x3, 0xf9, 0x0, 0x0, 0x0, 0x5, 0x0, 0x0,

    /* U+221E "∞" */
    0x1, 0x9e, 0xeb, 0x40, 0x0, 0x4b, 0xee, 0x91,
    0x0, 0xcf, 0xba, 0xef, 0x90, 0x9f, 0xea, 0xbf,
    0xc0, 0x5f, 0x60, 0x0, 0x9f, 0xdf, 0x90, 0x0,
    0x6f, 0x57, 0xf1, 0x0, 0x0, 0xbf, 0xc0, 0x0,
    0x1, 0xf7, 0x5f, 0x50, 0x0, 0x7f, 0xff, 0x70,
    0x0, 0x5f, 0x50, 0xef, 0x98, 0xcf, 0xb1, 0xbf,
    0xc8, 0x9f, 0xe0, 0x2, 0xbf, 0xfe, 0x70, 0x0,
    0x7e, 0xff, 0xb2, 0x0, 0x0, 0x1, 0x0, 0x0,
    0x0, 0x1, 0x0, 0x0,

    /* U+3000 "　" */

    /* U+3001 "、" */
    0x0, 0x0, 0x0, 0x0, 0x5c, 0x10, 0x0, 0x1e,
    0xfd, 0x10, 0x0, 0x1d, 0xfd, 0x10, 0x0, 0x2e,
    0xfc, 0x0, 0x0, 0x2d, 0x30, 0x0, 0x0, 0x0,
    0x0,

    /* U+3002 "。" */
    0x0, 0x12, 0x0, 0x0, 0x7f, 0xfe, 0x30, 0x2f,
    0x30, 0x7d, 0x5, 0xc0, 0x1, 0xf0, 0x1f, 0x62,
    0xac, 0x0, 0x4d, 0xfb, 0x10,

    /* U+300C "「" */
    0x1f, 0xff, 0xff, 0x71, 0xfe, 0xaa, 0xa5, 0x1f,
    0xb0, 0x0, 0x1, 0xfb, 0x0, 0x0, 0x1f, 0xb0,
    0x0, 0x1, 0xfb, 0x0, 0x0, 0x1f, 0xb0, 0x0,
    0x1, 0xfb, 0x0, 0x0, 0x1f, 0xb0, 0x0, 0x1,
    0xfb, 0x0, 0x0, 0xe, 0xa0, 0x0, 0x0,

    /* U+300D "」" */
    0x0, 0x0, 0xae, 0x0, 0x0, 0xb, 0xf1, 0x0,
    0x0, 0xbf, 0x10, 0x0, 0xb, 0xf1, 0x0, 0x0,
    0xbf, 0x10, 0x0, 0xb, 0xf1, 0x0, 0x0, 0xbf,
    0x10, 0x0, 0xb, 0xf1, 0x0, 0x0, 0xbf, 0x15,
    0xaa, 0xae, 0xf1, 0x7f, 0xff, 0xff, 0x10,

    /* U+3044 "い" */
    0x1, 0x10, 0x0, 0x0, 0x0, 0x0, 0x0, 0x0,
    0xff, 0x20, 0x0, 0x0, 0x3, 0x81, 0x0, 0xf,
    0xf1, 0x0, 0x0, 0x0, 0xaf, 0x90, 0x0, 0xff,
    0x0, 0x0, 0x0, 0x1, 0xff, 0x20, 0xf, 0xf1,
    0x0, 0x0, 0x0, 0x9, 0xf8, 0x0, 0xef, 0x10,
    0x0, 0x0, 0x0, 0x3f, 0xe0, 0xd, 0xf2, 0x0,
    0x0, 0x0, 0x0, 0xef, 0x30, 0xcf, 0x40, 0x0,
    0x10, 0x0, 0xa, 0xf7, 0x9, 0xf7, 0x0, 0x4c,
    0x0, 0x0, 0x6f, 0xb0, 0x6f, 0xc0, 0xa, 0xf6,
    0x0, 0x3, 0xfd, 0x1, 0xff, 0x54, 0xff, 0x10,
    0x0, 0x19, 0x30, 0x9, 0xff, 0xff, 0x80, 0x0,
    0x0, 0x0, 0x0, 0xb, 0xff, 0xb0, 0x0, 0x0,
    0x0, 0x0, 0x0, 0x3, 0x40, 0x0, 0x0, 0x0,
    0x0,

    /* U+304B "か" */
    0x0, 0x0, 0x46, 0x30, 0x0, 0x0, 0x0, 0x0,
    0x0, 0x0, 0x8f, 0x90, 0x0, 0x0, 0x0, 0x0,
    0x0, 0x0, 0xaf, 0x60, 0x0, 0x2, 0x70, 0x0,
    0x0, 0x0, 0xcf, 0x42, 0x0, 0xd, 0xf5, 0x0,
    0xab, 0xcd, 0xff, 0xff, 0xfa, 0x4, 0xfd, 0x0,
    0xdf, 0xff, 0xfe, 0x9a, 0xef, 0x60, 0xcf, 0x50,
    0x32, 0x7, 0xf7, 0x0, 0x5f, 0xa0, 0x5f, 0xc0,
    0x0, 0xc, 0xf3, 0x0, 0x3f, 0xa0, 0xe, 0xf3,
    0x0, 0x1f, 0xe0, 0x0, 0x4f, 0x90, 0x9, 0xf6,
    0x0, 0x7f, 0x90, 0x0, 0x5f, 0x80, 0x2, 0x20,
    0x0, 0xdf, 0x30, 0x0, 0x7f, 0x60, 0x0, 0x0,
    0x4, 0xfd, 0x0, 0x0, 0xbf, 0x40, 0x0, 0x0,
    0xc, 0xf6, 0x24, 0x25, 0xff, 0x0, 0x0, 0x0,
    0x6f, 0xe0, 0x3f, 0xff, 0xf8, 0x0, 0x0, 0x0,
    0x28, 0x60, 0xa, 0xbb, 0x70, 0x0, 0x0, 0x0,

    /* U+304C "が" */
    0x0, 0x0, 0x0, 0x0, 0x0, 0x0, 0x3, 0x50,
    0x0, 0x0, 0x36, 0x30, 0x0, 0x6, 0x96, 0xf2,
    0x0, 0x0, 0x8f, 0x90, 0x0, 0x3, 0xf4, 0xc9,
    0x0, 0x0, 0xaf, 0x60, 0x0, 0x0, 0xd7, 0x10,
    0x0, 0x0, 0xcf, 0x41, 0x0, 0xe, 0xf4, 0x0,
    0x9b, 0xbd, 0xff, 0xff, 0xfa, 0x6, 0xfc, 0x0,
    0xcf, 0xff, 0xfe, 0xaa, 0xef, 0x60, 0xdf, 0x40,
    0x33, 0x7, 0xf7, 0x0, 0x5f, 0xa0, 0x6f, 0xc0,
    0x0, 0xc, 0xf3, 0x0, 0x3f, 0xa0, 0xf, 0xf3,
    0x0, 0x1f, 0xe0, 0x0, 0x4f, 0x90, 0xa, 0xf7,
    0x0, 0x7f, 0x90, 0x0, 0x5f, 0x80, 0x3, 0x30,
    0x0, 0xdf, 0x30, 0x0, 0x8f, 0x60, 0x0, 0x0,
    0x4, 0xfd, 0x0, 0x0, 0xbf, 0x30, 0x0, 0x0,
    0xc, 0xf6, 0x24, 0x25, 0xff, 0x0, 0x0, 0x0,
    0x6f, 0xe0, 0x3f, 0xff, 0xf8, 0x0, 0x0, 0x0,
    0x28, 0x50, 0x9, 0xbb, 0x70, 0x0, 0x0, 0x0,

    /* U+304D "き" */
    0x0, 0x0, 0x1, 0xa9, 0x0, 0x0, 0x0, 0x0,
    0x0, 0xf, 0xf0, 0x36, 0x50, 0x1f, 0xed, 0xcc,
    0xff, 0xff, 0xfa, 0x0, 0xbd, 0xde, 0xee, 0xfd,
    0x85, 0x10, 0x0, 0x0, 0x0, 0x1f, 0xc0, 0x0,
    0x2, 0x43, 0x22, 0x22, 0xdf, 0x7a, 0xe8, 0x6f,
    0xff, 0xff, 0xff, 0xff, 0xff, 0x82, 0x88, 0x99,
    0x98, 0x8e, 0xf4, 0x0, 0x0, 0x0, 0x0, 0x0,
    0x6f, 0xa0, 0x0, 0x6b, 0x40, 0x2, 0xcb, 0xff,
    0x50, 0xd, 0xf0, 0x0, 0x2a, 0xce, 0xe1, 0x0,
    0xfe, 0x0, 0x0, 0x0, 0x0, 0x0, 0xe, 0xf8,
    0x10, 0x0, 0x1, 0x10, 0x0, 0x5f, 0xff, 0xee,
    0xef, 0xf9, 0x0, 0x0, 0x3a, 0xdf, 0xff, 0xec,
    0x60, 0x0,

    /* U+304F "く" */
    0x0, 0x0, 0x0, 0xa, 0x20, 0x0, 0x0, 0x0,
    0xbf, 0xe1, 0x0, 0x0, 0x1c, 0xff, 0x50, 0x0,
    0x2, 0xdf, 0xd2, 0x0, 0x0, 0x4e, 0xfb, 0x10,
    0x0, 0x6, 0xff, 0x80, 0x0, 0x0, 0x6f, 0xf5,
    0x0, 0x0, 0x0, 0xcf, 0xc0, 0x0, 0x0, 0x0,
    0x6f, 0xf9, 0x0, 0x0, 0x0, 0x6, 0xff, 0xb1,
    0x0, 0x0, 0x0, 0x4f, 0xfd, 0x20, 0x0, 0x0,
    0x2, 0xdf, 0xf4, 0x0, 0x0, 0x0, 0x1c, 0xff,
    0x60, 0x0, 0x0, 0x0, 0xcf, 0xf5, 0x0, 0x0,
    0x0, 0xc, 0xb0, 0x0, 0x0, 0x0, 0x1, 0x0,

    /* U+3054 "ご" */
    0x0, 0x0, 0x0, 0x0, 0x0, 0x0, 0x43, 0x0,
    0x0, 0x0, 0x0, 0x0, 0x8, 0x69, 0xd0, 0x0,
    0x0, 0x0, 0x0, 0x0, 0x8f, 0x2f, 0x50, 0xaf,
    0xed, 0xdd, 0xee, 0xfd, 0xc4, 0x10, 0x9, 0xff,
    0xff, 0xff, 0xff, 0xc0, 0x0, 0x0, 0x0, 0x11,
    0x22, 0x11, 0x0, 0x0, 0x0, 0x0, 0x0, 0x0,
    0x0, 0x0, 0x0, 0x0, 0x0, 0x0, 0x0, 0x0,
    0x0, 0x0, 0x0, 0x0, 0x0, 0x0, 0x0, 0x0,
    0x0, 0x0, 0x0, 0x0, 0x0, 0x0, 0x0, 0x0,
    0x0, 0x0, 0x0, 0x8f, 0x70, 0x0, 0x0, 0x0,
    0x0, 0x0, 0xb, 0xf4, 0x0, 0x0, 0x0, 0x0,
    0x0, 0x0, 0xbf, 0x70, 0x0, 0x0, 0x0, 0x0,
    0x0, 0x8, 0xff, 0x94, 0x33, 0x34, 0x68, 0xa0,
    0x0, 0xc, 0xff, 0xff, 0xff, 0xff, 0xfd, 0x0,
    0x0, 0x5, 0x9c, 0xdd, 0xdc, 0xa8, 0x40, 0x0,

    /* U+3055 "さ" */
    0x0, 0x0, 0x0, 0x7b, 0x40, 0x0, 0x0, 0x0,
    0x0, 0x7, 0xf8, 0x0, 0x0, 0x0, 0x0, 0x0,
    0x1f, 0xd2, 0x59, 0x77, 0xfe, 0xdd, 0xdd, 0xff,
    0xff, 0xfb, 0x6e, 0xff, 0xff, 0xfe, 0xfe, 0x85,
    0x10, 0x0, 0x0, 0x0, 0xe, 0xf1, 0x0, 0x0,
    0x0, 0x0, 0x0, 0x7f, 0x80, 0x0, 0x0, 0x0,
    0x0, 0x0, 0xef, 0x20, 0x5, 0xb4, 0x0, 0x2f,
    0xee, 0xfd, 0x0, 0xcf, 0x30, 0x2, 0xab, 0xdf,
    0x90, 0xf, 0xe0, 0x0, 0x0, 0x0, 0x0, 0x1,
    0xff, 0x0, 0x0, 0x0, 0x0, 0x0, 0xd, 0xfa,
    0x20, 0x0, 0x1, 0x30, 0x0, 0x3f, 0xff, 0xfe,
    0xef, 0xff, 0x0, 0x0, 0x18, 0xcf, 0xff, 0xed,
    0xa0, 0x0,

    /* U+3057 "し" */
    0x0, 0x0, 0x0, 0x0, 0x0, 0x0, 0x2, 0xff,
    0x20, 0x0, 0x0, 0x0, 0x0, 0xf, 0xf1, 0x0,
    0x0, 0x0, 0x0, 0x0, 0xff, 0x0, 0x0, 0x0,
    0x0, 0x0, 0xf, 0xf0, 0x0, 0x0, 0x0, 0x0,
    0x1, 0xff, 0x0, 0x0, 0x0, 0x0, 0x0, 0x1f,
    0xe0, 0x0, 0x0, 0x0, 0x0, 0x1, 0xfe, 0x0,
    0x0, 0x0, 0x0, 0x0, 0x2f, 0xd0, 0x0, 0x0,
    0x0, 0x0, 0x2, 0xfd, 0x0, 0x0, 0x0, 0x0,
    0x0, 0x2f, 0xd0, 0x0, 0x0, 0x0, 0x4, 0x3,
    0xfd, 0x0, 0x0, 0x0, 0xa, 0xf2, 0x2f, 0xf0,
    0x0, 0x0, 0xa, 0xff, 0x40, 0xef, 0xa2, 0x2,
    0x7e, 0xff, 0x50, 0x7, 0xff, 0xff, 0xff, 0xfe,
    0x40, 0x0, 0x5, 0xcf, 0xfe, 0xb6, 0x0, 0x0,

    /* U+3058 "じ" */
    0x27, 0x70, 0x0, 0x0, 0x0, 0x0, 0x2, 0xff,
    0x0, 0x0, 0x2, 0xd3, 0x0, 0x2f, 0xf0, 0x0,
    0x6d, 0x1d, 0xd0, 0x2, 0xfe, 0x0, 0x1, 0xf9,
    0x3f, 0x40, 0x2f, 0xd0, 0x0, 0x8, 0xe0, 0x10,
    0x2, 0xfd, 0x0, 0x0, 0x0, 0x0, 0x0, 0x3f,
    0xc0, 0x0, 0x0, 0x0, 0x0, 0x3, 0xfc, 0x0,
    0x0, 0x0, 0x0, 0x0, 0x4f, 0xb0, 0x0, 0x0,
    0x0, 0x0, 0x4, 0xfb, 0x0, 0x0, 0x0, 0x0,
    0x20, 0x4f, 0xb0, 0x0, 0x0, 0x0, 0xbd, 0x14,
    0xfd, 0x0, 0x0, 0x0, 0xbf, 0xf3, 0x1f, 0xf8,
    0x20, 0x27, 0xef, 0xf4, 0x0, 0x9f, 0xff, 0xff,
    0xff, 0xd3, 0x0, 0x0, 0x6c, 0xff, 0xeb, 0x50,
    0x0, 0x0,

    /* U+3059 "す" */
    0x0, 0x0, 0x0, 0x2, 0xfe, 0x0, 0x0, 0x0,
    0x0, 0x0, 0x0, 0x1f, 0xe0, 0x0, 0x0, 0x5a,
    0xbb, 0xbc, 0xcd, 0xff, 0xdd, 0xdd, 0xb7, 0xff,
    0xff, 0xfe, 0xef, 0xfe, 0xee, 0xec, 0x11, 0x10,
    0x0, 0x0, 0xfd, 0x0, 0x0, 0x0, 0x0, 0x0,
    0x39, 0xaf, 0xd0, 0x0, 0x0, 0x0, 0x0, 0x6f,
    0xff, 0xfe, 0x0, 0x0, 0x0, 0x0, 0xe, 0xf2,
    0xd, 0xf3, 0x0, 0x0, 0x0, 0x1, 0xfc, 0x0,
    0xaf, 0x60, 0x0, 0x0, 0x0, 0xe, 0xf5, 0x3e,
    0xf7, 0x0, 0x0, 0x0, 0x0, 0x6f, 0xff, 0xff,
    0x40, 0x0, 0x0, 0x0, 0x0, 0x38, 0xcf, 0xe0,
    0x0, 0x0, 0x0, 0x0, 0x0, 0x8f, 0xf5, 0x0,
    0x0, 0x0, 0x0, 0x2a, 0xff, 0xf6, 0x0, 0x0,
    0x0, 0x0, 0x0, 0x9f, 0xb3, 0x0, 0x0, 0x0,
    0x0, 0x0, 0x0, 0x10, 0x0, 0x0, 0x0, 0x0,

    /* U+305B "せ" */
    0x0, 0x0, 0x0, 0x0, 0x0, 0x4, 0x40, 0x0,
    0x0, 0x0, 0xbc, 0x10, 0x0, 0xf, 0xd0, 0x0,
    0x0, 0x0, 0xdf, 0x10, 0x0, 0xf, 0xd0, 0x0,
    0x0, 0x0, 0xdf, 0x10, 0x0, 0xf, 0xd0, 0x0,
    0x0, 0x0, 0xdf, 0x66, 0x89, 0xbf, 0xfe, 0xfc,
    0x3e, 0xff, 0xff, 0xff, 0xff, 0xff, 0xfd, 0xc9,
    0x2e, 0xca, 0xff, 0x64, 0x31, 0x1f, 0xb0, 0x0,
    0x0, 0x0, 0xdf, 0x0, 0x0, 0x1f, 0xb0, 0x0,
    0x0, 0x0, 0xdf, 0x0, 0x49, 0xaf, 0xa0, 0x0,
    0x0, 0x0, 0xdf, 0x0, 0x6f, 0xff, 0x70, 0x0,
    0x0, 0x0, 0xdf, 0x10, 0x3, 0x55, 0x0, 0x0,
    0x0, 0x0, 0xcf, 0x40, 0x0, 0x0, 0x0, 0x0,
    0x0, 0x0, 0x9f, 0xfb, 0xaa, 0xbb, 0xdf, 0x0,
    0x0, 0x0, 0x1c, 0xff, 0xff, 0xff, 0xff, 0x0,
    0x0, 0x0, 0x0, 0x13, 0x44, 0x33, 0x20, 0x0,

    /* U+3060 "だ" */
    0x0, 0x0, 0x54, 0x10, 0x0, 0x0, 0x4, 0x0,
    0x0, 0x0, 0xff, 0x30, 0x0, 0x17, 0x3e, 0x80,
    0x0, 0x1, 0xff, 0x1, 0x40, 0xd, 0xa6, 0xf1,
    0x99, 0x8a, 0xff, 0xef, 0xc0, 0x5, 0xf2, 0x30,
    0xef, 0xff, 0xff, 0xec, 0x70, 0x0, 0x0, 0x0,
    0x34, 0x4c, 0xf5, 0x0, 0x12, 0x22, 0x20, 0x0,
    0x0, 0xe, 0xf1, 0x7, 0xff, 0xff, 0xfc, 0x0,
    0x0, 0x3f, 0xd0, 0x5, 0xa9, 0x99, 0xa8, 0x0,
    0x0, 0x8f, 0x80, 0x0, 0x0, 0x0, 0x0, 0x0,
    0x0, 0xdf, 0x30, 0x0, 0x0, 0x0, 0x0, 0x0,
    0x3, 0xfe, 0x0, 0xae, 0x20, 0x0, 0x0, 0x0,
    0x9, 0xf9, 0x0, 0xcf, 0x10, 0x0, 0x0, 0x0,
    0xf, 0xf3, 0x0, 0xcf, 0x92, 0x12, 0x35, 0x0,
    0x7f, 0xd0, 0x0, 0x5f, 0xff, 0xff, 0xff, 0x0,
    0x5c, 0x60, 0x0, 0x3, 0x8b, 0xcb, 0xa9, 0x0,

    /* U+3064 "つ" */
    0x0, 0x0, 0x0, 0x0, 0x12, 0x0, 0x0, 0x0,
    0x0, 0x4, 0x8c, 0xff, 0xff, 0xc5, 0x0, 0x15,
    0xae, 0xff, 0xfe, 0xcb, 0xdf, 0xf9, 0xb, 0xff,
    0xfb, 0x62, 0x0, 0x0, 0x5f, 0xf4, 0x4d, 0x71,
    0x0, 0x0, 0x0, 0x0, 0x9f, 0xa0, 0x0, 0x0,
    0x0, 0x0, 0x0, 0x6, 0xfc, 0x0, 0x0, 0x0,
    0x0, 0x0, 0x0, 0x8f, 0xa0, 0x0, 0x0, 0x0,
    0x0, 0x0, 0x2f, 0xf6, 0x0, 0x0, 0x0, 0x0,
    0x0, 0x5e, 0xfd, 0x0, 0x0, 0x0, 0x13, 0x59,
    0xef, 0xfd, 0x10, 0x0, 0x0, 0x7f, 0xff, 0xff,
    0xe7, 0x0, 0x0, 0x0, 0x0, 0xed, 0xb8, 0x40,
    0x0, 0x0,

    /* U+3066 "て" */
    0x0, 0x0, 0x13, 0x46, 0x78, 0x9b, 0xcc, 0x8,
    0xde, 0xff, 0xff, 0xff, 0xff, 0xff, 0xf0, 0x9f,
    0xfd, 0xb9, 0x7c, 0xfe, 0x73, 0x22, 0x2, 0x20,
    0x0, 0x5, 0xfc, 0x10, 0x0, 0x0, 0x0, 0x0,
    0x1, 0xff, 0x10, 0x0, 0x0, 0x0, 0x0, 0x0,
    0x7f, 0x80, 0x0, 0x0, 0x0, 0x0, 0x0, 0xc,
    0xf3, 0x0, 0x0, 0x0, 0x0, 0x0, 0x0, 0xef,
    0x10, 0x0, 0x0, 0x0, 0x0, 0x0, 0xe, 0xf2,
    0x0, 0x0, 0x0, 0x0, 0x0, 0x0, 0xbf, 0x90,
    0x0, 0x0, 0x0, 0x0, 0x0, 0x4, 0xff, 0x70,
    0x0, 0x0, 0x0, 0x0, 0x0, 0x9, 0xff, 0xd8,
    0x42, 0x0, 0x0, 0x0, 0x0, 0x7, 0xff, 0xff,
    0x60, 0x0, 0x0, 0x0, 0x0, 0x1, 0x6b, 0xd1,
    0x0,

    /* U+3067 "で" */
    0x0, 0x0, 0x12, 0x45, 0x78, 0x9a, 0xbb, 0x9,
    0xce, 0xff, 0xff, 0xff, 0xff, 0xff, 0xf0, 0xaf,
    0xfe, 0xca, 0x8d, 0xfe, 0x74, 0x32, 0x3, 0x30,
    0x0, 0x6, 0xfc, 0x10, 0x4, 0x70, 0x0, 0x0,
    0x1, 0xfe, 0x10, 0x4c, 0x3f, 0x40, 0x0, 0x0,
    0x8f, 0x70, 0x1, 0xe6, 0xa9, 0x0, 0x0, 0xd,
    0xf2, 0x0, 0x7, 0x80, 0x0, 0x0, 0x0, 0xff,
    0x0, 0x0, 0x0, 0x0, 0x0, 0x0, 0xf, 0xf1,
    0x0, 0x0, 0x0, 0x0, 0x0, 0x0, 0xcf, 0x80,
    0x0, 0x0, 0x0, 0x0, 0x0, 0x5, 0xff, 0x60,
    0x0, 0x0, 0x0, 0x0, 0x0, 0xa, 0xff, 0xd8,
    0x41, 0x0, 0x0, 0x0, 0x0, 0x7, 0xff, 0xff,
    0x50, 0x0, 0x0, 0x0, 0x0, 0x1, 0x7b, 0xd0,
    0x0,

    /* U+3068 "と" */
    0x0, 0x10, 0x0, 0x0, 0x0, 0x0, 0x3d, 0xc0,
    0x0, 0x0, 0x0, 0x0, 0xe, 0xf3, 0x0, 0x0,
    0x3, 0x10, 0x8, 0xfa, 0x0, 0x1, 0x8f, 0xa0,
    0x1, 0xff, 0x20, 0x7e, 0xff, 0x80, 0x0, 0x9f,
    0xce, 0xff, 0x91, 0x0, 0x0, 0x3f, 0xff, 0x91,
    0x0, 0x0, 0x2, 0xef, 0xc2, 0x0, 0x0, 0x0,
    0x1e, 0xf8, 0x0, 0x0, 0x0, 0x0, 0x8f, 0xa0,
    0x0, 0x0, 0x0, 0x0, 0xdf, 0x40, 0x0, 0x0,
    0x0, 0x0, 0xdf, 0x60, 0x0, 0x0, 0x0, 0x0,
    0x9f, 0xf8, 0x42, 0x23, 0x46, 0x94, 0x1c, 0xff,
    0xff, 0xff, 0xff, 0xf6, 0x0, 0x59, 0xcd, 0xdd,
    0xca, 0x92,

    /* U+306A "な" */
    0x0, 0x0, 0x3c, 0x90, 0x0, 0x0, 0x0, 0x0,
    0x0, 0x0, 0x5f, 0xa0, 0x0, 0x0, 0x0, 0x0,
    0x0, 0x0, 0x8f, 0x97, 0x80, 0x13, 0x0, 0x0,
    0x7f, 0xef, 0xff, 0xff, 0xc0, 0xbf, 0xb2, 0x0,
    0x5c, 0xcd, 0xfd, 0x74, 0x0, 0x4d, 0xff, 0x80,
    0x0, 0x8, 0xf6, 0x0, 0x5, 0x50, 0x6f, 0x90,
    0x0, 0x1f, 0xf0, 0x0, 0xf, 0xe0, 0x1, 0x0,
    0x0, 0x8f, 0x80, 0x0, 0xe, 0xe0, 0x0, 0x0,
    0x2, 0xff, 0x10, 0x0, 0xd, 0xf0, 0x0, 0x0,
    0xb, 0xf8, 0x0, 0x57, 0x7e, 0xf0, 0x0, 0x0,
    0x7f, 0xe0, 0x1d, 0xff, 0xff, 0xfc, 0x40, 0x0,
    0x18, 0x50, 0xaf, 0x60, 0x1c, 0xff, 0xf9, 0x0,
    0x0, 0x0, 0xcf, 0x20, 0xe, 0xf4, 0xef, 0x40,
    0x0, 0x0, 0x7f, 0xfc, 0xef, 0xd0, 0x18, 0x0,
    0x0, 0x0, 0x6, 0xdf, 0xfb, 0x20, 0x0, 0x0,

    /* U+306B "に" */
    0x1, 0x32, 0x0, 0x0, 0x0, 0x0, 0x0, 0x0,
    0x5f, 0xa0, 0x0, 0x0, 0x0, 0x0, 0x0, 0x7,
    0xf7, 0x0, 0x5d, 0xcc, 0xcc, 0xdc, 0x0, 0xaf,
    0x40, 0x5, 0xff, 0xff, 0xff, 0xe0, 0xc, 0xf1,
    0x0, 0x1, 0x22, 0x22, 0x10, 0x0, 0xef, 0x0,
    0x0, 0x0, 0x0, 0x0, 0x0, 0xf, 0xd0, 0x0,
    0x0, 0x0, 0x0, 0x0, 0x1, 0xfb, 0x0, 0x0,
    0x0, 0x0, 0x0, 0x0, 0x2f, 0xa6, 0x20, 0x0,
    0x0, 0x0, 0x0, 0x2, 0xfb, 0xf5, 0xc, 0x80,
    0x0, 0x0, 0x0, 0x1f, 0xff, 0x2, 0xfa, 0x0,
    0x0, 0x0, 0x0, 0xff, 0xb0, 0x3f, 0xd1, 0x0,
    0x0, 0x21, 0xe, 0xf7, 0x0, 0xef, 0xfe, 0xde,
    0xff, 0x60, 0xcf, 0x40, 0x2, 0xbf, 0xff, 0xff,
    0xe5, 0x6, 0x92, 0x0, 0x0, 0x1, 0x11, 0x0,
    0x0,

    /* U+306E "の" */
    0x0, 0x0, 0x5, 0x9b, 0xb9, 0x40, 0x0, 0x0,
    0x0, 0x6e, 0xff, 0xff, 0xff, 0xd3, 0x0, 0x0,
    0x9f, 0xf8, 0x7f, 0xc4, 0xaf, 0xf3, 0x0, 0x7f,
    0xe2, 0x7, 0xf9, 0x0, 0x7f, 0xd0, 0x1f, 0xf2,
    0x0, 0xaf, 0x60, 0x0, 0xcf, 0x57, 0xf9, 0x0,
    0xe, 0xf3, 0x0, 0x7, 0xfa, 0xbf, 0x40, 0x2,
    0xfe, 0x0, 0x0, 0x5f, 0xbc, 0xf2, 0x0, 0x7f,
    0xa0, 0x0, 0x5, 0xfb, 0xcf, 0x40, 0xd, 0xf4,
    0x0, 0x0, 0x9f, 0x98, 0xfa, 0x7, 0xfd, 0x0,
    0x0, 0x2f, 0xf4, 0x2f, 0xfe, 0xff, 0x50, 0x0,
    0x2d, 0xfc, 0x0, 0x7f, 0xff, 0x80, 0x25, 0xaf,
    0xfd, 0x10, 0x0, 0x36, 0x30, 0x7, 0xff, 0xfa,
    0x10, 0x0, 0x0, 0x0, 0x0, 0x9, 0x61, 0x0,
    0x0,

    /* U+306F "は" */
    0x0, 0x0, 0x0, 0x0, 0x0, 0x11, 0x0, 0x0,
    0x6, 0xf9, 0x0, 0x0, 0x0, 0xff, 0x0, 0x0,
    0x8, 0xf5, 0x0, 0x0, 0x0, 0xff, 0x0, 0x0,
    0xa, 0xf2, 0x0, 0x10, 0x0, 0xff, 0x35, 0x50,
    0xd, 0xf0, 0x3, 0xff, 0xff, 0xff, 0xff, 0xa0,
    0xf, 0xd0, 0x2, 0xbc, 0xcc, 0xff, 0x97, 0x30,
    0xf, 0xb0, 0x0, 0x0, 0x0, 0xff, 0x0, 0x0,
    0x2f, 0xa0, 0x0, 0x0, 0x0, 0xef, 0x0, 0x0,
    0x3f, 0x94, 0x0, 0x0, 0x0, 0xef, 0x0, 0x0,
    0x3f, 0x9f, 0x40, 0x3a, 0xdd, 0xff, 0x20, 0x0,
    0x3f, 0xff, 0x4, 0xfe, 0xab, 0xff, 0xf8, 0x0,
    0x2f, 0xfa, 0xb, 0xf1, 0x0, 0xcf, 0xff, 0xc1,
    0xf, 0xf5, 0xb, 0xf6, 0x14, 0xff, 0x2c, 0xf2,
    0xd, 0xf2, 0x4, 0xff, 0xff, 0xfa, 0x0, 0x40,
    0x8, 0xb1, 0x0, 0x28, 0xba, 0x70, 0x0, 0x0,

    /* U+3078 "へ" */
    0x0, 0x0, 0x0, 0x1, 0x0, 0x0, 0x0, 0x0,
    0x0, 0x0, 0x0, 0x4f, 0xf7, 0x0, 0x0, 0x0,
    0x0, 0x0, 0x0, 0x3f, 0xff, 0xf7, 0x0, 0x0,
    0x0, 0x0, 0x0, 0x1e, 0xfa, 0x7f, 0xf5, 0x0,
    0x0, 0x0, 0x0, 0xc, 0xfc, 0x0, 0x8f, 0xf3,
    0x0, 0x0, 0x0, 0xa, 0xfe, 0x10, 0x0, 0xaf,
    0xe2, 0x0, 0x0, 0xa, 0xff, 0x40, 0x0, 0x0,
    0xdf, 0xe1, 0x0, 0x0, 0xcf, 0x80, 0x0, 0x0,
    0x1, 0xef, 0xd1, 0x0, 0x0, 0xa0, 0x0, 0x0,
    0x0, 0x3, 0xff, 0xd1, 0x0, 0x0, 0x0, 0x0,
    0x0, 0x0, 0x4, 0xff, 0xe1, 0x0, 0x0, 0x0,
    0x0, 0x0, 0x0, 0x5, 0xfb, 0x0, 0x0, 0x0,
    0x0, 0x0, 0x0, 0x0, 0x4, 0x10,

    /* U+307E "ま" */
    0x0, 0x0, 0x0, 0xff, 0x0, 0x0, 0x0, 0x0,
    0x0, 0xf, 0xe0, 0x0, 0x11, 0xd, 0xdc, 0xaa,
    0xff, 0xbc, 0xef, 0x40, 0xad, 0xff, 0xff, 0xfe,
    0xdc, 0xa2, 0x0, 0x0, 0x0, 0xfe, 0x0, 0x0,
    0x0, 0x43, 0x11, 0xf, 0xe2, 0x34, 0x63, 0xf,
    0xff, 0xff, 0xff, 0xff, 0xff, 0x70, 0x78, 0x9a,
    0xaf, 0xf9, 0x87, 0x62, 0x0, 0x0, 0x0, 0xef,
    0x0, 0x0, 0x0, 0x1, 0x79, 0x9f, 0xf1, 0x0,
    0x0, 0x6, 0xff, 0xff, 0xff, 0xfa, 0x20, 0x0,
    0xfe, 0x30, 0xc, 0xfe, 0xff, 0x80, 0x1f, 0xd0,
    0x0, 0xef, 0x26, 0xff, 0xa0, 0xcf, 0xeb, 0xdf,
    0xd0, 0x2, 0xd3, 0x1, 0x9d, 0xff, 0xb2, 0x0,
    0x0, 0x0,

    /* U+307F "み" */
    0x0, 0x0, 0x0, 0x0, 0x0, 0x0, 0x0, 0x0,
    0x0, 0x0, 0x3b, 0xbb, 0xcd, 0xf8, 0x0, 0x0,
    0x0, 0x0, 0x4, 0xff, 0xff, 0xff, 0x90, 0x0,
    0x0, 0x0, 0x0, 0x2, 0x10, 0xf, 0xf1, 0x0,
    0x0, 0x0, 0x0, 0x0, 0x0, 0x7, 0xf9, 0x0,
    0x0, 0x0, 0x0, 0x0, 0x0, 0x0, 0xdf, 0x20,
    0x2, 0xfa, 0x0, 0x0, 0x0, 0x5a, 0xcf, 0xf8,
    0x40, 0x3f, 0xb0, 0x0, 0x3, 0xef, 0xff, 0xff,
    0xff, 0xeb, 0xf9, 0x0, 0x2, 0xff, 0x63, 0xfd,
    0x15, 0xaf, 0xff, 0xb0, 0x0, 0xbf, 0x30, 0x9f,
    0x60, 0x0, 0x2e, 0xff, 0xd2, 0xf, 0xc0, 0x2f,
    0xe0, 0x0, 0x2, 0xfe, 0xef, 0x0, 0xfe, 0x3c,
    0xf7, 0x0, 0x0, 0xbf, 0x82, 0x70, 0xb, 0xff,
    0xfd, 0x0, 0x0, 0xaf, 0xd0, 0x0, 0x0, 0x19,
    0xc9, 0x10, 0x3, 0xcf, 0xe2, 0x0, 0x0, 0x0,
    0x0, 0x0, 0x0, 0x8f, 0xc2, 0x0, 0x0, 0x0,
    0x0, 0x0, 0x0, 0x0, 0x30, 0x0, 0x0, 0x0,

    /* U+3080 "む" */
    0x0, 0x6, 0xf9, 0x0, 0x0, 0x0, 0x0, 0x0,
    0x0, 0x5f, 0x80, 0x2, 0x0, 0x10, 0x0, 0x69,
    0x8b, 0xfd, 0xdf, 0xa0, 0x6f, 0x40, 0x8, 0xff,
    0xff, 0xff, 0xc6, 0x6, 0xff, 0x50, 0x1, 0x27,
    0xf8, 0x0, 0x0, 0x6, 0xff, 0x50, 0x3, 0x9f,
    0x70, 0x0, 0x0, 0x6, 0xf5, 0x8, 0xff, 0xf8,
    0x0, 0x0, 0x0, 0x3, 0x3, 0xfa, 0x3f, 0xe0,
    0x0, 0x0, 0x0, 0x0, 0x7f, 0x20, 0xcf, 0x0,
    0x0, 0x0, 0x0, 0x8, 0xf3, 0xf, 0xd0, 0x0,
    0x0, 0xda, 0x10, 0x4f, 0xee, 0xf7, 0x0, 0x0,
    0xd, 0xf3, 0x0, 0x9f, 0xff, 0x10, 0x0, 0x0,
    0xef, 0x20, 0x0, 0xc, 0xf4, 0x0, 0x2, 0x8f,
    0xf0, 0x0, 0x0, 0xaf, 0xff, 0xff, 0xff, 0xf7,
    0x0, 0x0, 0x1, 0x8c, 0xee, 0xdb, 0x93, 0x0,
    0x0,

    /* U+3081 "め" */
    0x0, 0x0, 0x0, 0x0, 0x26, 0x30, 0x0, 0x0,
    0x5, 0x60, 0x0, 0x6, 0xf9, 0x0, 0x0, 0x2,
    0xfe, 0x0, 0x0, 0x9f, 0x50, 0x0, 0x0, 0xc,
    0xf3, 0x7c, 0xff, 0xfd, 0x70, 0x0, 0x0, 0x7f,
    0xff, 0xfc, 0xff, 0xff, 0xd1, 0x0, 0xa, 0xff,
    0x60, 0x5f, 0x81, 0xbf, 0xc0, 0x7, 0xff, 0xf2,
    0xb, 0xf3, 0x0, 0xdf, 0x41, 0xfe, 0x6f, 0x92,
    0xfd, 0x0, 0x6, 0xf9, 0x7f, 0x60, 0xef, 0xbf,
    0x60, 0x0, 0x4f, 0xbb, 0xf1, 0x6, 0xff, 0xd0,
    0x0, 0x5, 0xfa, 0xcf, 0x0, 0x2f, 0xf9, 0x0,
    0x0, 0xaf, 0x8b, 0xf6, 0x4d, 0xff, 0xf2, 0x0,
    0x4f, 0xf2, 0x5f, 0xff, 0xf9, 0x53, 0x2, 0x9f,
    0xf7, 0x0, 0x6c, 0xc5, 0x0, 0x4e, 0xff, 0xf7,
    0x0, 0x0, 0x0, 0x0, 0x0, 0xbd, 0x81, 0x0,
    0x0, 0x0, 0x0, 0x0, 0x0, 0x0, 0x0, 0x0,

    /* U+3082 "も" */
    0x0, 0x0, 0x0, 0x0, 0x0, 0x0, 0x0, 0x0,
    0x0, 0x7f, 0x80, 0x0, 0x0, 0x0, 0x0, 0x0,
    0x8f, 0x50, 0x0, 0x0, 0x0, 0x24, 0x0, 0xaf,
    0x30, 0x0, 0x0, 0x0, 0x4f, 0xfd, 0xef, 0xbb,
    0xd5, 0x0, 0x0, 0x28, 0xce, 0xff, 0xff, 0xf4,
    0x0, 0x0, 0x0, 0x0, 0xfd, 0x0, 0x0, 0x0,
    0x0, 0x20, 0x1, 0xfb, 0x0, 0x0, 0x25, 0x20,
    0xaf, 0xdc, 0xfd, 0x9a, 0xb2, 0x7f, 0xd0, 0x6c,
    0xef, 0xff, 0xff, 0xf3, 0xb, 0xf6, 0x0, 0x7,
    0xf8, 0x22, 0x10, 0x5, 0xfb, 0x0, 0x8, 0xf5,
    0x0, 0x0, 0x3, 0xfd, 0x0, 0x8, 0xf7, 0x0,
    0x0, 0x8, 0xfb, 0x0, 0x4, 0xfe, 0x40, 0x2,
    0x8f, 0xf5, 0x0, 0x0, 0xcf, 0xff, 0xff, 0xff,
    0x80, 0x0, 0x0, 0x8, 0xdf, 0xfd, 0xa3, 0x0,

    /* U+308A "り" */
    0x0, 0x0, 0x0, 0x0, 0x0, 0x3, 0xfd, 0x0,
    0x0, 0x0, 0x0, 0x4f, 0xa0, 0x29, 0xca, 0x30,
    0x6, 0xf7, 0x6f, 0xff, 0xff, 0x50, 0x8f, 0x9f,
    0xb2, 0x7, 0xfe, 0xa, 0xff, 0xb0, 0x0, 0xc,
    0xf6, 0xbf, 0xf1, 0x0, 0x0, 0x6f, 0x9c, 0xf9,
    0x0, 0x0, 0x4, 0xfb, 0xcf, 0x50, 0x0, 0x0,
    0x4f, 0xcc, 0xf3, 0x0, 0x0, 0x5, 0xfa, 0xaf,
    0x30, 0x0, 0x0, 0xaf, 0x72, 0x30, 0x0, 0x0,
    0x2f, 0xf2, 0x0, 0x0, 0x0, 0x2e, 0xfa, 0x0,
    0x0, 0x4, 0xaf, 0xfc, 0x0, 0x0, 0x8f, 0xff,
    0xf8, 0x0, 0x0, 0x1, 0xec, 0x71, 0x0, 0x0,
    0x0, 0x0, 0x0, 0x0, 0x0, 0x0,

    /* U+308B "る" */
    0x0, 0x0, 0x0, 0x0, 0x0, 0x0, 0x0, 0x0,
    0x1c, 0xcc, 0xcd, 0xde, 0xf8, 0x0, 0x0, 0x1f,
    0xff, 0xed, 0xef, 0xfa, 0x0, 0x0, 0x1, 0x0,
    0x3, 0xef, 0x60, 0x0, 0x0, 0x0, 0x0, 0x6f,
    0xe3, 0x0, 0x0, 0x0, 0x0, 0x8, 0xfc, 0x10,
    0x0, 0x0, 0x0, 0x0, 0xbf, 0xfe, 0xff, 0xc6,
    0x0, 0x0, 0x1d, 0xff, 0xb8, 0x8a, 0xff, 0xb0,
    0x3, 0xef, 0xa2, 0x0, 0x0, 0x1d, 0xf7, 0x1f,
    0xf7, 0x1, 0x43, 0x0, 0x4, 0xfc, 0x6, 0x70,
    0x6f, 0xff, 0xd2, 0x2, 0xfd, 0x0, 0x1, 0xfd,
    0x36, 0xfc, 0x7, 0xfa, 0x0, 0x3, 0xfb, 0x0,
    0xbf, 0x8f, 0xf4, 0x0, 0x0, 0xdf, 0xeb, 0xef,
    0xff, 0x70, 0x0, 0x0, 0x18, 0xdf, 0xfd, 0x92,
    0x0,

    /* U+308C "れ" */
    0x0, 0x0, 0x0, 0x0, 0x0, 0x0, 0x0, 0x0,
    0x0, 0x0, 0x6, 0xfa, 0x0, 0x0, 0x0, 0x0,
    0x0, 0x0, 0x0, 0x6f, 0x80, 0x0, 0x0, 0x0,
    0x0, 0x0, 0x0, 0x7, 0xf6, 0x0, 0x1, 0x10,
    0x0, 0x0, 0x7, 0x8a, 0xdf, 0xc0, 0x4c, 0xff,
    0xd2, 0x0, 0x0, 0xdf, 0xff, 0xf7, 0x9f, 0xea,
    0xef, 0xa0, 0x0, 0x5, 0x42, 0xaf, 0xef, 0x80,
    0x4, 0xfb, 0x0, 0x0, 0x0, 0xd, 0xff, 0x50,
    0x0, 0x3f, 0xa0, 0x0, 0x0, 0x8, 0xff, 0x40,
    0x0, 0x4, 0xf9, 0x0, 0x0, 0x4, 0xff, 0xf0,
    0x0, 0x0, 0x7f, 0x70, 0x0, 0x1, 0xef, 0xff,
    0x0, 0x0, 0x9, 0xf4, 0x0, 0x0, 0xcf, 0x8d,
    0xf0, 0x0, 0x0, 0xbf, 0x30, 0x0, 0x2f, 0xc0,
    0xef, 0x0, 0x0, 0xc, 0xf3, 0x8, 0x40, 0x62,
    0xe, 0xf0, 0x0, 0x0, 0xbf, 0xff, 0xf6, 0x0,
    0x0, 0xef, 0x0, 0x0, 0x5, 0xff, 0xfb, 0x10,
    0x0, 0x7, 0x70, 0x0, 0x0, 0x2, 0x42, 0x0,

    /* U+308F "わ" */
    0x0, 0x0, 0x0, 0x0, 0x0, 0x0, 0x0, 0x0,
    0x0, 0x0, 0x6f, 0xa0, 0x0, 0x0, 0x0, 0x0,
    0x0, 0x0, 0x6f, 0x80, 0x0, 0x0, 0x0, 0x0,
    0x0, 0x0, 0x7f, 0x70, 0x0, 0x0, 0x0, 0x0,
    0x6, 0x79, 0xdf, 0xd0, 0x0, 0x12, 0x0, 0x0,
    0xd, 0xfe, 0xef, 0x63, 0xae, 0xff, 0xfa, 0x10,
    0x5, 0x20, 0xaf, 0xbf, 0xfd, 0xab, 0xff, 0xd1,
    0x0, 0x1, 0xef, 0xfa, 0x20, 0x0, 0x1c, 0xf8,
    0x0, 0xb, 0xff, 0x50, 0x0, 0x0, 0x4, 0xfd,
    0x0, 0x6f, 0xff, 0x0, 0x0, 0x0, 0x2, 0xfd,
    0x2, 0xff, 0xef, 0x0, 0x0, 0x0, 0x6, 0xfb,
    0xd, 0xf6, 0xdf, 0x0, 0x0, 0x0, 0x2e, 0xf5,
    0x1e, 0xa0, 0xef, 0x0, 0x0, 0x17, 0xff, 0xb0,
    0x4, 0x10, 0xef, 0x0, 0x2d, 0xff, 0xf9, 0x0,
    0x0, 0x0, 0xef, 0x0, 0xb, 0xd8, 0x20, 0x0,
    0x0, 0x0, 0x77, 0x0, 0x0, 0x0, 0x0, 0x0,

    /* U+3092 "を" */
    0x0, 0x0, 0x8, 0x80, 0x0, 0x0, 0x0, 0x0,
    0x0, 0x0, 0xfe, 0x0, 0x1, 0x10, 0x0, 0x1c,
    0xba, 0xbf, 0xfc, 0xdf, 0xf9, 0x0, 0x1, 0xff,
    0xff, 0xff, 0xed, 0xcb, 0x50, 0x0, 0x0, 0x3,
    0xfc, 0x0, 0x0, 0x0, 0x0, 0x0, 0x0, 0xcf,
    0x87, 0x71, 0x0, 0x29, 0xa0, 0x0, 0x8f, 0xff,
    0xff, 0xe5, 0xbf, 0xfe, 0x10, 0x6f, 0xf7, 0x10,
    0xbf, 0xff, 0xb5, 0x0, 0x5f, 0xf4, 0x1, 0xbf,
    0xfb, 0x20, 0x0, 0x0, 0xa6, 0x3, 0xef, 0xcf,
    0x60, 0x0, 0x0, 0x0, 0x0, 0xef, 0x44, 0xf7,
    0x0, 0x0, 0x0, 0x0, 0x5f, 0xa0, 0x3a, 0x50,
    0x0, 0x0, 0x0, 0x6, 0xfc, 0x10, 0x0, 0x1,
    0x30, 0x0, 0x0, 0x1e, 0xff, 0xed, 0xef, 0xfe,
    0x0, 0x0, 0x0, 0x29, 0xce, 0xee, 0xdc, 0xa0,
    0x0,

    /* U+3093 "ん" */
    0x0, 0x0, 0x0, 0x1, 0x0, 0x0, 0x0, 0x0,
    0x0, 0x0, 0x0, 0x0, 0xed, 0x30, 0x0, 0x0,
    0x0, 0x0, 0x0, 0x0, 0x7f, 0xe0, 0x0, 0x0,
    0x0, 0x0, 0x0, 0x0, 0x1f, 0xf5, 0x0, 0x0,
    0x0, 0x0, 0x0, 0x0, 0x8, 0xfb, 0x0, 0x0,
    0x0, 0x0, 0x0, 0x0, 0x1, 0xff, 0x20, 0x0,
    0x0, 0x0, 0x0, 0x0, 0x0, 0x9f, 0x91, 0x10,
    0x0, 0x0, 0x0, 0x0, 0x0, 0x1f, 0xfd, 0xff,
    0xa0, 0x0, 0x0, 0x0, 0x0, 0x8, 0xff, 0xca,
    0xff, 0x20, 0x0, 0x0, 0x0, 0x1, 0xff, 0x80,
    0xb, 0xf4, 0x0, 0x9, 0x50, 0x0, 0x8f, 0xc0,
    0x0, 0x9f, 0x40, 0x1, 0xff, 0x0, 0xe, 0xf3,
    0x0, 0x9, 0xf4, 0x0, 0x8f, 0xa0, 0x6, 0xfd,
    0x0, 0x0, 0x8f, 0xa3, 0x8f, 0xf2, 0x0, 0xdf,
    0x70, 0x0, 0x4, 0xff, 0xff, 0xf5, 0x0, 0x6,
    0xb2, 0x0, 0x0, 0x6, 0xcd, 0xa3, 0x0, 0x0,

    /* U+30A4 "イ" */
    0x0, 0x0, 0x0, 0x0, 0x0, 0x1, 0x50, 0x0,
    0x0, 0x0, 0x0, 0x0, 0x1c, 0xf6, 0x0, 0x0,
    0x0, 0x0, 0x1, 0xdf, 0xf4, 0x0, 0x0, 0x0,
    0x0, 0x4e, 0xfe, 0x30, 0x0, 0x0, 0x0, 0x19,
    0xff, 0xc1, 0x0, 0x0, 0x0, 0x18, 0xff, 0xf8,
    0x0, 0x0, 0x0, 0x39, 0xff, 0xff, 0xf4, 0x0,
    0x0, 0x8e, 0xff, 0xfb, 0x3e, 0xf4, 0x0, 0x0,
    0x7f, 0xe8, 0x20, 0xe, 0xf4, 0x0, 0x0, 0x4,
    0x0, 0x0, 0xe, 0xf4, 0x0, 0x0, 0x0, 0x0,
    0x0, 0xe, 0xf4, 0x0, 0x0, 0x0, 0x0, 0x0,
    0xe, 0xf4, 0x0, 0x0, 0x0, 0x0, 0x0, 0xe,
    0xf4, 0x0, 0x0, 0x0, 0x0, 0x0, 0xe, 0xf4,
    0x0, 0x0, 0x0, 0x0, 0x0, 0xa, 0xb3, 0x0,
    0x0,

    /* U+30AA "オ" */
    0x0, 0x0, 0x0, 0x0, 0x9f, 0x70, 0x0, 0x0,
    0x0, 0x0, 0x0, 0x8, 0xf6, 0x0, 0x0, 0x0,
    0x0, 0x0, 0x0, 0x7f, 0x60, 0x0, 0x0, 0x87,
    0x77, 0x77, 0x7b, 0xfb, 0x77, 0x83, 0xf, 0xff,
    0xff, 0xff, 0xff, 0xff, 0xff, 0x60, 0x66, 0x66,
    0x66, 0xbf, 0xfb, 0x66, 0x62, 0x0, 0x0, 0x0,
    0x3f, 0xff, 0x80, 0x0, 0x0, 0x0, 0x0, 0x3e,
    0xfb, 0xf8, 0x0, 0x0, 0x0, 0x0, 0x4f, 0xf6,
    0x5f, 0x80, 0x0, 0x0, 0x0, 0x8f, 0xf6, 0x5,
    0xf9, 0x0, 0x0, 0x4, 0xdf, 0xf5, 0x0, 0x5f,
    0x90, 0x0, 0x8, 0xff, 0xd2, 0x0, 0x5, 0xf9,
    0x0, 0x0, 0x1d, 0x70, 0x1, 0x42, 0x8f, 0x90,
    0x0, 0x0, 0x0, 0x0, 0x2f, 0xff, 0xf8, 0x0,
    0x0, 0x0, 0x0, 0x1, 0xab, 0xba, 0x10, 0x0,
    0x0,

    /* U+30AB "カ" */
    0x0, 0x0, 0x4, 0xfe, 0x0, 0x0, 0x0, 0x0,
    0x0, 0x3, 0xfd, 0x0, 0x0, 0x0, 0x0, 0x0,
    0x3, 0xfc, 0x0, 0x0, 0x0, 0xc, 0xbb, 0xbc,
    0xfe, 0xbb, 0xbb, 0xc5, 0xf, 0xff, 0xff, 0xff,
    0xff, 0xff, 0xfc, 0x2, 0x11, 0x19, 0xf8, 0x11,
    0x14, 0xfb, 0x0, 0x0, 0xb, 0xf4, 0x0, 0x3,
    0xfb, 0x0, 0x0, 0xf, 0xf1, 0x0, 0x4, 0xf9,
    0x0, 0x0, 0x5f, 0xc0, 0x0, 0x6, 0xf8, 0x0,
    0x0, 0xdf, 0x60, 0x0, 0x7, 0xf6, 0x0, 0x8,
    0xfe, 0x0, 0x0, 0xa, 0xf5, 0x0, 0x6f, 0xf4,
    0x0, 0x0, 0xe, 0xf2, 0x9, 0xff, 0x70, 0x6,
    0xdb, 0xdf, 0xe0, 0x1c, 0xf7, 0x0, 0x5, 0xff,
    0xff, 0x60, 0x0, 0x40, 0x0, 0x0, 0x23, 0x31,
    0x0,

    /* U+30AD "キ" */
    0x0, 0x0, 0x6, 0x92, 0x0, 0x0, 0x0, 0x0,
    0x0, 0x0, 0xcf, 0x40, 0x0, 0x0, 0x0, 0x0,
    0x0, 0x8, 0xf7, 0x1, 0x47, 0x70, 0x0, 0x0,
    0x24, 0xaf, 0xee, 0xff, 0xfd, 0x0, 0x3e, 0xff,
    0xff, 0xff, 0xfc, 0xa7, 0x50, 0x1, 0xfe, 0xc9,
    0x7f, 0xf1, 0x0, 0x0, 0x0, 0x2, 0x0, 0x0,
    0xcf, 0x40, 0x0, 0x0, 0x0, 0x0, 0x0, 0x9,
    0xf7, 0x36, 0x8b, 0xf2, 0x0, 0x14, 0x68, 0xdf,
    0xff, 0xff, 0xff, 0x54, 0xff, 0xff, 0xff, 0xff,
    0xb8, 0x53, 0x0, 0x1f, 0xda, 0x85, 0x3f, 0xf0,
    0x0, 0x0, 0x0, 0x0, 0x0, 0x0, 0xcf, 0x30,
    0x0, 0x0, 0x0, 0x0, 0x0, 0x9, 0xf6, 0x0,
    0x0, 0x0, 0x0, 0x0, 0x0, 0x7f, 0xa0, 0x0,
    0x0, 0x0, 0x0, 0x0, 0x4, 0xd9, 0x0, 0x0,
    0x0,

    /* U+30AF "ク" */
    0x0, 0x0, 0x0, 0x0, 0x0, 0x0, 0x0, 0x0,
    0x0, 0x0, 0xe, 0xd4, 0x0, 0x0, 0x0, 0x0,
    0x0, 0x6, 0xfe, 0x10, 0x0, 0x0, 0x0, 0x0,
    0x1, 0xef, 0xd9, 0x99, 0x9a, 0x30, 0x0, 0x0,
    0xbf, 0xff, 0xff, 0xff, 0xfe, 0x0, 0x0, 0x9f,
    0xe3, 0x22, 0x22, 0xcf, 0x90, 0x0, 0x9f, 0xf3,
    0x0, 0x0, 0x1f, 0xf3, 0x2, 0xcf, 0xf4, 0x0,
    0x0, 0x8, 0xfc, 0x0, 0x2d, 0xd3, 0x0, 0x0,
    0x1, 0xff, 0x50, 0x0, 0x0, 0x0, 0x0, 0x0,
    0xcf, 0xb0, 0x0, 0x0, 0x0, 0x0, 0x0, 0xaf,
    0xe2, 0x0, 0x0, 0x0, 0x0, 0x0, 0xaf, 0xf4,
    0x0, 0x0, 0x0, 0x0, 0x4, 0xdf, 0xf4, 0x0,
    0x0, 0x0, 0x0, 0x4b, 0xff, 0xd3, 0x0, 0x0,
    0x0, 0x0, 0x8f, 0xff, 0x80, 0x0, 0x0, 0x0,
    0x0, 0x0, 0x78, 0x10, 0x0, 0x0, 0x0, 0x0,

    /* U+30B5 "サ" */
    0x0, 0x0, 0xcd, 0x20, 0x0, 0xdf, 0x30, 0x0,
    0x0, 0x0, 0xdf, 0x20, 0x0, 0xdf, 0x20, 0x0,
    0x0, 0x0, 0xdf, 0x20, 0x0, 0xdf, 0x20, 0x0,
    0x1, 0x0, 0xdf, 0x20, 0x0, 0xdf, 0x20, 0x10,
    0x3f, 0xff, 0xff, 0xff, 0xff, 0xff, 0xff, 0xf5,
    0x2d, 0xdd, 0xff, 0xed, 0xdd, 0xff, 0xed, 0xd5,
    0x0, 0x0, 0xdf, 0x20, 0x0, 0xdf, 0x20, 0x0,
    0x0, 0x0, 0xdf, 0x20, 0x0, 0xef, 0x10, 0x0,
    0x0, 0x0, 0xdf, 0x20, 0x0, 0xff, 0x0, 0x0,
    0x0, 0x0, 0xdf, 0x20, 0x3, 0xfd, 0x0, 0x0,
    0x0, 0x0, 0x0, 0x0, 0x9, 0xf9, 0x0, 0x0,
    0x0, 0x0, 0x0, 0x0, 0x4f, 0xf2, 0x0, 0x0,
    0x0, 0x0, 0x0, 0x7, 0xff, 0x80, 0x0, 0x0,
    0x0, 0x0, 0x1, 0xdf, 0xf9, 0x0, 0x0, 0x0,
    0x0, 0x0, 0x0, 0x4d, 0x40, 0x0, 0x0, 0x0,

    /* U+30B6 "ザ" */
    0x0, 0x0, 0x11, 0x0, 0x0, 0x34, 0x1, 0x56,
    0x0, 0x0, 0xf, 0xf1, 0x0, 0xe, 0xf6, 0xe5,
    0xe0, 0x0, 0x0, 0xef, 0x0, 0x0, 0xef, 0x1e,
    0x5c, 0x20, 0x0, 0xe, 0xf0, 0x0, 0xe, 0xf1,
    0x31, 0x0, 0x4e, 0xdd, 0xff, 0xdd, 0xdd, 0xff,
    0xdd, 0xe4, 0x4, 0xff, 0xff, 0xff, 0xff, 0xff,
    0xff, 0xff, 0x50, 0x0, 0x0, 0xef, 0x10, 0x0,
    0xef, 0x20, 0x0, 0x0, 0x0, 0xe, 0xf0, 0x0,
    0xe, 0xf1, 0x0, 0x0, 0x0, 0x0, 0xef, 0x0,
    0x0, 0xff, 0x0, 0x0, 0x0, 0x0, 0xf, 0xf1,
    0x0, 0x3f, 0xe0, 0x0, 0x0, 0x0, 0x0, 0x22,
    0x0, 0x8, 0xfa, 0x0, 0x0, 0x0, 0x0, 0x0,
    0x0, 0x2, 0xff, 0x40, 0x0, 0x0, 0x0, 0x0,
    0x0, 0x4, 0xef, 0xb0, 0x0, 0x0, 0x0, 0x0,
    0x0, 0x1b, 0xff, 0xc0, 0x0, 0x0, 0x0, 0x0,
    0x0, 0x0, 0x8f, 0x70, 0x0, 0x0, 0x0, 0x0,
    0x0, 0x0, 0x0, 0x0, 0x0, 0x0, 0x0, 0x0,

    /* U+30B9 "ス" */
    0x0, 0x10, 0x0, 0x0, 0x0, 0x2, 0x0, 0x0,
    0xf, 0xff, 0xff, 0xff, 0xff, 0xfa, 0x0, 0x0,
    0xef, 0xee, 0xee, 0xee, 0xff, 0x90, 0x0, 0x0,
    0x0, 0x0, 0x0, 0x3f, 0xf1, 0x0, 0x0, 0x0,
    0x0, 0x0, 0xb, 0xf9, 0x0, 0x0, 0x0, 0x0,
    0x0, 0x5, 0xff, 0x10, 0x0, 0x0, 0x0, 0x0,
    0x1, 0xef, 0x60, 0x0, 0x0, 0x0, 0x0, 0x0,
    0xdf, 0xe1, 0x0, 0x0, 0x0, 0x0, 0x1, 0xcf,
    0xff, 0xd1, 0x0, 0x0, 0x0, 0x3, 0xdf, 0xd3,
    0xef, 0xd1, 0x0, 0x0, 0x7, 0xff, 0xc1, 0x2,
    0xef, 0xd1, 0x0, 0x5d, 0xff, 0x90, 0x0, 0x2,
    0xff, 0xc0, 0x4f, 0xfe, 0x50, 0x0, 0x0, 0x4,
    0xff, 0x40, 0x58, 0x10, 0x0, 0x0, 0x0, 0x6,
    0x40,

    /* U+30BB "セ" */
    0x0, 0x0, 0x2f, 0xf0, 0x0, 0x0, 0x0, 0x0,
    0x0, 0x0, 0x1f, 0xe0, 0x0, 0x0, 0x0, 0x0,
    0x0, 0x0, 0x1f, 0xe0, 0x0, 0x0, 0x0, 0x0,
    0x0, 0x0, 0x1f, 0xe0, 0x2, 0x58, 0xbf, 0xb1,
    0x0, 0x0, 0x3f, 0xfb, 0xef, 0xff, 0xff, 0xf1,
    0xa, 0xcf, 0xff, 0xff, 0xfc, 0x85, 0xdf, 0x70,
    0xf, 0xff, 0xdf, 0xf3, 0x0, 0x5, 0xfd, 0x0,
    0x6, 0x41, 0x1f, 0xe0, 0x0, 0x1e, 0xf4, 0x0,
    0x0, 0x0, 0x1f, 0xe0, 0x0, 0xcf, 0x90, 0x0,
    0x0, 0x0, 0x1f, 0xe0, 0x0, 0x8c, 0x0, 0x0,
    0x0, 0x0, 0x1f, 0xe0, 0x0, 0x0, 0x0, 0x0,
    0x0, 0x0, 0x1f, 0xf0, 0x0, 0x0, 0x0, 0x0,
    0x0, 0x0, 0xf, 0xf6, 0x22, 0x34, 0x58, 0x50,
    0x0, 0x0, 0xb, 0xff, 0xff, 0xff, 0xff, 0x70,
    0x0, 0x0, 0x0, 0x7a, 0xbb, 0xba, 0x98, 0x20,

    /* U+30BF "タ" */
    0x0, 0x0, 0x0, 0x0, 0x0, 0x0, 0x0, 0x0,
    0x0, 0x0, 0xe, 0xc3, 0x0, 0x0, 0x0, 0x0,
    0x0, 0x6, 0xfe, 0x0, 0x0, 0x0, 0x0, 0x0,
    0x1, 0xef, 0xda, 0xaa, 0xbc, 0x50, 0x0, 0x0,
    0xbf, 0xff, 0xff, 0xff, 0xfe, 0x0, 0x0, 0x9f,
    0xd1, 0x0, 0x0, 0xbf, 0x80, 0x0, 0x8f, 0xe2,
    0x0, 0x0, 0x2f, 0xf2, 0x1, 0xbf, 0xe3, 0x4b,
    0x30, 0x9, 0xfb, 0x0, 0x6f, 0xe2, 0xc, 0xff,
    0x83, 0xff, 0x30, 0x0, 0x31, 0x0, 0x8, 0xff,
    0xff, 0x90, 0x0, 0x0, 0x0, 0x0, 0x4, 0xff,
    0xf8, 0x0, 0x0, 0x0, 0x0, 0x1, 0xcf, 0xff,
    0xfa, 0x0, 0x0, 0x0, 0x4, 0xef, 0xe2, 0x7f,
    0x40, 0x0, 0x0, 0x3a, 0xff, 0xd2, 0x0, 0x20,
    0x0, 0x0, 0xbf, 0xff, 0x80, 0x0, 0x0, 0x0,
    0x0, 0x2, 0xc9, 0x10, 0x0, 0x0, 0x0, 0x0,

    /* U+30C0 "ダ" */
    0x0, 0x0, 0x0, 0x0, 0x0, 0x0, 0x0, 0x22,
    0x0, 0x0, 0x0, 0x1, 0x50, 0x0, 0x6, 0x4c,
    0xb0, 0x0, 0x0, 0x0, 0x8f, 0xc0, 0x0, 0x9e,
    0x3f, 0x50, 0x0, 0x0, 0x1f, 0xf4, 0x0, 0x3,
    0xf4, 0x30, 0x0, 0x0, 0xb, 0xff, 0xff, 0xff,
    0xff, 0x50, 0x0, 0x0, 0x7, 0xfe, 0xbb, 0xbb,
    0xbf, 0xf5, 0x0, 0x0, 0x6, 0xff, 0x30, 0x0,
    0x4, 0xff, 0x0, 0x0, 0x7, 0xff, 0x51, 0x0,
    0x0, 0xbf, 0x80, 0x0, 0xa, 0xff, 0x52, 0xed,
    0x40, 0x3f, 0xf1, 0x0, 0x0, 0x7e, 0x40, 0x2c,
    0xff, 0x9d, 0xf8, 0x0, 0x0, 0x0, 0x0, 0x0,
    0x7, 0xff, 0xfe, 0x0, 0x0, 0x0, 0x0, 0x0,
    0x0, 0xa, 0xff, 0xf7, 0x0, 0x0, 0x0, 0x0,
    0x0, 0xa, 0xff, 0xbf, 0xf4, 0x0, 0x0, 0x0,
    0x0, 0x4d, 0xff, 0x40, 0x78, 0x0, 0x0, 0x0,
    0x5, 0xbf, 0xfd, 0x20, 0x0, 0x0, 0x0, 0x0,
    0x3, 0xef, 0xf7, 0x0, 0x0, 0x0, 0x0, 0x0,
    0x0, 0x2, 0x71, 0x0, 0x0, 0x0, 0x0, 0x0,
    0x0,

    /* U+30C1 "チ" */
    0x0, 0x0, 0x0, 0x0, 0x0, 0x3, 0x0, 0x0,
    0x1, 0x11, 0x23, 0x58, 0xbe, 0xf8, 0x0, 0x0,
    0xff, 0xff, 0xff, 0xff, 0xeb, 0x70, 0x0, 0x8,
    0xa9, 0x88, 0xff, 0x10, 0x0, 0x0, 0x0, 0x0,
    0x0, 0x1f, 0xe0, 0x0, 0x0, 0x0, 0x0, 0x0,
    0x1, 0xfe, 0x0, 0x0, 0x0, 0x8f, 0xff, 0xff,
    0xff, 0xff, 0xff, 0xff, 0xc7, 0xee, 0xee, 0xee,
    0xff, 0xee, 0xee, 0xeb, 0x0, 0x0, 0x0, 0x3f,
    0xc0, 0x0, 0x0, 0x0, 0x0, 0x0, 0x7, 0xf9,
    0x0, 0x0, 0x0, 0x0, 0x0, 0x0, 0xef, 0x40,
    0x0, 0x0, 0x0, 0x0, 0x0, 0x9f, 0xd0, 0x0,
    0x0, 0x0, 0x0, 0x0, 0x9f, 0xf3, 0x0, 0x0,
    0x0, 0x0, 0x1, 0xdf, 0xf5, 0x0, 0x0, 0x0,
    0x0, 0x0, 0x3, 0xb3, 0x0, 0x0, 0x0, 0x0,
    0x0,

    /* U+30C3 "ッ" */
    0x0, 0x0, 0x0, 0x0, 0x0, 0x0, 0x0, 0x0,
    0x1, 0xba, 0x0, 0x3, 0x30, 0x1c, 0xc0, 0xe,
    0xf1, 0x0, 0x9f, 0x90, 0xdf, 0x30, 0x9f, 0x70,
    0xc, 0xf4, 0x7, 0xfa, 0x3, 0xfa, 0x1, 0xff,
    0x0, 0x1f, 0xe0, 0x2, 0x0, 0x8f, 0x90, 0x0,
    0x30, 0x0, 0x0, 0x1f, 0xf2, 0x0, 0x0, 0x0,
    0x0, 0xc, 0xf9, 0x0, 0x0, 0x0, 0x0, 0x1c,
    0xfd, 0x0, 0x0, 0x0, 0x0, 0x5e, 0xfd, 0x10,
    0x0, 0x0, 0x6, 0xcf, 0xfc, 0x10, 0x0, 0x0,
    0x0, 0x9f, 0xe6, 0x0, 0x0, 0x0, 0x0, 0x0,
    0x50, 0x0, 0x0, 0x0, 0x0,

    /* U+30C7 "デ" */
    0x0, 0x0, 0x0, 0x0, 0x0, 0x0, 0x7, 0x80,
    0x0, 0x0, 0x0, 0x0, 0x0, 0xb, 0xb5, 0xf3,
    0x0, 0xcc, 0xcc, 0xcc, 0xcc, 0xd8, 0xf5, 0xa6,
    0x0, 0xef, 0xff, 0xff, 0xff, 0xf3, 0x83, 0x0,
    0x0, 0x0, 0x0, 0x0, 0x0, 0x0, 0x0, 0x0,
    0x0, 0x0, 0x0, 0x0, 0x0, 0x0, 0x0, 0x0,
    0x11, 0x11, 0x11, 0x11, 0x11, 0x11, 0x11, 0x10,
    0xbf, 0xff, 0xff, 0xff, 0xff, 0xff, 0xff, 0x70,
    0x9c, 0xcc, 0xcc, 0xef, 0xec, 0xcc, 0xcc, 0x60,
    0x0, 0x0, 0x0, 0x9f, 0x80, 0x0, 0x0, 0x0,
    0x0, 0x0, 0x0, 0xbf, 0x60, 0x0, 0x0, 0x0,
    0x0, 0x0, 0x0, 0xff, 0x20, 0x0, 0x0, 0x0,
    0x0, 0x0, 0x7, 0xfd, 0x0, 0x0, 0x0, 0x0,
    0x0, 0x0, 0x4f, 0xf5, 0x0, 0x0, 0x0, 0x0,
    0x0, 0x7, 0xff, 0x90, 0x0, 0x0, 0x0, 0x0,
    0x0, 0x3e, 0xf8, 0x0, 0x0, 0x0, 0x0, 0x0,
    0x0, 0x1, 0x30, 0x0, 0x0, 0x0, 0x0, 0x0,

    /* U+30C8 "ト" */
    0xaf, 0x90, 0x0, 0x0, 0x0, 0x9f, 0x80, 0x0,
    0x0, 0x0, 0x9f, 0x80, 0x0, 0x0, 0x0, 0x9f,
    0x80, 0x0, 0x0, 0x0, 0x9f, 0xb2, 0x0, 0x0,
    0x0, 0x9f, 0xff, 0xd7, 0x10, 0x0, 0x9f, 0xef,
    0xff, 0xfb, 0x40, 0x9f, 0x81, 0x7d, 0xff, 0xf7,
    0x9f, 0x80, 0x0, 0x4b, 0xf2, 0x9f, 0x80, 0x0,
    0x0, 0x20, 0x9f, 0x80, 0x0, 0x0, 0x0, 0x9f,
    0x80, 0x0, 0x0, 0x0, 0x9f, 0x80, 0x0, 0x0,
    0x0, 0xaf, 0xa0, 0x0, 0x0, 0x0, 0x0, 0x0,
    0x0, 0x0, 0x0,

    /* U+30C9 "ド" */
    0x0, 0x0, 0x0, 0x0, 0x3, 0x0, 0x2f, 0xf1,
    0x0, 0x13, 0x5f, 0x40, 0x1f, 0xf0, 0x0, 0x8f,
    0x2c, 0xd0, 0x1f, 0xf0, 0x0, 0xe, 0xa3, 0x80,
    0x1f, 0xf0, 0x0, 0x5, 0x50, 0x0, 0x1f, 0xf5,
    0x0, 0x0, 0x0, 0x0, 0x1f, 0xff, 0xfa, 0x50,
    0x0, 0x0, 0x1f, 0xfd, 0xff, 0xfe, 0x82, 0x0,
    0x1f, 0xf0, 0x39, 0xff, 0xff, 0x0, 0x1f, 0xf0,
    0x0, 0x17, 0xe9, 0x0, 0x1f, 0xf0, 0x0, 0x0,
    0x1, 0x0, 0x1f, 0xf0, 0x0, 0x0, 0x0, 0x0,
    0x1f, 0xf0, 0x0, 0x0, 0x0, 0x0, 0x1f, 0xf0,
    0x0, 0x0, 0x0, 0x0, 0x2f, 0xf1, 0x0, 0x0,
    0x0, 0x0,

    /* U+30CD "ネ" */
    0x0, 0x0, 0x0, 0x3f, 0xd0, 0x0, 0x0, 0x0,
    0x0, 0x0, 0x0, 0x3f, 0xd0, 0x0, 0x0, 0x0,
    0x1, 0x21, 0x11, 0x4f, 0xd1, 0x12, 0x10, 0x0,
    0x6, 0xff, 0xff, 0xff, 0xff, 0xff, 0xf3, 0x0,
    0x4, 0xbb, 0xbb, 0xbb, 0xbb, 0xff, 0xf3, 0x0,
    0x0, 0x0, 0x0, 0x0, 0x7, 0xff, 0x40, 0x0,
    0x0, 0x0, 0x0, 0x0, 0x9f, 0xf4, 0x0, 0x0,
    0x0, 0x0, 0x0, 0x2c, 0xff, 0x40, 0x0, 0x0,
    0x0, 0x0, 0x2a, 0xff, 0xe2, 0x2a, 0x20, 0x0,
    0x0, 0x5b, 0xff, 0xff, 0xc0, 0xbf, 0xf9, 0x10,
    0x6f, 0xff, 0xf8, 0x4f, 0xc0, 0x7, 0xff, 0xe1,
    0xd, 0xb6, 0x0, 0x3f, 0xc0, 0x0, 0x2c, 0x90,
    0x0, 0x0, 0x0, 0x3f, 0xc0, 0x0, 0x0, 0x0,
    0x0, 0x0, 0x0, 0x3f, 0xc0, 0x0, 0x0, 0x0,
    0x0, 0x0, 0x0, 0x4f, 0xd0, 0x0, 0x0, 0x0,
    0x0, 0x0, 0x0, 0x2, 0x10, 0x0, 0x0, 0x0,

    /* U+30D1 "パ" */
    0x0, 0x0, 0x0, 0x0, 0x0, 0x0, 0x7, 0xfd,
    0x20, 0x0, 0x0, 0x0, 0x0, 0x0, 0x2, 0xd1,
    0x6b, 0x0, 0x0, 0x7, 0x51, 0x1, 0x78, 0x2e,
    0x28, 0xa0, 0x0, 0x0, 0xef, 0x40, 0x2f, 0xf3,
    0x6d, 0xb1, 0x0, 0x0, 0x1f, 0xf0, 0x0, 0xaf,
    0xa0, 0x0, 0x0, 0x0, 0x5, 0xfc, 0x0, 0x3,
    0xff, 0x10, 0x0, 0x0, 0x0, 0xaf, 0x80, 0x0,
    0xc, 0xf8, 0x0, 0x0, 0x0, 0xe, 0xf3, 0x0,
    0x0, 0x5f, 0xe0, 0x0, 0x0, 0x4, 0xfe, 0x0,
    0x0, 0x0, 0xef, 0x50, 0x0, 0x0, 0xbf, 0x90,
    0x0, 0x0, 0x9, 0xfb, 0x0, 0x0, 0x3f, 0xf2,
    0x0, 0x0, 0x0, 0x4f, 0xf1, 0x0, 0xc, 0xfb,
    0x0, 0x0, 0x0, 0x0, 0xff, 0x60, 0x6, 0xff,
    0x30, 0x0, 0x0, 0x0, 0xa, 0xfb, 0x0, 0xaf,
    0x90, 0x0, 0x0, 0x0, 0x0, 0x6f, 0xb0, 0x0,
    0x11, 0x0, 0x0, 0x0, 0x0, 0x0, 0x10, 0x0,

    /* U+30D3 "ビ" */
    0x0, 0x0, 0x0, 0x0, 0x0, 0x0, 0x0, 0x0,
    0x0, 0x0, 0x0, 0x0, 0x37, 0xd0, 0x1b, 0xb0,
    0x0, 0x0, 0x6, 0xf3, 0xe7, 0xf, 0xf0, 0x0,
    0x0, 0x0, 0xda, 0x54, 0xf, 0xf0, 0x0, 0x0,
    0x0, 0x71, 0x0, 0xf, 0xf0, 0x0, 0x1, 0x6d,
    0xf3, 0x0, 0xf, 0xf0, 0x16, 0xbf, 0xff, 0xe4,
    0x0, 0xf, 0xfd, 0xff, 0xff, 0xa4, 0x0, 0x0,
    0xf, 0xff, 0xe9, 0x40, 0x0, 0x0, 0x0, 0xf,
    0xf2, 0x0, 0x0, 0x0, 0x0, 0x0, 0xf, 0xf0,
    0x0, 0x0, 0x0, 0x0, 0x0, 0xf, 0xf0, 0x0,
    0x0, 0x0, 0x0, 0x0, 0xf, 0xf0, 0x0, 0x0,
    0x0, 0x0, 0x0, 0xf, 0xf7, 0x32, 0x23, 0x35,
    0x79, 0x0, 0xb, 0xff, 0xff, 0xff, 0xff, 0xff,
    0x0, 0x0, 0x7b, 0xcd, 0xdd, 0xcb, 0xa9, 0x0,

    /* U+30D7 "プ" */
    0x0, 0x0, 0x0, 0x0, 0x0, 0x0, 0x8f, 0xd2,
    0x0, 0x0, 0x0, 0x0, 0x0, 0x2, 0xd1, 0x6b,
    0xf, 0xff, 0xff, 0xff, 0xff, 0xff, 0xf7, 0xb8,
    0xf, 0xff, 0xff, 0xff, 0xff, 0xff, 0xfb, 0x60,
    0x0, 0x0, 0x0, 0x0, 0x0, 0x1f, 0xf3, 0x0,
    0x0, 0x0, 0x0, 0x0, 0x0, 0x5f, 0xe0, 0x0,
    0x0, 0x0, 0x0, 0x0, 0x0, 0xaf, 0xa0, 0x0,
    0x0, 0x0, 0x0, 0x0, 0x1, 0xff, 0x40, 0x0,
    0x0, 0x0, 0x0, 0x0, 0xa, 0xfc, 0x0, 0x0,
    0x0, 0x0, 0x0, 0x0, 0x7f, 0xf3, 0x0, 0x0,
    0x0, 0x0, 0x0, 0x7, 0xff, 0x80, 0x0, 0x0,
    0x0, 0x0, 0x2, 0xbf, 0xf9, 0x0, 0x0, 0x0,
    0x0, 0x4, 0xaf, 0xff, 0x70, 0x0, 0x0, 0x0,
    0x0, 0x4f, 0xff, 0xc3, 0x0, 0x0, 0x0, 0x0,
    0x0, 0x5, 0xa4, 0x0, 0x0, 0x0, 0x0, 0x0,

    /* U+30DB "ホ" */
    0x0, 0x0, 0x0, 0x2f, 0xf0, 0x0, 0x0, 0x0,
    0x0, 0x0, 0x0, 0x1f, 0xe0, 0x0, 0x0, 0x0,
    0x0, 0x0, 0x0, 0x1f, 0xe0, 0x0, 0x0, 0x0,
    0xd, 0xdd, 0xdd, 0xdf, 0xfd, 0xdd, 0xdd, 0x80,
    0x1f, 0xff, 0xff, 0xff, 0xff, 0xff, 0xff, 0xa0,
    0x1, 0x0, 0x0, 0x1f, 0xe0, 0x0, 0x0, 0x0,
    0x0, 0x1, 0x0, 0x1f, 0xe0, 0x0, 0x10, 0x0,
    0x0, 0xe, 0xb0, 0x1f, 0xe0, 0x1d, 0xe1, 0x0,
    0x0, 0x9f, 0x90, 0x1f, 0xe0, 0xa, 0xfa, 0x0,
    0x5, 0xfe, 0x10, 0x1f, 0xe0, 0x1, 0xef, 0x40,
    0x2f, 0xf4, 0x0, 0x1f, 0xe0, 0x0, 0x6f, 0xd0,
    0x5f, 0x90, 0x0, 0x1f, 0xe0, 0x0, 0xd, 0xa1,
    0x2, 0x0, 0x22, 0x4f, 0xe0, 0x0, 0x1, 0x0,
    0x0, 0x0, 0x8f, 0xff, 0xd0, 0x0, 0x0, 0x0,
    0x0, 0x0, 0x4a, 0xaa, 0x40, 0x0, 0x0, 0x0,

    /* U+30E0 "ム" */
    0x0, 0x0, 0x1, 0x52, 0x0, 0x0, 0x0, 0x0,
    0x0, 0x0, 0x5, 0xff, 0x10, 0x0, 0x0, 0x0,
    0x0, 0x0, 0x8, 0xfa, 0x0, 0x0, 0x0, 0x0,
    0x0, 0x0, 0xd, 0xf5, 0x0, 0x0, 0x0, 0x0,
    0x0, 0x0, 0x2f, 0xf0, 0x0, 0x0, 0x0, 0x0,
    0x0, 0x0, 0x7f, 0xb0, 0x0, 0x0, 0x0, 0x0,
    0x0, 0x0, 0xcf, 0x60, 0x0, 0x13, 0x0, 0x0,
    0x0, 0x2, 0xff, 0x10, 0x3, 0xfe, 0x0, 0x0,
    0x0, 0x7, 0xfb, 0x0, 0x0, 0xbf, 0x80, 0x0,
    0x0, 0xc, 0xf6, 0x0, 0x0, 0x3f, 0xf2, 0x0,
    0x0, 0x2f, 0xf0, 0x0, 0x13, 0x5e, 0xfa, 0x0,
    0x68, 0xbf, 0xfc, 0xef, 0xff, 0xff, 0xff, 0x20,
    0xbf, 0xff, 0xff, 0xff, 0xdb, 0xa8, 0xdf, 0xa0,
    0x69, 0x76, 0x43, 0x10, 0x0, 0x0, 0x5f, 0xd0,
    0x0, 0x0, 0x0, 0x0, 0x0, 0x0, 0x4, 0x0,

    /* U+30E2 "モ" */
    0x4, 0x55, 0x55, 0x55, 0x55, 0x55, 0x20, 0xd,
    0xff, 0xff, 0xff, 0xff, 0xff, 0x70, 0x6, 0x88,
    0x9f, 0xe8, 0x88, 0x88, 0x30, 0x0, 0x0, 0x3f,
    0xd0, 0x0, 0x0, 0x0, 0x0, 0x0, 0x3f, 0xd0,
    0x0, 0x0, 0x0, 0xaa, 0xaa, 0xbf, 0xfa, 0xaa,
    0xaa, 0xa8, 0xff, 0xff, 0xff, 0xff, 0xff, 0xff,
    0xfb, 0x33, 0x33, 0x6f, 0xe3, 0x33, 0x33, 0x32,
    0x0, 0x0, 0x3f, 0xd0, 0x0, 0x0, 0x0, 0x0,
    0x0, 0x3f, 0xd0, 0x0, 0x0, 0x0, 0x0, 0x0,
    0x3f, 0xe0, 0x0, 0x0, 0x0, 0x0, 0x0, 0x1f,
    0xfe, 0xbb, 0xbc, 0xd3, 0x0, 0x0, 0x7, 0xff,
    0xff, 0xff, 0xf2, 0x0, 0x0, 0x0, 0x3, 0x44,
    0x43, 0x20,

    /* U+30E3 "ャ" */
    0x0, 0x16, 0x70, 0x0, 0x0, 0x0, 0x0, 0x0,
    0xff, 0x0, 0x0, 0x0, 0x0, 0x0, 0xb, 0xf4,
    0x1, 0x47, 0xae, 0x60, 0x2, 0xaf, 0xde, 0xff,
    0xff, 0xf8, 0x7f, 0xff, 0xff, 0xc9, 0x65, 0xfe,
    0x4, 0xd9, 0x6e, 0xf1, 0x0, 0xcf, 0x40, 0x0,
    0x0, 0x9f, 0x50, 0xaf, 0x90, 0x0, 0x0, 0x5,
    0xfa, 0x1b, 0xb0, 0x0, 0x0, 0x0, 0x1f, 0xe0,
    0x0, 0x0, 0x0, 0x0, 0x0, 0xdf, 0x30, 0x0,
    0x0, 0x0, 0x0, 0x8, 0xf7, 0x0, 0x0, 0x0,
    0x0, 0x0, 0x4f, 0xc0, 0x0, 0x0, 0x0, 0x0,
    0x1, 0x94, 0x0, 0x0, 0x0,

    /* U+30E5 "ュ" */
    0x0, 0xad, 0xdd, 0xdd, 0xde, 0x70, 0x0, 0xc,
    0xff, 0xff, 0xff, 0xfd, 0x0, 0x0, 0x0, 0x0,
    0x0, 0x6f, 0xb0, 0x0, 0x0, 0x0, 0x0, 0x8,
    0xf9, 0x0, 0x0, 0x0, 0x0, 0x0, 0xaf, 0x60,
    0x0, 0x0, 0x0, 0x0, 0xc, 0xf4, 0x0, 0x0,
    0x0, 0x0, 0x0, 0xff, 0x20, 0x4, 0xcc, 0xcc,
    0xcc, 0xcf, 0xfc, 0xca, 0x5f, 0xff, 0xff, 0xff,
    0xff, 0xff, 0xd0, 0x22, 0x22, 0x22, 0x22, 0x22,
    0x21,

    /* U+30E9 "ラ" */
    0x1, 0xed, 0xdd, 0xdd, 0xdd, 0xdd, 0x0, 0x1,
    0xff, 0xff, 0xff, 0xff, 0xfe, 0x0, 0x0, 0x0,
    0x0, 0x0, 0x0, 0x0, 0x0, 0x0, 0x0, 0x0,
    0x0, 0x0, 0x0, 0x0, 0x9d, 0xdd, 0xdd, 0xdd,
    0xdd, 0xdd, 0xa1, 0xaf, 0xff, 0xff, 0xff, 0xff,
    0xff, 0xf1, 0x0, 0x0, 0x0, 0x0, 0x0, 0x8f,
    0xa0, 0x0, 0x0, 0x0, 0x0, 0x0, 0xef, 0x40,
    0x0, 0x0, 0x0, 0x0, 0x9, 0xfc, 0x0, 0x0,
    0x0, 0x0, 0x0, 0x8f, 0xf2, 0x0, 0x0, 0x0,
    0x0, 0x1b, 0xff, 0x40, 0x0, 0x0, 0x0, 0x39,
    0xff, 0xe4, 0x0, 0x0, 0x0, 0xb, 0xff, 0xfa,
    0x10, 0x0, 0x0, 0x0, 0x1, 0xb8, 0x20, 0x0,
    0x0, 0x0,

    /* U+30EA "リ" */
    0x0, 0x0, 0x0, 0x0, 0x0, 0x4, 0xec, 0x0,
    0x0, 0x4, 0xfe, 0x4f, 0xc0, 0x0, 0x0, 0x3f,
    0xe4, 0xfc, 0x0, 0x0, 0x3, 0xfe, 0x4f, 0xc0,
    0x0, 0x0, 0x3f, 0xe4, 0xfc, 0x0, 0x0, 0x3,
    0xfe, 0x4f, 0xc0, 0x0, 0x0, 0x4f, 0xe4, 0xfc,
    0x0, 0x0, 0x4, 0xfd, 0x4f, 0xc0, 0x0, 0x0,
    0x6f, 0xb2, 0x87, 0x0, 0x0, 0xa, 0xf8, 0x0,
    0x0, 0x0, 0x3, 0xff, 0x30, 0x0, 0x0, 0x3,
    0xef, 0xa0, 0x0, 0x0, 0x29, 0xff, 0xd1, 0x0,
    0x0, 0x8f, 0xff, 0xa1, 0x0, 0x0, 0x0, 0xaa,
    0x30, 0x0, 0x0,

    /* U+30EB "ル" */
    0x0, 0x0, 0xce, 0x30, 0x2f, 0xe0, 0x0, 0x0,
    0x0, 0x0, 0xc, 0xf3, 0x2, 0xfe, 0x0, 0x0,
    0x0, 0x0, 0x0, 0xcf, 0x20, 0x2f, 0xe0, 0x0,
    0x0, 0x0, 0x0, 0xc, 0xf2, 0x2, 0xfe, 0x0,
    0x0, 0x0, 0x0, 0x0, 0xdf, 0x20, 0x2f, 0xe0,
    0x0, 0x0, 0x0, 0x0, 0xe, 0xf1, 0x2, 0xfe,
    0x0, 0x0, 0x0, 0x0, 0x0, 0xff, 0x0, 0x2f,
    0xe0, 0x0, 0x0, 0x0, 0x0, 0x1f, 0xe0, 0x2,
    0xfe, 0x0, 0x2, 0xb0, 0x0, 0x5, 0xfb, 0x0,
    0x2f, 0xe0, 0x2, 0xef, 0x50, 0x0, 0xcf, 0x70,
    0x2, 0xfe, 0x4, 0xef, 0xa0, 0x0, 0x5f, 0xf1,
    0x0, 0x2f, 0xfa, 0xff, 0x90, 0x0, 0x3f, 0xf7,
    0x0, 0x2, 0xff, 0xff, 0x70, 0x0, 0xc, 0xfc,
    0x0, 0x0, 0x2f, 0xfc, 0x20, 0x0, 0x0, 0x7,
    0x0, 0x0, 0x0, 0x45, 0x0, 0x0, 0x0,

    /* U+30EC "レ" */
    0x3d, 0xd0, 0x0, 0x0, 0x0, 0x0, 0x2, 0xff,
    0x0, 0x0, 0x0, 0x0, 0x0, 0x2f, 0xe0, 0x0,
    0x0, 0x0, 0x0, 0x2, 0xfe, 0x0, 0x0, 0x0,
    0x0, 0x0, 0x2f, 0xe0, 0x0, 0x0, 0x0, 0x0,
    0x2, 0xfe, 0x0, 0x0, 0x0, 0x0, 0x40, 0x2f,
    0xe0, 0x0, 0x0, 0x0, 0x4f, 0x82, 0xfe, 0x0,
    0x0, 0x0, 0x6f, 0xf8, 0x2f, 0xe0, 0x0, 0x1,
    0xaf, 0xf8, 0x2, 0xfe, 0x0, 0x7, 0xef, 0xf6,
    0x0, 0x2f, 0xe2, 0x8e, 0xff, 0xc2, 0x0, 0x2,
    0xff, 0xff, 0xfc, 0x50, 0x0, 0x0, 0x2f, 0xff,
    0xa4, 0x0, 0x0, 0x0, 0x0, 0x26, 0x0, 0x0,
    0x0, 0x0, 0x0,

    /* U+30EF "ワ" */
    0x1, 0x0, 0x0, 0x0, 0x0, 0x0, 0x10, 0x0,
    0xff, 0xff, 0xff, 0xff, 0xff, 0xff, 0xa0, 0xf,
    0xfe, 0xee, 0xee, 0xee, 0xee, 0xff, 0x0, 0xff,
    0x20, 0x0, 0x0, 0x0, 0x7f, 0xc0, 0xf, 0xf2,
    0x0, 0x0, 0x0, 0x9, 0xf9, 0x0, 0xff, 0x20,
    0x0, 0x0, 0x0, 0xdf, 0x60, 0xf, 0xf2, 0x0,
    0x0, 0x0, 0x2f, 0xf2, 0x0, 0x22, 0x0, 0x0,
    0x0, 0x9, 0xfc, 0x0, 0x0, 0x0, 0x0, 0x0,
    0x3, 0xff, 0x50, 0x0, 0x0, 0x0, 0x0, 0x2,
    0xef, 0xb0, 0x0, 0x0, 0x0, 0x0, 0x5, 0xff,
    0xd1, 0x0, 0x0, 0x0, 0x0, 0x4c, 0xff, 0xc1,
    0x0, 0x0, 0x0, 0x0, 0xcf, 0xff, 0x80, 0x0,
    0x0, 0x0, 0x0, 0x1, 0xd9, 0x20, 0x0, 0x0,
    0x0,

    /* U+30F3 "ン" */
    0x4, 0x70, 0x0, 0x0, 0x0, 0x0, 0x0, 0x2f,
    0xfb, 0x10, 0x0, 0x0, 0x0, 0x0, 0x6, 0xff,
    0xd2, 0x0, 0x0, 0x0, 0x0, 0x0, 0x3e, 0xfe,
    0x20, 0x0, 0x0, 0xa2, 0x0, 0x2, 0xea, 0x0,
    0x0, 0x4, 0xfb, 0x0, 0x0, 0x10, 0x0, 0x0,
    0x2e, 0xf8, 0x0, 0x0, 0x0, 0x0, 0x1, 0xdf,
    0xd0, 0x0, 0x0, 0x0, 0x0, 0x2d, 0xfe, 0x20,
    0x0, 0x0, 0x0, 0x4, 0xef, 0xe2, 0x0, 0x0,
    0x0, 0x2, 0xaf, 0xfd, 0x20, 0x0, 0x0, 0x4,
    0xaf, 0xff, 0x90, 0x0, 0x0, 0x6b, 0xff, 0xff,
    0xc4, 0x0, 0x0, 0x0, 0x4f, 0xff, 0xb4, 0x0,
    0x0, 0x0, 0x0, 0x6, 0x51, 0x0, 0x0, 0x0,
    0x0, 0x0,

    /* U+30FB "・" */
    0x1, 0x41, 0x2, 0xef, 0xe2, 0x8f, 0xff, 0x87,
    0xff, 0xf7, 0xb, 0xfb, 0x0,

    /* U+30FC "ー" */
    0x9e, 0xdd, 0xdd, 0xdd, 0xdd, 0xdd, 0xde, 0x29,
    0xff, 0xff, 0xff, 0xff, 0xff, 0xff, 0xf2, 0x46,
    0x55, 0x55, 0x55, 0x55, 0x55, 0x56, 0x10,

    /* U+4E00 "一" */
    0x1d, 0xdd, 0xdd, 0xdd, 0xdd, 0xdd, 0xdd, 0xdd,
    0x81, 0xff, 0xff, 0xff, 0xff, 0xff, 0xff, 0xff,
    0xf9, 0x2, 0x22, 0x22, 0x22, 0x22, 0x22, 0x22,
    0x22, 0x10,

    /* U+4E0A "上" */
    0x0, 0x0, 0x0, 0xf, 0xe0, 0x0, 0x0, 0x0,
    0x0, 0x0, 0x0, 0x0, 0xfe, 0x0, 0x0, 0x0,
    0x0, 0x0, 0x0, 0x0, 0xf, 0xe0, 0x0, 0x0,
    0x0, 0x0, 0x0, 0x0, 0x0, 0xfe, 0x0, 0x0,
    0x0, 0x0, 0x0, 0x0, 0x0, 0xf, 0xe0, 0x0,
    0x0, 0x0, 0x0, 0x0, 0x0, 0x0, 0xff, 0xff,
    0xff, 0xff, 0x10, 0x0, 0x0, 0x0, 0xf, 0xfc,
    0xcc, 0xcc, 0xc0, 0x0, 0x0, 0x0, 0x0, 0xfe,
    0x0, 0x0, 0x0, 0x0, 0x0, 0x0, 0x0, 0xf,
    0xe0, 0x0, 0x0, 0x0, 0x0, 0x0, 0x0, 0x0,
    0xfe, 0x0, 0x0, 0x0, 0x0, 0x0, 0x0, 0x0,
    0xf, 0xe0, 0x0, 0x0, 0x0, 0x0, 0x0, 0x0,
    0x0, 0xfe, 0x0, 0x0, 0x0, 0x0, 0x0, 0x0,
    0x0, 0x1f, 0xe0, 0x0, 0x0, 0x0, 0x3, 0xff,
    0xff, 0xff, 0xff, 0xff, 0xff, 0xff, 0xf3, 0x2c,
    0xcc, 0xcc, 0xcc, 0xcc, 0xcc, 0xcc, 0xcc, 0x20,

    /* U+4E0B "下" */
    0x2, 0x22, 0x22, 0x22, 0x22, 0x22, 0x22, 0x22,
    0x2, 0xff, 0xff, 0xff, 0xff, 0xff, 0xff, 0xff,
    0xf1, 0x1b, 0xbb, 0xbb, 0xbf, 0xfb, 0xbb, 0xbb,
    0xbb, 0x0, 0x0, 0x0, 0x0, 0xef, 0x10, 0x0,
    0x0, 0x0, 0x0, 0x0, 0x0, 0xe, 0xf1, 0x0,
    0x0, 0x0, 0x0, 0x0, 0x0, 0x0, 0xef, 0xd7,
    0x0, 0x0, 0x0, 0x0, 0x0, 0x0, 0xe, 0xff,
    0xfe, 0x50, 0x0, 0x0, 0x0, 0x0, 0x0, 0xef,
    0x3b, 0xff, 0xc3, 0x0, 0x0, 0x0, 0x0, 0xe,
    0xf1, 0x5, 0xef, 0xf1, 0x0, 0x0, 0x0, 0x0,
    0xef, 0x10, 0x1, 0xa6, 0x0, 0x0, 0x0, 0x0,
    0xe, 0xf1, 0x0, 0x0, 0x0, 0x0, 0x0, 0x0,
    0x0, 0xef, 0x10, 0x0, 0x0, 0x0, 0x0, 0x0,
    0x0, 0xe, 0xf1, 0x0, 0x0, 0x0, 0x0, 0x0,
    0x0, 0x0, 0xef, 0x10, 0x0, 0x0, 0x0, 0x0,
    0x0, 0x0, 0xe, 0xf1, 0x0, 0x0, 0x0, 0x0,

    /* U+4E0D "不" */
    0x0, 0x0, 0x0, 0x0, 0x0, 0x0, 0x0, 0x0,
    0x0, 0xdf, 0xff, 0xff, 0xff, 0xff, 0xff, 0xff,
    0xe0, 0xb, 0xdd, 0xdd, 0xdd, 0xff, 0xed, 0xdd,
    0xdc, 0x0, 0x0, 0x0, 0x0, 0x4f, 0xf2, 0x0,
    0x0, 0x0, 0x0, 0x0, 0x0, 0x2e, 0xf9, 0x0,
    0x0, 0x0, 0x0, 0x0, 0x0, 0x1d, 0xff, 0x99,
    0x60, 0x0, 0x0, 0x0, 0x0, 0x2d, 0xff, 0xfc,
    0xef, 0xb1, 0x0, 0x0, 0x0, 0x4e, 0xfb, 0x8f,
    0x81, 0xcf, 0xe3, 0x0, 0x1, 0x9f, 0xfa, 0x7,
    0xf8, 0x0, 0x9f, 0xf6, 0x1, 0xef, 0xf6, 0x0,
    0x7f, 0x80, 0x0, 0x7f, 0xf3, 0x6, 0xa1, 0x0,
    0x7, 0xf8, 0x0, 0x0, 0x56, 0x0, 0x0, 0x0,
    0x0, 0x7f, 0x80, 0x0, 0x0, 0x0, 0x0, 0x0,
    0x0, 0x7, 0xf8, 0x0, 0x0, 0x0, 0x0, 0x0,
    0x0, 0x0, 0x7f, 0x80, 0x0, 0x0, 0x0, 0x0,
    0x0, 0x0, 0x7, 0xf8, 0x0, 0x0, 0x0, 0x0,

    /* U+4E24 "两" */
    0x23, 0x33, 0x33, 0x33, 0x33, 0x33, 0x33, 0x31,
    0x9f, 0xff, 0xff, 0xff, 0xff, 0xff, 0xff, 0xf4,
    0x48, 0x88, 0x9f, 0xd8, 0x8f, 0xe8, 0x88, 0x82,
    0x0, 0x0, 0x1f, 0xa0, 0x1f, 0xb0, 0x0, 0x0,
    0x2a, 0xaa, 0xbf, 0xea, 0xbf, 0xea, 0xbc, 0x60,
    0x3f, 0xff, 0xff, 0xff, 0xff, 0xff, 0xff, 0xa0,
    0x3f, 0xa0, 0x3f, 0xa0, 0x2f, 0xb0, 0x4f, 0xa0,
    0x3f, 0xa0, 0x4f, 0x90, 0x3f, 0xb0, 0x3f, 0xa0,
    0x3f, 0xa0, 0x8f, 0xf5, 0x6f, 0xf8, 0x3f, 0xa0,
    0x3f, 0xa0, 0xdf, 0xdd, 0xbf, 0xcf, 0x9f, 0xa0,
    0x3f, 0xa6, 0xfa, 0x27, 0xfc, 0xd, 0xff, 0xa0,
    0x3f, 0xdf, 0xf1, 0xc, 0xf3, 0x2, 0x6f, 0xa0,
    0x3f, 0xa7, 0x40, 0x3, 0x60, 0x0, 0x3f, 0xa0,
    0x3f, 0xa0, 0x0, 0x0, 0x0, 0xbc, 0xdf, 0x90,
    0x3f, 0xa0, 0x0, 0x0, 0x0, 0xaf, 0xec, 0x20,

    /* U+4E2D "中" */
    0x0, 0x0, 0x0, 0xdf, 0x10, 0x0, 0x0, 0x0,
    0x0, 0x0, 0xd, 0xf1, 0x0, 0x0, 0x0, 0x7a,
    0xaa, 0xaa, 0xff, 0xaa, 0xaa, 0xaa, 0xb, 0xff,
    0xff, 0xff, 0xff, 0xff, 0xff, 0xf0, 0xbf, 0x42,
    0x22, 0xef, 0x32, 0x22, 0xef, 0xb, 0xf2, 0x0,
    0xd, 0xf1, 0x0, 0xd, 0xf0, 0xbf, 0x20, 0x0,
    0xdf, 0x10, 0x0, 0xdf, 0xb, 0xf2, 0x0, 0xd,
    0xf1, 0x0, 0xd, 0xf0, 0xbf, 0xcc, 0xcc, 0xff,
    0xcc, 0xcc, 0xff, 0xb, 0xff, 0xff, 0xff, 0xff,
    0xff, 0xff, 0xf0, 0xbf, 0x30, 0x0, 0xdf, 0x20,
    0x0, 0xce, 0x0, 0x0, 0x0, 0xd, 0xf1, 0x0,
    0x0, 0x0, 0x0, 0x0, 0x0, 0xdf, 0x10, 0x0,
    0x0, 0x0, 0x0, 0x0, 0xd, 0xf1, 0x0, 0x0,
    0x0, 0x0, 0x0, 0x0, 0xdf, 0x10, 0x0, 0x0,
    0x0,

    /* U+4E88 "予" */
    0x0, 0x0, 0x0, 0x0, 0x0, 0x0, 0x0, 0x0,
    0x8, 0xff, 0xff, 0xff, 0xff, 0xff, 0xd3, 0x0,
    0x5, 0xaa, 0xaa, 0xaa, 0xaa, 0xff, 0xf3, 0x0,
    0x0, 0x0, 0x13, 0x0, 0xa, 0xfe, 0x30, 0x0,
    0x0, 0x0, 0xbf, 0xc6, 0xcf, 0xd2, 0x0, 0x0,
    0x0, 0x0, 0x4b, 0xff, 0xfe, 0x10, 0x0, 0x0,
    0x0, 0x0, 0x0, 0x3a, 0xff, 0xc0, 0x0, 0x0,
    0xef, 0xff, 0xff, 0xff, 0xff, 0xff, 0xff, 0xd3,
    0xcc, 0xcc, 0xcc, 0xdf, 0xfc, 0xcc, 0xef, 0xf1,
    0x0, 0x0, 0x0, 0x1f, 0xc0, 0x0, 0xdf, 0x60,
    0x0, 0x0, 0x0, 0x1f, 0xc0, 0x9, 0xfa, 0x0,
    0x0, 0x0, 0x0, 0x1f, 0xc0, 0x2, 0x90, 0x0,
    0x0, 0x0, 0x0, 0x1f, 0xc0, 0x0, 0x0, 0x0,
    0x0, 0x0, 0x0, 0x1f, 0xc0, 0x0, 0x0, 0x0,
    0x0, 0x1, 0xbb, 0xbf, 0xc0, 0x0, 0x0, 0x0,
    0x0, 0x0, 0xbf, 0xfd, 0x40, 0x0, 0x0, 0x0,
    0x0, 0x0, 0x0, 0x0, 0x0, 0x0, 0x0, 0x0,

    /* U+4E8B "事" */
    0x0, 0x0, 0x0, 0x2f, 0xa0, 0x0, 0x0, 0x0,
    0x9f, 0xff, 0xff, 0xff, 0xff, 0xff, 0xff, 0xf4,
    0x35, 0x55, 0x55, 0x7f, 0xc5, 0x55, 0x55, 0x51,
    0x1, 0xff, 0xff, 0xff, 0xff, 0xff, 0xf2, 0x0,
    0x1, 0xfb, 0x33, 0x5f, 0xb3, 0x3c, 0xf2, 0x0,
    0x1, 0xff, 0xff, 0xff, 0xff, 0xff, 0xf2, 0x0,
    0x0, 0x33, 0x33, 0x5f, 0xb3, 0x33, 0x30, 0x0,
    0x4, 0xff, 0xff, 0xff, 0xff, 0xff, 0xf7, 0x0,
    0x1, 0x44, 0x44, 0x6f, 0xc4, 0x49, 0xf8, 0x0,
    0xcd, 0xdd, 0xdd, 0xdf, 0xfd, 0xde, 0xfe, 0xd8,
    0xaa, 0xaa, 0xaa, 0xbf, 0xea, 0xac, 0xfd, 0xa6,
    0x2, 0x66, 0x66, 0x7f, 0xc6, 0x6a, 0xf8, 0x0,
    0x6, 0xff, 0xff, 0xff, 0xff, 0xff, 0xf8, 0x0,
    0x0, 0x0, 0x57, 0x9f, 0xa0, 0x4, 0xb5, 0x0,
    0x0, 0x0, 0x7f, 0xfc, 0x30, 0x0, 0x0, 0x0,

    /* U+4EAC "京" */
    0x0, 0x0, 0x0, 0xb, 0xf3, 0x0, 0x0, 0x0,
    0x3, 0xee, 0xee, 0xee, 0xff, 0xee, 0xee, 0xee,
    0xa0, 0x3d, 0xdd, 0xdd, 0xdd, 0xdd, 0xdd, 0xdd,
    0xda, 0x0, 0x0, 0x0, 0x0, 0x0, 0x0, 0x0,
    0x0, 0x0, 0x0, 0xa, 0xaa, 0xaa, 0xaa, 0xaa,
    0xaa, 0x0, 0x0, 0x0, 0xff, 0xff, 0xff, 0xff,
    0xff, 0xf1, 0x0, 0x0, 0xf, 0xd0, 0x0, 0x0,
    0x0, 0xdf, 0x10, 0x0, 0x0, 0xfd, 0x0, 0x0,
    0x0, 0xd, 0xf1, 0x0, 0x0, 0xf, 0xfd, 0xdd,
    0xdd, 0xdd, 0xff, 0x10, 0x0, 0x0, 0xbb, 0xbb,
    0xef, 0xcb, 0xbb, 0xb0, 0x0, 0x0, 0x7, 0x50,
    0xb, 0xf3, 0x0, 0x53, 0x0, 0x0, 0x7, 0xfd,
    0x0, 0xbf, 0x30, 0x3f, 0xf3, 0x0, 0x8, 0xfe,
    0x20, 0xb, 0xf3, 0x0, 0x4f, 0xe2, 0x4, 0xfe,
    0x20, 0xaa, 0xef, 0x30, 0x0, 0x6f, 0xc0, 0x2,
    0x10, 0xc, 0xff, 0xa0, 0x0, 0x0, 0x50, 0x0,
    0x0, 0x0, 0x0, 0x0, 0x0, 0x0, 0x0, 0x0,

    /* U+4ECA "今" */
    0x0, 0x0, 0x0, 0xe, 0xfa, 0x0, 0x0, 0x0,
    0x0, 0x0, 0x0, 0xb, 0xfb, 0xf8, 0x0, 0x0,
    0x0, 0x0, 0x0, 0xa, 0xf8, 0xa, 0xf8, 0x0,
    0x0, 0x0, 0x0, 0xb, 0xfa, 0x0, 0xb, 0xfa,
    0x0, 0x0, 0x0, 0x2d, 0xfa, 0x0, 0x0, 0x1a,
    0xfd, 0x30, 0x0, 0x7f, 0xfa, 0xff, 0xff, 0xff,
    0xf9, 0xff, 0x91, 0x3f, 0xe4, 0x1a, 0xaa, 0xaa,
    0xaa, 0x14, 0xef, 0x20, 0x41, 0x0, 0x0, 0x0,
    0x0, 0x0, 0x0, 0x30, 0x0, 0x5a, 0xaa, 0xaa,
    0xaa, 0xaa, 0xb8, 0x10, 0x0, 0x7, 0xff, 0xff,
    0xff, 0xff, 0xff, 0xe0, 0x0, 0x0, 0x0, 0x0,
    0x0, 0x0, 0xb, 0xf7, 0x0, 0x0, 0x0, 0x0,
    0x0, 0x0, 0x2, 0xff, 0x0, 0x0, 0x0, 0x0,
    0x0, 0x0, 0x0, 0x9f, 0x80, 0x0, 0x0, 0x0,
    0x0, 0x0, 0x0, 0x1f, 0xf1, 0x0, 0x0, 0x0,
    0x0, 0x0, 0x0, 0x9, 0xf9, 0x0, 0x0, 0x0,
    0x0, 0x0, 0x0, 0x0, 0x15, 0x10, 0x0, 0x0,

    /* U+4EF6 "件" */
    0x0, 0x0, 0x0, 0x0, 0x0, 0x0, 0x0, 0x0,
    0x0, 0x0, 0x3f, 0x80, 0x41, 0x1f, 0xc0, 0x0,
    0x0, 0x0, 0xa, 0xf5, 0x2f, 0xa1, 0xfc, 0x0,
    0x0, 0x0, 0x2, 0xfd, 0x6, 0xf7, 0x2f, 0xc0,
    0x0, 0x0, 0x0, 0xbf, 0x60, 0xbf, 0xff, 0xff,
    0xff, 0xf7, 0x0, 0x6f, 0xf1, 0x2f, 0xeb, 0xcf,
    0xfb, 0xbb, 0x50, 0x3f, 0xff, 0x19, 0xf6, 0x1,
    0xfc, 0x0, 0x0, 0x9, 0xff, 0xf1, 0x7d, 0x0,
    0x1f, 0xc0, 0x0, 0x0, 0x2a, 0xaf, 0x10, 0x0,
    0x2, 0xfc, 0x0, 0x0, 0x0, 0xa, 0xf1, 0xcf,
    0xff, 0xff, 0xff, 0xff, 0xf3, 0x0, 0xaf, 0x19,
    0xcc, 0xcc, 0xff, 0xcc, 0xcc, 0x20, 0xa, 0xf1,
    0x0, 0x0, 0x1f, 0xc0, 0x0, 0x0, 0x0, 0xaf,
    0x10, 0x0, 0x1, 0xfc, 0x0, 0x0, 0x0, 0xa,
    0xf1, 0x0, 0x0, 0x1f, 0xc0, 0x0, 0x0, 0x0,
    0xaf, 0x10, 0x0, 0x1, 0xfc, 0x0, 0x0, 0x0,
    0xa, 0xf1, 0x0, 0x0, 0x1f, 0xc0, 0x0, 0x0,

    /* U+4F1A "会" */
    0x0, 0x0, 0x0, 0xb, 0xfe, 0x10, 0x0, 0x0,
    0x0, 0x0, 0x0, 0x8, 0xfd, 0xfd, 0x10, 0x0,
    0x0, 0x0, 0x0, 0x8, 0xfd, 0x17, 0xfd, 0x20,
    0x0, 0x0, 0x0, 0x1a, 0xfd, 0x10, 0x7, 0xff,
    0x50, 0x0, 0x0, 0x4e, 0xfc, 0x10, 0x0, 0x5,
    0xff, 0xb3, 0x1, 0xcf, 0xfb, 0xff, 0xff, 0xff,
    0xfd, 0xcf, 0xf8, 0x9, 0xb2, 0x3a, 0xaa, 0xaa,
    0xaa, 0x70, 0x5c, 0x10, 0x0, 0x0, 0x0, 0x0,
    0x0, 0x0, 0x0, 0x0, 0x4, 0xff, 0xff, 0xff,
    0xff, 0xff, 0xff, 0xfc, 0x0, 0x3c, 0xcc, 0xcf,
    0xfc, 0xcc, 0xcc, 0xcc, 0xa0, 0x0, 0x0, 0x7,
    0xfb, 0x0, 0x3b, 0x40, 0x0, 0x0, 0x0, 0x0,
    0xef, 0x30, 0x4, 0xff, 0x50, 0x0, 0x0, 0x0,
    0x5f, 0xa0, 0x11, 0x27, 0xff, 0x30, 0x0, 0x1d,
    0xef, 0xff, 0xff, 0xff, 0xff, 0xfe, 0x10, 0x0,
    0xee, 0xdc, 0xcb, 0xa9, 0x98, 0x7b, 0xf6, 0x0,
    0x0, 0x0, 0x0, 0x0, 0x0, 0x0, 0x3, 0x0,

    /* U+4F4D "位" */
    0x0, 0x0, 0x0, 0x0, 0x0, 0x0, 0x0, 0x0,
    0x0, 0x0, 0xc, 0xd0, 0x0, 0xe, 0xe0, 0x0,
    0x0, 0x0, 0x3, 0xfb, 0x0, 0x0, 0xee, 0x0,
    0x0, 0x0, 0x0, 0xcf, 0x31, 0x11, 0x1f, 0xe1,
    0x11, 0x10, 0x0, 0x6f, 0xc3, 0xff, 0xff, 0xff,
    0xff, 0xff, 0x20, 0x2f, 0xfa, 0x2a, 0xaa, 0xaa,
    0xaa, 0xaa, 0xa1, 0x1d, 0xff, 0xa0, 0x3, 0x50,
    0x0, 0x8, 0x50, 0x5, 0xfc, 0xfa, 0x0, 0xaf,
    0x10, 0x3, 0xfb, 0x0, 0xa, 0x2f, 0xa0, 0x6,
    0xf5, 0x0, 0x6f, 0x80, 0x0, 0x1, 0xfa, 0x0,
    0x3f, 0x80, 0x9, 0xf4, 0x0, 0x0, 0x1f, 0xa0,
    0x0, 0xfb, 0x0, 0xcf, 0x0, 0x0, 0x1, 0xfa,
    0x0, 0xe, 0xe0, 0xf, 0xb0, 0x0, 0x0, 0x1f,
    0xa0, 0x0, 0xcf, 0x4, 0xf7, 0x0, 0x0, 0x1,
    0xfa, 0x0, 0x4, 0x20, 0x9f, 0x20, 0x0, 0x0,
    0x1f, 0xa8, 0xff, 0xff, 0xff, 0xff, 0xff, 0x70,
    0x1, 0xfa, 0x6b, 0xbb, 0xbb, 0xbb, 0xbb, 0xb5,

    /* U+4F4E "低" */
    0x0, 0x0, 0x20, 0x0, 0x0, 0x0, 0x0, 0x0,
    0x0, 0x0, 0x5f, 0x70, 0x0, 0x0, 0x26, 0xb6,
    0x0, 0x0, 0xc, 0xf2, 0x98, 0xac, 0xff, 0xff,
    0xb1, 0x0, 0x4, 0xfb, 0xd, 0xfe, 0xcd, 0xf6,
    0x0, 0x0, 0x0, 0xdf, 0x30, 0xdd, 0x0, 0x7f,
    0x40, 0x0, 0x0, 0x8f, 0xf1, 0xd, 0xd0, 0x6,
    0xf5, 0x0, 0x0, 0x5f, 0xff, 0x10, 0xdf, 0x99,
    0xcf, 0xc9, 0x99, 0xb, 0xfe, 0xf1, 0xd, 0xff,
    0xff, 0xff, 0xff, 0xf1, 0x38, 0xaf, 0x10, 0xdd,
    0x0, 0x2f, 0xa0, 0x0, 0x0, 0xa, 0xf1, 0xd,
    0xd0, 0x0, 0xfc, 0x0, 0x0, 0x0, 0xaf, 0x10,
    0xdd, 0x0, 0xc, 0xe0, 0x0, 0x0, 0xa, 0xf1,
    0xd, 0xe7, 0xac, 0x9f, 0x20, 0x0, 0x0, 0xaf,
    0x4f, 0xff, 0xff, 0xe5, 0xf6, 0x1c, 0x20, 0xa,
    0xf1, 0xb8, 0x63, 0x0, 0xf, 0xd3, 0xf4, 0x0,
    0xaf, 0x17, 0x99, 0x99, 0x99, 0xaf, 0xff, 0x10,
    0xa, 0xf1, 0xbf, 0xff, 0xff, 0xf3, 0x9d, 0x70,

    /* U+4F53 "体" */
    0x0, 0x0, 0x0, 0x0, 0x0, 0x0, 0x0, 0x0,
    0x0, 0x0, 0x8c, 0x10, 0x0, 0xaf, 0x20, 0x0,
    0x0, 0x0, 0xe, 0xe0, 0x0, 0xa, 0xf2, 0x0,
    0x0, 0x0, 0x6, 0xf8, 0x0, 0x0, 0xaf, 0x20,
    0x0, 0x0, 0x0, 0xdf, 0x4f, 0xff, 0xff, 0xff,
    0xff, 0xff, 0x0, 0x7f, 0xf2, 0xbb, 0xbd, 0xff,
    0xfb, 0xbb, 0xa0, 0x2f, 0xff, 0x10, 0x0, 0xdf,
    0xff, 0x60, 0x0, 0xa, 0xff, 0xf1, 0x0, 0x3f,
    0xef, 0xdd, 0x0, 0x0, 0x2b, 0xaf, 0x10, 0xc,
    0xda, 0xf7, 0xf6, 0x0, 0x0, 0xa, 0xf1, 0x5,
    0xf6, 0xaf, 0x2d, 0xe1, 0x0, 0x0, 0xaf, 0x11,
    0xed, 0xa, 0xf2, 0x5f, 0xa0, 0x0, 0xa, 0xf1,
    0xbf, 0x50, 0xaf, 0x20, 0xcf, 0x60, 0x0, 0xaf,
    0x9f, 0xaf, 0xff, 0xff, 0xfb, 0xff, 0x20, 0xa,
    0xf2, 0x90, 0x99, 0xdf, 0xa9, 0x55, 0x50, 0x0,
    0xaf, 0x10, 0x0, 0xa, 0xf2, 0x0, 0x0, 0x0,
    0xa, 0xf1, 0x0, 0x0, 0x9e, 0x10, 0x0, 0x0,

    /* U+4F59 "余" */
    0x0, 0x0, 0x0, 0x3f, 0xf8, 0x0, 0x0, 0x0,
    0x0, 0x0, 0x0, 0x4f, 0xd8, 0xfa, 0x0, 0x0,
    0x0, 0x0, 0x0, 0x7f, 0xe2, 0x8, 0xfc, 0x20,
    0x0, 0x0, 0x2, 0xcf, 0xc1, 0x0, 0x6, 0xff,
    0x81, 0x0, 0x29, 0xff, 0xf8, 0x77, 0x77, 0x7a,
    0xff, 0xf9, 0x14, 0xfd, 0x7f, 0xff, 0xff, 0xff,
    0xfa, 0x8f, 0xc0, 0x4, 0x0, 0x33, 0x3c, 0xf5,
    0x33, 0x10, 0x12, 0x0, 0x0, 0x0, 0x0, 0xcf,
    0x30, 0x0, 0x0, 0x0, 0x5, 0xcc, 0xcc, 0xcf,
    0xfd, 0xcc, 0xcc, 0xc2, 0x0, 0x7f, 0xff, 0xff,
    0xff, 0xff, 0xff, 0xff, 0x30, 0x0, 0x1, 0x50,
    0xc, 0xf3, 0x3, 0x30, 0x0, 0x0, 0x2, 0xdf,
    0x50, 0xcf, 0x31, 0xef, 0x90, 0x0, 0x6, 0xff,
    0x50, 0xc, 0xf3, 0x1, 0xcf, 0xd2, 0x4, 0xfd,
    0x30, 0xbb, 0xff, 0x20, 0x0, 0x9f, 0x80, 0x3,
    0x0, 0xa, 0xfe, 0x80, 0x0, 0x0, 0x30, 0x0,

    /* U+4F5C "作" */
    0x0, 0x0, 0x11, 0x0, 0x1, 0x0, 0x0, 0x0,
    0x0, 0x0, 0xa, 0xf4, 0x2, 0xfb, 0x0, 0x0,
    0x0, 0x0, 0x2, 0xfe, 0x0, 0x8f, 0x60, 0x0,
    0x0, 0x0, 0x0, 0xaf, 0x70, 0x1f, 0xfa, 0x99,
    0x99, 0x97, 0x0, 0x4f, 0xe0, 0x9, 0xff, 0xff,
    0xff, 0xff, 0xd0, 0x1e, 0xfb, 0x3, 0xfe, 0x2f,
    0xe2, 0x22, 0x21, 0xb, 0xff, 0xb1, 0xef, 0x50,
    0xfe, 0x0, 0x0, 0x1, 0xff, 0xfb, 0x4f, 0x90,
    0xf, 0xff, 0xff, 0xf6, 0x8, 0x4f, 0xb0, 0x20,
    0x0, 0xff, 0xbb, 0xbb, 0x40, 0x1, 0xfb, 0x0,
    0x0, 0xf, 0xe0, 0x0, 0x0, 0x0, 0x1f, 0xb0,
    0x0, 0x0, 0xfe, 0x0, 0x0, 0x0, 0x1, 0xfb,
    0x0, 0x0, 0xf, 0xff, 0xff, 0xfa, 0x0, 0x1f,
    0xb0, 0x0, 0x0, 0xff, 0xaa, 0xaa, 0x60, 0x1,
    0xfb, 0x0, 0x0, 0xf, 0xe0, 0x0, 0x0, 0x0,
    0x1f, 0xb0, 0x0, 0x0, 0xfe, 0x0, 0x0, 0x0,
    0x1, 0xfb, 0x0, 0x0, 0xf, 0xe0, 0x0, 0x0,

    /* U+4F7F "使" */
    0x0, 0x0, 0x10, 0x0, 0x0, 0x0, 0x0, 0x0,
    0x0, 0x0, 0xb, 0xe1, 0x0, 0xd, 0xf0, 0x0,
    0x0, 0x0, 0x3, 0xfe, 0xaa, 0xaa, 0xff, 0xaa,
    0xaa, 0x60, 0x0, 0xcf, 0x7f, 0xff, 0xff, 0xff,
    0xff, 0xf9, 0x0, 0x6f, 0xc0, 0x0, 0x0, 0xdf,
    0x0, 0x0, 0x0, 0x2f, 0xfa, 0x8, 0x88, 0x8e,
    0xf8, 0x88, 0x80, 0x1d, 0xff, 0xa0, 0xef, 0xff,
    0xff, 0xff, 0xff, 0x15, 0xfb, 0xfa, 0xe, 0xc0,
    0xd, 0xf0, 0xa, 0xf1, 0x8, 0x1f, 0xa0, 0xed,
    0x44, 0xef, 0x44, 0xcf, 0x10, 0x1, 0xfa, 0xe,
    0xff, 0xff, 0xff, 0xff, 0xf1, 0x0, 0x1f, 0xa0,
    0x7a, 0x34, 0xfd, 0x33, 0x33, 0x0, 0x1, 0xfa,
    0x7, 0xf7, 0x5f, 0x80, 0x0, 0x0, 0x0, 0x1f,
    0xa0, 0x9, 0xff, 0xf2, 0x0, 0x0, 0x0, 0x1,
    0xfa, 0x0, 0x4f, 0xff, 0xb5, 0x10, 0x0, 0x0,
    0x1f, 0xa6, 0xdf, 0xf6, 0x9f, 0xff, 0xdb, 0x50,
    0x1, 0xfa, 0x3d, 0x71, 0x0, 0x4, 0x8c, 0xd1,

    /* U+4F8B "例" */
    0x0, 0x3, 0x30, 0x0, 0x0, 0x0, 0x0, 0x0,
    0x0, 0xa, 0xfe, 0xff, 0xff, 0xf5, 0x0, 0xce,
    0x0, 0x1f, 0xcb, 0xff, 0xff, 0xfa, 0x60, 0xce,
    0x0, 0x7f, 0x60, 0x9f, 0x10, 0xb, 0xe0, 0xce,
    0x0, 0xef, 0x0, 0xce, 0x0, 0xb, 0xe0, 0xce,
    0x8, 0xff, 0x0, 0xff, 0xff, 0xdb, 0xe0, 0xce,
    0x2f, 0xff, 0x4, 0xfb, 0x9f, 0xcb, 0xe0, 0xce,
    0x9f, 0xff, 0xa, 0xf1, 0x1f, 0x9b, 0xe0, 0xce,
    0x2b, 0xbf, 0x1f, 0xf5, 0x4f, 0x5b, 0xe0, 0xce,
    0x0, 0xbf, 0xaf, 0xdf, 0xef, 0x1b, 0xe0, 0xce,
    0x0, 0xbf, 0x59, 0xb, 0xfc, 0xb, 0xe0, 0xce,
    0x0, 0xbf, 0x0, 0x7, 0xf5, 0xb, 0xe0, 0xce,
    0x0, 0xbf, 0x0, 0x2f, 0xd0, 0x5, 0x70, 0xce,
    0x0, 0xbf, 0x1, 0xdf, 0x40, 0x0, 0x0, 0xce,
    0x0, 0xbf, 0xd, 0xf7, 0x0, 0x1, 0xcc, 0xfe,
    0x0, 0xaf, 0x7, 0x80, 0x0, 0x0, 0xdf, 0xd5,

    /* U+4F9B "供" */
    0x0, 0x0, 0x0, 0x0, 0x0, 0x0, 0x0, 0x0,
    0x0, 0x0, 0x6e, 0x40, 0xbf, 0x10, 0xf, 0xc0,
    0x0, 0x0, 0xd, 0xf1, 0xb, 0xf1, 0x0, 0xfc,
    0x0, 0x0, 0x5, 0xf9, 0x0, 0xbf, 0x10, 0xf,
    0xc0, 0x0, 0x0, 0xef, 0x2a, 0xff, 0xff, 0xff,
    0xff, 0xff, 0x0, 0x9f, 0xf1, 0x8c, 0xef, 0xcc,
    0xcf, 0xfc, 0xc0, 0x7f, 0xff, 0x10, 0xb, 0xf1,
    0x0, 0xfc, 0x0, 0xa, 0xfe, 0xf1, 0x0, 0xbf,
    0x10, 0xf, 0xc0, 0x0, 0x25, 0xbf, 0x10, 0xb,
    0xf1, 0x0, 0xfc, 0x0, 0x0, 0xb, 0xf2, 0xdd,
    0xff, 0xdd, 0xdf, 0xfd, 0xd2, 0x0, 0xbf, 0x2f,
    0xff, 0xff, 0xff, 0xff, 0xff, 0x30, 0xb, 0xf1,
    0x0, 0x11, 0x0, 0x0, 0x10, 0x0, 0x0, 0xbf,
    0x10, 0xc, 0xf3, 0x1, 0xee, 0x10, 0x0, 0xb,
    0xf1, 0xa, 0xf8, 0x0, 0x5, 0xfd, 0x0, 0x0,
    0xbf, 0x2b, 0xfa, 0x0, 0x0, 0x8, 0xfa, 0x0,
    0xb, 0xf1, 0x79, 0x0, 0x0, 0x0, 0xb, 0x70,
    0x0, 0x0, 0x0, 0x0, 0x0, 0x0, 0x0, 0x0,
    0x0,

    /* U+4FDD "保" */
    0x0, 0x0, 0x47, 0x10, 0x0, 0x0, 0x0, 0x0,
    0x0, 0x0, 0xc, 0xf4, 0xff, 0xff, 0xff, 0xff,
    0xb0, 0x0, 0x4, 0xfb, 0x1f, 0xda, 0xaa, 0xaa,
    0xfb, 0x0, 0x0, 0xdf, 0x41, 0xfa, 0x0, 0x0,
    0x1f, 0xb0, 0x0, 0x7f, 0xc0, 0x1f, 0xa0, 0x0,
    0x1, 0xfb, 0x0, 0x3f, 0xfa, 0x1, 0xfd, 0x99,
    0x99, 0xaf, 0xb0, 0x1e, 0xff, 0xa0, 0x1f, 0xff,
    0xff, 0xff, 0xfb, 0x3, 0xfd, 0xfa, 0x0, 0x0,
    0xd, 0xf0, 0x0, 0x0, 0xb, 0x3f, 0xa0, 0x0,
    0x0, 0xdf, 0x0, 0x0, 0x0, 0x1, 0xfa, 0x7f,
    0xff, 0xff, 0xff, 0xff, 0xf7, 0x0, 0x1f, 0xa4,
    0xaa, 0xaf, 0xff, 0xfa, 0xaa, 0x40, 0x1, 0xfa,
    0x0, 0x9, 0xff, 0xff, 0xa0, 0x0, 0x0, 0x1f,
    0xa0, 0x9, 0xfa, 0xdf, 0x6f, 0xa0, 0x0, 0x1,
    0xfa, 0x3c, 0xfb, 0xd, 0xf0, 0x8f, 0xc2, 0x0,
    0x1f, 0xa8, 0xf9, 0x0, 0xdf, 0x0, 0x7f, 0x90,
    0x1, 0xfa, 0x2, 0x0, 0xd, 0xf0, 0x0, 0x30,

    /* U+4FE1 "信" */
    0x0, 0x0, 0x55, 0x0, 0x0, 0x0, 0x0, 0x0,
    0x0, 0x0, 0xe, 0xe0, 0xbf, 0xff, 0xff, 0xff,
    0x10, 0x0, 0x7, 0xf7, 0x5, 0x77, 0x77, 0x77,
    0x70, 0x0, 0x1, 0xef, 0x48, 0x88, 0x88, 0x88,
    0x88, 0x84, 0x0, 0x9f, 0xb6, 0xff, 0xff, 0xff,
    0xff, 0xff, 0x70, 0x4f, 0xfa, 0x0, 0x0, 0x0,
    0x0, 0x0, 0x0, 0x2f, 0xff, 0xa0, 0xf, 0xff,
    0xff, 0xff, 0xf6, 0x4, 0xfa, 0xfa, 0x0, 0x78,
    0x88, 0x88, 0x88, 0x30, 0x8, 0x1f, 0xa0, 0x7,
    0x88, 0x88, 0x88, 0x83, 0x0, 0x1, 0xfa, 0x0,
    0xff, 0xff, 0xff, 0xff, 0x50, 0x0, 0x1f, 0xa0,
    0x0, 0x0, 0x0, 0x0, 0x0, 0x0, 0x1, 0xfa,
    0x6, 0xff, 0xff, 0xff, 0xff, 0x70, 0x0, 0x1f,
    0xa0, 0x6f, 0xb6, 0x66, 0x68, 0xf7, 0x0, 0x1,
    0xfa, 0x6, 0xf8, 0x0, 0x0, 0x3f, 0x70, 0x0,
    0x1f, 0xa0, 0x6f, 0xc8, 0x88, 0x89, 0xf7, 0x0,
    0x1, 0xfa, 0x6, 0xff, 0xff, 0xff, 0xff, 0x70,
    0x0, 0x0, 0x0, 0x1, 0x0, 0x0, 0x0, 0x0,
    0x0,

    /* U+5024 "値" */
    0x0, 0x0, 0x0, 0x0, 0x0, 0x0, 0x0, 0x0,
    0x0, 0x0, 0x2f, 0x80, 0x0, 0x7, 0xf5, 0x0,
    0x0, 0x0, 0xa, 0xf6, 0xff, 0xff, 0xff, 0xff,
    0xff, 0x10, 0x3, 0xfd, 0xa, 0xaa, 0xae, 0xfa,
    0xaa, 0xa1, 0x0, 0xdf, 0x60, 0x0, 0x0, 0xbf,
    0x0, 0x0, 0x0, 0x9f, 0xf1, 0x3, 0x18, 0xff,
    0xff, 0xff, 0x50, 0x7f, 0xff, 0x13, 0xf5, 0x8f,
    0x75, 0x59, 0xf5, 0xb, 0xfe, 0xf1, 0x3f, 0x58,
    0xff, 0xff, 0xff, 0x50, 0x39, 0xaf, 0x13, 0xf5,
    0x8f, 0x64, 0x49, 0xf5, 0x0, 0xa, 0xf1, 0x3f,
    0x58, 0xf7, 0x55, 0x9f, 0x50, 0x0, 0xaf, 0x13,
    0xf5, 0x8f, 0xff, 0xff, 0xf5, 0x0, 0xa, 0xf1,
    0x3f, 0x58, 0xf4, 0x11, 0x7f, 0x50, 0x0, 0xaf,
    0x13, 0xf5, 0x8f, 0xff, 0xff, 0xf5, 0x0, 0xa,
    0xf1, 0x3f, 0x51, 0x22, 0x22, 0x22, 0x0, 0x0,
    0xaf, 0x13, 0xff, 0xff, 0xff, 0xff, 0xff, 0x30,
    0xa, 0xf1, 0x3f, 0xca, 0xaa, 0xaa, 0xaa, 0xa2,

    /* U+5143 "元" */
    0x0, 0x0, 0x0, 0x0, 0x0, 0x0, 0x0, 0x0,
    0x0, 0x5, 0xff, 0xff, 0xff, 0xff, 0xff, 0xfd,
    0x0, 0x0, 0x3b, 0xbb, 0xbb, 0xbb, 0xbb, 0xbb,
    0x90, 0x0, 0x0, 0x0, 0x0, 0x0, 0x0, 0x0,
    0x0, 0x0, 0x0, 0x0, 0x0, 0x0, 0x0, 0x0,
    0x0, 0x0, 0x0, 0x66, 0x66, 0x66, 0x66, 0x66,
    0x66, 0x66, 0x60, 0x1f, 0xff, 0xff, 0xff, 0xff,
    0xff, 0xff, 0xff, 0x10, 0x66, 0x67, 0xfe, 0x66,
    0x8f, 0xc6, 0x66, 0x60, 0x0, 0x0, 0x3f, 0xc0,
    0x4, 0xfa, 0x0, 0x0, 0x0, 0x0, 0x6, 0xf9,
    0x0, 0x4f, 0xa0, 0x0, 0x0, 0x0, 0x0, 0xbf,
    0x60, 0x4, 0xfa, 0x0, 0x2, 0x0, 0x0, 0x3f,
    0xf1, 0x0, 0x4f, 0xa0, 0x1, 0xf5, 0x0, 0x3e,
    0xf7, 0x0, 0x4, 0xfa, 0x0, 0x3f, 0x41, 0x9f,
    0xfa, 0x0, 0x0, 0x2f, 0xfb, 0xbd, 0xf1, 0xa,
    0xe6, 0x0, 0x0, 0x0, 0xaf, 0xff, 0xf8, 0x0,
    0x0, 0x0, 0x0, 0x0, 0x0, 0x0, 0x0, 0x0,

    /* U+5165 "入" */
    0x0, 0x0, 0xef, 0xff, 0xfe, 0x0, 0x0, 0x0,
    0x0, 0x0, 0xc, 0xdd, 0xdf, 0xf0, 0x0, 0x0,
    0x0, 0x0, 0x0, 0x0, 0x0, 0xdf, 0x0, 0x0,
    0x0, 0x0, 0x0, 0x0, 0x0, 0x3d, 0xf2, 0x0,
    0x0, 0x0, 0x0, 0x0, 0x0, 0xe, 0xff, 0x50,
    0x0, 0x0, 0x0, 0x0, 0x0, 0x2, 0xff, 0xf9,
    0x0, 0x0, 0x0, 0x0, 0x0, 0x0, 0x7f, 0xcf,
    0xe0, 0x0, 0x0, 0x0, 0x0, 0x0, 0xe, 0xf5,
    0xbf, 0x50, 0x0, 0x0, 0x0, 0x0, 0x6, 0xfe,
    0x4, 0xfd, 0x0, 0x0, 0x0, 0x0, 0x0, 0xef,
    0x60, 0xc, 0xf8, 0x0, 0x0, 0x0, 0x0, 0xaf,
    0xd0, 0x0, 0x3f, 0xf5, 0x0, 0x0, 0x0, 0x9f,
    0xf2, 0x0, 0x0, 0x8f, 0xf5, 0x0, 0x1, 0xbf,
    0xf5, 0x0, 0x0, 0x0, 0xaf, 0xf8, 0x0, 0xdf,
    0xf5, 0x0, 0x0, 0x0, 0x0, 0x9f, 0xf6, 0x2,
    0xa2, 0x0, 0x0, 0x0, 0x0, 0x0, 0x58, 0x0,

    /* U+5168 "全" */
    0x0, 0x0, 0x0, 0x3f, 0xf8, 0x0, 0x0, 0x0,
    0x0, 0x0, 0x0, 0x2e, 0xd8, 0xf7, 0x0, 0x0,
    0x0, 0x0, 0x0, 0x2e, 0xe2, 0x9, 0xf8, 0x0,
    0x0, 0x0, 0x0, 0x5f, 0xe3, 0x0, 0x9, 0xfc,
    0x20, 0x0, 0x1, 0xaf, 0xe2, 0x0, 0x0, 0x7,
    0xff, 0x70, 0x6, 0xff, 0xf8, 0x77, 0x77, 0x77,
    0x7b, 0xff, 0xe2, 0x1d, 0x6b, 0xff, 0xff, 0xff,
    0xff, 0xf6, 0x99, 0x0, 0x0, 0x23, 0x33, 0xcf,
    0x53, 0x33, 0x10, 0x0, 0x0, 0x0, 0x0, 0xb,
    0xf3, 0x0, 0x0, 0x0, 0x0, 0x4, 0x88, 0x88,
    0xef, 0xa8, 0x88, 0x80, 0x0, 0x0, 0x8f, 0xff,
    0xff, 0xff, 0xff, 0xff, 0x10, 0x0, 0x0, 0x0,
    0x0, 0xcf, 0x40, 0x0, 0x0, 0x0, 0x0, 0x0,
    0x0, 0xb, 0xf3, 0x0, 0x0, 0x0, 0x0, 0xbc,
    0xcc, 0xcc, 0xff, 0xdc, 0xcc, 0xcc, 0x70, 0xe,
    0xff, 0xff, 0xff, 0xff, 0xff, 0xff, 0xf9, 0x0,

    /* U+516D "六" */
    0x0, 0x0, 0x0, 0xc, 0xf3, 0x0, 0x0, 0x0,
    0x0, 0x0, 0x0, 0xc, 0xf3, 0x0, 0x0, 0x0,
    0x0, 0x0, 0x0, 0xc, 0xf3, 0x0, 0x0, 0x0,
    0x3d, 0xdd, 0xdd, 0xdf, 0xfd, 0xdd, 0xdd, 0xda,
    0x4f, 0xff, 0xff, 0xff, 0xff, 0xff, 0xff, 0xfd,
    0x1, 0x11, 0x11, 0x11, 0x11, 0x11, 0x11, 0x11,
    0x0, 0x0, 0x0, 0x0, 0x0, 0x0, 0x0, 0x0,
    0x0, 0x0, 0xba, 0x30, 0x0, 0x6c, 0x30, 0x0,
    0x0, 0x2, 0xff, 0x20, 0x0, 0x8f, 0xd0, 0x0,
    0x0, 0xa, 0xfb, 0x0, 0x0, 0xd, 0xf7, 0x0,
    0x0, 0x3f, 0xf3, 0x0, 0x0, 0x4, 0xff, 0x20,
    0x0, 0xcf, 0xa0, 0x0, 0x0, 0x0, 0xbf, 0xa0,
    0x8, 0xff, 0x10, 0x0, 0x0, 0x0, 0x3f, 0xf3,
    0x5f, 0xf6, 0x0, 0x0, 0x0, 0x0, 0xb, 0xfb,
    0x8, 0x90, 0x0, 0x0, 0x0, 0x0, 0x4, 0xb4,
    0x0, 0x0, 0x0, 0x0, 0x0, 0x0, 0x0, 0x0,

    /* U+5171 "共" */
    0x0, 0x0, 0xbf, 0x30, 0x0, 0xdf, 0x10, 0x0,
    0x0, 0x0, 0xbf, 0x30, 0x0, 0xdf, 0x10, 0x0,
    0x0, 0x0, 0xbf, 0x30, 0x0, 0xdf, 0x10, 0x0,
    0xd, 0xff, 0xff, 0xff, 0xff, 0xff, 0xff, 0xf5,
    0x9, 0xbb, 0xef, 0xcb, 0xbb, 0xff, 0xbb, 0xb3,
    0x0, 0x0, 0xbf, 0x30, 0x0, 0xdf, 0x10, 0x0,
    0x0, 0x0, 0xbf, 0x30, 0x0, 0xdf, 0x10, 0x0,
    0x0, 0x0, 0xbf, 0x30, 0x0, 0xdf, 0x10, 0x0,
    0x6f, 0xff, 0xff, 0xff, 0xff, 0xff, 0xff, 0xfd,
    0x5d, 0xdd, 0xdd, 0xdd, 0xdd, 0xdd, 0xdd, 0xdb,
    0x0, 0x0, 0x14, 0x0, 0x0, 0x32, 0x0, 0x0,
    0x0, 0x0, 0xcf, 0x90, 0x4, 0xff, 0x50, 0x0,
    0x0, 0x2d, 0xfc, 0x0, 0x0, 0x5f, 0xf9, 0x0,
    0x7, 0xff, 0xa0, 0x0, 0x0, 0x3, 0xef, 0xc1,
    0xa, 0xf7, 0x0, 0x0, 0x0, 0x0, 0x1d, 0xe4,
    0x0, 0x10, 0x0, 0x0, 0x0, 0x0, 0x1, 0x0,

    /* U+5185 "内" */
    0x0, 0x0, 0x0, 0xcf, 0x10, 0x0, 0x0, 0x0,
    0x0, 0x0, 0xc, 0xf1, 0x0, 0x0, 0x0, 0x7b,
    0xbb, 0xbb, 0xff, 0xcb, 0xbb, 0xbb, 0xa, 0xff,
    0xff, 0xff, 0xff, 0xff, 0xff, 0xf0, 0xaf, 0x30,
    0x0, 0xdf, 0x10, 0x0, 0xcf, 0xa, 0xf2, 0x0,
    0xf, 0xe0, 0x0, 0xc, 0xf0, 0xaf, 0x20, 0x3,
    0xff, 0x60, 0x0, 0xcf, 0xa, 0xf2, 0x0, 0xaf,
    0xff, 0x70, 0xc, 0xf0, 0xaf, 0x20, 0x4f, 0xd2,
    0xdf, 0x70, 0xcf, 0xa, 0xf2, 0x6f, 0xf3, 0x1,
    0xef, 0x7c, 0xf0, 0xaf, 0x9f, 0xf4, 0x0, 0x2,
    0xeb, 0xcf, 0xa, 0xf2, 0x72, 0x0, 0x0, 0x2,
    0xc, 0xf0, 0xaf, 0x20, 0x0, 0x0, 0x0, 0x0,
    0xcf, 0xa, 0xf2, 0x0, 0x0, 0x0, 0x6d, 0xcf,
    0xf0, 0xaf, 0x20, 0x0, 0x0, 0x2, 0xff, 0xd6,
    0x0,

    /* U+518D "再" */
    0x5, 0xff, 0xff, 0xff, 0xff, 0xff, 0xff, 0xff,
    0x30, 0x5f, 0xff, 0xff, 0xff, 0xff, 0xff, 0xff,
    0xf3, 0x1, 0x33, 0x33, 0x34, 0xfc, 0x33, 0x33,
    0x33, 0x0, 0x2, 0x99, 0x99, 0xaf, 0xe9, 0x99,
    0xa7, 0x0, 0x0, 0x4f, 0xff, 0xff, 0xff, 0xff,
    0xff, 0xc0, 0x0, 0x4, 0xf8, 0x0, 0x2f, 0xc0,
    0x0, 0xfc, 0x0, 0x0, 0x4f, 0xc8, 0x88, 0xfe,
    0x88, 0x8f, 0xc0, 0x0, 0x4, 0xff, 0xff, 0xff,
    0xff, 0xff, 0xfc, 0x0, 0x0, 0x4f, 0x80, 0x2,
    0xfc, 0x0, 0xf, 0xc0, 0x0, 0x4, 0xf8, 0x0,
    0x1f, 0xc0, 0x0, 0xfc, 0x0, 0x3f, 0xff, 0xff,
    0xff, 0xff, 0xff, 0xff, 0xff, 0xc2, 0xbc, 0xfd,
    0xbb, 0xbb, 0xbb, 0xbb, 0xff, 0xb8, 0x0, 0x4f,
    0x80, 0x0, 0x0, 0x0, 0xf, 0xc0, 0x0, 0x4,
    0xf8, 0x0, 0x0, 0x6, 0xaa, 0xfc, 0x0, 0x0,
    0x4f, 0x80, 0x0, 0x0, 0x4f, 0xfe, 0x50, 0x0,
    0x0, 0x10, 0x0, 0x0, 0x0, 0x0, 0x0, 0x0,

    /* U+51ED "凭" */
    0x0, 0x0, 0x31, 0x0, 0x0, 0x0, 0x0, 0x20,
    0x0, 0x0, 0xe, 0xe3, 0x46, 0x79, 0xbd, 0xff,
    0x40, 0x0, 0x9, 0xf5, 0xaf, 0xff, 0xff, 0x97,
    0x41, 0x0, 0x6, 0xfc, 0x1, 0x10, 0xf, 0xd0,
    0x0, 0x0, 0x6, 0xff, 0xa4, 0x99, 0x99, 0xfe,
    0x99, 0x99, 0x42, 0xfe, 0xfa, 0x7f, 0xff, 0xff,
    0xff, 0xff, 0xf6, 0x3, 0x2f, 0xa0, 0x0, 0x0,
    0xfd, 0x0, 0x0, 0x0, 0x1, 0xfa, 0xb, 0xcc,
    0xcf, 0xfc, 0xcc, 0xc1, 0x0, 0x1f, 0xa0, 0xac,
    0xcc, 0xcc, 0xcc, 0xcc, 0x10, 0x0, 0x42, 0x0,
    0x0, 0x0, 0x0, 0x0, 0x0, 0x0, 0x0, 0xbf,
    0xff, 0xff, 0xff, 0xb0, 0x0, 0x0, 0x0, 0xc,
    0xfc, 0xaa, 0xab, 0xfc, 0x0, 0x0, 0x0, 0x0,
    0xff, 0x20, 0x0, 0x1f, 0xc0, 0x2, 0x0, 0x1,
    0xbf, 0xc0, 0x0, 0x1, 0xfc, 0x0, 0xda, 0x8,
    0xef, 0xe2, 0x0, 0x0, 0xf, 0xfa, 0xaf, 0x90,
    0x8f, 0x91, 0x0, 0x0, 0x0, 0x9f, 0xff, 0xe3,
    0x0, 0x10, 0x0, 0x0, 0x0, 0x0, 0x0, 0x0,
    0x0,

    /* U+5206 "分" */
    0x0, 0x0, 0xb, 0x91, 0x0, 0x7c, 0x0, 0x0,
    0x0, 0x0, 0x5, 0xfd, 0x0, 0xb, 0xf8, 0x0,
    0x0, 0x0, 0x0, 0xef, 0x50, 0x0, 0x2f, 0xf3,
    0x0, 0x0, 0x0, 0xaf, 0xb0, 0x0, 0x0, 0x7f,
    0xe1, 0x0, 0x0, 0x7f, 0xf2, 0x0, 0x0, 0x0,
    0xbf, 0xd1, 0x0, 0x7f, 0xf4, 0x0, 0x0, 0x0,
    0x1, 0xef, 0xd2, 0x6f, 0xfe, 0xee, 0xee, 0xee,
    0xee, 0xfe, 0xef, 0x50, 0x85, 0x9e, 0xef, 0xfe,
    0xee, 0xef, 0xe2, 0x60, 0x0, 0x0, 0x0, 0xcf,
    0x30, 0x0, 0xfd, 0x0, 0x0, 0x0, 0x0, 0x1f,
    0xf0, 0x0, 0x1f, 0xc0, 0x0, 0x0, 0x0, 0x8,
    0xfa, 0x0, 0x2, 0xfb, 0x0, 0x0, 0x0, 0x4,
    0xff, 0x30, 0x0, 0x4f, 0xa0, 0x0, 0x0, 0x7,
    0xff, 0x80, 0x0, 0x8, 0xf8, 0x0, 0x0, 0x6e,
    0xff, 0x80, 0x7, 0xcc, 0xff, 0x40, 0x0, 0x1,
    0xeb, 0x30, 0x0, 0x4f, 0xff, 0x90, 0x0, 0x0,
    0x0, 0x0, 0x0, 0x0, 0x0, 0x0, 0x0, 0x0,

    /* U+5207 "切" */
    0x0, 0xbf, 0x10, 0x0, 0x0, 0x0, 0x0, 0x0,
    0x0, 0xb, 0xf1, 0x3, 0xdd, 0xdd, 0xdd, 0xdf,
    0xd0, 0x0, 0xbf, 0x10, 0x3e, 0xef, 0xfe, 0xee,
    0xff, 0x0, 0xb, 0xf1, 0x2, 0x20, 0x9f, 0x30,
    0xd, 0xf0, 0x3, 0xdf, 0xcf, 0xfb, 0xa, 0xf3,
    0x0, 0xef, 0x9, 0xff, 0xfe, 0xb7, 0x40, 0xbf,
    0x20, 0xe, 0xf0, 0x47, 0xdf, 0x10, 0x0, 0xc,
    0xf0, 0x0, 0xfe, 0x0, 0xb, 0xf1, 0x0, 0x0,
    0xee, 0x0, 0xf, 0xe0, 0x0, 0xbf, 0x10, 0x92,
    0x1f, 0xc0, 0x0, 0xfd, 0x0, 0xb, 0xf1, 0x1f,
    0x85, 0xf8, 0x0, 0x1f, 0xc0, 0x0, 0xaf, 0xbb,
    0xf6, 0xcf, 0x30, 0x3, 0xfb, 0x0, 0x4, 0xff,
    0xfd, 0x6f, 0xd0, 0x0, 0x4f, 0xa0, 0x0, 0x0,
    0x0, 0x3f, 0xf4, 0x0, 0x8, 0xf8, 0x0, 0x0,
    0x0, 0x6f, 0xf8, 0x4, 0xdd, 0xff, 0x40, 0x0,
    0x0, 0x2, 0xe8, 0x0, 0xf, 0xfe, 0x80, 0x0,
    0x0, 0x0, 0x1, 0x0, 0x0, 0x0, 0x0, 0x0,

    /* U+5217 "列" */
    0xf, 0xff, 0xff, 0xff, 0xf6, 0x0, 0x1, 0xfb,
    0xa, 0xac, 0xfe, 0xaa, 0xa4, 0x64, 0x1, 0xfb,
    0x0, 0x7, 0xf6, 0x0, 0x1, 0xfb, 0x1, 0xfb,
    0x0, 0xc, 0xf4, 0x23, 0x1, 0xfb, 0x1, 0xfb,
    0x0, 0x2f, 0xff, 0xff, 0xe1, 0xfb, 0x1, 0xfb,
    0x0, 0x9f, 0xba, 0xaf, 0xc1, 0xfb, 0x1, 0xfb,
    0x1, 0xfe, 0x0, 0x3f, 0x91, 0xfb, 0x1, 0xfb,
    0xb, 0xfe, 0x40, 0x8f, 0x41, 0xfb, 0x1, 0xfb,
    0x7f, 0xdf, 0xf9, 0xee, 0x1, 0xfb, 0x1, 0xfb,
    0xa, 0x12, 0xdf, 0xf8, 0x1, 0xfb, 0x1, 0xfb,
    0x0, 0x0, 0x2f, 0xf1, 0x1, 0xfa, 0x1, 0xfb,
    0x0, 0x0, 0xcf, 0x60, 0x0, 0x0, 0x1, 0xfb,
    0x0, 0x1c, 0xfa, 0x0, 0x0, 0x0, 0x1, 0xfb,
    0x4, 0xef, 0xb0, 0x0, 0x0, 0xa, 0xdd, 0xfa,
    0x0, 0xb8, 0x0, 0x0, 0x0, 0x7, 0xfe, 0xc3,
    0x0, 0x0, 0x0, 0x0, 0x0, 0x0, 0x0, 0x0,

    /* U+5229 "利" */
    0x0, 0x0, 0x0, 0x2, 0x0, 0x0, 0x0, 0x0,
    0x0, 0x2, 0x59, 0xef, 0x40, 0x0, 0x1, 0xfb,
    0x2c, 0xef, 0xff, 0xc8, 0x30, 0x75, 0x1, 0xfb,
    0xa, 0x86, 0xee, 0x0, 0x1, 0xfb, 0x1, 0xfb,
    0x0, 0x0, 0xee, 0x0, 0x1, 0xfb, 0x1, 0xfb,
    0x16, 0x66, 0xff, 0x66, 0x61, 0xfb, 0x1, 0xfb,
    0x3f, 0xff, 0xff, 0xff, 0xe1, 0xfb, 0x1, 0xfb,
    0x4, 0x48, 0xff, 0x44, 0x31, 0xfb, 0x1, 0xfb,
    0x0, 0xd, 0xff, 0x40, 0x1, 0xfb, 0x1, 0xfb,
    0x0, 0x6f, 0xff, 0xf7, 0x1, 0xfb, 0x1, 0xfb,
    0x1, 0xeb, 0xef, 0xbf, 0x91, 0xfb, 0x1, 0xfb,
    0xc, 0xf2, 0xee, 0xc, 0x71, 0xfb, 0x1, 0xfb,
    0x6f, 0x70, 0xee, 0x0, 0x0, 0x0, 0x1, 0xfb,
    0x8, 0x0, 0xee, 0x0, 0x0, 0x0, 0x1, 0xfb,
    0x0, 0x0, 0xee, 0x0, 0x0, 0xb, 0xcd, 0xfa,
    0x0, 0x0, 0xee, 0x0, 0x0, 0x8, 0xff, 0xc3,
    0x0, 0x0, 0x0, 0x0, 0x0, 0x0, 0x0, 0x0,

    /* U+522B "别" */
    0x9, 0xff, 0xff, 0xff, 0xa0, 0x0, 0x1, 0xfb,
    0x9, 0xfa, 0xaa, 0xaf, 0xa0, 0x58, 0x1, 0xfb,
    0x9, 0xf1, 0x0, 0x1f, 0xa0, 0xbf, 0x11, 0xfb,
    0x9, 0xf1, 0x0, 0x1f, 0xa0, 0xbf, 0x11, 0xfb,
    0x9, 0xfa, 0x99, 0xaf, 0xa0, 0xbf, 0x11, 0xfb,
    0x9, 0xff, 0xff, 0xff, 0xa0, 0xbf, 0x11, 0xfb,
    0x1, 0x24, 0x95, 0x22, 0x10, 0xbf, 0x11, 0xfb,
    0x5, 0x59, 0xfa, 0x55, 0x40, 0xbf, 0x11, 0xfb,
    0x1f, 0xff, 0xff, 0xff, 0xf0, 0xbf, 0x11, 0xfb,
    0x4, 0x4b, 0xf6, 0x4d, 0xe0, 0xbf, 0x11, 0xfb,
    0x0, 0xd, 0xf0, 0xd, 0xd0, 0xbf, 0x11, 0xfb,
    0x0, 0x3f, 0xb0, 0xf, 0xc0, 0x0, 0x1, 0xfb,
    0x1, 0xdf, 0x40, 0x1f, 0xb0, 0x0, 0x1, 0xfb,
    0x3d, 0xf8, 0x2b, 0xcf, 0x80, 0x9, 0xde, 0xfa,
    0xc, 0x60, 0xf, 0xfc, 0x10, 0x5, 0xff, 0xc2,
    0x0, 0x0, 0x0, 0x0, 0x0, 0x0, 0x0, 0x0,

    /* U+5236 "制" */
    0x0, 0x0, 0x12, 0x0, 0x0, 0x0, 0x0, 0x0,
    0x3, 0xd6, 0x9f, 0x20, 0x0, 0x0, 0x0, 0xde,
    0x7, 0xf7, 0xaf, 0x41, 0x10, 0xe, 0xb0, 0xde,
    0xd, 0xff, 0xff, 0xff, 0xf5, 0xe, 0xc0, 0xde,
    0x4f, 0xd9, 0xdf, 0xa9, 0x92, 0xe, 0xc0, 0xde,
    0x5d, 0x50, 0x9f, 0x20, 0x0, 0xe, 0xc0, 0xde,
    0x9f, 0xff, 0xff, 0xff, 0xff, 0xe, 0xc0, 0xde,
    0x5a, 0xaa, 0xdf, 0xba, 0xaa, 0xe, 0xc0, 0xde,
    0x0, 0x0, 0x9f, 0x20, 0x0, 0xe, 0xc0, 0xde,
    0xa, 0xff, 0xff, 0xff, 0xfb, 0xe, 0xc0, 0xde,
    0xa, 0xfa, 0xdf, 0xba, 0xfb, 0xe, 0xc0, 0xde,
    0xa, 0xf0, 0x9f, 0x20, 0xeb, 0x8, 0x70, 0xde,
    0xa, 0xf0, 0x9f, 0x20, 0xeb, 0x0, 0x0, 0xde,
    0xa, 0xf0, 0x9f, 0x46, 0xfb, 0x0, 0x0, 0xde,
    0xa, 0xf0, 0x9f, 0x2f, 0xf7, 0x2, 0xdd, 0xfd,
    0x0, 0x10, 0x9f, 0x21, 0x10, 0x0, 0xef, 0xd5,
    0x0, 0x0, 0x0, 0x0, 0x0, 0x0, 0x0, 0x0,

    /* U+523B "刻" */
    0x0, 0x0, 0xbf, 0x10, 0x0, 0x0, 0x1, 0xfb,
    0x16, 0x66, 0xdf, 0x66, 0x63, 0x68, 0x1, 0xfb,
    0x4f, 0xff, 0xff, 0xff, 0xf9, 0xcf, 0x1, 0xfb,
    0x14, 0x4a, 0xfb, 0x44, 0x42, 0xcf, 0x1, 0xfb,
    0x0, 0x2f, 0xd0, 0x36, 0x0, 0xcf, 0x1, 0xfb,
    0x1d, 0xfe, 0x20, 0xdf, 0x20, 0xcf, 0x1, 0xfb,
    0xa, 0xfe, 0x3a, 0xf6, 0x0, 0xcf, 0x1, 0xfb,
    0x0, 0x6f, 0xff, 0x90, 0x0, 0xcf, 0x1, 0xfb,
    0x0, 0x1d, 0xfa, 0x9, 0xe3, 0xcf, 0x1, 0xfb,
    0x5, 0xef, 0x80, 0x6f, 0xc0, 0xcf, 0x1, 0xfb,
    0x1d, 0xe4, 0x7, 0xfd, 0x10, 0xcf, 0x1, 0xfb,
    0x1, 0x1, 0xbf, 0xf5, 0x0, 0x0, 0x1, 0xfb,
    0x0, 0x7f, 0xfb, 0xff, 0x70, 0x0, 0x1, 0xfb,
    0x4e, 0xfe, 0x60, 0x2e, 0xf8, 0x7, 0xdd, 0xfa,
    0xa, 0x81, 0x0, 0x1, 0xa1, 0x4, 0xff, 0xc2,

    /* U+524A "削" */
    0x7, 0x40, 0xef, 0x5, 0xa3, 0x0, 0x1, 0xfb,
    0xe, 0xc0, 0xef, 0xa, 0xf2, 0x55, 0x1, 0xfb,
    0x9, 0xf2, 0xef, 0xf, 0xb0, 0xde, 0x1, 0xfb,
    0x3, 0xa2, 0xef, 0x2a, 0x30, 0xde, 0x1, 0xfb,
    0x9, 0xff, 0xff, 0xff, 0xb0, 0xde, 0x1, 0xfb,
    0xa, 0xfc, 0xcc, 0xcf, 0xc0, 0xde, 0x1, 0xfb,
    0xa, 0xf1, 0x0, 0xf, 0xc0, 0xde, 0x1, 0xfb,
    0xa, 0xff, 0xff, 0xff, 0xc0, 0xde, 0x1, 0xfb,
    0xa, 0xfa, 0x99, 0x9f, 0xc0, 0xde, 0x1, 0xfb,
    0xa, 0xf1, 0x0, 0xf, 0xc0, 0xde, 0x1, 0xfb,
    0xa, 0xff, 0xff, 0xff, 0xc0, 0xde, 0x1, 0xfb,
    0xa, 0xfa, 0x99, 0x9f, 0xc0, 0x22, 0x1, 0xfb,
    0xa, 0xf1, 0x0, 0xf, 0xc0, 0x0, 0x1, 0xfb,
    0xa, 0xf1, 0x9, 0xaf, 0xb0, 0xc, 0xde, 0xfa,
    0xa, 0xf1, 0xb, 0xfe, 0x50, 0x9, 0xfe, 0xc2,
    0x1, 0x10, 0x0, 0x0, 0x0, 0x0, 0x0, 0x0,

    /* U+524D "前" */
    0x0, 0x0, 0x20, 0x0, 0x0, 0x0, 0x20, 0x0,
    0x0, 0x0, 0x7f, 0x90, 0x0, 0x0, 0x6f, 0xa0,
    0x0, 0x0, 0x0, 0xdf, 0x50, 0x0, 0x1e, 0xf2,
    0x0, 0x2, 0xbb, 0xbd, 0xfc, 0xbb, 0xbd, 0xfe,
    0xbb, 0xb2, 0x2f, 0xff, 0xff, 0xff, 0xff, 0xff,
    0xff, 0xff, 0x30, 0x1, 0x11, 0x11, 0x10, 0x0,
    0x0, 0x25, 0x10, 0x3, 0xff, 0xff, 0xff, 0x60,
    0xea, 0x9, 0xf3, 0x0, 0x3f, 0xb7, 0x7a, 0xf6,
    0xf, 0xb0, 0x9f, 0x30, 0x3, 0xfa, 0x55, 0x9f,
    0x60, 0xfb, 0x9, 0xf3, 0x0, 0x3f, 0xff, 0xff,
    0xf6, 0xf, 0xb0, 0x9f, 0x30, 0x3, 0xf8, 0x0,
    0x6f, 0x60, 0xfb, 0x9, 0xf3, 0x0, 0x3f, 0xdb,
    0xbd, 0xf6, 0xf, 0xb0, 0x9f, 0x30, 0x3, 0xfd,
    0xaa, 0xcf, 0x60, 0xfb, 0x9, 0xf3, 0x0, 0x3f,
    0x80, 0x6, 0xf6, 0x0, 0x0, 0x9f, 0x30, 0x3,
    0xf8, 0x18, 0xbf, 0x50, 0x9, 0xbe, 0xf3, 0x0,
    0x3f, 0x70, 0xdf, 0xc1, 0x0, 0x8f, 0xe9, 0x0,

    /* U+52A0 "加" */
    0x0, 0xf, 0xc0, 0x0, 0x0, 0x0, 0x0, 0x0,
    0x0, 0xf, 0xc0, 0x0, 0x2, 0x33, 0x33, 0x32,
    0x1, 0x1f, 0xc1, 0x21, 0xa, 0xff, 0xff, 0xfb,
    0x2f, 0xff, 0xff, 0xff, 0x5a, 0xfa, 0x99, 0xfb,
    0x1b, 0xbf, 0xeb, 0xdf, 0x4a, 0xf1, 0x1, 0xfb,
    0x0, 0x1f, 0xa0, 0x8f, 0x4a, 0xf1, 0x1, 0xfb,
    0x0, 0x2f, 0x90, 0x8f, 0x4a, 0xf1, 0x1, 0xfb,
    0x0, 0x3f, 0x80, 0x8f, 0x3a, 0xf1, 0x1, 0xfb,
    0x0, 0x5f, 0x60, 0x9f, 0x3a, 0xf1, 0x1, 0xfb,
    0x0, 0x8f, 0x40, 0x9f, 0x2a, 0xf1, 0x1, 0xfb,
    0x0, 0xcf, 0x10, 0xaf, 0x1a, 0xf1, 0x1, 0xfb,
    0x1, 0xfd, 0x0, 0xcf, 0xa, 0xf1, 0x1, 0xfb,
    0x7, 0xf7, 0x0, 0xef, 0xa, 0xfd, 0xcd, 0xfb,
    0x2f, 0xf3, 0xab, 0xfc, 0xa, 0xff, 0xff, 0xfb,
    0x3f, 0x70, 0xef, 0xf4, 0xa, 0xf1, 0x1, 0xfb,
    0x2, 0x0, 0x12, 0x0, 0x1, 0x20, 0x0, 0x0,

    /* U+52D5 "動" */
    0x0, 0x13, 0x46, 0x8b, 0x30, 0x0, 0x0, 0x0,
    0x1f, 0xff, 0xff, 0xff, 0xb0, 0x2f, 0x90, 0x0,
    0x4, 0x44, 0xfc, 0x21, 0x0, 0x2f, 0x90, 0x0,
    0x5d, 0xdd, 0xff, 0xdd, 0xd1, 0x2f, 0x90, 0x0,
    0x5d, 0xdd, 0xff, 0xdd, 0xda, 0xbf, 0xda, 0xba,
    0x2, 0x33, 0xfc, 0x33, 0x2e, 0xff, 0xff, 0xff,
    0xe, 0xff, 0xff, 0xff, 0xd4, 0x8f, 0xa5, 0xdf,
    0xe, 0xa2, 0xfc, 0x2b, 0xd0, 0x5f, 0x60, 0xcf,
    0xe, 0xff, 0xff, 0xff, 0xd0, 0x7f, 0x50, 0xde,
    0xe, 0xa3, 0xfc, 0x3b, 0xd0, 0x9f, 0x20, 0xed,
    0xd, 0xee, 0xff, 0xee, 0xc0, 0xdf, 0x0, 0xed,
    0x5, 0x55, 0xfd, 0x55, 0x52, 0xfb, 0x0, 0xfc,
    0xe, 0xff, 0xff, 0xff, 0xea, 0xf6, 0x1, 0xfb,
    0x0, 0x0, 0xec, 0x23, 0x6f, 0xd0, 0x3, 0xf9,
    0x4d, 0xef, 0xff, 0xee, 0xff, 0x46, 0xad, 0xf6,
    0x16, 0x42, 0x10, 0x1, 0xd5, 0x4, 0xff, 0xb0,
    0x0, 0x0, 0x0, 0x0, 0x0, 0x0, 0x0, 0x0,

    /* U+5305 "包" */
    0x0, 0x0, 0x47, 0x20, 0x0, 0x0, 0x0, 0x0,
    0x0, 0x0, 0xd, 0xf6, 0x0, 0x0, 0x0, 0x0,
    0x0, 0x0, 0x5, 0xff, 0xbb, 0xbb, 0xbb, 0xbb,
    0xb3, 0x0, 0x1, 0xef, 0xff, 0xff, 0xff, 0xff,
    0xff, 0x40, 0x0, 0xbf, 0xb0, 0x0, 0x0, 0x0,
    0x9, 0xf3, 0x0, 0x9f, 0xfa, 0x88, 0x88, 0x86,
    0x0, 0xaf, 0x30, 0x3f, 0xf7, 0xff, 0xff, 0xff,
    0xb0, 0xa, 0xf2, 0x0, 0x24, 0x0, 0x0, 0x1,
    0xfb, 0x0, 0xbf, 0x10, 0x0, 0x0, 0x0, 0x0,
    0x1f, 0xb0, 0xc, 0xf0, 0x0, 0x0, 0x8b, 0x99,
    0x9a, 0xfb, 0x0, 0xef, 0x0, 0x0, 0xe, 0xff,
    0xff, 0xff, 0xc8, 0xaf, 0xc0, 0x0, 0x0, 0xee,
    0x0, 0x0, 0x0, 0xdf, 0xf5, 0x0, 0x0, 0xe,
    0xe0, 0x0, 0x0, 0x1, 0x10, 0x44, 0x0, 0x0,
    0xee, 0x0, 0x0, 0x0, 0x0, 0xb, 0xf2, 0x0,
    0xc, 0xfd, 0xbb, 0xbb, 0xbb, 0xbc, 0xfe, 0x0,
    0x0, 0x3b, 0xef, 0xff, 0xff, 0xff, 0xfc, 0x40,

    /* U+533A "区" */
    0xcf, 0xff, 0xff, 0xff, 0xff, 0xff, 0xff, 0xa0,
    0xcf, 0xcc, 0xcc, 0xcc, 0xcc, 0xcc, 0xcc, 0x70,
    0xcf, 0x0, 0x0, 0x0, 0x0, 0x98, 0x10, 0x0,
    0xcf, 0x0, 0x73, 0x0, 0x3, 0xfe, 0x0, 0x0,
    0xcf, 0x4, 0xff, 0x70, 0xc, 0xf5, 0x0, 0x0,
    0xcf, 0x0, 0x4e, 0xfb, 0x8f, 0xc0, 0x0, 0x0,
    0xcf, 0x0, 0x1, 0xcf, 0xff, 0x20, 0x0, 0x0,
    0xcf, 0x0, 0x0, 0x3f, 0xff, 0x40, 0x0, 0x0,
    0xcf, 0x0, 0x2, 0xef, 0xcf, 0xf4, 0x0, 0x0,
    0xcf, 0x0, 0x4e, 0xf9, 0x8, 0xff, 0x40, 0x0,
    0xcf, 0x8, 0xff, 0x90, 0x0, 0x9f, 0xd0, 0x0,
    0xcf, 0xa, 0xf7, 0x0, 0x0, 0x9, 0x20, 0x0,
    0xcf, 0x11, 0x40, 0x0, 0x0, 0x0, 0x0, 0x0,
    0xcf, 0xff, 0xff, 0xff, 0xff, 0xff, 0xff, 0xf1,
    0xcf, 0xbb, 0xbb, 0xbb, 0xbb, 0xbb, 0xbb, 0xb0,

    /* U+5358 "単" */
    0x0, 0x3, 0x0, 0x6, 0x10, 0x0, 0x24, 0x0,
    0x0, 0x6f, 0x80, 0x7f, 0xa0, 0x0, 0xaf, 0xa0,
    0x0, 0xc, 0xf3, 0xd, 0xf3, 0x3, 0xfe, 0x10,
    0x0, 0x5a, 0xf8, 0x8c, 0xe8, 0x8d, 0xfc, 0x60,
    0x0, 0xbf, 0xff, 0xff, 0xff, 0xff, 0xff, 0xc0,
    0x0, 0xbf, 0x10, 0xc, 0xf1, 0x0, 0x1f, 0xc0,
    0x0, 0xbf, 0x77, 0x7e, 0xf8, 0x77, 0x7f, 0xc0,
    0x0, 0xbf, 0xff, 0xff, 0xff, 0xff, 0xff, 0xc0,
    0x0, 0xbf, 0x10, 0xc, 0xf1, 0x0, 0x1f, 0xc0,
    0x0, 0xbf, 0xff, 0xff, 0xff, 0xff, 0xff, 0xc0,
    0x0, 0x69, 0x99, 0x9e, 0xf9, 0x99, 0x99, 0x70,
    0x0, 0x0, 0x0, 0xc, 0xf2, 0x0, 0x0, 0x0,
    0x7f, 0xff, 0xff, 0xff, 0xff, 0xff, 0xff, 0xfe,
    0x4a, 0xaa, 0xaa, 0xae, 0xfb, 0xaa, 0xaa, 0xa9,
    0x0, 0x0, 0x0, 0xc, 0xf1, 0x0, 0x0, 0x0,
    0x0, 0x0, 0x0, 0xc, 0xf1, 0x0, 0x0, 0x0,

    /* U+539F "原" */
    0x0, 0xff, 0xff, 0xff, 0xff, 0xff, 0xff, 0xff,
    0x20, 0xf, 0xfa, 0xaa, 0xac, 0xff, 0xaa, 0xaa,
    0xa1, 0x0, 0xfc, 0x0, 0x0, 0x6f, 0xb0, 0x0,
    0x0, 0x0, 0xf, 0xc0, 0x66, 0x6b, 0xfb, 0x66,
    0x65, 0x0, 0x0, 0xfc, 0xf, 0xff, 0xff, 0xff,
    0xff, 0xd0, 0x0, 0xf, 0xc0, 0xfd, 0x11, 0x11,
    0x11, 0xfd, 0x0, 0x0, 0xfc, 0xf, 0xff, 0xff,
    0xff, 0xff, 0xd0, 0x0, 0x1f, 0xb0, 0xfd, 0x33,
    0x33, 0x33, 0xfd, 0x0, 0x2, 0xfa, 0xf, 0xe9,
    0x99, 0x99, 0x9f, 0xd0, 0x0, 0x4f, 0x80, 0xcc,
    0xcc, 0xff, 0xcc, 0xca, 0x0, 0x6, 0xf6, 0x1,
    0x94, 0xf, 0xc0, 0x57, 0x0, 0x0, 0x9f, 0x30,
    0xbf, 0x60, 0xfc, 0xa, 0xfa, 0x0, 0xe, 0xf1,
    0xcf, 0x80, 0xf, 0xc0, 0x9, 0xfb, 0x4, 0xfa,
    0x7f, 0x80, 0x88, 0xfc, 0x0, 0x9, 0xd2, 0x1a,
    0x40, 0x10, 0xd, 0xfe, 0x60, 0x0, 0x0, 0x0,
    0x0, 0x0, 0x0, 0x0, 0x0, 0x0, 0x0, 0x0,

    /* U+53CC "双" */
    0x0, 0x0, 0x0, 0x10, 0x0, 0x0, 0x0, 0x10,
    0x0, 0xff, 0xff, 0xff, 0xba, 0xff, 0xff, 0xff,
    0xb0, 0xb, 0xbb, 0xbc, 0xfa, 0x8f, 0xcb, 0xbc,
    0xfa, 0x0, 0x0, 0x0, 0x4f, 0x85, 0xf6, 0x0,
    0x5f, 0x80, 0x4, 0x90, 0x7, 0xf5, 0x2f, 0x90,
    0x8, 0xf5, 0x0, 0xcf, 0x70, 0xbf, 0x20, 0xed,
    0x0, 0xcf, 0x10, 0x1, 0xef, 0x5f, 0xe0, 0xa,
    0xf1, 0x1f, 0xd0, 0x0, 0x3, 0xff, 0xfa, 0x0,
    0x6f, 0x67, 0xf7, 0x0, 0x0, 0x6, 0xff, 0x50,
    0x1, 0xfd, 0xef, 0x10, 0x0, 0x0, 0x1f, 0xfa,
    0x0, 0xb, 0xff, 0xa0, 0x0, 0x0, 0x9, 0xff,
    0xf4, 0x0, 0x6f, 0xf2, 0x0, 0x0, 0x3, 0xff,
    0x7f, 0xd0, 0x1d, 0xff, 0x70, 0x0, 0x1, 0xdf,
    0x70, 0xc8, 0x2d, 0xfc, 0xff, 0x50, 0x1, 0xcf,
    0xb0, 0x1, 0x7f, 0xfb, 0x6, 0xff, 0x80, 0x3f,
    0xc0, 0x0, 0xb, 0xf8, 0x0, 0x6, 0xfd, 0x10,
    0x30, 0x0, 0x0, 0x13, 0x0, 0x0, 0x3, 0x20,

    /* U+53D6 "取" */
    0x2f, 0xff, 0xff, 0xff, 0xf7, 0x0, 0x0, 0x0,
    0x2, 0xff, 0xff, 0xff, 0xff, 0x70, 0x0, 0x0,
    0x0, 0x17, 0xfe, 0x77, 0xdf, 0x7f, 0xff, 0xff,
    0xfe, 0x0, 0xf, 0xc0, 0xb, 0xf0, 0xdf, 0xcc,
    0xcf, 0xf0, 0x0, 0xff, 0xff, 0xff, 0xc, 0xf0,
    0x0, 0xfc, 0x0, 0xf, 0xea, 0xae, 0xf0, 0x8f,
    0x40, 0x4f, 0x90, 0x0, 0xfc, 0x0, 0xbf, 0x3,
    0xf9, 0x8, 0xf5, 0x0, 0xf, 0xe9, 0x9e, 0xf0,
    0xe, 0xe0, 0xdf, 0x0, 0x0, 0xff, 0xff, 0xff,
    0x0, 0x8f, 0xaf, 0xa0, 0x0, 0xf, 0xc0, 0xb,
    0xf0, 0x2, 0xff, 0xf3, 0x0, 0x0, 0xfc, 0x2,
    0xcf, 0x0, 0xb, 0xfc, 0x0, 0x4, 0xaf, 0xff,
    0xff, 0xf0, 0x4, 0xff, 0xf4, 0x0, 0x5f, 0xfd,
    0xb8, 0xdf, 0x5, 0xff, 0x8f, 0xf5, 0x0, 0x20,
    0x0, 0xb, 0xf7, 0xff, 0x50, 0x5f, 0xf6, 0x0,
    0x0, 0x0, 0xbf, 0xa, 0x30, 0x0, 0x3a, 0x0,

    /* U+53E3 "口" */
    0xcd, 0xdd, 0xdd, 0xdd, 0xdd, 0xdd, 0xd1, 0xff,
    0xff, 0xff, 0xff, 0xff, 0xff, 0xf1, 0xfe, 0x0,
    0x0, 0x0, 0x0, 0xe, 0xf1, 0xfe, 0x0, 0x0,
    0x0, 0x0, 0xe, 0xf1, 0xfe, 0x0, 0x0, 0x0,
    0x0, 0xe, 0xf1, 0xfe, 0x0, 0x0, 0x0, 0x0,
    0xe, 0xf1, 0xfe, 0x0, 0x0, 0x0, 0x0, 0xe,
    0xf1, 0xfe, 0x0, 0x0, 0x0, 0x0, 0xe, 0xf1,
    0xfe, 0x0, 0x0, 0x0, 0x0, 0xe, 0xf1, 0xfe,
    0x0, 0x0, 0x0, 0x0, 0xe, 0xf1, 0xfe, 0x0,
    0x0, 0x0, 0x0, 0xe, 0xf1, 0xff, 0xff, 0xff,
    0xff, 0xff, 0xff, 0xf1, 0xff, 0xdd, 0xdd, 0xdd,
    0xdd, 0xdf, 0xf1, 0xfe, 0x0, 0x0, 0x0, 0x0,
    0xe, 0xf1, 0x0, 0x0, 0x0, 0x0, 0x0, 0x0,
    0x0,

    /* U+53EF "可" */
    0x27, 0x77, 0x77, 0x77, 0x77, 0x77, 0x77, 0x77,
    0x5, 0xff, 0xff, 0xff, 0xff, 0xff, 0xff, 0xff,
    0xf0, 0x16, 0x66, 0x66, 0x66, 0x66, 0x66, 0xff,
    0x66, 0x0, 0x0, 0x0, 0x0, 0x0, 0x0, 0xe,
    0xf0, 0x0, 0x0, 0x13, 0x11, 0x11, 0x11, 0x0,
    0xef, 0x0, 0x0, 0xa, 0xff, 0xff, 0xff, 0xb0,
    0xe, 0xf0, 0x0, 0x0, 0xaf, 0xaa, 0xaa, 0xfb,
    0x0, 0xef, 0x0, 0x0, 0xa, 0xf1, 0x0, 0x1f,
    0xb0, 0xe, 0xf0, 0x0, 0x0, 0xaf, 0x10, 0x1,
    0xfb, 0x0, 0xef, 0x0, 0x0, 0xa, 0xfb, 0xbb,
    0xbf, 0xb0, 0xe, 0xf0, 0x0, 0x0, 0xaf, 0xff,
    0xff, 0xfb, 0x0, 0xef, 0x0, 0x0, 0xa, 0xf2,
    0x0, 0x0, 0x0, 0xe, 0xf0, 0x0, 0x0, 0x35,
    0x0, 0x0, 0x0, 0x0, 0xef, 0x0, 0x0, 0x0,
    0x0, 0x0, 0x1, 0xdd, 0xdf, 0xf0, 0x0, 0x0,
    0x0, 0x0, 0x0, 0xb, 0xff, 0xd6, 0x0, 0x0,
    0x0, 0x0, 0x0, 0x0, 0x0, 0x0, 0x0, 0x0,

    /* U+53F3 "右" */
    0x0, 0x0, 0x0, 0x47, 0x20, 0x0, 0x0, 0x0,
    0x0, 0x0, 0x0, 0x9, 0xf6, 0x0, 0x0, 0x0,
    0x0, 0x0, 0x0, 0x0, 0xdf, 0x10, 0x0, 0x0,
    0x0, 0x0, 0xaa, 0xaa, 0xaf, 0xfa, 0xaa, 0xaa,
    0xaa, 0xa0, 0xf, 0xff, 0xff, 0xff, 0xff, 0xff,
    0xff, 0xff, 0x0, 0x22, 0x22, 0xef, 0x42, 0x22,
    0x22, 0x22, 0x20, 0x0, 0x0, 0x4f, 0xb0, 0x0,
    0x0, 0x0, 0x0, 0x0, 0x0, 0xd, 0xf4, 0x0,
    0x0, 0x0, 0x0, 0x0, 0x0, 0x6, 0xff, 0xbb,
    0xbb, 0xbb, 0xbb, 0x90, 0x0, 0x3, 0xff, 0xff,
    0xff, 0xff, 0xff, 0xfd, 0x0, 0x2, 0xef, 0xef,
    0x40, 0x0, 0x0, 0x1f, 0xd0, 0x3, 0xef, 0xa9,
    0xf3, 0x0, 0x0, 0x1, 0xfd, 0x0, 0x1e, 0xa0,
    0x9f, 0x30, 0x0, 0x0, 0x1f, 0xd0, 0x0, 0x10,
    0x9, 0xf4, 0x0, 0x0, 0x2, 0xfd, 0x0, 0x0,
    0x0, 0x9f, 0xff, 0xff, 0xff, 0xff, 0xd0, 0x0,
    0x0, 0x9, 0xfc, 0xbb, 0xbb, 0xbb, 0xfd, 0x0,
    0x0, 0x0, 0x1, 0x0, 0x0, 0x0, 0x0, 0x0,
    0x0,

    /* U+53F7 "号" */
    0x0, 0xf, 0xff, 0xff, 0xff, 0xff, 0xff, 0x10,
    0x0, 0x0, 0xfe, 0x99, 0x99, 0x99, 0x9e, 0xf1,
    0x0, 0x0, 0xf, 0xd0, 0x0, 0x0, 0x0, 0xcf,
    0x10, 0x0, 0x0, 0xfe, 0x44, 0x44, 0x44, 0x4d,
    0xf1, 0x0, 0x0, 0xf, 0xff, 0xff, 0xff, 0xff,
    0xff, 0x10, 0x0, 0x0, 0x55, 0x55, 0x55, 0x55,
    0x55, 0x50, 0x0, 0x19, 0x99, 0x99, 0x99, 0x99,
    0x99, 0x99, 0x99, 0x13, 0xff, 0xff, 0xff, 0xff,
    0xff, 0xff, 0xff, 0xf2, 0x0, 0x1, 0xff, 0x10,
    0x0, 0x0, 0x0, 0x0, 0x0, 0x0, 0x5f, 0xfb,
    0xbb, 0xbb, 0xbb, 0xb1, 0x0, 0x0, 0xa, 0xff,
    0xff, 0xff, 0xff, 0xff, 0x0, 0x0, 0x0, 0x9b,
    0x0, 0x0, 0x0, 0x2f, 0xd0, 0x0, 0x0, 0x0,
    0x0, 0x0, 0x0, 0x7, 0xf9, 0x0, 0x0, 0x0,
    0x0, 0x0, 0x5b, 0xaa, 0xff, 0x40, 0x0, 0x0,
    0x0, 0x0, 0x2, 0xff, 0xfe, 0x70, 0x0, 0x0,
    0x0, 0x0, 0x0, 0x0, 0x0, 0x0, 0x0, 0x0,

    /* U+540C "同" */
    0xbf, 0xff, 0xff, 0xff, 0xff, 0xff, 0xff, 0xbb,
    0xfb, 0xbb, 0xbb, 0xbb, 0xbb, 0xbc, 0xfb, 0xbf,
    0x10, 0x0, 0x0, 0x0, 0x0, 0x1f, 0xbb, 0xf1,
    0x78, 0x88, 0x88, 0x88, 0x51, 0xfb, 0xbf, 0x1e,
    0xff, 0xff, 0xff, 0xfa, 0x1f, 0xbb, 0xf1, 0x0,
    0x0, 0x0, 0x0, 0x1, 0xfb, 0xbf, 0x10, 0x78,
    0x88, 0x88, 0x60, 0x1f, 0xbb, 0xf1, 0xf, 0xff,
    0xff, 0xfd, 0x1, 0xfb, 0xbf, 0x10, 0xfb, 0x0,
    0xd, 0xd0, 0x1f, 0xbb, 0xf1, 0xf, 0xb0, 0x0,
    0xdd, 0x1, 0xfb, 0xbf, 0x10, 0xfd, 0x77, 0x7e,
    0xd0, 0x1f, 0xbb, 0xf1, 0xf, 0xff, 0xff, 0xfd,
    0x1, 0xfb, 0xbf, 0x10, 0xfb, 0x0, 0x0, 0x0,
    0x1f, 0xbb, 0xf1, 0x3, 0x20, 0x0, 0x8, 0xcd,
    0xf9, 0xbf, 0x10, 0x0, 0x0, 0x0, 0x5f, 0xfc,
    0x20,

    /* U+542B "含" */
    0x0, 0x0, 0x0, 0x2d, 0xfd, 0x20, 0x0, 0x0,
    0x0, 0x0, 0x0, 0x5e, 0xd2, 0xbf, 0x60, 0x0,
    0x0, 0x0, 0x3, 0xbf, 0xa0, 0x0, 0x8f, 0xd5,
    0x0, 0x0, 0x5b, 0xfd, 0xee, 0xee, 0xee, 0xfc,
    0xfe, 0x82, 0xd, 0xe7, 0x5, 0x77, 0x77, 0x77,
    0x4, 0xce, 0x10, 0x10, 0x88, 0x88, 0x88, 0x88,
    0x89, 0x30, 0x10, 0x0, 0xf, 0xff, 0xff, 0xff,
    0xff, 0xf8, 0x0, 0x0, 0x0, 0x0, 0x0, 0x0,
    0x1, 0xff, 0x10, 0x0, 0x0, 0x0, 0x0, 0x0,
    0x0, 0x9f, 0x80, 0x0, 0x0, 0x0, 0x9a, 0xaa,
    0xaa, 0xaf, 0xfb, 0xa0, 0x0, 0x0, 0xe, 0xff,
    0xff, 0xff, 0xff, 0xff, 0x10, 0x0, 0x0, 0xed,
    0x0, 0x0, 0x0, 0x9, 0xf1, 0x0, 0x0, 0xe,
    0xd0, 0x0, 0x0, 0x0, 0x9f, 0x10, 0x0, 0x0,
    0xef, 0xaa, 0xaa, 0xaa, 0xad, 0xf1, 0x0, 0x0,
    0xe, 0xff, 0xff, 0xff, 0xff, 0xff, 0x10, 0x0,

    /* U+548C "和" */
    0x0, 0x0, 0x0, 0x1, 0x0, 0x0, 0x0, 0x0,
    0x0, 0x3, 0x6a, 0xfc, 0x0, 0x0, 0x0, 0x0,
    0xd, 0xff, 0xff, 0xc7, 0x1b, 0xcc, 0xcc, 0xc9,
    0x6, 0x86, 0xfc, 0x0, 0xe, 0xff, 0xff, 0xfc,
    0x0, 0x1, 0xfc, 0x0, 0xe, 0xd0, 0x1, 0xfc,
    0x19, 0x99, 0xfe, 0x99, 0x3e, 0xd0, 0x1, 0xfc,
    0x3f, 0xff, 0xff, 0xff, 0x6e, 0xd0, 0x1, 0xfc,
    0x2, 0x2b, 0xfe, 0x22, 0xe, 0xd0, 0x1, 0xfc,
    0x0, 0x1f, 0xff, 0xb0, 0xe, 0xd0, 0x1, 0xfc,
    0x0, 0x9f, 0xff, 0xf9, 0xe, 0xd0, 0x1, 0xfc,
    0x2, 0xfa, 0xfc, 0x9f, 0x4e, 0xd0, 0x1, 0xfc,
    0xc, 0xf3, 0xfc, 0x9, 0xe, 0xd0, 0x1, 0xfc,
    0x6f, 0x81, 0xfc, 0x0, 0xe, 0xfa, 0xab, 0xfc,
    0xb, 0x1, 0xfc, 0x0, 0xe, 0xff, 0xff, 0xfc,
    0x0, 0x1, 0xfc, 0x0, 0xe, 0xe1, 0x12, 0xfc,
    0x0, 0x1, 0xfc, 0x0, 0x6, 0x60, 0x0, 0x54,

    /* U+54C1 "品" */
    0x0, 0x5f, 0xff, 0xff, 0xff, 0xff, 0x70, 0x0,
    0x5, 0xfe, 0xbb, 0xbb, 0xbd, 0xf7, 0x0, 0x0,
    0x5f, 0x90, 0x0, 0x0, 0x6f, 0x70, 0x0, 0x5,
    0xf9, 0x0, 0x0, 0x6, 0xf7, 0x0, 0x0, 0x5f,
    0xda, 0xaa, 0xaa, 0xcf, 0x70, 0x0, 0x5, 0xff,
    0xff, 0xff, 0xff, 0xf7, 0x0, 0x0, 0x1, 0x11,
    0x11, 0x11, 0x11, 0x0, 0x0, 0x0, 0x0, 0x0,
    0x0, 0x0, 0x0, 0x0, 0xbf, 0xff, 0xff, 0xd0,
    0xcf, 0xff, 0xff, 0xdb, 0xfb, 0xbb, 0xfd, 0xc,
    0xfb, 0xbb, 0xfd, 0xbf, 0x0, 0xf, 0xd0, 0xcf,
    0x0, 0xf, 0xdb, 0xf0, 0x0, 0xfd, 0xc, 0xf0,
    0x0, 0xfd, 0xbf, 0x0, 0xf, 0xd0, 0xcf, 0x0,
    0xf, 0xdb, 0xff, 0xff, 0xfd, 0xc, 0xff, 0xff,
    0xfd, 0xbf, 0xbb, 0xbf, 0xd0, 0xcf, 0xbb, 0xbf,
    0xd1, 0x20, 0x0, 0x0, 0x1, 0x10, 0x0, 0x0,

    /* U+56DE "回" */
    0xef, 0xff, 0xff, 0xff, 0xff, 0xff, 0xff, 0xce,
    0xfd, 0xdd, 0xdd, 0xdd, 0xdd, 0xde, 0xfc, 0xef,
    0x0, 0x0, 0x0, 0x0, 0x0, 0x3f, 0xce, 0xf0,
    0x0, 0x0, 0x0, 0x0, 0x3, 0xfc, 0xef, 0x0,
    0xaa, 0xaa, 0xaa, 0x70, 0x3f, 0xce, 0xf0, 0x1f,
    0xff, 0xff, 0xfc, 0x3, 0xfc, 0xef, 0x1, 0xfa,
    0x0, 0x1f, 0xc0, 0x3f, 0xce, 0xf0, 0x1f, 0xa0,
    0x1, 0xfc, 0x3, 0xfc, 0xef, 0x1, 0xfa, 0x0,
    0x1f, 0xc0, 0x3f, 0xce, 0xf0, 0x1f, 0xff, 0xff,
    0xfc, 0x3, 0xfc, 0xef, 0x0, 0xaa, 0xaa, 0xaa,
    0x70, 0x3f, 0xce, 0xf0, 0x0, 0x0, 0x0, 0x0,
    0x3, 0xfc, 0xef, 0x0, 0x0, 0x0, 0x0, 0x0,
    0x4f, 0xce, 0xff, 0xff, 0xff, 0xff, 0xff, 0xff,
    0xfc, 0xef, 0xaa, 0xaa, 0xaa, 0xaa, 0xaa, 0xbf,
    0xc0,

    /* U+571F "土" */
    0x0, 0x0, 0x0, 0xb, 0xf3, 0x0, 0x0, 0x0,
    0x0, 0x0, 0x0, 0x0, 0xbf, 0x30, 0x0, 0x0,
    0x0, 0x0, 0x0, 0x0, 0xb, 0xf3, 0x0, 0x0,
    0x0, 0x0, 0x0, 0x0, 0x0, 0xbf, 0x30, 0x0,
    0x0, 0x0, 0x0, 0x0, 0x0, 0xb, 0xf4, 0x0,
    0x0, 0x0, 0x0, 0x4f, 0xff, 0xff, 0xff, 0xff,
    0xff, 0xfe, 0x0, 0x3, 0xbb, 0xbb, 0xbe, 0xfc,
    0xbb, 0xbb, 0xa0, 0x0, 0x0, 0x0, 0x0, 0xbf,
    0x30, 0x0, 0x0, 0x0, 0x0, 0x0, 0x0, 0xb,
    0xf3, 0x0, 0x0, 0x0, 0x0, 0x0, 0x0, 0x0,
    0xbf, 0x30, 0x0, 0x0, 0x0, 0x0, 0x0, 0x0,
    0xb, 0xf3, 0x0, 0x0, 0x0, 0x0, 0x0, 0x0,
    0x0, 0xbf, 0x30, 0x0, 0x0, 0x0, 0x0, 0x0,
    0x0, 0xb, 0xf4, 0x0, 0x0, 0x0, 0x6, 0xff,
    0xff, 0xff, 0xff, 0xff, 0xff, 0xff, 0xf0, 0x4c,
    0xcc, 0xcc, 0xcc, 0xcc, 0xcc, 0xcc, 0xcc, 0x0,

    /* U+5728 "在" */
    0x0, 0x0, 0x0, 0x32, 0x0, 0x0, 0x0, 0x0,
    0x0, 0x0, 0x0, 0xe, 0xf2, 0x0, 0x0, 0x0,
    0x0, 0x0, 0x0, 0x3, 0xfc, 0x0, 0x0, 0x0,
    0x0, 0x0, 0xff, 0xff, 0xff, 0xff, 0xff, 0xff,
    0xff, 0xf1, 0xc, 0xcc, 0xdf, 0xfc, 0xcc, 0xcc,
    0xcc, 0xcc, 0x0, 0x0, 0xa, 0xf7, 0x0, 0x9,
    0x80, 0x0, 0x0, 0x0, 0x5, 0xfd, 0x0, 0x0,
    0xfd, 0x0, 0x0, 0x0, 0x2, 0xff, 0x40, 0x0,
    0xf, 0xd0, 0x0, 0x0, 0x1, 0xdf, 0xd0, 0x5a,
    0xaa, 0xff, 0xaa, 0xa3, 0x3, 0xef, 0xfd, 0x9,
    0xff, 0xff, 0xff, 0xff, 0x60, 0x1f, 0x9f, 0xd0,
    0x0, 0x0, 0xfd, 0x0, 0x0, 0x0, 0x20, 0xfd,
    0x0, 0x0, 0xf, 0xd0, 0x0, 0x0, 0x0, 0xf,
    0xd0, 0x0, 0x0, 0xfd, 0x0, 0x0, 0x0, 0x0,
    0xfd, 0x0, 0x0, 0xf, 0xd0, 0x0, 0x0, 0x0,
    0xf, 0xd3, 0xdd, 0xdd, 0xff, 0xdd, 0xdd, 0x0,
    0x0, 0xfd, 0x3f, 0xff, 0xff, 0xff, 0xff, 0xf0,

    /* U+5730 "地" */
    0x0, 0x2f, 0x90, 0x0, 0x0, 0x1f, 0xa0, 0x0,
    0x0, 0x2, 0xf9, 0x0, 0x7b, 0x1, 0xfa, 0x0,
    0x0, 0x0, 0x2f, 0x90, 0xa, 0xf1, 0x1f, 0xa0,
    0x76, 0x1, 0xab, 0xfd, 0xa3, 0xaf, 0x11, 0xfe,
    0xef, 0xf0, 0x2f, 0xff, 0xff, 0x6a, 0xf5, 0xaf,
    0xfd, 0xef, 0x0, 0x13, 0xfa, 0x11, 0xcf, 0xff,
    0xfb, 0xc, 0xf0, 0x0, 0x2f, 0x92, 0xef, 0xfa,
    0x4f, 0xa0, 0xcf, 0x0, 0x2, 0xf9, 0xc, 0xef,
    0x11, 0xfa, 0xc, 0xf0, 0x0, 0x2f, 0x90, 0xa,
    0xf1, 0x1f, 0xa0, 0xce, 0x0, 0x2, 0xfc, 0xc6,
    0xaf, 0x11, 0xfa, 0x9f, 0xd0, 0x2, 0x9f, 0xff,
    0x6a, 0xf1, 0x1f, 0xaa, 0xc4, 0x3, 0xff, 0xf8,
    0x10, 0xaf, 0x11, 0xf9, 0x0, 0x40, 0xb, 0x71,
    0x0, 0xa, 0xf1, 0x0, 0x0, 0xf, 0xa0, 0x0,
    0x0, 0x0, 0x8f, 0xca, 0xaa, 0xac, 0xf8, 0x0,
    0x0, 0x0, 0x1, 0xbf, 0xff, 0xff, 0xfb, 0x10,

    /* U+5747 "均" */
    0x0, 0x0, 0x0, 0x0, 0x10, 0x0, 0x0, 0x0,
    0x0, 0x1, 0xfb, 0x0, 0x9, 0xf5, 0x0, 0x0,
    0x0, 0x0, 0x1f, 0xb0, 0x0, 0xef, 0x10, 0x0,
    0x0, 0x0, 0x1, 0xfb, 0x0, 0x5f, 0xfb, 0xbb,
    0xbb, 0xb3, 0x9, 0x9f, 0xe9, 0x4d, 0xff, 0xff,
    0xff, 0xff, 0x40, 0xff, 0xff, 0xfe, 0xfc, 0x0,
    0x0, 0xa, 0xf3, 0x3, 0x4f, 0xc7, 0xff, 0x30,
    0x0, 0x0, 0xaf, 0x20, 0x1, 0xfb, 0x5, 0x9f,
    0xff, 0xfe, 0xb, 0xf2, 0x0, 0x1f, 0xb0, 0x1,
    0x99, 0x99, 0x80, 0xbf, 0x10, 0x1, 0xfb, 0x1,
    0x0, 0x0, 0x0, 0xc, 0xf0, 0x0, 0x1f, 0xed,
    0xb0, 0x0, 0x16, 0xb2, 0xdf, 0x1, 0x7d, 0xff,
    0xe8, 0x27, 0xcf, 0xfd, 0x3f, 0xe0, 0x1f, 0xfa,
    0x40, 0xc, 0xfe, 0x83, 0x1, 0xfc, 0x0, 0x30,
    0x0, 0x0, 0x33, 0x0, 0x0, 0x5f, 0xa0, 0x0,
    0x0, 0x0, 0x0, 0x0, 0x4d, 0xcf, 0xf6, 0x0,
    0x0, 0x0, 0x0, 0x0, 0x0, 0xff, 0xf9, 0x0,
    0x0, 0x0, 0x0, 0x0, 0x0, 0x0, 0x0, 0x0,
    0x0,

    /* U+57DF "域" */
    0x0, 0xcf, 0x0, 0x0, 0x0, 0xe, 0xd5, 0xd3,
    0x0, 0xc, 0xf0, 0x0, 0x0, 0x0, 0xed, 0x1b,
    0xd0, 0x0, 0xcf, 0x6, 0xff, 0xff, 0xff, 0xff,
    0xff, 0x41, 0x5d, 0xf5, 0x5a, 0xaa, 0xaa, 0xff,
    0xaa, 0xa2, 0x6f, 0xff, 0xf4, 0x11, 0x11, 0xc,
    0xe0, 0x0, 0x2, 0x6d, 0xf6, 0x1f, 0xff, 0xf6,
    0xbf, 0xc, 0xc0, 0x0, 0xcf, 0x0, 0xf9, 0x5f,
    0x6a, 0xf2, 0xfa, 0x0, 0xc, 0xf0, 0xf, 0x60,
    0xf6, 0x9f, 0x9f, 0x40, 0x0, 0xcf, 0x0, 0xfa,
    0x6f, 0x67, 0xff, 0xd0, 0x0, 0xc, 0xf6, 0x4f,
    0xff, 0xf6, 0x5f, 0xf6, 0x0, 0x1, 0xdf, 0xf9,
    0x1, 0x12, 0x53, 0xfe, 0x0, 0x4, 0xff, 0xe7,
    0x68, 0xbe, 0xff, 0xcf, 0xd0, 0x20, 0x1c, 0x60,
    0xb, 0xfb, 0x85, 0xcf, 0xef, 0x2c, 0x70, 0x0,
    0x0, 0x10, 0x2, 0xdf, 0x83, 0xfe, 0xf5, 0x0,
    0x0, 0x0, 0x0, 0x8, 0x60, 0x7, 0xfc, 0x0,

    /* U+5831 "報" */
    0x0, 0x2, 0xf9, 0x0, 0xe, 0xff, 0xff, 0xfc,
    0x0, 0x9f, 0xff, 0xff, 0xd0, 0xee, 0x99, 0x9f,
    0xc0, 0x5, 0x89, 0xfc, 0x87, 0xe, 0xb0, 0x0,
    0xec, 0x0, 0x0, 0x2f, 0x90, 0x0, 0xeb, 0x0,
    0xe, 0xc0, 0x2d, 0xdd, 0xfe, 0xdd, 0x6e, 0xb0,
    0xef, 0xfa, 0x2, 0xbf, 0xdb, 0xbf, 0xd5, 0xeb,
    0x5, 0x76, 0x0, 0x0, 0xdb, 0x2, 0xf6, 0xe,
    0xfc, 0xcc, 0xdb, 0x10, 0x7c, 0xf8, 0xbf, 0x92,
    0xef, 0xf8, 0x6e, 0xf0, 0xe, 0xff, 0xff, 0xff,
    0x4e, 0xcf, 0x70, 0xfb, 0x0, 0x0, 0x2f, 0x90,
    0x0, 0xeb, 0xae, 0x5f, 0x60, 0x6, 0x89, 0xfc,
    0x88, 0xe, 0xb3, 0xff, 0xf1, 0x0, 0xcf, 0xff,
    0xff, 0xf1, 0xeb, 0xb, 0xf9, 0x0, 0x0, 0x2,
    0xf9, 0x0, 0xe, 0xb2, 0xef, 0xe3, 0x0, 0x0,
    0x2f, 0x90, 0x0, 0xed, 0xef, 0x7f, 0xf5, 0x0,
    0x1, 0xf8, 0x0, 0xe, 0xcc, 0x40, 0x3c, 0x10,
    0x0, 0x0, 0x0, 0x0, 0x0, 0x0, 0x0, 0x0,

    /* U+5834 "場" */
    0x0, 0xaf, 0x10, 0xd, 0xff, 0xff, 0xff, 0xf4,
    0x0, 0xa, 0xf1, 0x0, 0xde, 0x44, 0x44, 0x9f,
    0x40, 0x0, 0xaf, 0x10, 0xd, 0xfe, 0xee, 0xef,
    0xf4, 0x6, 0xff, 0xff, 0xb0, 0xde, 0x44, 0x44,
    0x9f, 0x40, 0x6f, 0xff, 0xfb, 0xd, 0xe5, 0x55,
    0x59, 0xf4, 0x0, 0x2b, 0xf3, 0x10, 0xcf, 0xff,
    0xff, 0xff, 0x40, 0x0, 0xaf, 0x13, 0x55, 0x55,
    0x55, 0x55, 0x55, 0x0, 0xa, 0xf1, 0xbf, 0xff,
    0xff, 0xff, 0xff, 0xf1, 0x0, 0xaf, 0x23, 0x1b,
    0xf5, 0x22, 0x22, 0x22, 0x0, 0xb, 0xff, 0xc9,
    0xff, 0xff, 0xff, 0xff, 0xf0, 0x5d, 0xff, 0xef,
    0xf9, 0x9f, 0xb9, 0xf9, 0xdf, 0x7, 0xfa, 0x32,
    0xb5, 0x3e, 0xd1, 0xbe, 0xd, 0xd0, 0x1, 0x0,
    0x0, 0x7f, 0xe2, 0x7f, 0x50, 0xfb, 0x0, 0x0,
    0x0, 0x6f, 0xc1, 0x7f, 0xa6, 0x9f, 0x80, 0x0,
    0x0, 0x0, 0x20, 0xa, 0xb0, 0xdf, 0xd1, 0x0,
    0x0, 0x0, 0x0, 0x0, 0x0, 0x0, 0x0, 0x0,

    /* U+58F0 "声" */
    0x0, 0x0, 0x0, 0xc, 0xf2, 0x0, 0x0, 0x0,
    0x3f, 0xff, 0xff, 0xff, 0xff, 0xff, 0xff, 0xf9,
    0x18, 0x88, 0x88, 0x8e, 0xf8, 0x88, 0x88, 0x84,
    0x0, 0x11, 0x11, 0x1c, 0xf2, 0x11, 0x11, 0x10,
    0x2, 0xff, 0xff, 0xff, 0xff, 0xff, 0xff, 0xd0,
    0x1, 0x77, 0x77, 0x77, 0x77, 0x77, 0x77, 0x50,
    0x0, 0x7a, 0x99, 0x99, 0x99, 0x99, 0x99, 0x70,
    0x0, 0xcf, 0xee, 0xef, 0xfe, 0xee, 0xef, 0xd0,
    0x0, 0xcf, 0x0, 0xb, 0xf0, 0x0, 0xf, 0xd0,
    0x0, 0xcf, 0x0, 0xb, 0xf0, 0x0, 0xf, 0xd0,
    0x0, 0xef, 0xff, 0xff, 0xff, 0xff, 0xff, 0xd0,
    0x1, 0xfd, 0x88, 0x88, 0x88, 0x88, 0x8f, 0xd0,
    0x7, 0xf7, 0x0, 0x0, 0x0, 0x0, 0x7, 0x60,
    0x1e, 0xf1, 0x0, 0x0, 0x0, 0x0, 0x0, 0x0,
    0xaf, 0x80, 0x0, 0x0, 0x0, 0x0, 0x0, 0x0,
    0x8, 0x0, 0x0, 0x0, 0x0, 0x0, 0x0, 0x0,

    /* U+591A "多" */
    0x0, 0x0, 0x0, 0x43, 0x0, 0x0, 0x0, 0x0,
    0x0, 0x0, 0x6, 0xff, 0x30, 0x1, 0x0, 0x0,
    0x0, 0x0, 0x9f, 0xff, 0xff, 0xff, 0x80, 0x0,
    0x0, 0x7e, 0xfb, 0x77, 0x78, 0xff, 0x40, 0x0,
    0x5f, 0xff, 0xfc, 0x30, 0x1c, 0xf7, 0x0, 0x0,
    0x9, 0x50, 0x6f, 0xfa, 0xef, 0x70, 0x0, 0x0,
    0x0, 0x0, 0x7, 0xff, 0xec, 0x50, 0x0, 0x0,
    0x0, 0x38, 0xef, 0xf9, 0xcf, 0xb0, 0x0, 0x0,
    0x8f, 0xff, 0xd7, 0x4d, 0xff, 0xff, 0xff, 0xb0,
    0x3b, 0x73, 0x2a, 0xff, 0xa9, 0x99, 0xdf, 0xb0,
    0x0, 0x5b, 0xff, 0xfb, 0x10, 0x2, 0xff, 0x20,
    0x0, 0x6f, 0xa4, 0xaf, 0xe4, 0x3e, 0xf6, 0x0,
    0x0, 0x1, 0x0, 0x5, 0xff, 0xff, 0x60, 0x0,
    0x0, 0x0, 0x0, 0x38, 0xff, 0xd3, 0x0, 0x0,
    0x1, 0x47, 0xae, 0xff, 0xd6, 0x0, 0x0, 0x0,
    0x2, 0xff, 0xfd, 0x94, 0x0, 0x0, 0x0, 0x0,
    0x0, 0x54, 0x10, 0x0, 0x0, 0x0, 0x0, 0x0,

    /* U+5929 "天" */
    0x17, 0x77, 0x77, 0x77, 0x77, 0x77, 0x77, 0x75,
    0x4, 0xff, 0xff, 0xff, 0xff, 0xff, 0xff, 0xff,
    0xd0, 0x17, 0x77, 0x77, 0x7e, 0xf8, 0x77, 0x77,
    0x75, 0x0, 0x0, 0x0, 0x0, 0xdf, 0x10, 0x0,
    0x0, 0x0, 0x0, 0x0, 0x0, 0xd, 0xf1, 0x0,
    0x0, 0x0, 0x0, 0x0, 0x0, 0x0, 0xdf, 0x10,
    0x0, 0x0, 0x0, 0xb, 0xff, 0xff, 0xff, 0xff,
    0xff, 0xff, 0xf5, 0x0, 0xae, 0xee, 0xee, 0xff,
    0xfe, 0xee, 0xee, 0x50, 0x0, 0x0, 0x0, 0x4f,
    0xfd, 0x0, 0x0, 0x0, 0x0, 0x0, 0x0, 0xb,
    0xff, 0xf5, 0x0, 0x0, 0x0, 0x0, 0x0, 0x5,
    0xff, 0x5f, 0xe1, 0x0, 0x0, 0x0, 0x0, 0x4,
    0xff, 0x70, 0xaf, 0xd1, 0x0, 0x0, 0x0, 0x8,
    0xff, 0x90, 0x0, 0xdf, 0xe5, 0x0, 0x2, 0x8e,
    0xff, 0x70, 0x0, 0x1, 0xcf, 0xfd, 0x71, 0x3f,
    0xfa, 0x20, 0x0, 0x0, 0x0, 0x7e, 0xfb, 0x0,
    0x42, 0x0, 0x0, 0x0, 0x0, 0x0, 0x5, 0x10,

    /* U+5931 "失" */
    0x0, 0x7, 0xb4, 0x8, 0xf6, 0x0, 0x0, 0x0,
    0x0, 0x0, 0xdf, 0x30, 0x8f, 0x60, 0x0, 0x0,
    0x0, 0x0, 0x4f, 0xfc, 0xce, 0xfe, 0xcc, 0xcc,
    0x80, 0x0, 0xc, 0xff, 0xff, 0xff, 0xff, 0xff,
    0xfb, 0x0, 0x6, 0xfd, 0x10, 0x9, 0xf6, 0x0,
    0x0, 0x0, 0x0, 0xdf, 0x40, 0x0, 0x8f, 0x50,
    0x0, 0x0, 0x0, 0x0, 0x40, 0x0, 0x9, 0xf5,
    0x0, 0x0, 0x0, 0x2, 0xee, 0xee, 0xee, 0xff,
    0xee, 0xee, 0xee, 0xe2, 0x2f, 0xff, 0xff, 0xff,
    0xff, 0xff, 0xff, 0xff, 0x20, 0x0, 0x0, 0x6,
    0xff, 0xf5, 0x0, 0x0, 0x0, 0x0, 0x0, 0x1,
    0xef, 0x8f, 0xe1, 0x0, 0x0, 0x0, 0x0, 0x1,
    0xdf, 0xc0, 0x8f, 0xd1, 0x0, 0x0, 0x0, 0x5,
    0xef, 0xd1, 0x0, 0xbf, 0xe6, 0x0, 0x1, 0x7d,
    0xff, 0xb1, 0x0, 0x0, 0xaf, 0xfe, 0x82, 0xd,
    0xfc, 0x40, 0x0, 0x0, 0x0, 0x4c, 0xff, 0x20,
    0x23, 0x0, 0x0, 0x0, 0x0, 0x0, 0x3, 0x40,

    /* U+5B58 "存" */
    0x0, 0x0, 0x0, 0x20, 0x0, 0x0, 0x0, 0x0,
    0x0, 0x0, 0x0, 0xe, 0xf1, 0x0, 0x0, 0x0,
    0x0, 0x0, 0x0, 0x4, 0xfd, 0x0, 0x0, 0x0,
    0x0, 0x0, 0xff, 0xff, 0xff, 0xff, 0xff, 0xff,
    0xff, 0xf1, 0xb, 0xbb, 0xcf, 0xfb, 0xbb, 0xbb,
    0xbb, 0xbb, 0x0, 0x0, 0xa, 0xf8, 0x0, 0x0,
    0x0, 0x0, 0x0, 0x0, 0x4, 0xfe, 0xb, 0xff,
    0xff, 0xff, 0xd1, 0x0, 0x1, 0xff, 0x50, 0x8b,
    0xbb, 0xbf, 0xf9, 0x0, 0x1, 0xcf, 0xd0, 0x0,
    0x0, 0x19, 0xf9, 0x0, 0x2, 0xdf, 0xfd, 0x0,
    0x0, 0xb, 0xf8, 0x0, 0x0, 0x4f, 0xcf, 0xd1,
    0xaa, 0xaa, 0xef, 0xba, 0xaa, 0x30, 0x61, 0xfd,
    0x2f, 0xff, 0xff, 0xff, 0xff, 0xf5, 0x0, 0xf,
    0xd0, 0x0, 0x0, 0xbf, 0x30, 0x0, 0x0, 0x0,
    0xfd, 0x0, 0x0, 0xb, 0xf2, 0x0, 0x0, 0x0,
    0xf, 0xd0, 0x1, 0xaa, 0xef, 0x20, 0x0, 0x0,
    0x0, 0xfd, 0x0, 0xe, 0xff, 0x90, 0x0, 0x0,
    0x0, 0x0, 0x0, 0x0, 0x0, 0x0, 0x0, 0x0,
    0x0,

    /* U+5B9A "定" */
    0x0, 0x0, 0x0, 0xb, 0xf3, 0x0, 0x0, 0x0,
    0x0, 0x46, 0x66, 0x66, 0xdf, 0x86, 0x66, 0x66,
    0x40, 0xb, 0xff, 0xff, 0xff, 0xff, 0xff, 0xff,
    0xfd, 0x0, 0xbf, 0x65, 0x55, 0x55, 0x55, 0x55,
    0x6f, 0xd0, 0xb, 0xf1, 0x0, 0x0, 0x0, 0x0,
    0x1, 0xfd, 0x0, 0x8b, 0x5f, 0xff, 0xff, 0xff,
    0xff, 0x2b, 0x90, 0x0, 0x3, 0xbb, 0xbe, 0xfc,
    0xbb, 0xb0, 0x0, 0x0, 0x0, 0x22, 0x0, 0xbf,
    0x30, 0x0, 0x0, 0x0, 0x0, 0xb, 0xf2, 0xb,
    0xf4, 0x0, 0x0, 0x0, 0x0, 0x0, 0xef, 0x0,
    0xbf, 0xff, 0xff, 0xf4, 0x0, 0x0, 0x2f, 0xf2,
    0xb, 0xfb, 0xaa, 0xaa, 0x20, 0x0, 0x8, 0xff,
    0xc1, 0xbf, 0x30, 0x0, 0x0, 0x0, 0x2, 0xff,
    0x8f, 0xed, 0xf3, 0x0, 0x0, 0x0, 0x1, 0xdf,
    0x70, 0x7f, 0xff, 0xfd, 0xdd, 0xdd, 0xd2, 0x2d,
    0xb0, 0x0, 0x28, 0xce, 0xff, 0xff, 0xfe, 0x0,
    0x0, 0x0, 0x0, 0x0, 0x0, 0x0, 0x0, 0x0,

    /* U+5B9F "実" */
    0x0, 0x0, 0x0, 0x7, 0xf6, 0x0, 0x0, 0x0,
    0x0, 0xbf, 0xff, 0xff, 0xff, 0xff, 0xff, 0xff,
    0xb0, 0xc, 0xfa, 0xaa, 0xaa, 0xaa, 0xaa, 0xab,
    0xfc, 0x0, 0xcf, 0x0, 0x0, 0x7e, 0x40, 0x0,
    0x2f, 0xc0, 0x8, 0xcb, 0xbb, 0xbd, 0xfd, 0xbb,
    0xbc, 0xd8, 0x0, 0x3, 0xcc, 0xcc, 0xef, 0xdc,
    0xcc, 0xc4, 0x0, 0x0, 0x1, 0x11, 0x18, 0xf6,
    0x11, 0x11, 0x0, 0x0, 0x0, 0xff, 0xff, 0xff,
    0xff, 0xff, 0xf1, 0x0, 0x0, 0x6, 0x66, 0x6c,
    0xf9, 0x66, 0x66, 0x0, 0x0, 0x88, 0x88, 0x88,
    0xdf, 0xa8, 0x88, 0x88, 0x80, 0xe, 0xff, 0xff,
    0xff, 0xff, 0xff, 0xff, 0xff, 0x0, 0x0, 0x0,
    0x3e, 0xfa, 0xfb, 0x10, 0x0, 0x0, 0x0, 0x1,
    0x7f, 0xf7, 0xa, 0xfc, 0x30, 0x0, 0x0, 0x5a,
    0xff, 0xe4, 0x0, 0x9, 0xff, 0xd9, 0x50, 0xa,
    0xfc, 0x60, 0x0, 0x0, 0x3, 0xaf, 0xfa, 0x0,
    0x2, 0x0, 0x0, 0x0, 0x0, 0x0, 0x3, 0x10,

    /* U+5BA2 "客" */
    0x0, 0x0, 0x0, 0xb, 0xf3, 0x0, 0x0, 0x0,
    0x0, 0xcf, 0xff, 0xff, 0xff, 0xff, 0xff, 0xff,
    0xc0, 0xc, 0xfb, 0xbb, 0xdb, 0xbb, 0xbb, 0xbb,
    0xfc, 0x0, 0xcf, 0x0, 0x6f, 0xc1, 0x11, 0x20,
    0x1f, 0xc0, 0x8, 0xa0, 0x6f, 0xff, 0xff, 0xff,
    0xd2, 0xa8, 0x0, 0x2, 0xbf, 0xfd, 0x55, 0x5d,
    0xfa, 0x0, 0x0, 0x2, 0xff, 0x9a, 0xfc, 0x4c,
    0xfb, 0x0, 0x0, 0x0, 0x4, 0x30, 0xa, 0xff,
    0xfb, 0x0, 0x0, 0x0, 0x0, 0x1, 0x6b, 0xff,
    0xef, 0xfe, 0x95, 0x20, 0x2, 0x9d, 0xff, 0xfb,
    0x40, 0x3a, 0xff, 0xff, 0xf2, 0xe, 0xeb, 0xff,
    0xff, 0xff, 0xff, 0xfb, 0xb7, 0x0, 0x10, 0x1f,
    0xe9, 0x99, 0x99, 0xcf, 0x60, 0x0, 0x0, 0x1,
    0xfb, 0x0, 0x0, 0x7, 0xf6, 0x0, 0x0, 0x0,
    0x1f, 0xe8, 0x88, 0x88, 0xbf, 0x60, 0x0, 0x0,
    0x1, 0xff, 0xff, 0xff, 0xff, 0xf6, 0x0, 0x0,
    0x0, 0x0, 0x0, 0x0, 0x0, 0x0, 0x0, 0x0,

    /* U+5BA4 "室" */
    0x2, 0x33, 0x33, 0x3c, 0xf5, 0x33, 0x33, 0x32,
    0x0, 0xef, 0xff, 0xff, 0xff, 0xff, 0xff, 0xff,
    0xf0, 0xe, 0xe7, 0x77, 0x77, 0x77, 0x77, 0x77,
    0xff, 0x0, 0xee, 0x66, 0x66, 0x66, 0x66, 0x66,
    0x6f, 0xf0, 0x0, 0x1f, 0xff, 0xff, 0xff, 0xff,
    0xff, 0x20, 0x0, 0x0, 0x22, 0xcf, 0x52, 0x27,
    0xe4, 0x20, 0x0, 0x0, 0x0, 0x2f, 0xb0, 0x0,
    0x5f, 0xf4, 0x0, 0x0, 0xc, 0xce, 0xfe, 0xee,
    0xef, 0xff, 0xf5, 0x0, 0x0, 0xcd, 0xcc, 0xbe,
    0xfb, 0x99, 0x8e, 0xe1, 0x0, 0x0, 0x0, 0x0,
    0xbf, 0x30, 0x0, 0x22, 0x0, 0x0, 0x79, 0x99,
    0x9e, 0xfb, 0x99, 0x99, 0x40, 0x0, 0xa, 0xff,
    0xff, 0xff, 0xff, 0xff, 0xf7, 0x0, 0x0, 0x0,
    0x0, 0xb, 0xf3, 0x0, 0x0, 0x0, 0x0, 0xaa,
    0xaa, 0xaa, 0xef, 0xba, 0xaa, 0xaa, 0xa0, 0xf,
    0xff, 0xff, 0xff, 0xff, 0xff, 0xff, 0xff, 0x10,

    /* U+5BFE "対" */
    0x0, 0x1, 0xfa, 0x0, 0x0, 0x0, 0x1f, 0xb0,
    0x0, 0x0, 0x1f, 0xa0, 0x0, 0x0, 0x1, 0xfb,
    0x0, 0x19, 0x9a, 0xfe, 0x99, 0x80, 0x0, 0x1f,
    0xb0, 0x1, 0xff, 0xff, 0xff, 0xff, 0x88, 0x88,
    0xfe, 0x85, 0x0, 0x0, 0x2, 0x94, 0xaf, 0xff,
    0xff, 0xff, 0x90, 0x7, 0x0, 0x6f, 0x62, 0x33,
    0x34, 0xfc, 0x32, 0x7, 0xfa, 0xa, 0xf2, 0x3,
    0x0, 0x1f, 0xb0, 0x0, 0xa, 0xf9, 0xee, 0x6,
    0xf6, 0x1, 0xfb, 0x0, 0x0, 0xc, 0xff, 0x80,
    0xe, 0xf1, 0x1f, 0xb0, 0x0, 0x0, 0x1f, 0xf5,
    0x0, 0x6f, 0x81, 0xfb, 0x0, 0x0, 0x6, 0xff,
    0xe1, 0x0, 0xa3, 0x1f, 0xb0, 0x0, 0x3, 0xff,
    0x9f, 0xa0, 0x0, 0x1, 0xfb, 0x0, 0x4, 0xff,
    0x50, 0xd6, 0x0, 0x0, 0x1f, 0xb0, 0x4, 0xff,
    0x60, 0x0, 0x0, 0x9, 0xef, 0xfa, 0x0, 0x8,
    0x40, 0x0, 0x0, 0x0, 0x4f, 0xfc, 0x20, 0x0,

    /* U+5C02 "専" */
    0x0, 0x0, 0x0, 0xb, 0xf1, 0x0, 0x0, 0x0,
    0x0, 0xff, 0xff, 0xff, 0xff, 0xff, 0xff, 0xff,
    0x80, 0x4, 0x44, 0x44, 0x4c, 0xf5, 0x44, 0x44,
    0x42, 0x0, 0x9, 0xff, 0xff, 0xff, 0xff, 0xff,
    0xf8, 0x0, 0x0, 0x9f, 0x55, 0x5d, 0xf5, 0x55,
    0x5f, 0x80, 0x0, 0x9, 0xf5, 0x55, 0xdf, 0x55,
    0x55, 0xf8, 0x0, 0x0, 0x9f, 0xee, 0xef, 0xfe,
    0xee, 0xef, 0x80, 0x0, 0x9, 0xf4, 0x33, 0xcf,
    0x43, 0x34, 0xf8, 0x0, 0x0, 0x9f, 0xff, 0xff,
    0xff, 0xff, 0xff, 0x80, 0x0, 0x0, 0x0, 0x0,
    0x0, 0x3, 0xfa, 0x0, 0x0, 0xf, 0xff, 0xff,
    0xff, 0xff, 0xff, 0xff, 0xff, 0x60, 0x88, 0x9f,
    0x98, 0x88, 0x89, 0xfd, 0x88, 0x83, 0x0, 0x5,
    0xfe, 0x30, 0x0, 0x2f, 0xa0, 0x0, 0x0, 0x0,
    0x3, 0xe9, 0x18, 0x8a, 0xfa, 0x0, 0x0, 0x0,
    0x0, 0x1, 0x0, 0xdf, 0xfd, 0x40, 0x0, 0x0,
    0x0, 0x0, 0x0, 0x0, 0x0, 0x0, 0x0, 0x0,

    /* U+5C4F "屏" */
    0x0, 0xcf, 0xff, 0xff, 0xff, 0xff, 0xff, 0xf3,
    0x0, 0xc, 0xf9, 0x88, 0x88, 0x88, 0x88, 0xdf,
    0x30, 0x0, 0xcf, 0x10, 0x0, 0x0, 0x0, 0xa,
    0xf3, 0x0, 0xc, 0xfa, 0x99, 0x99, 0x99, 0x99,
    0xdf, 0x30, 0x0, 0xcf, 0xff, 0xff, 0xff, 0xff,
    0xff, 0xf2, 0x0, 0xc, 0xf1, 0xb, 0xf2, 0x0,
    0x2f, 0xd0, 0x0, 0x0, 0xcf, 0x37, 0x9f, 0xb7,
    0x7c, 0xf9, 0x74, 0x0, 0xd, 0xf6, 0xff, 0xff,
    0xff, 0xff, 0xff, 0xb0, 0x0, 0xee, 0x1, 0x2f,
    0xb1, 0x1c, 0xf1, 0x10, 0x0, 0xf, 0xc0, 0x1,
    0xfa, 0x0, 0xcf, 0x0, 0x0, 0x3, 0xfa, 0xdf,
    0xff, 0xff, 0xff, 0xff, 0xff, 0x20, 0x7f, 0x68,
    0x9d, 0xfc, 0x99, 0xef, 0x99, 0x91, 0xc, 0xf2,
    0x2, 0xef, 0x10, 0xc, 0xf0, 0x0, 0x3, 0xfd,
    0x7, 0xff, 0x60, 0x0, 0xcf, 0x0, 0x0, 0x2b,
    0x50, 0x5d, 0x50, 0x0, 0xc, 0xf0, 0x0, 0x0,
    0x0, 0x0, 0x0, 0x0, 0x0, 0x0, 0x0, 0x0,

    /* U+5C71 "山" */
    0x0, 0x0, 0x0, 0x1f, 0xd0, 0x0, 0x0, 0x0,
    0x0, 0x0, 0x1, 0xfd, 0x0, 0x0, 0x0, 0x0,
    0x0, 0x0, 0x1f, 0xd0, 0x0, 0x0, 0x1, 0x75,
    0x0, 0x1, 0xfd, 0x0, 0x0, 0x76, 0x2f, 0xb0,
    0x0, 0x1f, 0xd0, 0x0, 0xf, 0xd2, 0xfb, 0x0,
    0x1, 0xfd, 0x0, 0x0, 0xfd, 0x2f, 0xb0, 0x0,
    0x1f, 0xd0, 0x0, 0xf, 0xd2, 0xfb, 0x0, 0x1,
    0xfd, 0x0, 0x0, 0xfd, 0x2f, 0xb0, 0x0, 0x1f,
    0xd0, 0x0, 0xf, 0xd2, 0xfb, 0x0, 0x1, 0xfd,
    0x0, 0x0, 0xfd, 0x2f, 0xb0, 0x0, 0x1f, 0xd0,
    0x0, 0xf, 0xd2, 0xfb, 0x0, 0x1, 0xfd, 0x0,
    0x0, 0xfd, 0x2f, 0xff, 0xff, 0xff, 0xff, 0xff,
    0xff, 0xd2, 0xff, 0xee, 0xee, 0xee, 0xee, 0xee,
    0xfd, 0x2f, 0xb0, 0x0, 0x0, 0x0, 0x0, 0xf,
    0xc0,

    /* U+5DE6 "左" */
    0x0, 0x0, 0x0, 0x86, 0x0, 0x0, 0x0, 0x0,
    0x0, 0x0, 0x0, 0x1f, 0xd0, 0x0, 0x0, 0x0,
    0x0, 0x0, 0x0, 0x4, 0xfa, 0x0, 0x0, 0x0,
    0x0, 0x0, 0xab, 0xbb, 0xdf, 0xdb, 0xbb, 0xbb,
    0xbb, 0xa0, 0xf, 0xff, 0xff, 0xff, 0xff, 0xff,
    0xff, 0xff, 0x0, 0x11, 0x11, 0xfe, 0x11, 0x11,
    0x11, 0x11, 0x10, 0x0, 0x0, 0x4f, 0xa0, 0x0,
    0x0, 0x0, 0x0, 0x0, 0x0, 0x9, 0xf5, 0x0,
    0x0, 0x0, 0x0, 0x0, 0x0, 0x0, 0xff, 0xdd,
    0xdd, 0xdd, 0xdd, 0xd7, 0x0, 0x0, 0x6f, 0xae,
    0xee, 0xff, 0xfe, 0xee, 0x80, 0x0, 0xe, 0xf2,
    0x0, 0x9, 0xf4, 0x0, 0x0, 0x0, 0x8, 0xf9,
    0x0, 0x0, 0x9f, 0x40, 0x0, 0x0, 0x4, 0xfe,
    0x10, 0x0, 0x9, 0xf4, 0x0, 0x0, 0x3, 0xff,
    0x40, 0x0, 0x0, 0x9f, 0x40, 0x0, 0x0, 0x2f,
    0x70, 0xde, 0xee, 0xef, 0xff, 0xee, 0xee, 0x30,
    0x20, 0xe, 0xff, 0xff, 0xff, 0xff, 0xff, 0xf4,

    /* U+5DF2 "已" */
    0xaf, 0xff, 0xff, 0xff, 0xff, 0xff, 0xf0, 0x0,
    0x8d, 0xdd, 0xdd, 0xdd, 0xdd, 0xdf, 0xf0, 0x0,
    0x0, 0x0, 0x0, 0x0, 0x0, 0xf, 0xf0, 0x0,
    0x2, 0x30, 0x0, 0x0, 0x0, 0xf, 0xf0, 0x0,
    0xe, 0xf0, 0x0, 0x0, 0x0, 0xf, 0xf0, 0x0,
    0xe, 0xf0, 0x0, 0x0, 0x0, 0xf, 0xf0, 0x0,
    0xe, 0xfc, 0xcc, 0xcc, 0xcc, 0xcf, 0xf0, 0x0,
    0xe, 0xff, 0xff, 0xff, 0xff, 0xff, 0xf0, 0x0,
    0xe, 0xf0, 0x0, 0x0, 0x0, 0xc, 0xd0, 0x0,
    0xe, 0xf0, 0x0, 0x0, 0x0, 0x0, 0x0, 0x0,
    0xe, 0xf0, 0x0, 0x0, 0x0, 0x0, 0x8, 0x50,
    0xe, 0xf0, 0x0, 0x0, 0x0, 0x0, 0xd, 0xf1,
    0xd, 0xf1, 0x0, 0x0, 0x0, 0x0, 0x3f, 0xe0,
    0xa, 0xff, 0xdd, 0xdd, 0xdd, 0xdd, 0xff, 0x80,
    0x1, 0xae, 0xff, 0xff, 0xff, 0xff, 0xe8, 0x0,

    /* U+5E74 "年" */
    0x0, 0x0, 0x85, 0x0, 0x0, 0x0, 0x0, 0x0,
    0x0, 0x4, 0xfb, 0x0, 0x0, 0x0, 0x0, 0x0,
    0x0, 0xc, 0xfd, 0xbb, 0xbb, 0xbb, 0xbb, 0xb1,
    0x0, 0x5f, 0xff, 0xff, 0xff, 0xff, 0xff, 0xf2,
    0x1, 0xef, 0x41, 0x11, 0xdf, 0x21, 0x11, 0x10,
    0xc, 0xf9, 0x0, 0x0, 0xdf, 0x10, 0x0, 0x0,
    0x2d, 0xc8, 0xaa, 0xaa, 0xff, 0xba, 0xaa, 0x70,
    0x0, 0x1b, 0xff, 0xff, 0xff, 0xff, 0xff, 0xb0,
    0x0, 0xb, 0xf1, 0x0, 0xdf, 0x20, 0x0, 0x0,
    0x0, 0xb, 0xf1, 0x0, 0xdf, 0x10, 0x0, 0x0,
    0x0, 0xb, 0xf1, 0x0, 0xdf, 0x10, 0x0, 0x0,
    0x7f, 0xff, 0xff, 0xff, 0xff, 0xff, 0xff, 0xff,
    0x5c, 0xcc, 0xcc, 0xcc, 0xff, 0xcc, 0xcc, 0xcc,
    0x0, 0x0, 0x0, 0x0, 0xdf, 0x10, 0x0, 0x0,
    0x0, 0x0, 0x0, 0x0, 0xdf, 0x10, 0x0, 0x0,
    0x0, 0x0, 0x0, 0x0, 0xdf, 0x10, 0x0, 0x0,

    /* U+5E95 "底" */
    0x0, 0x0, 0x0, 0x0, 0xef, 0x20, 0x0, 0x0,
    0x0, 0xc, 0xfd, 0xdd, 0xdf, 0xfe, 0xdd, 0xdd,
    0xd3, 0x0, 0xef, 0xcc, 0xcc, 0xcc, 0xcc, 0xcc,
    0xcc, 0x30, 0xe, 0xd0, 0x10, 0x0, 0x35, 0x8c,
    0xe2, 0x0, 0x0, 0xed, 0xb, 0xee, 0xff, 0xff,
    0xda, 0x50, 0x0, 0xe, 0xd0, 0xbf, 0x87, 0x5b,
    0xf2, 0x0, 0x0, 0x0, 0xed, 0xb, 0xf0, 0x0,
    0x9f, 0x30, 0x0, 0x0, 0xe, 0xc0, 0xbf, 0xff,
    0xff, 0xff, 0xff, 0xf2, 0x0, 0xfc, 0xb, 0xfa,
    0xaa, 0xcf, 0xda, 0xaa, 0x20, 0xf, 0xa0, 0xbf,
    0x0, 0x3, 0xf8, 0x0, 0x0, 0x2, 0xf8, 0xb,
    0xf1, 0x35, 0x4f, 0xc0, 0x0, 0x0, 0x5f, 0x6c,
    0xff, 0xff, 0xf8, 0xcf, 0x10, 0x91, 0xa, 0xf2,
    0xcc, 0xa8, 0x53, 0x16, 0xf7, 0x2f, 0x40, 0xfd,
    0x7, 0x99, 0x99, 0x99, 0x5d, 0xfd, 0xf1, 0x2d,
    0x70, 0xdf, 0xff, 0xff, 0xf8, 0x2d, 0xf8, 0x0,
    0x0, 0x0, 0x0, 0x0, 0x0, 0x0, 0x0, 0x0,

    /* U+5EA6 "度" */
    0x0, 0x0, 0x0, 0x0, 0x9f, 0x40, 0x0, 0x0,
    0x0, 0xc, 0xfe, 0xee, 0xef, 0xfe, 0xee, 0xee,
    0xe5, 0x0, 0xef, 0xbb, 0xbb, 0xbb, 0xbb, 0xbb,
    0xbb, 0x40, 0xe, 0xd0, 0x0, 0xb7, 0x0, 0xb,
    0x80, 0x0, 0x0, 0xed, 0x48, 0x8f, 0xd8, 0x88,
    0xfd, 0x88, 0x20, 0xe, 0xd7, 0xff, 0xff, 0xff,
    0xff, 0xff, 0xf3, 0x0, 0xed, 0x0, 0x1f, 0xa0,
    0x1, 0xfb, 0x0, 0x0, 0xe, 0xd0, 0x1, 0xfe,
    0xbb, 0xbf, 0xb0, 0x0, 0x0, 0xfc, 0x0, 0xb,
    0xbb, 0xbb, 0xb7, 0x0, 0x0, 0xf, 0xb5, 0x77,
    0x77, 0x77, 0x77, 0x76, 0x0, 0x2, 0xf9, 0xaf,
    0xff, 0xff, 0xff, 0xff, 0xf1, 0x0, 0x5f, 0x60,
    0x5, 0xfb, 0x0, 0x2d, 0xf5, 0x0, 0x9, 0xf3,
    0x0, 0x7, 0xfe, 0x9f, 0xf5, 0x0, 0x0, 0xee,
    0x0, 0x13, 0x7e, 0xff, 0xfc, 0x52, 0x0, 0x3f,
    0x90, 0xef, 0xff, 0xd8, 0x6c, 0xff, 0xff, 0x40,
    0x32, 0x7, 0x85, 0x10, 0x0, 0x1, 0x58, 0x80,

    /* U+5F53 "当" */
    0x0, 0x20, 0x0, 0xbf, 0x40, 0x0, 0x51, 0x1,
    0xfe, 0x0, 0xb, 0xf4, 0x0, 0x3f, 0xf0, 0x8,
    0xf8, 0x0, 0xbf, 0x40, 0xa, 0xf7, 0x0, 0xe,
    0xf1, 0xb, 0xf4, 0x3, 0xfe, 0x0, 0x0, 0x8c,
    0x30, 0xbf, 0x40, 0x8f, 0x40, 0x0, 0x34, 0x44,
    0x4c, 0xf7, 0x44, 0x54, 0x30, 0xf, 0xff, 0xff,
    0xff, 0xff, 0xff, 0xff, 0x0, 0x99, 0x99, 0x99,
    0x99, 0x99, 0x9f, 0xf0, 0x0, 0x0, 0x0, 0x0,
    0x0, 0x0, 0xff, 0x0, 0x5d, 0xdd, 0xdd, 0xdd,
    0xdd, 0xdf, 0xf0, 0x6, 0xff, 0xff, 0xff, 0xff,
    0xff, 0xff, 0x0, 0x0, 0x0, 0x0, 0x0, 0x0,
    0xf, 0xf0, 0x0, 0x0, 0x0, 0x0, 0x0, 0x0,
    0xff, 0x5, 0xff, 0xff, 0xff, 0xff, 0xff, 0xff,
    0xf0, 0x4c, 0xcc, 0xcc, 0xcc, 0xcc, 0xcc, 0xff,
    0x0,

    /* U+5F62 "形" */
    0x0, 0x0, 0x0, 0x0, 0x0, 0x0, 0x5, 0x81,
    0x5, 0xff, 0xff, 0xff, 0xff, 0x90, 0x3, 0xff,
    0x30, 0x5f, 0xff, 0xff, 0xff, 0xf9, 0x3, 0xef,
    0x60, 0x1, 0x4b, 0xf5, 0x4c, 0xf5, 0x25, 0xff,
    0x70, 0x0, 0x0, 0x9f, 0x10, 0xbf, 0x14, 0xff,
    0x60, 0x0, 0x0, 0x9, 0xf1, 0xb, 0xf1, 0x6,
    0x30, 0x3, 0x0, 0x0, 0x9f, 0x10, 0xbf, 0x10,
    0x0, 0x8, 0xf9, 0x7, 0xbe, 0xfc, 0xbe, 0xfb,
    0x90, 0x9, 0xfc, 0x0, 0x9f, 0xff, 0xff, 0xff,
    0xfb, 0x2c, 0xfb, 0x0, 0x0, 0xa, 0xf0, 0xb,
    0xf1, 0x1e, 0xf8, 0x0, 0x0, 0x0, 0xcf, 0x0,
    0xbf, 0x10, 0x33, 0x0, 0xa9, 0x10, 0xf, 0xd0,
    0xb, 0xf1, 0x0, 0x0, 0x8f, 0xc0, 0x4, 0xf9,
    0x0, 0xbf, 0x10, 0x0, 0x9f, 0xd1, 0x0, 0xbf,
    0x40, 0xb, 0xf1, 0x3, 0xdf, 0xc1, 0x0, 0x6f,
    0xc0, 0x0, 0xbf, 0x1b, 0xff, 0x80, 0x0, 0x3,
    0xd2, 0x0, 0xb, 0xf1, 0x5c, 0x30, 0x0, 0x0,
    0x0, 0x0, 0x0, 0x0, 0x0, 0x0, 0x0, 0x0,
    0x0,

    /* U+5F85 "待" */
    0x0, 0x0, 0x10, 0x0, 0x0, 0x0, 0x0, 0x0,
    0x0, 0x0, 0x7f, 0x60, 0x0, 0xe, 0xf0, 0x0,
    0x0, 0x0, 0x8f, 0xd1, 0x49, 0x99, 0xff, 0x99,
    0x96, 0x2, 0xcf, 0xd1, 0x7, 0xff, 0xff, 0xff,
    0xff, 0xa0, 0x1e, 0xb1, 0x85, 0x0, 0x0, 0xef,
    0x0, 0x0, 0x0, 0x20, 0x5f, 0xc2, 0x22, 0x2e,
    0xf2, 0x22, 0x21, 0x0, 0x3f, 0xe8, 0xff, 0xff,
    0xff, 0xff, 0xff, 0x70, 0x3e, 0xfb, 0x49, 0x99,
    0x99, 0x9d, 0xfb, 0x94, 0x4f, 0xff, 0xa0, 0x0,
    0x0, 0x0, 0x8f, 0x40, 0x3, 0xf8, 0xfa, 0x3f,
    0xff, 0xff, 0xff, 0xff, 0xf5, 0x4, 0x1f, 0xa2,
    0xbb, 0xbb, 0xbb, 0xdf, 0xcb, 0x30, 0x1, 0xfa,
    0x0, 0xbc, 0x0, 0x8, 0xf4, 0x0, 0x0, 0x1f,
    0xa0, 0x7, 0xfa, 0x0, 0x8f, 0x40, 0x0, 0x1,
    0xfa, 0x0, 0xb, 0xe1, 0x8, 0xf4, 0x0, 0x0,
    0x1f, 0xa0, 0x0, 0x10, 0x8a, 0xdf, 0x40, 0x0,
    0x1, 0xfa, 0x0, 0x0, 0x8, 0xff, 0xb0, 0x0,
    0x0, 0x0, 0x0, 0x0, 0x0, 0x0, 0x0, 0x0,
    0x0,

    /* U+5F97 "得" */
    0x0, 0x0, 0x40, 0x0, 0x0, 0x0, 0x0, 0x0,
    0x0, 0x0, 0x9f, 0x90, 0xff, 0xff, 0xff, 0xff,
    0x60, 0x0, 0x7f, 0xd0, 0xf, 0xd4, 0x44, 0x49,
    0xf6, 0x0, 0x8f, 0xd1, 0x0, 0xfd, 0x66, 0x66,
    0xaf, 0x60, 0x3f, 0xc1, 0x41, 0xf, 0xfd, 0xdd,
    0xde, 0xf6, 0x0, 0x40, 0x2f, 0xd0, 0xfd, 0x55,
    0x55, 0xaf, 0x60, 0x0, 0x1e, 0xf4, 0xf, 0xff,
    0xff, 0xff, 0xf5, 0x0, 0x2d, 0xfb, 0x2, 0x33,
    0x33, 0x33, 0x33, 0x30, 0x4e, 0xff, 0xb0, 0xef,
    0xff, 0xff, 0xff, 0xff, 0x4, 0xfa, 0xfb, 0x4,
    0x55, 0x55, 0x5e, 0xf5, 0x50, 0x5, 0x1f, 0xb3,
    0x99, 0x99, 0x99, 0xff, 0x99, 0x30, 0x1, 0xfb,
    0x5f, 0xff, 0xff, 0xff, 0xff, 0xf5, 0x0, 0x1f,
    0xb0, 0x9, 0xc1, 0x0, 0xef, 0x0, 0x0, 0x1,
    0xfb, 0x0, 0x4f, 0xd1, 0xe, 0xf0, 0x0, 0x0,
    0x1f, 0xb0, 0x0, 0x46, 0x89, 0xfe, 0x0, 0x0,
    0x1, 0xfb, 0x0, 0x0, 0x9, 0xff, 0x80, 0x0,
    0x0, 0x0, 0x0, 0x0, 0x0, 0x0, 0x0, 0x0,
    0x0,

    /* U+5FC5 "必" */
    0x0, 0x0, 0x0, 0x70, 0x0, 0x0, 0x0, 0x0,
    0x0, 0x0, 0x0, 0x9f, 0xd3, 0x0, 0x0, 0x82,
    0x0, 0x0, 0x0, 0x0, 0x9f, 0xf7, 0x0, 0x7f,
    0xb0, 0x0, 0x0, 0x0, 0x0, 0x5f, 0xf3, 0x1f,
    0xf2, 0x0, 0x0, 0x0, 0xc, 0xb0, 0x26, 0xb,
    0xf8, 0x0, 0x0, 0xb, 0x90, 0xfe, 0x0, 0x6,
    0xfd, 0x0, 0x0, 0x0, 0xfc, 0xf, 0xe0, 0x3,
    0xff, 0x6b, 0x30, 0x0, 0x4f, 0x90, 0xfe, 0x2,
    0xef, 0x54, 0xfd, 0x0, 0x9, 0xf5, 0xf, 0xe1,
    0xdf, 0x80, 0xb, 0xf6, 0x0, 0xff, 0x0, 0xff,
    0xef, 0x90, 0x0, 0x3f, 0xd0, 0x5f, 0x90, 0xf,
    0xff, 0x80, 0x0, 0x0, 0xcf, 0x50, 0x11, 0x8,
    0xff, 0x70, 0x0, 0x18, 0x15, 0xc3, 0x0, 0x3c,
    0xff, 0xe0, 0x0, 0x2, 0xfa, 0x0, 0x2, 0xaf,
    0xfb, 0xff, 0x0, 0x0, 0x5f, 0x80, 0x0, 0x1e,
    0xd4, 0xe, 0xfe, 0xdd, 0xdf, 0xf4, 0x0, 0x0,
    0x10, 0x0, 0x5d, 0xff, 0xff, 0xf9, 0x0, 0x0,

    /* U+5FD8 "忘" */
    0x0, 0x0, 0x0, 0xa, 0xf2, 0x0, 0x0, 0x0,
    0x0, 0x67, 0x77, 0x77, 0xdf, 0x87, 0x77, 0x77,
    0x50, 0xe, 0xff, 0xff, 0xff, 0xff, 0xff, 0xff,
    0xfc, 0x0, 0x11, 0xfe, 0x11, 0x11, 0x11, 0x11,
    0x11, 0x0, 0x0, 0xf, 0xe0, 0x0, 0x0, 0x0,
    0x0, 0x0, 0x0, 0x0, 0xee, 0x0, 0x0, 0x0,
    0x0, 0x0, 0x0, 0x0, 0xb, 0xff, 0xee, 0xee,
    0xee, 0xef, 0x80, 0x0, 0x0, 0x18, 0xbc, 0xec,
    0xcc, 0xcc, 0xb6, 0x0, 0x0, 0x0, 0x0, 0xaf,
    0x80, 0x0, 0x0, 0x0, 0x0, 0x3, 0x10, 0x54,
    0xbf, 0xd2, 0x2, 0x50, 0x0, 0x0, 0xbf, 0x1f,
    0x90, 0x7b, 0x0, 0xcf, 0x50, 0x0, 0x2f, 0xb1,
    0xf9, 0x0, 0x0, 0x41, 0xef, 0x20, 0xb, 0xf5,
    0x1f, 0x90, 0x0, 0x1f, 0x95, 0xfc, 0x4, 0xfc,
    0x0, 0xfe, 0xaa, 0xac, 0xf6, 0xc, 0xd1, 0x2,
    0x10, 0x7, 0xef, 0xff, 0xfc, 0x0, 0x20, 0x0,

    /* U+5FDC "応" */
    0x0, 0x0, 0x0, 0x0, 0xef, 0x10, 0x0, 0x0,
    0x0, 0x1, 0x32, 0x22, 0x2e, 0xf3, 0x22, 0x22,
    0x20, 0x0, 0xdf, 0xff, 0xff, 0xff, 0xff, 0xff,
    0xff, 0x40, 0xd, 0xf9, 0x99, 0x9b, 0x99, 0x99,
    0x99, 0x92, 0x0, 0xdf, 0x0, 0x3, 0xed, 0x60,
    0x0, 0x0, 0x0, 0xd, 0xf0, 0x0, 0x6, 0xef,
    0xe5, 0x0, 0x0, 0x0, 0xdf, 0x0, 0x5, 0x71,
    0x8f, 0x60, 0x0, 0x0, 0xe, 0xf0, 0x0, 0xbf,
    0x10, 0x10, 0x24, 0x0, 0x0, 0xee, 0x1f, 0x6b,
    0xf1, 0x0, 0xe, 0xf1, 0x0, 0xf, 0xc3, 0xf6,
    0xbf, 0x10, 0x0, 0x7f, 0x70, 0x2, 0xfa, 0x6f,
    0x4b, 0xf1, 0x0, 0x20, 0xfe, 0x0, 0x5f, 0x8a,
    0xf1, 0xbf, 0x10, 0xc, 0xba, 0xf3, 0x9, 0xf5,
    0xfd, 0xb, 0xf1, 0x0, 0xeb, 0x5f, 0x80, 0xff,
    0x17, 0x60, 0xaf, 0xba, 0xaf, 0x81, 0x92, 0x1c,
    0x90, 0x0, 0x4, 0xef, 0xff, 0xd2, 0x0, 0x0,
    0x1, 0x0, 0x0, 0x0, 0x0, 0x0, 0x0, 0x0,

    /* U+606F "息" */
    0x0, 0x0, 0x0, 0x6, 0xa5, 0x0, 0x0, 0x0,
    0x0, 0x0, 0x34, 0x44, 0xcf, 0x84, 0x44, 0x40,
    0x0, 0x0, 0xc, 0xff, 0xff, 0xff, 0xff, 0xff,
    0x0, 0x0, 0x0, 0xcf, 0x11, 0x11, 0x11, 0x1d,
    0xf0, 0x0, 0x0, 0xc, 0xfe, 0xee, 0xee, 0xee,
    0xff, 0x0, 0x0, 0x0, 0xcf, 0x77, 0x77, 0x77,
    0x7e, 0xf0, 0x0, 0x0, 0xc, 0xf5, 0x55, 0x55,
    0x55, 0xef, 0x0, 0x0, 0x0, 0xcf, 0xff, 0xff,
    0xff, 0xff, 0xf0, 0x0, 0x0, 0xc, 0xf0, 0x0,
    0x0, 0x0, 0xdf, 0x0, 0x0, 0x0, 0xcf, 0xff,
    0xff, 0xff, 0xff, 0xf0, 0x0, 0x0, 0x5, 0x66,
    0x6b, 0xc6, 0x66, 0x66, 0x0, 0x0, 0xa, 0x90,
    0xb8, 0xbf, 0xa0, 0x5, 0xd3, 0x0, 0x2, 0xfc,
    0x1f, 0xb0, 0x9f, 0x40, 0x4f, 0xf3, 0x0, 0xbf,
    0x51, 0xfb, 0x0, 0x20, 0xd6, 0x5f, 0xe1, 0x3f,
    0xc0, 0xf, 0xf9, 0x99, 0xaf, 0x90, 0x8f, 0x50,
    0x31, 0x0, 0x8e, 0xff, 0xff, 0xd2, 0x0, 0x30,

    /* U+60C5 "情" */
    0x0, 0x8f, 0x30, 0x33, 0x34, 0xfc, 0x33, 0x32,
    0x0, 0x8, 0xf3, 0x2f, 0xff, 0xff, 0xff, 0xff,
    0xf0, 0x0, 0x8f, 0xd7, 0x33, 0x34, 0xfc, 0x33,
    0x32, 0x0, 0xfd, 0xfb, 0xdb, 0xff, 0xff, 0xff,
    0xff, 0x80, 0x1f, 0xcf, 0x6b, 0x33, 0x34, 0xfc,
    0x33, 0x31, 0x4, 0xfa, 0xf3, 0xaf, 0xff, 0xff,
    0xff, 0xff, 0xf7, 0x7f, 0x8f, 0x33, 0x55, 0x55,
    0x55, 0x55, 0x55, 0x24, 0x88, 0xf3, 0xa, 0xff,
    0xff, 0xff, 0xff, 0x30, 0x0, 0x8f, 0x30, 0xbf,
    0x66, 0x66, 0x6b, 0xf3, 0x0, 0x8, 0xf3, 0xb,
    0xfa, 0xaa, 0xaa, 0xdf, 0x30, 0x0, 0x8f, 0x30,
    0xbf, 0xbb, 0xbb, 0xbe, 0xf3, 0x0, 0x8, 0xf3,
    0xb, 0xf5, 0x55, 0x55, 0xbf, 0x30, 0x0, 0x8f,
    0x30, 0xbf, 0xff, 0xff, 0xff, 0xf3, 0x0, 0x8,
    0xf3, 0xb, 0xf0, 0x0, 0x38, 0xcf, 0x20, 0x0,
    0x8f, 0x30, 0xbf, 0x0, 0x2, 0xfe, 0xa0, 0x0,

    /* U+611F "感" */
    0x0, 0x0, 0x0, 0x0, 0x0, 0x0, 0x0, 0x0,
    0x0, 0x0, 0x0, 0x0, 0x0, 0xaf, 0x1c, 0xe8,
    0x0, 0x0, 0xdf, 0xff, 0xff, 0xff, 0xff, 0xff,
    0xff, 0x20, 0xd, 0xe7, 0x77, 0x77, 0xbf, 0xa7,
    0x77, 0x71, 0x0, 0xdd, 0x23, 0x33, 0x35, 0xf7,
    0x6, 0x40, 0x0, 0xe, 0xcb, 0xff, 0xff, 0x6f,
    0xb2, 0xfb, 0x0, 0x0, 0xfb, 0x24, 0x33, 0x30,
    0xbf, 0xcf, 0x30, 0x0, 0x1f, 0x9b, 0xff, 0xff,
    0x25, 0xff, 0x90, 0x10, 0x5, 0xf5, 0x9d, 0x5,
    0xf2, 0x6f, 0xf4, 0xd, 0x70, 0xbf, 0xa, 0xff,
    0xff, 0xcf, 0xef, 0xf9, 0xf7, 0x2f, 0x80, 0x35,
    0x5c, 0xa6, 0xb1, 0x4e, 0xfe, 0x10, 0x22, 0x30,
    0x68, 0xcf, 0xb1, 0x1, 0x73, 0x0, 0x0, 0x7f,
    0x5e, 0xe0, 0x7d, 0x10, 0x5f, 0xd1, 0x0, 0x1f,
    0xe0, 0xee, 0x0, 0x0, 0xca, 0x7f, 0xc0, 0xc,
    0xf6, 0xd, 0xfa, 0xaa, 0xaf, 0xb0, 0xbf, 0x60,
    0x59, 0x0, 0x6e, 0xff, 0xff, 0xe3, 0x2, 0x60,

    /* U+614B "態" */
    0x0, 0x1, 0x0, 0x0, 0x0, 0x0, 0x0, 0x0,
    0x0, 0x0, 0xce, 0x14, 0x20, 0x9f, 0x11, 0x79,
    0x0, 0x1, 0x7f, 0x84, 0xee, 0x29, 0xfd, 0xfe,
    0xa2, 0x0, 0xff, 0xff, 0xff, 0xfd, 0x9f, 0x73,
    0x1, 0x40, 0x4, 0x43, 0x32, 0x16, 0x69, 0xf7,
    0x66, 0x9f, 0x30, 0xf, 0xff, 0xff, 0xf0, 0x4f,
    0xff, 0xff, 0xd0, 0x0, 0xfb, 0x55, 0xaf, 0x5,
    0xa3, 0x22, 0x30, 0x0, 0xf, 0xff, 0xff, 0xf0,
    0x9f, 0x37, 0xcf, 0x50, 0x0, 0xfb, 0x55, 0x9f,
    0x9, 0xff, 0xfa, 0x50, 0x0, 0xf, 0xec, 0xcd,
    0xf0, 0x9f, 0x40, 0x1, 0x81, 0x0, 0xf9, 0x5,
    0xaf, 0x8, 0xf9, 0x88, 0xaf, 0x40, 0xf, 0x80,
    0x8d, 0xf7, 0x4d, 0xff, 0xff, 0xb0, 0x0, 0x1c,
    0x48, 0xc9, 0xff, 0x40, 0x3b, 0x50, 0x0, 0xa,
    0xf4, 0xbf, 0x11, 0x70, 0x67, 0xdf, 0x70, 0xa,
    0xfa, 0xa, 0xf8, 0x77, 0x7e, 0xd1, 0xdf, 0x50,
    0x6a, 0x0, 0x4d, 0xff, 0xff, 0xe5, 0x2, 0xa1,

    /* U+6216 "或" */
    0x0, 0x0, 0x0, 0x0, 0x0, 0x0, 0x0, 0x0,
    0x0, 0x0, 0x0, 0x0, 0xdf, 0x29, 0xd6, 0x0,
    0x0, 0x0, 0x0, 0x0, 0xcf, 0x23, 0xbf, 0x70,
    0xcd, 0xdd, 0xdd, 0xdd, 0xff, 0xdd, 0xdf, 0xd1,
    0xef, 0xff, 0xff, 0xff, 0xff, 0xff, 0xff, 0xf2,
    0x0, 0x0, 0x0, 0x0, 0x9f, 0x50, 0x0, 0x0,
    0x1f, 0xff, 0xff, 0xf1, 0x8f, 0x70, 0x8f, 0x60,
    0x1f, 0xd9, 0x9e, 0xf1, 0x6f, 0x90, 0xdf, 0x20,
    0x1f, 0x90, 0xb, 0xf1, 0x3f, 0xb5, 0xfb, 0x0,
    0x1f, 0x90, 0xb, 0xf1, 0xf, 0xed, 0xf3, 0x0,
    0x1f, 0xff, 0xff, 0xf1, 0xd, 0xff, 0xa0, 0x0,
    0x7, 0x77, 0x77, 0x70, 0x9, 0xfe, 0x10, 0x20,
    0x0, 0x14, 0x69, 0xc8, 0x4f, 0xfd, 0x1, 0xf5,
    0xbe, 0xff, 0xff, 0xbc, 0xff, 0xef, 0x74, 0xf6,
    0xbb, 0x85, 0x20, 0xaf, 0xf6, 0x3f, 0xff, 0xf2,
    0x0, 0x0, 0x0, 0x4d, 0x30, 0x5, 0xef, 0x80,
    0x0, 0x0, 0x0, 0x0, 0x0, 0x0, 0x0, 0x0,

    /* U+6240 "所" */
    0x0, 0x0, 0x0, 0x0, 0x0, 0x0, 0x1, 0x71,
    0x0, 0xff, 0xff, 0xff, 0xf7, 0x20, 0x4a, 0xff,
    0xe1, 0xa, 0xaa, 0xaa, 0xaa, 0x4d, 0xff, 0xfe,
    0x92, 0x0, 0x0, 0x0, 0x0, 0x0, 0xdf, 0x94,
    0x0, 0x0, 0x4, 0xa9, 0x99, 0x99, 0xd, 0xe0,
    0x0, 0x0, 0x0, 0x7f, 0xff, 0xff, 0xf1, 0xde,
    0x0, 0x0, 0x0, 0x7, 0xf4, 0x0, 0xbf, 0x1d,
    0xfa, 0xaa, 0xaa, 0x40, 0x7f, 0x40, 0xb, 0xf1,
    0xef, 0xff, 0xff, 0xf7, 0x7, 0xfa, 0x99, 0xef,
    0x1f, 0xd0, 0xe, 0xe0, 0x0, 0x8f, 0xff, 0xff,
    0xf2, 0xfb, 0x0, 0xee, 0x0, 0x8, 0xf3, 0x0,
    0x0, 0x4f, 0x80, 0xe, 0xe0, 0x0, 0xaf, 0x10,
    0x0, 0x8, 0xf4, 0x0, 0xee, 0x0, 0xc, 0xf0,
    0x0, 0x0, 0xef, 0x0, 0xe, 0xe0, 0x1, 0xfb,
    0x0, 0x0, 0x7f, 0x80, 0x0, 0xee, 0x0, 0x7f,
    0x70, 0x0, 0x3f, 0xe1, 0x0, 0xe, 0xe0, 0x2,
    0xb1, 0x0, 0x0, 0x94, 0x0, 0x0, 0xee, 0x0,
    0x0, 0x0, 0x0, 0x0, 0x0, 0x0, 0x0, 0x0,
    0x0,

    /* U+62D6 "拖" */
    0x0, 0x0, 0x0, 0x0, 0x0, 0x0, 0x0, 0x0,
    0x0, 0xa, 0xf1, 0x0, 0x1f, 0x90, 0x0, 0x0,
    0x0, 0x0, 0xaf, 0x10, 0x7, 0xf7, 0x0, 0x0,
    0x0, 0x0, 0xa, 0xf1, 0x0, 0xef, 0xff, 0xff,
    0xff, 0xf0, 0x9f, 0xff, 0xf8, 0x8f, 0xb9, 0x99,
    0x99, 0x99, 0x6, 0xae, 0xfb, 0xbf, 0xd0, 0x8,
    0xf1, 0x0, 0x0, 0x0, 0xaf, 0x14, 0xda, 0xa0,
    0x8f, 0x27, 0xa1, 0x0, 0xa, 0xf1, 0x0, 0xaf,
    0xa, 0xff, 0xff, 0x20, 0x0, 0xaf, 0xa7, 0xb,
    0xfe, 0xff, 0xaa, 0xf2, 0x7, 0xcf, 0xff, 0xbd,
    0xff, 0xcc, 0xf1, 0x7f, 0x20, 0x9f, 0xff, 0x31,
    0xee, 0xf0, 0x8f, 0x17, 0xf2, 0x1, 0xa, 0xf1,
    0x0, 0xaf, 0x8, 0xf4, 0xbf, 0x10, 0x0, 0xaf,
    0x10, 0xa, 0xf0, 0x8f, 0x6f, 0xb0, 0x0, 0xa,
    0xf1, 0x0, 0xaf, 0x5, 0x91, 0x15, 0x80, 0x3c,
    0xff, 0x0, 0x9, 0xfb, 0x99, 0x99, 0xef, 0x0,
    0xfe, 0x80, 0x0, 0x2c, 0xef, 0xff, 0xfd, 0x60,

    /* U+6301 "持" */
    0x0, 0x1, 0x0, 0x0, 0x0, 0x0, 0x0, 0x0,
    0x0, 0x9, 0xf1, 0x0, 0x0, 0xc, 0xf0, 0x0,
    0x0, 0x0, 0x9f, 0x10, 0x13, 0x33, 0xdf, 0x33,
    0x31, 0x0, 0x9, 0xf2, 0x5, 0xff, 0xff, 0xff,
    0xff, 0x70, 0x9f, 0xff, 0xfa, 0x15, 0x55, 0xdf,
    0x55, 0x52, 0x5, 0xad, 0xfb, 0x60, 0x0, 0xc,
    0xf0, 0x0, 0x0, 0x0, 0x9f, 0x11, 0xff, 0xff,
    0xff, 0xff, 0xff, 0x70, 0x9, 0xf1, 0x19, 0x99,
    0x99, 0x9d, 0xfa, 0x94, 0x0, 0xaf, 0xd9, 0x0,
    0x0, 0x0, 0x9f, 0x20, 0x9, 0xff, 0xfd, 0x7a,
    0xff, 0xff, 0xff, 0xff, 0xf4, 0x8b, 0xcf, 0x10,
    0x7b, 0xbb, 0xbb, 0xef, 0xbb, 0x30, 0x9, 0xf1,
    0x0, 0x8e, 0x20, 0x9, 0xf2, 0x0, 0x0, 0x9f,
    0x10, 0x3, 0xfd, 0x0, 0x9f, 0x20, 0x0, 0x9,
    0xf1, 0x0, 0x8, 0xf3, 0x9, 0xf2, 0x0, 0x2b,
    0xef, 0x10, 0x0, 0x1, 0x7a, 0xef, 0x20, 0x0,
    0xde, 0x80, 0x0, 0x0, 0x7, 0xff, 0xa0, 0x0,
    0x0, 0x0, 0x0, 0x0, 0x0, 0x0, 0x0, 0x0,
    0x0,

    /* U+6309 "按" */
    0x0, 0x1f, 0xb0, 0x0, 0x0, 0x5f, 0x80, 0x0,
    0x0, 0x1, 0xfb, 0x0, 0x0, 0x5, 0xf8, 0x0,
    0x0, 0x0, 0x2f, 0xb0, 0x1f, 0xff, 0xff, 0xff,
    0xff, 0x93, 0xff, 0xff, 0xf7, 0xfc, 0x77, 0x77,
    0x78, 0xfa, 0x2a, 0xbf, 0xea, 0x5f, 0x90, 0xfb,
    0x0, 0x2f, 0xa0, 0x1, 0xfb, 0x0, 0x63, 0x5f,
    0x80, 0x0, 0x53, 0x0, 0x1f, 0xb0, 0x2a, 0xad,
    0xfb, 0xaa, 0xaa, 0x80, 0x3, 0xfe, 0xdc, 0xff,
    0xff, 0xff, 0xff, 0xfd, 0x4e, 0xff, 0xfd, 0x70,
    0x6f, 0x70, 0xc, 0xf2, 0x2, 0xda, 0xfb, 0x0,
    0xc, 0xf1, 0x2, 0xfd, 0x0, 0x0, 0x1f, 0xb0,
    0x3, 0xff, 0xe8, 0xbf, 0x60, 0x0, 0x1, 0xfb,
    0x0, 0x17, 0x7d, 0xff, 0xf2, 0x0, 0x0, 0x1f,
    0xb0, 0x0, 0x16, 0xdf, 0xff, 0xf8, 0x0, 0x8a,
    0xfa, 0x8, 0xdf, 0xff, 0x80, 0x6e, 0xf9, 0x9,
    0xfd, 0x40, 0x3e, 0xb6, 0x10, 0x0, 0x1b, 0x10,
    0x0, 0x0, 0x0, 0x0, 0x0, 0x0, 0x0, 0x0,

    /* U+636E "据" */
    0x0, 0x9f, 0x10, 0xbf, 0xff, 0xff, 0xff, 0xfb,
    0x0, 0x9, 0xf1, 0xb, 0xf9, 0x99, 0x99, 0x9f,
    0xb0, 0x13, 0xaf, 0x42, 0xbf, 0x10, 0x0, 0x0,
    0xfb, 0x7, 0xff, 0xff, 0xdb, 0xf7, 0x66, 0x66,
    0x6f, 0xb0, 0x4a, 0xdf, 0xa8, 0xbf, 0xff, 0xff,
    0xff, 0xfb, 0x0, 0x9, 0xf1, 0xb, 0xf3, 0x23,
    0xfb, 0x22, 0x10, 0x0, 0x9f, 0x12, 0xbf, 0x88,
    0x8f, 0xd8, 0x88, 0x10, 0x1b, 0xff, 0xcc, 0xff,
    0xff, 0xff, 0xff, 0xf3, 0x8f, 0xff, 0xd7, 0xde,
    0x0, 0x1f, 0xa0, 0x0, 0x6, 0xdd, 0xf1, 0xe,
    0xc0, 0x1, 0xfa, 0x0, 0x0, 0x0, 0x9f, 0x11,
    0xfa, 0xcf, 0xff, 0xff, 0xfc, 0x0, 0x9, 0xf1,
    0x4f, 0x7c, 0xe8, 0x88, 0x8f, 0xc0, 0x0, 0x9f,
    0x19, 0xf2, 0xcd, 0x0, 0x0, 0xec, 0x1, 0xdf,
    0xf1, 0xed, 0xc, 0xe7, 0x77, 0x7f, 0xc0, 0xb,
    0xc6, 0x2c, 0x50, 0xcf, 0xff, 0xff, 0xfc, 0x0,
    0x0, 0x0, 0x0, 0x0, 0x0, 0x0, 0x0, 0x0,

    /* U+63A5 "接" */
    0x0, 0x1f, 0xa0, 0x0, 0x0, 0xaf, 0x20, 0x0,
    0x0, 0x1, 0xfa, 0x7, 0xbb, 0xbe, 0xfc, 0xbb,
    0xa0, 0x2, 0x3f, 0xb2, 0x8d, 0xff, 0xdd, 0xdf,
    0xec, 0x2, 0xff, 0xff, 0xf1, 0xd, 0xe0, 0x6,
    0xf4, 0x0, 0x17, 0x8f, 0xd7, 0x0, 0x9f, 0x20,
    0xbe, 0x0, 0x0, 0x1, 0xfa, 0x1f, 0xff, 0xff,
    0xff, 0xff, 0xf8, 0x0, 0x1f, 0xa1, 0x99, 0x9e,
    0xfb, 0x99, 0x99, 0x50, 0x3, 0xfe, 0xf1, 0x0,
    0xfe, 0x0, 0x0, 0x0, 0x4e, 0xff, 0xfc, 0xff,
    0xff, 0xff, 0xff, 0xff, 0x73, 0xea, 0xfa, 0x9,
    0xaf, 0xf9, 0x9c, 0xfc, 0x94, 0x0, 0x1f, 0xa0,
    0x7, 0xf7, 0x0, 0xaf, 0x20, 0x0, 0x1, 0xfa,
    0x0, 0xef, 0xfc, 0x9f, 0xb0, 0x0, 0x0, 0x1f,
    0xa0, 0x1, 0x38, 0xff, 0xfb, 0x40, 0x0, 0xac,
    0xfa, 0x28, 0xae, 0xff, 0xaa, 0xff, 0xb0, 0x9,
    0xfd, 0x30, 0xfd, 0xa6, 0x10, 0x2, 0xb7, 0x0,
    0x0, 0x0, 0x0, 0x0, 0x0, 0x0, 0x0, 0x0,

    /* U+63A7 "控" */
    0x0, 0x9f, 0x10, 0x0, 0x0, 0xfc, 0x0, 0x0,
    0x0, 0x9, 0xf1, 0x9, 0x99, 0x9f, 0xe9, 0x99,
    0x80, 0x0, 0xaf, 0x21, 0xfe, 0xdf, 0xde, 0xfc,
    0xef, 0x8, 0xff, 0xff, 0xaf, 0x87, 0xf3, 0x9f,
    0x1b, 0xf0, 0x5a, 0xef, 0xa6, 0x52, 0x9f, 0x19,
    0xf1, 0x33, 0x0, 0x9, 0xf1, 0x0, 0x2f, 0xc0,
    0x9f, 0x15, 0xd0, 0x0, 0x9f, 0x45, 0x8f, 0xf3,
    0x8, 0xff, 0xfd, 0x0, 0x4c, 0xff, 0xd8, 0xa2,
    0x0, 0x17, 0x88, 0x20, 0xaf, 0xff, 0x82, 0x38,
    0x88, 0x88, 0x88, 0x84, 0x4, 0x7b, 0xf1, 0x6,
    0xff, 0xff, 0xff, 0xff, 0x90, 0x0, 0x9f, 0x10,
    0x1, 0x12, 0xfc, 0x11, 0x11, 0x0, 0x9, 0xf1,
    0x0, 0x0, 0x1f, 0xb0, 0x0, 0x0, 0x0, 0x9f,
    0x10, 0x0, 0x1, 0xfb, 0x0, 0x0, 0x2, 0xbe,
    0xf0, 0x5d, 0xdd, 0xdf, 0xfd, 0xdd, 0xd1, 0xf,
    0xe8, 0x6, 0xff, 0xff, 0xff, 0xff, 0xff, 0x10,

    /* U+63CF "描" */
    0x0, 0x9f, 0x10, 0x2, 0xfd, 0x0, 0x9f, 0x30,
    0x0, 0x9, 0xf1, 0x0, 0x2f, 0xd0, 0x9, 0xf3,
    0x0, 0x0, 0x9f, 0x20, 0xdf, 0xff, 0xff, 0xff,
    0xff, 0x47, 0xff, 0xff, 0xb8, 0xaf, 0xe9, 0x9d,
    0xfb, 0x92, 0x4a, 0xdf, 0xa7, 0x2, 0xfd, 0x0,
    0x9f, 0x30, 0x0, 0x9, 0xf1, 0x0, 0x18, 0x60,
    0x5, 0x81, 0x0, 0x0, 0x9f, 0x10, 0x7c, 0xcc,
    0xcc, 0xcc, 0xc9, 0x0, 0xa, 0xfb, 0xa9, 0xfd,
    0xdf, 0xfd, 0xdf, 0xb0, 0x7e, 0xff, 0xf9, 0x9f,
    0x10, 0xbe, 0x0, 0xfb, 0x6, 0xdd, 0xf1, 0x9,
    0xf8, 0x8d, 0xf8, 0x8f, 0xb0, 0x0, 0x9f, 0x10,
    0x9f, 0xff, 0xff, 0xff, 0xfb, 0x0, 0x9, 0xf1,
    0x9, 0xf1, 0xb, 0xe0, 0xf, 0xb0, 0x0, 0x9f,
    0x10, 0x9f, 0x10, 0xbe, 0x0, 0xfb, 0x2, 0xbe,
    0xf0, 0x9, 0xff, 0xff, 0xff, 0xff, 0xb0, 0xe,
    0xe8, 0x0, 0x9f, 0x99, 0x99, 0x99, 0xfb, 0x0,
    0x0, 0x0, 0x0, 0x10, 0x0, 0x0, 0x0, 0x0,

    /* U+63D0 "提" */
    0x0, 0x9f, 0x10, 0x1f, 0xff, 0xff, 0xff, 0xf1,
    0x0, 0x9, 0xf1, 0x1, 0xfb, 0x55, 0x55, 0xcf,
    0x10, 0x0, 0x9f, 0x10, 0x1f, 0xb5, 0x55, 0x5c,
    0xf1, 0x7, 0xef, 0xfe, 0xc1, 0xff, 0xdd, 0xdd,
    0xff, 0x10, 0x49, 0xdf, 0x97, 0x1f, 0xb6, 0x66,
    0x6c, 0xf1, 0x0, 0x9, 0xf1, 0x1, 0xff, 0xff,
    0xff, 0xff, 0x10, 0x0, 0x9f, 0x12, 0x55, 0x55,
    0x55, 0x55, 0x55, 0x0, 0x1b, 0xff, 0xcf, 0xff,
    0xff, 0xff, 0xff, 0xf0, 0x8f, 0xff, 0xd7, 0x23,
    0x22, 0xed, 0x22, 0x22, 0x6, 0xdd, 0xf1, 0x0,
    0xfb, 0xe, 0xd0, 0x0, 0x0, 0x0, 0x9f, 0x10,
    0x3f, 0x80, 0xef, 0xff, 0xf1, 0x0, 0x9, 0xf1,
    0x8, 0xfc, 0xe, 0xe6, 0x66, 0x0, 0x0, 0x9f,
    0x11, 0xee, 0xf9, 0xed, 0x0, 0x0, 0x2, 0xad,
    0xf1, 0xbf, 0x56, 0xff, 0xf9, 0x99, 0x93, 0xf,
    0xf9, 0x1c, 0xa0, 0x3, 0xbe, 0xff, 0xff, 0x20,
    0x0, 0x0, 0x0, 0x0, 0x0, 0x0, 0x0, 0x0,

    /* U+64CD "操" */
    0x0, 0xaf, 0x10, 0x5, 0xff, 0xff, 0xff, 0x10,
    0x0, 0xa, 0xf1, 0x0, 0x5f, 0x74, 0x4b, 0xf1,
    0x0, 0x14, 0xbf, 0x52, 0x5, 0xf8, 0x55, 0xbf,
    0x10, 0x5, 0xff, 0xff, 0x90, 0x5f, 0xff, 0xff,
    0xf1, 0x0, 0x38, 0xdf, 0x94, 0x33, 0x44, 0x33,
    0x44, 0x33, 0x0, 0xa, 0xf1, 0xe, 0xff, 0xf9,
    0xbf, 0xff, 0xe0, 0x0, 0xaf, 0x10, 0xe7, 0xd,
    0x9b, 0xc0, 0xbe, 0x0, 0xa, 0xfe, 0x8e, 0xb8,
    0xe9, 0xbe, 0x8d, 0xe0, 0x5e, 0xff, 0xd5, 0xbc,
    0xcc, 0xac, 0xcc, 0xcb, 0x4, 0xee, 0xf1, 0x2,
    0x22, 0x2e, 0xc2, 0x22, 0x20, 0x0, 0xaf, 0x11,
    0xff, 0xff, 0xff, 0xff, 0xff, 0x30, 0xa, 0xf1,
    0x5, 0x58, 0xff, 0xff, 0x75, 0x51, 0x0, 0xaf,
    0x10, 0x29, 0xfd, 0xfd, 0xef, 0x70, 0x0, 0x8d,
    0xf1, 0xcf, 0xf9, 0xe, 0xb1, 0xcf, 0xf3, 0x9,
    0xf9, 0x6, 0x92, 0x0, 0xeb, 0x0, 0x56, 0x0,

    /* U+652F "支" */
    0x0, 0x0, 0x0, 0xb, 0xf3, 0x0, 0x0, 0x0,
    0x0, 0x0, 0x0, 0x0, 0xbf, 0x30, 0x0, 0x0,
    0x0, 0xf, 0xff, 0xff, 0xff, 0xff, 0xff, 0xff,
    0xf8, 0x0, 0xcc, 0xcc, 0xcc, 0xef, 0xcc, 0xcc,
    0xcc, 0x60, 0x0, 0x0, 0x0, 0xb, 0xf3, 0x0,
    0x0, 0x0, 0x0, 0x0, 0x0, 0x0, 0xbf, 0x30,
    0x0, 0x0, 0x0, 0x2, 0xff, 0xff, 0xff, 0xff,
    0xff, 0xfb, 0x0, 0x0, 0x2c, 0xcd, 0xdc, 0xcc,
    0xcc, 0xef, 0xd0, 0x0, 0x0, 0x4, 0xfb, 0x0,
    0x0, 0xd, 0xf4, 0x0, 0x0, 0x0, 0xc, 0xf7,
    0x0, 0xa, 0xfa, 0x0, 0x0, 0x0, 0x0, 0x1e,
    0xf7, 0x1b, 0xfc, 0x0, 0x0, 0x0, 0x0, 0x0,
    0x3e, 0xff, 0xfc, 0x10, 0x0, 0x0, 0x0, 0x0,
    0x17, 0xdf, 0xff, 0xa3, 0x0, 0x0, 0x2, 0x69,
    0xdf, 0xff, 0xa8, 0xff, 0xfe, 0xa6, 0x40, 0x3f,
    0xff, 0xd8, 0x20, 0x0, 0x6c, 0xff, 0xfc, 0x0,
    0x65, 0x10, 0x0, 0x0, 0x0, 0x1, 0x58, 0x20,

    /* U+6557 "敗" */
    0x0, 0x0, 0x0, 0x0, 0x3, 0x83, 0x0, 0x0,
    0x0, 0xaf, 0xff, 0xff, 0xb0, 0x7f, 0x50, 0x0,
    0x0, 0xa, 0xf7, 0x77, 0xfb, 0xb, 0xf2, 0x0,
    0x0, 0x0, 0xaf, 0x10, 0x1f, 0xb0, 0xff, 0x55,
    0x55, 0x50, 0xa, 0xf7, 0x67, 0xfb, 0x4f, 0xff,
    0xff, 0xff, 0x10, 0xaf, 0xff, 0xff, 0xba, 0xfc,
    0x89, 0xfe, 0x80, 0xa, 0xf1, 0x1, 0xfd, 0xff,
    0x90, 0x2f, 0xa0, 0x0, 0xaf, 0x76, 0x7f, 0xff,
    0xfd, 0x6, 0xf7, 0x0, 0xa, 0xff, 0xff, 0xfe,
    0xca, 0xf2, 0xaf, 0x30, 0x0, 0xaf, 0x10, 0x1f,
    0xb0, 0x5f, 0x9f, 0xe0, 0x0, 0xa, 0xf6, 0x66,
    0xfb, 0x0, 0xef, 0xf8, 0x0, 0x0, 0xaf, 0xff,
    0xff, 0xb0, 0x8, 0xff, 0x10, 0x0, 0x0, 0x98,
    0x27, 0x81, 0x0, 0xbf, 0xf4, 0x0, 0x0, 0x2f,
    0xd0, 0xbf, 0x40, 0xbf, 0xef, 0xf4, 0x0, 0xc,
    0xf5, 0x1, 0xee, 0xef, 0xd1, 0x8f, 0xf9, 0x16,
    0xfa, 0x0, 0x5, 0x8f, 0xb1, 0x0, 0x7f, 0xb0,
    0x4, 0x0, 0x0, 0x0, 0x40, 0x0, 0x0, 0x21,
    0x0,

    /* U+6570 "数" */
    0x0, 0x0, 0x0, 0x0, 0x0, 0x0, 0x0, 0x0,
    0x0, 0x47, 0xf, 0xb0, 0x94, 0xa, 0xd1, 0x0,
    0x0, 0x6, 0xf4, 0xfb, 0x6f, 0x40, 0xdf, 0x0,
    0x0, 0x1, 0x4e, 0x7f, 0xca, 0xb3, 0x1f, 0xc1,
    0x11, 0x10, 0x4f, 0xff, 0xff, 0xff, 0xf6, 0xff,
    0xff, 0xff, 0x40, 0x33, 0xdf, 0xfb, 0x43, 0xbf,
    0xb9, 0xdf, 0xb2, 0x2, 0xcf, 0xfd, 0xee, 0x6f,
    0xf6, 0xb, 0xf2, 0x4, 0xfd, 0x2f, 0xb1, 0xac,
    0xff, 0xa0, 0xef, 0x0, 0x6, 0x6, 0xf7, 0x0,
    0xde, 0xde, 0x2f, 0xb0, 0x3, 0x77, 0xef, 0x77,
    0x78, 0x39, 0xfb, 0xf6, 0x0, 0x7f, 0xff, 0xff,
    0xff, 0xf1, 0x4f, 0xff, 0x10, 0x0, 0xe, 0xd0,
    0x2f, 0x90, 0x0, 0xdf, 0xa0, 0x0, 0x8, 0xff,
    0x8a, 0xf4, 0x0, 0x2f, 0xfc, 0x0, 0x0, 0x6a,
    0xbf, 0xfe, 0x10, 0x3e, 0xfe, 0xf9, 0x0, 0x2,
    0x6d, 0xff, 0xfe, 0x9f, 0xf8, 0x2e, 0xfb, 0x11,
    0xff, 0xe7, 0x6, 0xde, 0xf6, 0x0, 0x3e, 0xd0,
    0x4, 0x30, 0x0, 0x0, 0x31, 0x0, 0x0, 0x12,
    0x0,

    /* U+6599 "料" */
    0x0, 0x0, 0x0, 0x0, 0x0, 0x0, 0x1, 0x10,
    0x0, 0x0, 0xbf, 0x1, 0x0, 0x0, 0x1, 0xfa,
    0x0, 0x2f, 0x3b, 0xf0, 0xda, 0xd, 0x90, 0x1f,
    0xa0, 0x0, 0xe8, 0xbf, 0x1f, 0x50, 0x9f, 0xd3,
    0xfa, 0x0, 0xa, 0xbb, 0xf5, 0xf0, 0x0, 0x5c,
    0x1f, 0xa0, 0x0, 0x79, 0xbf, 0x68, 0x0, 0x0,
    0x1, 0xfa, 0x0, 0x3b, 0xbe, 0xfb, 0xb6, 0xbb,
    0x20, 0x1f, 0xa0, 0x4, 0xff, 0xff, 0xff, 0x98,
    0xff, 0x51, 0xfa, 0x0, 0x0, 0x7f, 0xf5, 0x0,
    0x3, 0xd3, 0x1f, 0xa0, 0x0, 0xd, 0xff, 0xf4,
    0x0, 0x0, 0x1, 0xfb, 0x32, 0x5, 0xfc, 0xfb,
    0xe2, 0x3, 0x58, 0xbf, 0xff, 0x90, 0xeb, 0xbf,
    0x2e, 0x7f, 0xff, 0xff, 0xfd, 0x73, 0x7f, 0x4b,
    0xf0, 0x12, 0xa7, 0x41, 0x1f, 0xa0, 0x1, 0xa0,
    0xbf, 0x0, 0x0, 0x0, 0x1, 0xfa, 0x0, 0x0,
    0xb, 0xf0, 0x0, 0x0, 0x0, 0x1f, 0xa0, 0x0,
    0x0, 0xbf, 0x0, 0x0, 0x0, 0x1, 0xfa, 0x0,
    0x0, 0x0, 0x0, 0x0, 0x0, 0x0, 0x0, 0x0,
    0x0,

    /* U+65AD "断" */
    0x0, 0x0, 0x0, 0x0, 0x0, 0x0, 0x2, 0x0,
    0xdb, 0x11, 0xbc, 0x12, 0x10, 0x26, 0xcf, 0xc1,
    0xdb, 0xa9, 0xbc, 0x8e, 0xbf, 0xff, 0xfb, 0x50,
    0xdb, 0x6d, 0xbc, 0xc8, 0xbf, 0x84, 0x0, 0x0,
    0xdb, 0x4d, 0xbd, 0xe2, 0xbf, 0x0, 0x0, 0x0,
    0xdb, 0x67, 0xde, 0x76, 0xbf, 0x0, 0x0, 0x0,
    0xdb, 0xef, 0xff, 0xfe, 0xbf, 0xcc, 0xcc, 0xc6,
    0xdb, 0x13, 0xfe, 0x21, 0xbf, 0xff, 0xff, 0xf8,
    0xdb, 0x9, 0xff, 0xc1, 0xbf, 0x0, 0xce, 0x0,
    0xdb, 0x4f, 0xfd, 0xdb, 0xbf, 0x0, 0xce, 0x0,
    0xdd, 0xfb, 0xbc, 0x33, 0xdd, 0x0, 0xce, 0x0,
    0xdb, 0xb1, 0xbc, 0x0, 0xfb, 0x0, 0xce, 0x0,
    0xdb, 0x0, 0x9a, 0x3, 0xf7, 0x0, 0xce, 0x0,
    0xdf, 0xff, 0xff, 0xff, 0xf2, 0x0, 0xce, 0x0,
    0xde, 0x99, 0x99, 0xbf, 0xb0, 0x0, 0xce, 0x0,
    0xdb, 0x0, 0x0, 0x3c, 0x20, 0x0, 0xce, 0x0,
    0x0, 0x0, 0x0, 0x0, 0x0, 0x0, 0x0, 0x0,

    /* U+65B0 "新" */
    0x0, 0x0, 0x0, 0x0, 0x0, 0x0, 0x0, 0x0,
    0x0, 0x0, 0x1f, 0xb0, 0x0, 0x0, 0x4, 0x9f,
    0xa0, 0xb, 0xbb, 0xfe, 0xbb, 0x6a, 0xcf, 0xff,
    0xd7, 0x0, 0xde, 0xed, 0xdf, 0xd7, 0xbf, 0x95,
    0x10, 0x0, 0x0, 0xe9, 0x1, 0xf9, 0xb, 0xf0,
    0x0, 0x0, 0x0, 0xa, 0xd0, 0x6f, 0x30, 0xbf,
    0x0, 0x0, 0x0, 0x3e, 0xfe, 0xee, 0xfe, 0xab,
    0xfb, 0xbb, 0xbb, 0x52, 0xaa, 0xaf, 0xea, 0xa7,
    0xbf, 0xff, 0xff, 0xf7, 0x0, 0x1, 0xfb, 0x0,
    0xc, 0xf0, 0xf, 0xc0, 0x2, 0xff, 0xff, 0xff,
    0xf9, 0xce, 0x0, 0xfc, 0x0, 0x19, 0x9d, 0xfe,
    0x99, 0x5e, 0xd0, 0xf, 0xc0, 0x0, 0x2, 0xff,
    0xfa, 0x1, 0xfa, 0x0, 0xfc, 0x0, 0x1, 0xde,
    0xfe, 0xfd, 0x7f, 0x60, 0xf, 0xc0, 0x3, 0xef,
    0x4f, 0xb4, 0x6d, 0xf1, 0x0, 0xfc, 0x0, 0x1c,
    0x41, 0xfb, 0x8, 0xf9, 0x0, 0xf, 0xc0, 0x0,
    0x0, 0x1f, 0xb0, 0x4d, 0x10, 0x0, 0xfc, 0x0,
    0x0, 0x0, 0x0, 0x0, 0x0, 0x0, 0x0, 0x0,
    0x0,

    /* U+65B9 "方" */
    0x0, 0x0, 0x0, 0x8, 0xf5, 0x0, 0x0, 0x0,
    0x0, 0x0, 0x0, 0x0, 0x8f, 0x50, 0x0, 0x0,
    0x0, 0x19, 0x99, 0x99, 0x9d, 0xfb, 0x99, 0x99,
    0x99, 0x13, 0xff, 0xff, 0xff, 0xff, 0xff, 0xff,
    0xff, 0xf3, 0x0, 0x0, 0x3, 0xfc, 0x0, 0x0,
    0x0, 0x0, 0x0, 0x0, 0x0, 0x4f, 0xb0, 0x0,
    0x0, 0x0, 0x0, 0x0, 0x0, 0x6, 0xfe, 0xaa,
    0xaa, 0xba, 0x20, 0x0, 0x0, 0x0, 0x9f, 0xff,
    0xff, 0xff, 0xf2, 0x0, 0x0, 0x0, 0xd, 0xf3,
    0x0, 0x0, 0xdf, 0x0, 0x0, 0x0, 0x3, 0xfe,
    0x0, 0x0, 0xe, 0xf0, 0x0, 0x0, 0x0, 0xbf,
    0x80, 0x0, 0x0, 0xfd, 0x0, 0x0, 0x0, 0x7f,
    0xe1, 0x0, 0x0, 0x2f, 0xb0, 0x0, 0x0, 0x8f,
    0xf4, 0x0, 0x0, 0x7, 0xf8, 0x0, 0x2, 0xdf,
    0xf5, 0x0, 0x2c, 0xbb, 0xff, 0x40, 0x0, 0x9,
    0xc3, 0x0, 0x0, 0xdf, 0xfe, 0x80, 0x0, 0x0,
    0x0, 0x0, 0x0, 0x0, 0x0, 0x0, 0x0, 0x0,

    /* U+65E5 "日" */
    0x1, 0x11, 0x11, 0x11, 0x11, 0x11, 0x4, 0xff,
    0xff, 0xff, 0xff, 0xff, 0xf2, 0x4f, 0xeb, 0xbb,
    0xbb, 0xbb, 0xff, 0x24, 0xf9, 0x0, 0x0, 0x0,
    0xc, 0xf2, 0x4f, 0x90, 0x0, 0x0, 0x0, 0xcf,
    0x24, 0xf9, 0x0, 0x0, 0x0, 0xc, 0xf2, 0x4f,
    0xec, 0xcc, 0xcc, 0xcc, 0xff, 0x24, 0xff, 0xff,
    0xff, 0xff, 0xff, 0xf2, 0x4f, 0xa0, 0x0, 0x0,
    0x0, 0xcf, 0x24, 0xf9, 0x0, 0x0, 0x0, 0xc,
    0xf2, 0x4f, 0x90, 0x0, 0x0, 0x0, 0xcf, 0x24,
    0xf9, 0x0, 0x0, 0x0, 0xc, 0xf2, 0x4f, 0xec,
    0xcc, 0xcc, 0xcc, 0xff, 0x24, 0xff, 0xff, 0xff,
    0xff, 0xff, 0xf2, 0x4f, 0xa0, 0x0, 0x0, 0x0,
    0xcf, 0x20, 0x0, 0x0, 0x0, 0x0, 0x0, 0x0,

    /* U+65E7 "旧" */
    0x1f, 0xd0, 0x0, 0x11, 0x11, 0x11, 0x11, 0x1,
    0xfd, 0x0, 0xff, 0xff, 0xff, 0xff, 0xf9, 0x1f,
    0xd0, 0xf, 0xfa, 0xaa, 0xaa, 0xcf, 0x91, 0xfd,
    0x0, 0xfe, 0x0, 0x0, 0x6, 0xf9, 0x1f, 0xd0,
    0xf, 0xe0, 0x0, 0x0, 0x6f, 0x91, 0xfd, 0x0,
    0xfe, 0x0, 0x0, 0x6, 0xf9, 0x1f, 0xd0, 0xf,
    0xfa, 0xaa, 0xaa, 0xcf, 0x91, 0xfd, 0x0, 0xff,
    0xff, 0xff, 0xff, 0xf9, 0x1f, 0xd0, 0xf, 0xe0,
    0x0, 0x0, 0x6f, 0x91, 0xfd, 0x0, 0xfe, 0x0,
    0x0, 0x6, 0xf9, 0x1f, 0xd0, 0xf, 0xe0, 0x0,
    0x0, 0x6f, 0x91, 0xfd, 0x0, 0xfe, 0x0, 0x0,
    0x6, 0xf9, 0x1f, 0xd0, 0xf, 0xfa, 0xaa, 0xaa,
    0xcf, 0x91, 0xfd, 0x0, 0xff, 0xff, 0xff, 0xff,
    0xf9, 0x1f, 0xd0, 0xf, 0xe0, 0x0, 0x0, 0x6f,
    0x90, 0x22, 0x0, 0x22, 0x0, 0x0, 0x0, 0x0,

    /* U+660E "明" */
    0xcf, 0xff, 0xff, 0xd, 0xff, 0xff, 0xff, 0xfc,
    0xfa, 0xae, 0xf0, 0xdf, 0xbb, 0xbb, 0xff, 0xce,
    0x0, 0xaf, 0xd, 0xf0, 0x0, 0xe, 0xfc, 0xe0,
    0xa, 0xf0, 0xdf, 0x0, 0x0, 0xef, 0xce, 0x0,
    0xbf, 0xd, 0xfa, 0xaa, 0xaf, 0xfc, 0xff, 0xff,
    0xf0, 0xdf, 0xff, 0xff, 0xff, 0xcf, 0x99, 0xef,
    0xd, 0xf2, 0x22, 0x2e, 0xfc, 0xe0, 0xa, 0xf0,
    0xdf, 0x0, 0x0, 0xef, 0xce, 0x0, 0xaf, 0xf,
    0xf8, 0x88, 0x8f, 0xfc, 0xfb, 0xbe, 0xf2, 0xff,
    0xff, 0xff, 0xff, 0xcf, 0xff, 0xff, 0x6f, 0x81,
    0x11, 0x1e, 0xfc, 0xe0, 0x0, 0xc, 0xf2, 0x0,
    0x0, 0xef, 0x56, 0x0, 0x6, 0xfb, 0x0, 0x0,
    0xe, 0xf0, 0x0, 0x5, 0xff, 0x20, 0x6, 0xcc,
    0xfe, 0x0, 0x0, 0x3d, 0x40, 0x0, 0x2f, 0xfd,
    0x50, 0x0, 0x0, 0x0, 0x0, 0x0, 0x0, 0x0,

    /* U+6642 "時" */
    0x23, 0x22, 0x21, 0x0, 0x2, 0xfa, 0x0, 0x0,
    0xdf, 0xff, 0xf9, 0x48, 0x89, 0xfd, 0x88, 0x81,
    0xde, 0x46, 0xf9, 0x8f, 0xff, 0xff, 0xff, 0xf2,
    0xdd, 0x2, 0xf9, 0x0, 0x3, 0xfa, 0x0, 0x0,
    0xdd, 0x2, 0xf9, 0x44, 0x46, 0xfc, 0x44, 0x42,
    0xdf, 0x9a, 0xfb, 0xff, 0xff, 0xff, 0xff, 0xf7,
    0xdf, 0xff, 0xf9, 0x44, 0x44, 0x44, 0xfd, 0x41,
    0xdd, 0x2, 0xf9, 0x22, 0x22, 0x22, 0xfd, 0x20,
    0xdd, 0x2, 0xfa, 0xff, 0xff, 0xff, 0xff, 0xf5,
    0xdd, 0x2, 0xf9, 0x77, 0x87, 0x77, 0xfe, 0x72,
    0xdf, 0x9a, 0xf9, 0x1d, 0xc0, 0x0, 0xfd, 0x0,
    0xdf, 0xff, 0xf9, 0x8, 0xf9, 0x0, 0xfd, 0x0,
    0xdd, 0x0, 0x0, 0x0, 0xde, 0x10, 0xfd, 0x0,
    0x77, 0x0, 0x0, 0x0, 0x24, 0xbb, 0xfc, 0x0,
    0x0, 0x0, 0x0, 0x0, 0x0, 0xff, 0xd4, 0x0,

    /* U+6674 "晴" */
    0x23, 0x33, 0x20, 0x11, 0x1b, 0xf3, 0x11, 0x10,
    0xdf, 0xff, 0xd4, 0xff, 0xff, 0xff, 0xff, 0xc0,
    0xdd, 0x6d, 0xd0, 0x33, 0x3b, 0xf5, 0x33, 0x20,
    0xda, 0xb, 0xd0, 0xdf, 0xff, 0xff, 0xff, 0x70,
    0xda, 0xb, 0xd0, 0x33, 0x3b, 0xf5, 0x33, 0x10,
    0xdc, 0x4c, 0xda, 0xee, 0xef, 0xff, 0xee, 0xe2,
    0xdf, 0xff, 0xd4, 0x66, 0x66, 0x66, 0x66, 0x61,
    0xdb, 0x1c, 0xd0, 0xaf, 0xff, 0xff, 0xff, 0xa0,
    0xda, 0xb, 0xd0, 0xaf, 0x65, 0x55, 0x5f, 0xb0,
    0xda, 0xb, 0xd0, 0xaf, 0x55, 0x55, 0x5f, 0xb0,
    0xdb, 0x2c, 0xd0, 0xaf, 0xee, 0xee, 0xef, 0xb0,
    0xdf, 0xff, 0xd0, 0xaf, 0x44, 0x44, 0x4f, 0xb0,
    0xdc, 0x55, 0x40, 0xaf, 0xff, 0xff, 0xff, 0xb0,
    0x86, 0x0, 0x0, 0xaf, 0x0, 0x17, 0x7f, 0xb0,
    0x0, 0x0, 0x0, 0xaf, 0x0, 0xe, 0xfd, 0x40,

    /* U+66C7 "曇" */
    0x0, 0x3f, 0xed, 0xdd, 0xdd, 0xdd, 0xff, 0x20,
    0x0, 0x3, 0xfb, 0x88, 0x88, 0x88, 0x8d, 0xf2,
    0x0, 0x0, 0x3f, 0xa5, 0x55, 0x55, 0x55, 0xcf,
    0x20, 0x0, 0x3, 0xdd, 0xdd, 0xdd, 0xdd, 0xdd,
    0xd2, 0x0, 0x0, 0xbc, 0xcc, 0xcc, 0xcc, 0xcc,
    0xcc, 0xc0, 0x0, 0x16, 0x77, 0x77, 0xbf, 0x97,
    0x77, 0x76, 0x10, 0xd, 0xff, 0xff, 0xff, 0xff,
    0xff, 0xff, 0xfd, 0x0, 0xdb, 0x37, 0x75, 0x7f,
    0x47, 0x77, 0x3c, 0xd0, 0x7, 0x63, 0x77, 0x57,
    0xf4, 0x66, 0x63, 0x77, 0x0, 0x0, 0xac, 0xca,
    0x6e, 0x3c, 0xcc, 0xb0, 0x0, 0x0, 0x2b, 0xbb,
    0xbb, 0xbb, 0xbb, 0xbb, 0x40, 0x0, 0x34, 0x77,
    0x77, 0x77, 0x77, 0x77, 0x75, 0x30, 0xf, 0xff,
    0xff, 0xff, 0xff, 0xff, 0xff, 0xff, 0x0, 0x2,
    0x25, 0xfd, 0x33, 0x3a, 0xff, 0x81, 0x0, 0x0,
    0xdf, 0xff, 0xff, 0xff, 0xfe, 0xef, 0xe1, 0x0,
    0x1, 0x11, 0x11, 0x0, 0x0, 0x0, 0x23, 0x0,

    /* U+66F4 "更" */
    0x5f, 0xff, 0xff, 0xff, 0xff, 0xff, 0xff, 0xf9,
    0x5, 0xff, 0xff, 0xff, 0xff, 0xff, 0xff, 0xff,
    0x90, 0x0, 0x0, 0x0, 0xb, 0xf3, 0x0, 0x0,
    0x0, 0x0, 0x9, 0xff, 0xff, 0xff, 0xff, 0xff,
    0xfb, 0x0, 0x0, 0xaf, 0x98, 0x8e, 0xfa, 0x88,
    0x9f, 0xb0, 0x0, 0xa, 0xf2, 0x11, 0xcf, 0x41,
    0x12, 0xfb, 0x0, 0x0, 0xaf, 0xff, 0xff, 0xff,
    0xff, 0xff, 0xb0, 0x0, 0xa, 0xf5, 0x44, 0xdf,
    0x74, 0x45, 0xfb, 0x0, 0x0, 0xaf, 0x76, 0x6d,
    0xf8, 0x66, 0x7f, 0xb0, 0x0, 0xa, 0xff, 0xff,
    0xff, 0xff, 0xff, 0xfb, 0x0, 0x0, 0x2c, 0xb1,
    0x6f, 0xc1, 0x11, 0x11, 0x0, 0x0, 0x0, 0x9f,
    0xce, 0xf4, 0x0, 0x0, 0x0, 0x0, 0x0, 0x3,
    0xef, 0xfe, 0x63, 0x10, 0x0, 0x0, 0x4, 0xae,
    0xff, 0xeb, 0xff, 0xff, 0xfe, 0xdc, 0xb0, 0x1e,
    0xfa, 0x50, 0x1, 0x58, 0xbc, 0xef, 0xfa, 0x0,
    0x10, 0x0, 0x0, 0x0, 0x0, 0x0, 0x0, 0x0,

    /* U+6700 "最" */
    0x0, 0x1f, 0xff, 0xff, 0xff, 0xff, 0xff, 0x10,
    0x0, 0x1, 0xfb, 0x33, 0x33, 0x33, 0x3c, 0xf1,
    0x0, 0x0, 0x1f, 0xff, 0xff, 0xff, 0xff, 0xff,
    0x10, 0x0, 0x1, 0xfb, 0x33, 0x33, 0x33, 0x3c,
    0xf1, 0x0, 0x0, 0x1f, 0xff, 0xff, 0xff, 0xff,
    0xff, 0x10, 0x0, 0x0, 0x44, 0x44, 0x44, 0x44,
    0x44, 0x40, 0x0, 0x1f, 0xff, 0xff, 0xff, 0xff,
    0xff, 0xff, 0xfc, 0x0, 0x6d, 0xf6, 0x6e, 0xf6,
    0x66, 0x66, 0x66, 0x50, 0x0, 0xbf, 0xee, 0xff,
    0x5f, 0xff, 0xff, 0xe3, 0x0, 0xb, 0xf6, 0x6e,
    0xf2, 0xac, 0x77, 0xef, 0x0, 0x0, 0xbf, 0x55,
    0xdf, 0x8, 0xf2, 0x4f, 0x80, 0x0, 0xb, 0xff,
    0xff, 0xf0, 0xd, 0xde, 0xd0, 0x0, 0x0, 0xbf,
    0x23, 0xdf, 0x0, 0x7f, 0xf4, 0x0, 0x2, 0xef,
    0xff, 0xff, 0xf3, 0xbf, 0xbc, 0xf9, 0x20, 0x5,
    0x43, 0x21, 0xcf, 0x8c, 0x50, 0x5, 0xba, 0x0,

    /* U+6708 "月" */
    0x0, 0xe, 0xff, 0xff, 0xff, 0xff, 0xff, 0x0,
    0x0, 0xef, 0xcc, 0xcc, 0xcc, 0xcf, 0xf0, 0x0,
    0xe, 0xf0, 0x0, 0x0, 0x0, 0xef, 0x0, 0x0,
    0xef, 0x0, 0x0, 0x0, 0xe, 0xf0, 0x0, 0xe,
    0xfb, 0xbb, 0xbb, 0xbb, 0xff, 0x0, 0x0, 0xef,
    0xff, 0xff, 0xff, 0xff, 0xf0, 0x0, 0xe, 0xf0,
    0x0, 0x0, 0x0, 0xef, 0x0, 0x0, 0xfe, 0x0,
    0x0, 0x0, 0xe, 0xf0, 0x0, 0x1f, 0xfa, 0xaa,
    0xaa, 0xaa, 0xff, 0x0, 0x4, 0xff, 0xff, 0xff,
    0xff, 0xff, 0xf0, 0x0, 0x8f, 0x71, 0x11, 0x11,
    0x11, 0xef, 0x0, 0xe, 0xf1, 0x0, 0x0, 0x0,
    0xe, 0xf0, 0x9, 0xfa, 0x0, 0x0, 0x0, 0x0,
    0xef, 0x6, 0xff, 0x20, 0x0, 0x3, 0xdd, 0xdf,
    0xf0, 0x1c, 0x40, 0x0, 0x0, 0xe, 0xff, 0xd5,
    0x0, 0x0, 0x0, 0x0, 0x0, 0x0, 0x0, 0x0,

    /* U+6709 "有" */
    0x0, 0x0, 0x0, 0x10, 0x0, 0x0, 0x0, 0x0,
    0x0, 0x0, 0x0, 0xe, 0xe1, 0x0, 0x0, 0x0,
    0x0, 0x1, 0x11, 0x14, 0xfc, 0x11, 0x11, 0x11,
    0x11, 0x0, 0xff, 0xff, 0xff, 0xff, 0xff, 0xff,
    0xff, 0xf1, 0xa, 0xaa, 0xbf, 0xea, 0xaa, 0xaa,
    0xaa, 0xaa, 0x0, 0x0, 0xa, 0xf7, 0x0, 0x0,
    0x1, 0x0, 0x0, 0x0, 0x4, 0xff, 0xff, 0xff,
    0xff, 0xff, 0x20, 0x0, 0x2, 0xef, 0xf8, 0x88,
    0x88, 0x8d, 0xf2, 0x0, 0x1, 0xdf, 0xfe, 0x0,
    0x0, 0x0, 0xaf, 0x20, 0x2, 0xef, 0x8e, 0xff,
    0xff, 0xff, 0xff, 0xf2, 0x0, 0xb, 0x60, 0xef,
    0x77, 0x77, 0x77, 0xdf, 0x20, 0x0, 0x0, 0xe,
    0xf7, 0x77, 0x77, 0x7d, 0xf2, 0x0, 0x0, 0x0,
    0xef, 0xff, 0xff, 0xff, 0xff, 0x20, 0x0, 0x0,
    0xe, 0xe0, 0x0, 0x0, 0xa, 0xf2, 0x0, 0x0,
    0x0, 0xee, 0x0, 0x1, 0xbb, 0xef, 0x10, 0x0,
    0x0, 0xe, 0xe0, 0x0, 0xd, 0xfe, 0x80, 0x0,

    /* U+670D "服" */
    0x9, 0xff, 0xff, 0xa0, 0xff, 0xff, 0xff, 0xf4,
    0x0, 0x9f, 0xbb, 0xfa, 0xf, 0xeb, 0xbb, 0xdf,
    0x40, 0x9, 0xf1, 0xf, 0xa0, 0xfb, 0x0, 0x7,
    0xf4, 0x0, 0x9f, 0x10, 0xfa, 0xf, 0xb0, 0x34,
    0xaf, 0x40, 0x9, 0xff, 0xff, 0xa0, 0xfb, 0x6,
    0xff, 0xe1, 0x0, 0x9f, 0xbb, 0xfa, 0xf, 0xb0,
    0x3, 0x20, 0x0, 0x9, 0xf0, 0xf, 0xa0, 0xff,
    0xff, 0xff, 0xf9, 0x0, 0x9f, 0x0, 0xfa, 0xf,
    0xff, 0xdb, 0xcf, 0x90, 0xa, 0xff, 0xff, 0xa0,
    0xfb, 0xdb, 0x6, 0xf4, 0x0, 0xbf, 0xcc, 0xfa,
    0xf, 0xb6, 0xf3, 0xde, 0x0, 0xd, 0xd0, 0xf,
    0xa0, 0xfb, 0xe, 0xef, 0x80, 0x0, 0xfb, 0x0,
    0xfa, 0xf, 0xb0, 0x7f, 0xf1, 0x0, 0x2f, 0x80,
    0xf, 0xa0, 0xfb, 0x1d, 0xff, 0x90, 0x7, 0xf4,
    0x8c, 0xfa, 0xf, 0xde, 0xf7, 0xcf, 0xd1, 0x4b,
    0x7, 0xfd, 0x30, 0xfb, 0x95, 0x0, 0x98, 0x0,
    0x0, 0x0, 0x0, 0x0, 0x0, 0x0, 0x0, 0x0,

    /* U+671F "期" */
    0x0, 0xce, 0x0, 0xdd, 0x7, 0xff, 0xff, 0xff,
    0x18, 0xef, 0x88, 0xfe, 0x87, 0xfc, 0xaa, 0xff,
    0x2f, 0xff, 0xff, 0xff, 0xf7, 0xf4, 0x0, 0xcf,
    0x0, 0xce, 0x0, 0xdd, 0x7, 0xf4, 0x0, 0xcf,
    0x0, 0xcf, 0x77, 0xed, 0x7, 0xfc, 0xaa, 0xff,
    0x0, 0xcf, 0xee, 0xfd, 0x7, 0xff, 0xff, 0xff,
    0x0, 0xce, 0x0, 0xdd, 0x7, 0xf4, 0x0, 0xcf,
    0x0, 0xcf, 0xff, 0xfd, 0x7, 0xf3, 0x0, 0xcf,
    0x0, 0xcf, 0x77, 0xed, 0x8, 0xfe, 0xee, 0xff,
    0x0, 0xce, 0x0, 0xdd, 0x9, 0xff, 0xff, 0xff,
    0x5f, 0xff, 0xff, 0xff, 0xeb, 0xf0, 0x0, 0xcf,
    0x39, 0xbc, 0x99, 0xc9, 0x8e, 0xd0, 0x0, 0xcf,
    0x0, 0xcf, 0x37, 0xf7, 0x2f, 0xa0, 0x0, 0xcf,
    0x1b, 0xf8, 0x0, 0xbf, 0xbf, 0x50, 0xbb, 0xfe,
    0xa, 0x90, 0x0, 0x2, 0x3c, 0x0, 0xbf, 0xe6,
    0x0, 0x0, 0x0, 0x0, 0x0, 0x0, 0x0, 0x0,

    /* U+6728 "木" */
    0x0, 0x0, 0x0, 0xb, 0xf4, 0x0, 0x0, 0x0,
    0x0, 0x0, 0x0, 0x0, 0xbf, 0x40, 0x0, 0x0,
    0x0, 0x0, 0x0, 0x0, 0xb, 0xf4, 0x0, 0x0,
    0x0, 0x0, 0x22, 0x22, 0x22, 0xcf, 0x52, 0x22,
    0x22, 0x10, 0x2f, 0xff, 0xff, 0xff, 0xff, 0xff,
    0xff, 0xfc, 0x1, 0xaa, 0xaa, 0xae, 0xff, 0xfb,
    0xaa, 0xaa, 0x80, 0x0, 0x0, 0x1, 0xff, 0xff,
    0x80, 0x0, 0x0, 0x0, 0x0, 0x0, 0xbf, 0xff,
    0xef, 0x40, 0x0, 0x0, 0x0, 0x0, 0x8f, 0xab,
    0xf6, 0xff, 0x20, 0x0, 0x0, 0x0, 0x7f, 0xd1,
    0xbf, 0x44, 0xfe, 0x30, 0x0, 0x0, 0x9f, 0xe2,
    0xb, 0xf4, 0x6, 0xff, 0x50, 0x3, 0xdf, 0xe2,
    0x0, 0xbf, 0x40, 0x6, 0xff, 0x91, 0x6f, 0xc1,
    0x0, 0xb, 0xf4, 0x0, 0x4, 0xec, 0x0, 0x30,
    0x0, 0x0, 0xbf, 0x40, 0x0, 0x1, 0x10, 0x0,
    0x0, 0x0, 0xb, 0xf4, 0x0, 0x0, 0x0, 0x0,

    /* U+672A "未" */
    0x0, 0x0, 0x0, 0xb, 0xf3, 0x0, 0x0, 0x0,
    0x0, 0x0, 0x0, 0x0, 0xbf, 0x30, 0x0, 0x0,
    0x0, 0x0, 0xcc, 0xcc, 0xcf, 0xfd, 0xcc, 0xcc,
    0x80, 0x0, 0xf, 0xff, 0xff, 0xff, 0xff, 0xff,
    0xfa, 0x0, 0x0, 0x0, 0x0, 0xb, 0xf4, 0x0,
    0x0, 0x0, 0x0, 0x0, 0x0, 0x0, 0xbf, 0x30,
    0x0, 0x0, 0x0, 0x3c, 0xcc, 0xcc, 0xce, 0xfd,
    0xcc, 0xcc, 0xca, 0x4, 0xff, 0xff, 0xff, 0xff,
    0xff, 0xff, 0xff, 0xe0, 0x0, 0x0, 0x2, 0xef,
    0xff, 0x90, 0x0, 0x0, 0x0, 0x0, 0x1, 0xdf,
    0xef, 0xef, 0x70, 0x0, 0x0, 0x0, 0x3, 0xef,
    0x7b, 0xf4, 0xdf, 0x90, 0x0, 0x0, 0x8, 0xff,
    0x70, 0xbf, 0x31, 0xcf, 0xd3, 0x0, 0x5e, 0xfe,
    0x50, 0xb, 0xf3, 0x0, 0xaf, 0xfa, 0x12, 0xea,
    0x10, 0x0, 0xbf, 0x30, 0x0, 0x5e, 0x90, 0x1,
    0x0, 0x0, 0xb, 0xf3, 0x0, 0x0, 0x0, 0x0,

    /* U+672C "本" */
    0x0, 0x0, 0x0, 0xb, 0xf3, 0x0, 0x0, 0x0,
    0x0, 0x0, 0x0, 0x0, 0xbf, 0x30, 0x0, 0x0,
    0x0, 0x0, 0x0, 0x0, 0xb, 0xf4, 0x0, 0x0,
    0x0, 0x3, 0xff, 0xff, 0xff, 0xff, 0xff, 0xff,
    0xff, 0xc0, 0x2d, 0xdd, 0xdd, 0xff, 0xff, 0xed,
    0xdd, 0xda, 0x0, 0x0, 0x0, 0x2f, 0xff, 0xfa,
    0x0, 0x0, 0x0, 0x0, 0x0, 0xb, 0xff, 0xff,
    0xf4, 0x0, 0x0, 0x0, 0x0, 0x6, 0xfc, 0xbf,
    0x7f, 0xe1, 0x0, 0x0, 0x0, 0x3, 0xff, 0x2b,
    0xf3, 0x9f, 0xc0, 0x0, 0x0, 0x2, 0xef, 0x50,
    0xbf, 0x30, 0xcf, 0xb0, 0x0, 0x4, 0xef, 0x91,
    0x1b, 0xf5, 0x13, 0xef, 0xd2, 0x6, 0xff, 0x8b,
    0xff, 0xff, 0xff, 0xf4, 0xdf, 0xf2, 0x1c, 0x50,
    0x8b, 0xbe, 0xfc, 0xbb, 0x20, 0xa7, 0x0, 0x0,
    0x0, 0x0, 0xbf, 0x30, 0x0, 0x0, 0x0, 0x0,
    0x0, 0x0, 0xb, 0xf3, 0x0, 0x0, 0x0, 0x0,

    /* U+673A "机" */
    0x0, 0xa, 0xf1, 0x0, 0xcf, 0xff, 0xff, 0x10,
    0x0, 0x0, 0xaf, 0x10, 0xc, 0xfb, 0xbe, 0xf1,
    0x0, 0x0, 0xa, 0xf1, 0x0, 0xcf, 0x0, 0xcf,
    0x10, 0x3, 0xcc, 0xef, 0xcc, 0x4c, 0xf0, 0xc,
    0xf1, 0x0, 0x4f, 0xff, 0xff, 0xf5, 0xcf, 0x0,
    0xcf, 0x10, 0x0, 0x1, 0xff, 0x10, 0xc, 0xf0,
    0xc, 0xf1, 0x0, 0x0, 0x7f, 0xf8, 0x0, 0xcf,
    0x0, 0xcf, 0x10, 0x0, 0xd, 0xff, 0xf6, 0xd,
    0xe0, 0xc, 0xf1, 0x0, 0x5, 0xfd, 0xfb, 0xf4,
    0xed, 0x0, 0xcf, 0x10, 0x0, 0xdc, 0xaf, 0x2c,
    0x2f, 0xb0, 0xc, 0xf1, 0x0, 0x8f, 0x4a, 0xf1,
    0x4, 0xf8, 0x0, 0xcf, 0x13, 0x3, 0xb0, 0xaf,
    0x10, 0xaf, 0x30, 0xc, 0xf1, 0xe6, 0x0, 0xa,
    0xf1, 0x2f, 0xd0, 0x0, 0xcf, 0x1e, 0x60, 0x0,
    0xaf, 0x1c, 0xf6, 0x0, 0xb, 0xfb, 0xf5, 0x0,
    0xa, 0xf1, 0x8b, 0x0, 0x0, 0x5f, 0xfc, 0x0,
    0x0, 0x12, 0x0, 0x0, 0x0, 0x0, 0x0, 0x0,

    /* U+6761 "条" */
    0x0, 0x0, 0x1, 0x52, 0x0, 0x0, 0x0, 0x0,
    0x0, 0x0, 0x0, 0xaf, 0x90, 0x0, 0x0, 0x0,
    0x0, 0x0, 0x0, 0x8f, 0xff, 0xff, 0xff, 0xd2,
    0x0, 0x0, 0x0, 0xaf, 0xf9, 0x99, 0x9d, 0xfd,
    0x0, 0x0, 0x6, 0xef, 0xdf, 0xc1, 0x6, 0xff,
    0x20, 0x0, 0x0, 0x7f, 0x80, 0x7f, 0xfb, 0xfe,
    0x30, 0x0, 0x0, 0x0, 0x10, 0x2, 0xcf, 0xff,
    0xa3, 0x0, 0x0, 0x0, 0x14, 0x8d, 0xff, 0xd9,
    0xef, 0xfe, 0xa7, 0x50, 0x1f, 0xff, 0xfa, 0x45,
    0x71, 0x5a, 0xef, 0xfa, 0x0, 0x67, 0x30, 0x0,
    0xaf, 0x30, 0x0, 0x25, 0x10, 0x4f, 0xff, 0xff,
    0xff, 0xff, 0xff, 0xff, 0xfd, 0x3, 0xaa, 0xaa,
    0xcf, 0xff, 0xff, 0xaa, 0xaa, 0x90, 0x0, 0x0,
    0x5e, 0xed, 0xfc, 0xfb, 0x20, 0x0, 0x0, 0x4,
    0xcf, 0xc2, 0xaf, 0x36, 0xff, 0xa3, 0x0, 0x4e,
    0xfe, 0x60, 0xa, 0xf3, 0x1, 0xaf, 0xfc, 0x0,
    0x96, 0x0, 0x0, 0xaf, 0x30, 0x0, 0x28, 0x30,

    /* U+6765 "来" */
    0x0, 0x0, 0x0, 0x4, 0xfb, 0x0, 0x0, 0x0,
    0x0, 0xb, 0xbb, 0xbb, 0xcf, 0xeb, 0xbb, 0xbb,
    0x70, 0x1, 0xff, 0xff, 0xff, 0xff, 0xff, 0xff,
    0xfa, 0x0, 0x0, 0x5b, 0x10, 0x4f, 0xb0, 0x5,
    0xb5, 0x0, 0x0, 0x7, 0xf8, 0x4, 0xfb, 0x0,
    0xbf, 0x40, 0x0, 0x0, 0x1f, 0xe0, 0x4f, 0xb0,
    0x3f, 0xc0, 0x0, 0x0, 0x0, 0xaa, 0x14, 0xfb,
    0x6, 0xe3, 0x0, 0x0, 0xdf, 0xff, 0xff, 0xff,
    0xff, 0xff, 0xff, 0xf5, 0xb, 0xcc, 0xcc, 0xef,
    0xff, 0xfc, 0xcc, 0xcc, 0x40, 0x0, 0x0, 0x2e,
    0xff, 0xff, 0x80, 0x0, 0x0, 0x0, 0x0, 0x4e,
    0xf7, 0xfb, 0xbf, 0x90, 0x0, 0x0, 0x0, 0x8f,
    0xf3, 0x4f, 0xb0, 0xbf, 0xc2, 0x0, 0x6, 0xef,
    0xd2, 0x4, 0xfb, 0x0, 0x9f, 0xf9, 0x20, 0xcf,
    0x90, 0x0, 0x4f, 0xb0, 0x0, 0x4e, 0xf4, 0x1,
    0x20, 0x0, 0x4, 0xfb, 0x0, 0x0, 0x3, 0x0,

    /* U+6771 "東" */
    0x0, 0x0, 0x0, 0xd, 0xf1, 0x0, 0x0, 0x0,
    0x4, 0xff, 0xff, 0xff, 0xff, 0xff, 0xff, 0xff,
    0xa0, 0x3c, 0xcc, 0xcc, 0xcf, 0xfc, 0xcc, 0xcc,
    0xc8, 0x0, 0x1, 0x11, 0x11, 0xdf, 0x31, 0x11,
    0x11, 0x0, 0x0, 0xbf, 0xff, 0xff, 0xff, 0xff,
    0xff, 0xb0, 0x0, 0xb, 0xf5, 0x44, 0xef, 0x54,
    0x45, 0xfb, 0x0, 0x0, 0xbf, 0x65, 0x5e, 0xf6,
    0x55, 0x6f, 0xb0, 0x0, 0xb, 0xff, 0xff, 0xff,
    0xff, 0xff, 0xfb, 0x0, 0x0, 0xbf, 0x10, 0xd,
    0xf2, 0x0, 0x2f, 0xb0, 0x0, 0xb, 0xff, 0xff,
    0xff, 0xff, 0xff, 0xfb, 0x0, 0x0, 0x35, 0x5b,
    0xff, 0xff, 0xe6, 0x55, 0x30, 0x0, 0x0, 0x1b,
    0xfc, 0xef, 0x8f, 0xd4, 0x0, 0x0, 0x1, 0x8f,
    0xf9, 0xd, 0xf1, 0x4e, 0xfb, 0x40, 0x5, 0xff,
    0xd4, 0x0, 0xdf, 0x10, 0x19, 0xff, 0xc0, 0x8,
    0x50, 0x0, 0xd, 0xf1, 0x0, 0x2, 0x94, 0x0,

    /* U+679C "果" */
    0x0, 0x2f, 0xff, 0xff, 0xff, 0xff, 0xff, 0xe0,
    0x0, 0x2, 0xff, 0xff, 0xff, 0xff, 0xff, 0xfe,
    0x0, 0x0, 0x2f, 0xb0, 0x1, 0xfd, 0x0, 0x1f,
    0xe0, 0x0, 0x2, 0xff, 0xff, 0xff, 0xff, 0xff,
    0xfe, 0x0, 0x0, 0x2f, 0xd7, 0x78, 0xfe, 0x77,
    0x8f, 0xe0, 0x0, 0x2, 0xfc, 0x44, 0x4f, 0xe4,
    0x44, 0xfe, 0x0, 0x0, 0x2f, 0xff, 0xff, 0xff,
    0xff, 0xff, 0xe0, 0x0, 0x0, 0x44, 0x44, 0x4f,
    0xe4, 0x44, 0x43, 0x0, 0x6, 0xaa, 0xaa, 0xaa,
    0xff, 0xaa, 0xaa, 0xaa, 0x40, 0xbf, 0xff, 0xff,
    0xff, 0xff, 0xff, 0xff, 0xf7, 0x0, 0x0, 0x3,
    0xef, 0xff, 0xfc, 0x20, 0x0, 0x0, 0x0, 0x7,
    0xff, 0x6f, 0xd6, 0xff, 0x70, 0x0, 0x1, 0x7e,
    0xfc, 0x21, 0xfd, 0x2, 0xdf, 0xe8, 0x20, 0xcf,
    0xe6, 0x0, 0x1f, 0xd0, 0x0, 0x6e, 0xf7, 0x1,
    0x50, 0x0, 0x1, 0xfd, 0x0, 0x0, 0x4, 0x0,

    /* U+67D3 "染" */
    0x0, 0x0, 0x0, 0x0, 0x0, 0x0, 0x0, 0x0,
    0x0, 0xc, 0xa6, 0x10, 0xa, 0xf4, 0x0, 0x0,
    0x0, 0x0, 0x49, 0xe3, 0x99, 0xef, 0xa9, 0x94,
    0x0, 0x2, 0xd8, 0x20, 0x2f, 0xff, 0xff, 0xff,
    0x80, 0x0, 0x3a, 0xfe, 0x0, 0x2, 0xfd, 0x4,
    0xf8, 0x0, 0x0, 0x1, 0x65, 0x0, 0x8f, 0x80,
    0x3f, 0x84, 0x60, 0x0, 0x3f, 0xe1, 0x4f, 0xf1,
    0x3, 0xf8, 0x6f, 0x20, 0x4f, 0xf4, 0x8f, 0xf4,
    0x0, 0x2f, 0xff, 0xf0, 0xd, 0xf3, 0xa, 0xda,
    0xa2, 0x0, 0x7a, 0xa5, 0x0, 0x13, 0x0, 0x0,
    0xaf, 0x30, 0x0, 0x0, 0x0, 0x4f, 0xff, 0xff,
    0xff, 0xff, 0xff, 0xff, 0xfe, 0x2, 0x99, 0x99,
    0xbf, 0xff, 0xff, 0x99, 0x99, 0x80, 0x0, 0x0,
    0x5e, 0xed, 0xfc, 0xfc, 0x20, 0x0, 0x0, 0x4,
    0xcf, 0xc2, 0xaf, 0x36, 0xff, 0xa3, 0x0, 0x4e,
    0xfe, 0x60, 0xa, 0xf3, 0x1, 0xaf, 0xfd, 0x0,
    0x97, 0x0, 0x0, 0xaf, 0x30, 0x0, 0x28, 0x40,

    /* U+6848 "案" */
    0x0, 0x0, 0x0, 0x7, 0xf7, 0x0, 0x0, 0x0,
    0x0, 0xbf, 0xff, 0xff, 0xff, 0xff, 0xff, 0xff,
    0xc0, 0xb, 0xf7, 0x77, 0xbc, 0x77, 0x77, 0x77,
    0xfc, 0x0, 0xce, 0x77, 0x7e, 0xf8, 0x77, 0x77,
    0x7e, 0xd0, 0xe, 0xff, 0xff, 0xff, 0xff, 0xff,
    0xff, 0xff, 0x0, 0x0, 0xb, 0xf8, 0x0, 0x7,
    0xf9, 0x0, 0x0, 0x0, 0x7, 0xff, 0xfe, 0xb9,
    0xfd, 0x10, 0x0, 0x0, 0x0, 0x4, 0x4b, 0xff,
    0xff, 0xe9, 0x40, 0x0, 0x3, 0xff, 0xff, 0xfe,
    0xb4, 0x5a, 0xff, 0xd0, 0x0, 0x7, 0x64, 0x20,
    0x7f, 0x50, 0x0, 0x53, 0x0, 0x2f, 0xff, 0xff,
    0xff, 0xff, 0xff, 0xff, 0xff, 0x31, 0x88, 0x88,
    0xaf, 0xff, 0xff, 0xa8, 0x88, 0x82, 0x0, 0x3,
    0x9f, 0xdb, 0xf9, 0xdf, 0xa4, 0x0, 0x3, 0xae,
    0xfe, 0x70, 0x7f, 0x50, 0x6d, 0xff, 0xc4, 0x9,
    0x94, 0x0, 0x7, 0xf5, 0x0, 0x3, 0x9a, 0x0,

    /* U+691C "検" */
    0x0, 0xf, 0xa0, 0x0, 0x1, 0xef, 0x60, 0x0,
    0x0, 0x0, 0xfa, 0x0, 0x2, 0xde, 0x8f, 0x70,
    0x0, 0x0, 0xf, 0xa0, 0x5, 0xfe, 0x20, 0x8f,
    0xc2, 0x2, 0xdd, 0xff, 0xde, 0xff, 0xa8, 0x88,
    0xdf, 0xf7, 0x2c, 0xdf, 0xfc, 0xb9, 0xef, 0xff,
    0xff, 0x9c, 0x10, 0x5, 0xfb, 0x0, 0x0, 0x9,
    0xf0, 0x0, 0x0, 0x0, 0x9f, 0xf5, 0x1f, 0xff,
    0xff, 0xff, 0xfa, 0x0, 0xe, 0xff, 0xe2, 0xfb,
    0x7c, 0xf8, 0x7f, 0xb0, 0x5, 0xff, 0xbf, 0x9f,
    0x80, 0x9f, 0x0, 0xeb, 0x0, 0xca, 0xfa, 0x83,
    0xfb, 0x7c, 0xf7, 0x7f, 0xb0, 0x5f, 0x4f, 0xa0,
    0x1f, 0xff, 0xff, 0xff, 0xfa, 0x2, 0xb0, 0xfa,
    0x0, 0x0, 0x5f, 0xfe, 0x10, 0x0, 0x0, 0xf,
    0xa0, 0x0, 0x6f, 0xd4, 0xfd, 0x20, 0x0, 0x0,
    0xfa, 0x6, 0xcf, 0xc1, 0x5, 0xff, 0xa3, 0x0,
    0xf, 0xa0, 0xad, 0x60, 0x0, 0x2, 0xad, 0x10,
    0x0, 0x0, 0x0, 0x0, 0x0, 0x0, 0x0, 0x0,

    /* U+6A5F "機" */
    0x0, 0x0, 0x0, 0x0, 0x0, 0x0, 0x0, 0x0,
    0x0, 0x1, 0xf8, 0x0, 0x79, 0xb, 0xc0, 0x96,
    0x0, 0x0, 0x1f, 0x80, 0xd, 0x81, 0xbc, 0x1f,
    0x41, 0x0, 0x1, 0xf8, 0xd, 0xe5, 0xfd, 0xee,
    0xa8, 0xe0, 0xb, 0xcf, 0xeb, 0xaf, 0xe9, 0xad,
    0xae, 0xf6, 0x0, 0xff, 0xff, 0xf2, 0xbd, 0x49,
    0xd0, 0xeb, 0x60, 0x0, 0x5f, 0xa0, 0x4f, 0x7f,
    0xaf, 0x8f, 0x9f, 0x40, 0x9, 0xff, 0x3f, 0xff,
    0xfe, 0xff, 0xfc, 0xda, 0x0, 0xef, 0xfc, 0x42,
    0x13, 0x7f, 0x2c, 0xc3, 0x0, 0x4f, 0xfa, 0xfc,
    0xbb, 0xbc, 0xfc, 0xdf, 0xc5, 0xb, 0xbf, 0x85,
    0xaf, 0xfb, 0xbf, 0xec, 0xdb, 0x53, 0xf4, 0xf8,
    0x0, 0xfe, 0x30, 0xcb, 0x8f, 0x30, 0x8, 0x1f,
    0x80, 0x3f, 0xff, 0x78, 0xff, 0xa0, 0x0, 0x1,
    0xf8, 0xa, 0xf2, 0x84, 0x9f, 0xd0, 0x87, 0x0,
    0x1f, 0x87, 0xfa, 0x7, 0xef, 0xdf, 0xae, 0xa0,
    0x1, 0xf8, 0x3a, 0x0, 0x8b, 0x30, 0x9f, 0xe3,

    /* U+6B21 "次" */
    0x0, 0x0, 0x0, 0x3, 0x10, 0x0, 0x0, 0x0,
    0x0, 0x1, 0x0, 0x1, 0xfe, 0x0, 0x0, 0x0,
    0x0, 0xb, 0xf5, 0x0, 0x5f, 0xa0, 0x0, 0x0,
    0x0, 0x0, 0x8f, 0xf8, 0xa, 0xfa, 0x66, 0x66,
    0x67, 0x20, 0x0, 0x5f, 0xc1, 0xff, 0xff, 0xff,
    0xff, 0xff, 0x0, 0x0, 0x41, 0x8f, 0xb6, 0xef,
    0x76, 0x9f, 0xc0, 0x0, 0x0, 0x2f, 0xf2, 0xd,
    0xf1, 0x9, 0xf5, 0x0, 0x0, 0x9, 0xf9, 0x0,
    0xdf, 0x20, 0xfe, 0x0, 0x0, 0x0, 0x25, 0x0,
    0xf, 0xf4, 0x18, 0x60, 0x0, 0x0, 0xbd, 0x0,
    0x4, 0xff, 0x80, 0x0, 0x0, 0x0, 0xaf, 0xc0,
    0x0, 0xaf, 0xde, 0x0, 0x0, 0x0, 0xaf, 0xd1,
    0x0, 0x3f, 0xb7, 0xf7, 0x0, 0x0, 0x7f, 0xe2,
    0x0, 0x1e, 0xf2, 0x1e, 0xf3, 0x0, 0x1, 0xc2,
    0x0, 0x3e, 0xf6, 0x0, 0x5f, 0xf4, 0x0, 0x0,
    0x2, 0x9f, 0xf7, 0x0, 0x0, 0x8f, 0xfa, 0x10,
    0x0, 0x3f, 0xe4, 0x0, 0x0, 0x0, 0x6f, 0xd0,
    0x0, 0x0, 0x40, 0x0, 0x0, 0x0, 0x0, 0x22,
    0x0,

    /* U+6B8B "残" */
    0x0, 0x0, 0x0, 0x0, 0x0, 0x0, 0x0, 0x0,
    0x1, 0xff, 0xff, 0xff, 0x80, 0x2f, 0x94, 0xfd,
    0x30, 0xa, 0xcf, 0xda, 0xa5, 0x3, 0xfb, 0x58,
    0xe7, 0x0, 0x6, 0xf5, 0x0, 0x8f, 0xff, 0xff,
    0xff, 0xc0, 0x0, 0x9f, 0x21, 0x9, 0xed, 0xfe,
    0x75, 0x42, 0x0, 0xe, 0xff, 0xff, 0x20, 0x1f,
    0xd5, 0x78, 0x50, 0x3, 0xfc, 0x9d, 0xf3, 0xff,
    0xff, 0xff, 0xd7, 0x0, 0x9f, 0x30, 0xce, 0x6,
    0x5c, 0xf1, 0x1, 0x30, 0x1f, 0xfa, 0x1f, 0xb4,
    0x8a, 0xef, 0xff, 0xff, 0x45, 0xfb, 0xfe, 0xf6,
    0x8d, 0xcc, 0xfb, 0x5c, 0x80, 0x3, 0x5, 0xff,
    0x10, 0x0, 0x3f, 0xa6, 0xfa, 0x0, 0x0, 0x1f,
    0xb0, 0x0, 0x0, 0xff, 0xfc, 0x0, 0x0, 0xa,
    0xf3, 0x0, 0x0, 0x3e, 0xfb, 0x3, 0x0, 0x6,
    0xfa, 0x0, 0x5, 0xbf, 0xff, 0xc0, 0xaa, 0x6,
    0xfe, 0x10, 0x4f, 0xff, 0x91, 0xaf, 0xdf, 0x70,
    0x3d, 0x20, 0x0, 0xa8, 0x10, 0x0, 0xaf, 0xd1,
    0x0, 0x0, 0x0, 0x0, 0x0, 0x0, 0x0, 0x0,
    0x0,

    /* U+6BCF "每" */
    0x0, 0x0, 0x44, 0x0, 0x0, 0x0, 0x0, 0x0,
    0x0, 0x0, 0xe, 0xf2, 0x0, 0x0, 0x0, 0x0,
    0x0, 0x0, 0x6, 0xfe, 0x99, 0x99, 0x99, 0x99,
    0x99, 0x0, 0x1, 0xef, 0xff, 0xff, 0xff, 0xff,
    0xff, 0xf0, 0x0, 0xaf, 0x90, 0x0, 0x0, 0x0,
    0x0, 0x0, 0x0, 0x7f, 0xfb, 0xba, 0xaa, 0xaa,
    0xab, 0xa0, 0x0, 0xa, 0xf8, 0xff, 0xff, 0xff,
    0xff, 0xff, 0x0, 0x0, 0x1, 0x6f, 0x41, 0xee,
    0x50, 0xc, 0xf0, 0x0, 0x1, 0x19, 0xf2, 0x2,
    0xbf, 0x40, 0xdf, 0x11, 0x2, 0xff, 0xff, 0xff,
    0xff, 0xff, 0xff, 0xff, 0xf6, 0x18, 0x8e, 0xe8,
    0xaf, 0xc8, 0x88, 0xff, 0x88, 0x30, 0x0, 0xfb,
    0x2, 0xbf, 0xb1, 0xf, 0xd0, 0x0, 0x0, 0x1f,
    0xd8, 0x88, 0xdf, 0x99, 0xfe, 0x88, 0x0, 0x4,
    0xff, 0xff, 0xff, 0xff, 0xff, 0xff, 0xe0, 0x0,
    0x4a, 0x30, 0x0, 0x5, 0x6b, 0xf7, 0x0, 0x0,
    0x0, 0x0, 0x0, 0x0, 0x9f, 0xfb, 0x0, 0x0,

    /* U+6BD4 "比" */
    0x0, 0x1f, 0xc0, 0x0, 0xc, 0xf1, 0x0, 0x0,
    0x0, 0x1, 0xfc, 0x0, 0x0, 0xcf, 0x10, 0x0,
    0x0, 0x0, 0x1f, 0xc0, 0x0, 0xc, 0xf1, 0x0,
    0x0, 0x0, 0x1, 0xfc, 0x0, 0x0, 0xcf, 0x10,
    0x3, 0x0, 0x0, 0x1f, 0xd1, 0x11, 0xc, 0xf1,
    0x1a, 0xf9, 0x0, 0x1, 0xff, 0xff, 0xf5, 0xcf,
    0x9f, 0xfe, 0x70, 0x0, 0x1f, 0xfb, 0xbb, 0x3c,
    0xff, 0xc5, 0x0, 0x0, 0x1, 0xfc, 0x0, 0x0,
    0xcf, 0x30, 0x0, 0x0, 0x0, 0x1f, 0xc0, 0x0,
    0xc, 0xf1, 0x0, 0x0, 0x0, 0x1, 0xfc, 0x0,
    0x0, 0xcf, 0x10, 0x0, 0x0, 0x0, 0x1f, 0xc0,
    0x0, 0xc, 0xf1, 0x0, 0x13, 0x0, 0x1, 0xfc,
    0x0, 0x43, 0xcf, 0x10, 0x3, 0xf7, 0x0, 0x4f,
    0xfd, 0xff, 0xac, 0xf1, 0x0, 0x5f, 0x62, 0xff,
    0xff, 0xfb, 0x73, 0xaf, 0xdc, 0xce, 0xf3, 0xc,
    0xa6, 0x20, 0x0, 0x3, 0xdf, 0xff, 0xf9, 0x0,

    /* U+6C14 "气" */
    0x0, 0x0, 0x30, 0x0, 0x0, 0x0, 0x0, 0x0,
    0x0, 0x0, 0x2f, 0xe0, 0x0, 0x0, 0x0, 0x0,
    0x0, 0x0, 0x8, 0xfd, 0x99, 0x99, 0x99, 0x99,
    0x98, 0x0, 0x1, 0xff, 0xff, 0xff, 0xff, 0xff,
    0xff, 0xe0, 0x0, 0xbf, 0x70, 0x0, 0x0, 0x0,
    0x0, 0x0, 0x0, 0x7f, 0xc8, 0xff, 0xff, 0xff,
    0xff, 0xf7, 0x0, 0x5f, 0xf2, 0x37, 0x77, 0x77,
    0x77, 0x77, 0x30, 0x0, 0x88, 0xaa, 0xaa, 0xaa,
    0xaa, 0xba, 0x20, 0x0, 0x0, 0x6f, 0xff, 0xff,
    0xff, 0xff, 0xf5, 0x0, 0x0, 0x0, 0x0, 0x0,
    0x0, 0x0, 0x7f, 0x50, 0x0, 0x0, 0x0, 0x0,
    0x0, 0x0, 0x6, 0xf7, 0x0, 0x0, 0x0, 0x0,
    0x0, 0x0, 0x0, 0x4f, 0x90, 0x0, 0x0, 0x0,
    0x0, 0x0, 0x0, 0x1, 0xfc, 0x6, 0x0, 0x0,
    0x0, 0x0, 0x0, 0x0, 0xd, 0xf2, 0xc8, 0x0,
    0x0, 0x0, 0x0, 0x0, 0x0, 0x7f, 0xef, 0x60,
    0x0, 0x0, 0x0, 0x0, 0x0, 0x0, 0x9f, 0xd1,

    /* U+6C17 "気" */
    0x0, 0x0, 0x52, 0x0, 0x0, 0x0, 0x0, 0x0,
    0x0, 0x0, 0x4f, 0xc0, 0x0, 0x0, 0x0, 0x0,
    0x0, 0x0, 0xa, 0xfe, 0xbb, 0xbb, 0xbb, 0xbb,
    0xb7, 0x0, 0x2, 0xff, 0xdd, 0xdd, 0xdd, 0xdd,
    0xdd, 0x80, 0x0, 0xcf, 0xa3, 0x33, 0x33, 0x33,
    0x33, 0x0, 0x0, 0x9f, 0xdc, 0xff, 0xff, 0xff,
    0xff, 0xf3, 0x0, 0x3f, 0xf3, 0x24, 0x44, 0x44,
    0x44, 0x44, 0x0, 0x0, 0x3b, 0x99, 0x99, 0x99,
    0x99, 0xa9, 0x50, 0x0, 0x0, 0x9f, 0xff, 0xff,
    0xff, 0xff, 0xf9, 0x0, 0x0, 0x0, 0x21, 0x0,
    0xc, 0x90, 0x4f, 0x90, 0x0, 0x0, 0x3f, 0xf8,
    0xa, 0xf8, 0x3, 0xfa, 0x0, 0x0, 0x0, 0x4d,
    0xff, 0xfb, 0x0, 0x2f, 0xb0, 0x0, 0x0, 0x0,
    0x1e, 0xff, 0xc2, 0x0, 0xfd, 0x6, 0x0, 0x0,
    0x5e, 0xfb, 0xbf, 0xf6, 0xd, 0xf1, 0xe4, 0x6,
    0xdf, 0xf7, 0x0, 0x8f, 0x80, 0x7f, 0xef, 0x20,
    0x4f, 0xa2, 0x0, 0x0, 0x30, 0x0, 0xaf, 0xb0,
    0x0, 0x0, 0x0, 0x0, 0x0, 0x0, 0x0, 0x0,
    0x0,

    /* U+6C34 "水" */
    0x0, 0x0, 0x0, 0x3, 0xfb, 0x0, 0x0, 0x0,
    0x0, 0x0, 0x0, 0x0, 0x3f, 0xb0, 0x0, 0x0,
    0x0, 0x0, 0x0, 0x0, 0x3, 0xfc, 0x0, 0x0,
    0x40, 0x0, 0x0, 0x0, 0x10, 0x3f, 0xf0, 0x0,
    0x3f, 0xe1, 0x1f, 0xff, 0xff, 0xe5, 0xff, 0x40,
    0x3f, 0xf7, 0x1, 0xdd, 0xdd, 0xff, 0x3f, 0xfb,
    0x3e, 0xf6, 0x0, 0x0, 0x0, 0x6f, 0xa3, 0xff,
    0xff, 0xf5, 0x0, 0x0, 0x0, 0xd, 0xf5, 0x3f,
    0xef, 0xf2, 0x0, 0x0, 0x0, 0x4, 0xfe, 0x3,
    0xfb, 0xaf, 0x60, 0x0, 0x0, 0x0, 0xef, 0x60,
    0x3f, 0xb1, 0xff, 0x40, 0x0, 0x0, 0xbf, 0xc0,
    0x3, 0xfb, 0x5, 0xff, 0x50, 0x1, 0xbf, 0xe2,
    0x0, 0x3f, 0xb0, 0x8, 0xff, 0x91, 0x3e, 0xe3,
    0x0, 0x3, 0xfb, 0x0, 0x7, 0xff, 0x60, 0x21,
    0x3, 0xff, 0xff, 0xa0, 0x0, 0x3, 0x70, 0x0,
    0x0, 0xd, 0xfe, 0xb2, 0x0, 0x0, 0x0, 0x0,

    /* U+6CA1 "没" */
    0x0, 0x41, 0x0, 0x0, 0x0, 0x0, 0x0, 0x0,
    0x0, 0x3f, 0xf7, 0x0, 0xdf, 0xff, 0xff, 0xa0,
    0x0, 0x0, 0x5e, 0xf7, 0xd, 0xfb, 0xbc, 0xfa,
    0x0, 0x0, 0x0, 0x18, 0x0, 0xde, 0x0, 0x3f,
    0xa0, 0x10, 0x0, 0x0, 0x0, 0x1f, 0xc0, 0x3,
    0xfa, 0xf, 0x50, 0x96, 0x0, 0x9, 0xf7, 0x0,
    0x2f, 0xc6, 0xf6, 0x3f, 0xfd, 0x39, 0xfe, 0x0,
    0x0, 0xef, 0xff, 0x20, 0x1a, 0xf5, 0x2c, 0x20,
    0x0, 0x1, 0x44, 0x10, 0x0, 0x3, 0x2, 0xff,
    0xff, 0xff, 0xff, 0xd1, 0x0, 0x0, 0x1, 0x1b,
    0xcf, 0xbb, 0xbd, 0xfd, 0x0, 0x0, 0x3, 0xe3,
    0xc, 0xf3, 0x0, 0xbf, 0x60, 0x0, 0x0, 0xcf,
    0x30, 0x3f, 0xe2, 0x8f, 0xb0, 0x0, 0x0, 0x5f,
    0xb0, 0x0, 0x6f, 0xff, 0xd1, 0x0, 0x0, 0xe,
    0xf3, 0x0, 0x6, 0xff, 0xfb, 0x20, 0x0, 0x8,
    0xfa, 0x16, 0xaf, 0xff, 0x9e, 0xff, 0xb7, 0x20,
    0x5e, 0x21, 0xef, 0xe8, 0x10, 0x7, 0xef, 0xf2,
    0x0, 0x10, 0x4, 0x30, 0x0, 0x0, 0x0, 0x34,
    0x0,

    /* U+6CC1 "況" */
    0x0, 0x83, 0x0, 0x0, 0x0, 0x0, 0x0, 0x0,
    0x0, 0x5f, 0xfb, 0x2b, 0xff, 0xff, 0xff, 0xff,
    0x40, 0x0, 0x3c, 0xf3, 0xbf, 0xbb, 0xbb, 0xbe,
    0xf4, 0x0, 0x0, 0x4, 0xb, 0xf1, 0x0, 0x0,
    0x9f, 0x40, 0x0, 0x0, 0x0, 0xbf, 0x10, 0x0,
    0x9, 0xf4, 0x0, 0xa4, 0x0, 0xb, 0xf1, 0x0,
    0x0, 0x9f, 0x40, 0x6f, 0xfc, 0x30, 0xbf, 0x32,
    0x22, 0x2a, 0xf4, 0x0, 0x2a, 0xf4, 0xb, 0xff,
    0xff, 0xff, 0xff, 0x40, 0x0, 0x3, 0x0, 0x6a,
    0xfd, 0x9f, 0xf9, 0x92, 0x0, 0x0, 0x3, 0x0,
    0x3f, 0x90, 0xef, 0x0, 0x0, 0x0, 0x2, 0xf8,
    0x5, 0xf7, 0xe, 0xf0, 0x0, 0x0, 0x0, 0xcf,
    0x30, 0x8f, 0x50, 0xef, 0x0, 0x0, 0x0, 0x6f,
    0xa0, 0xd, 0xf1, 0xe, 0xf0, 0x48, 0x10, 0x2f,
    0xf1, 0x9, 0xfa, 0x0, 0xef, 0x5, 0xf3, 0xb,
    0xf7, 0x3d, 0xfe, 0x10, 0xd, 0xfa, 0xdf, 0x0,
    0x4a, 0x0, 0xdb, 0x10, 0x0, 0x7f, 0xff, 0x90,
    0x0, 0x0, 0x0, 0x0, 0x0, 0x0, 0x0, 0x0,
    0x0,

    /* U+6D77 "海" */
    0x0, 0x40, 0x0, 0x6, 0x50, 0x0, 0x0, 0x0,
    0x0, 0x5f, 0xd4, 0x0, 0xfe, 0x0, 0x0, 0x0,
    0x0, 0x0, 0x8f, 0xe0, 0x5f, 0xe9, 0x99, 0x99,
    0x99, 0x20, 0x0, 0x34, 0xc, 0xff, 0xff, 0xff,
    0xff, 0xf4, 0x0, 0x0, 0x6, 0xfb, 0x0, 0x0,
    0x0, 0x0, 0x0, 0x75, 0x1, 0xff, 0xb9, 0x88,
    0x88, 0x98, 0x30, 0x3f, 0xfc, 0x14, 0x7f, 0xff,
    0xff, 0xff, 0xf5, 0x0, 0x2c, 0xe1, 0x3, 0xf7,
    0xd, 0xb0, 0x6f, 0x40, 0x0, 0x2, 0x0, 0x6f,
    0x50, 0xea, 0x7, 0xf4, 0x0, 0x0, 0x1, 0xff,
    0xff, 0xff, 0xff, 0xff, 0xf9, 0x0, 0xc, 0x7a,
    0xef, 0xab, 0xfc, 0xad, 0xfa, 0x50, 0x4, 0xf9,
    0xc, 0xe0, 0x3f, 0x50, 0x9f, 0x10, 0x0, 0xcf,
    0x20, 0xff, 0xbc, 0xfc, 0xbe, 0xfb, 0x40, 0x5f,
    0xb0, 0x2f, 0xfd, 0xdd, 0xdd, 0xff, 0xd5, 0xd,
    0xf3, 0x1, 0x63, 0x0, 0x47, 0x9f, 0x90, 0x0,
    0x48, 0x0, 0x0, 0x0, 0x4, 0xff, 0xc2, 0x0,
    0x0, 0x0, 0x0, 0x0, 0x0, 0x0, 0x0, 0x0,
    0x0,

    /* U+6E08 "済" */
    0x0, 0xb9, 0x30, 0x0, 0x0, 0xfe, 0x0, 0x0,
    0x0, 0x1a, 0xff, 0xbc, 0xcc, 0xcf, 0xfc, 0xcc,
    0xc4, 0x0, 0x3, 0xa5, 0xcf, 0xfd, 0xcc, 0xef,
    0xec, 0x40, 0x0, 0x0, 0x0, 0x5f, 0xd2, 0x3e,
    0xe2, 0x0, 0x7, 0x60, 0x0, 0x0, 0x5f, 0xff,
    0xf3, 0x0, 0x1, 0xef, 0xe4, 0x14, 0x7c, 0xff,
    0xff, 0xea, 0x62, 0x1, 0x8f, 0x5b, 0xff, 0xd8,
    0x22, 0x8d, 0xff, 0x30, 0x0, 0x20, 0x26, 0xe9,
    0x0, 0x0, 0xad, 0x40, 0x0, 0x0, 0x20, 0xf,
    0xff, 0xff, 0xff, 0xe0, 0x0, 0x0, 0x5f, 0x40,
    0xfe, 0x99, 0x99, 0xfe, 0x0, 0x0, 0xd, 0xf2,
    0x1f, 0xb0, 0x0, 0xd, 0xe0, 0x0, 0x7, 0xfa,
    0x4, 0xff, 0xff, 0xff, 0xfe, 0x0, 0x1, 0xff,
    0x10, 0xaf, 0x87, 0x77, 0x7e, 0xe0, 0x0, 0xaf,
    0x80, 0x5f, 0xc0, 0x0, 0x0, 0xde, 0x0, 0x1,
    0x90, 0xa, 0xe2, 0x0, 0x0, 0xd, 0xe0, 0x0,
    0x0, 0x0, 0x0, 0x0, 0x0, 0x0, 0x0, 0x0,

    /* U+6E29 "温" */
    0x0, 0x42, 0x0, 0x0, 0x0, 0x0, 0x0, 0x0,
    0x0, 0x2f, 0xf9, 0x18, 0xff, 0xff, 0xff, 0xff,
    0x10, 0x0, 0x6f, 0xf9, 0x8f, 0x98, 0x88, 0x8f,
    0xf1, 0x0, 0x0, 0x1a, 0x18, 0xf3, 0x0, 0x0,
    0xef, 0x10, 0x0, 0x0, 0x0, 0x8f, 0xff, 0xff,
    0xff, 0xf1, 0x0, 0x52, 0x0, 0x8, 0xf8, 0x66,
    0x66, 0xff, 0x10, 0x2f, 0xfa, 0x10, 0x8f, 0x97,
    0x77, 0x7f, 0xf1, 0x0, 0x2b, 0xf7, 0x8, 0xff,
    0xff, 0xff, 0xff, 0x10, 0x0, 0x4, 0x0, 0x0,
    0x0, 0x0, 0x0, 0x0, 0x0, 0x0, 0x11, 0x1f,
    0xff, 0xff, 0xff, 0xff, 0xa0, 0x0, 0x9, 0xe2,
    0xfd, 0xbf, 0xaf, 0xca, 0xfa, 0x0, 0x1, 0xfd,
    0x1f, 0x94, 0xf1, 0xe7, 0x1f, 0xa0, 0x0, 0x9f,
    0x51, 0xf9, 0x4f, 0x1e, 0x71, 0xfa, 0x0, 0x2f,
    0xd0, 0x1f, 0x94, 0xf1, 0xe7, 0x1f, 0xa0, 0xb,
    0xf6, 0x5d, 0xfe, 0xef, 0xdf, 0xed, 0xff, 0x80,
    0x6d, 0x6, 0xff, 0xff, 0xff, 0xff, 0xff, 0xfa,
    0x0, 0x0, 0x0, 0x0, 0x0, 0x0, 0x0, 0x0,
    0x0,

    /* U+6E32 "渲" */
    0x1, 0xc8, 0x10, 0x0, 0x3, 0xf9, 0x0, 0x0,
    0x0, 0x2b, 0xfe, 0x9f, 0xff, 0xff, 0xff, 0xff,
    0xf1, 0x0, 0x5, 0x59, 0xfa, 0x99, 0x99, 0x99,
    0xdf, 0x10, 0x0, 0x0, 0x9f, 0x10, 0x0, 0x0,
    0xa, 0xf1, 0x5, 0x10, 0x4, 0x8f, 0xff, 0xff,
    0xff, 0xb8, 0x3, 0xff, 0x91, 0x0, 0x77, 0x77,
    0x77, 0x73, 0x0, 0x2, 0xbf, 0x20, 0x4f, 0xff,
    0xff, 0xff, 0xb0, 0x0, 0x0, 0x20, 0x4, 0xfa,
    0x66, 0x66, 0xfc, 0x0, 0x0, 0x1, 0x0, 0x4f,
    0x83, 0x33, 0x3f, 0xc0, 0x0, 0x0, 0x8c, 0x14,
    0xff, 0xff, 0xff, 0xfc, 0x0, 0x0, 0x1f, 0xe0,
    0x4f, 0x60, 0x0, 0xf, 0xc0, 0x0, 0x8, 0xf7,
    0x4, 0xff, 0xff, 0xff, 0xfc, 0x0, 0x2, 0xff,
    0x10, 0x16, 0x66, 0x66, 0x66, 0x40, 0x0, 0xaf,
    0x70, 0xaa, 0xaa, 0xaa, 0xaa, 0xaa, 0xa4, 0x5,
    0xd0, 0xf, 0xff, 0xff, 0xff, 0xff, 0xff, 0x70,
    0x0, 0x0, 0x0, 0x0, 0x0, 0x0, 0x0, 0x0,

    /* U+6E7F "湿" */
    0x0, 0x41, 0x0, 0x0, 0x0, 0x0, 0x0, 0x0,
    0x0, 0x3f, 0xf8, 0xc, 0xff, 0xff, 0xff, 0xff,
    0x50, 0x0, 0x8f, 0xf5, 0xcf, 0x88, 0x88, 0x8b,
    0xf5, 0x0, 0x0, 0x39, 0xc, 0xe0, 0x0, 0x0,
    0x7f, 0x50, 0x0, 0x0, 0x0, 0xcf, 0xff, 0xff,
    0xff, 0xf5, 0x0, 0x96, 0x0, 0xc, 0xf6, 0x66,
    0x66, 0xaf, 0x50, 0x2e, 0xfd, 0x30, 0xcf, 0x77,
    0x77, 0x7b, 0xf5, 0x0, 0x8, 0xf3, 0xc, 0xff,
    0xff, 0xff, 0xff, 0x50, 0x0, 0x1, 0x0, 0x0,
    0x59, 0x16, 0x91, 0x0, 0x0, 0x0, 0x30, 0x39,
    0x8, 0xf2, 0xaf, 0x6, 0x81, 0x0, 0xf, 0x94,
    0xf6, 0x8f, 0x2a, 0xf0, 0xde, 0x0, 0x6, 0xf7,
    0xd, 0xd8, 0xf2, 0xaf, 0x4f, 0x80, 0x0, 0xdf,
    0x10, 0x8f, 0xaf, 0x2a, 0xfa, 0xf1, 0x0, 0x5f,
    0xa0, 0x3, 0x59, 0xf2, 0xaf, 0x45, 0x0, 0xc,
    0xf3, 0x6d, 0xdd, 0xef, 0xdf, 0xfd, 0xdd, 0x60,
    0x6c, 0x7, 0xff, 0xff, 0xff, 0xff, 0xff, 0xf7,
    0x0, 0x0, 0x0, 0x0, 0x0, 0x0, 0x0, 0x0,
    0x0,

    /* U+6ED1 "滑" */
    0x0, 0x41, 0x0, 0x0, 0x0, 0x0, 0x0, 0x0,
    0x0, 0x3f, 0xf8, 0x3, 0xff, 0xff, 0xff, 0xfa,
    0x0, 0x1, 0x9f, 0xf6, 0x3f, 0xa6, 0x66, 0x6f,
    0xa0, 0x0, 0x0, 0x4c, 0x3, 0xf7, 0x14, 0x44,
    0xfa, 0x0, 0x0, 0x0, 0x0, 0x3f, 0x73, 0xfe,
    0xdf, 0xa0, 0x0, 0x41, 0x0, 0x3, 0xf7, 0x3f,
    0x20, 0xfa, 0x0, 0x3f, 0xf9, 0x1d, 0xff, 0xff,
    0xff, 0xff, 0xff, 0x40, 0x3b, 0xf5, 0xde, 0x66,
    0x66, 0x66, 0x6a, 0xf4, 0x0, 0x3, 0xb, 0xee,
    0xee, 0xee, 0xef, 0xee, 0x30, 0x0, 0x1, 0x3,
    0xfb, 0x88, 0x88, 0xfa, 0x0, 0x0, 0x6, 0xe2,
    0x3f, 0xca, 0xaa, 0xaf, 0xa0, 0x0, 0x0, 0xef,
    0x13, 0xfd, 0xbb, 0xbb, 0xfa, 0x0, 0x0, 0x8f,
    0x80, 0x3f, 0xa5, 0x55, 0x5f, 0xa0, 0x0, 0x3f,
    0xe0, 0x3, 0xff, 0xff, 0xff, 0xfa, 0x0, 0xc,
    0xf6, 0x0, 0x3f, 0x70, 0x6, 0x6f, 0xa0, 0x0,
    0x18, 0x0, 0x3, 0xf7, 0x0, 0xbf, 0xd4, 0x0,
    0x0, 0x0, 0x0, 0x0, 0x0, 0x0, 0x0, 0x0,
    0x0,

    /* U+6EDA "滚" */
    0x3, 0xc5, 0x0, 0x0, 0x4, 0xf8, 0x0, 0x0,
    0x0, 0x5e, 0xfc, 0xcf, 0xff, 0xff, 0xff, 0xff,
    0xf3, 0x0, 0x9, 0x56, 0x88, 0x88, 0x88, 0x88,
    0x88, 0x10, 0x0, 0x0, 0x0, 0x84, 0x8e, 0xef,
    0xa0, 0x0, 0x7, 0x40, 0x0, 0x8f, 0x65, 0x88,
    0xbf, 0x90, 0x3, 0xff, 0xb2, 0x9f, 0xa6, 0xd4,
    0x2, 0xaf, 0xd2, 0x2, 0xce, 0x2b, 0x90, 0xdd,
    0x8, 0xf5, 0x7b, 0x0, 0x0, 0x20, 0x5, 0x9f,
    0xb9, 0xaf, 0xf4, 0x0, 0x0, 0x0, 0x0, 0xef,
    0xff, 0xfc, 0x9d, 0xd0, 0x0, 0x0, 0xd7, 0x1,
    0x8, 0xff, 0x80, 0x18, 0x10, 0x0, 0x4f, 0x80,
    0x5d, 0xfa, 0xaf, 0x2b, 0xf8, 0x0, 0xb, 0xf5,
    0xef, 0xff, 0x12, 0xff, 0xf6, 0x0, 0x3, 0xfb,
    0x9, 0x6a, 0xf1, 0x7, 0xfb, 0x0, 0x0, 0xbf,
    0x40, 0x3, 0xcf, 0xbd, 0xf9, 0xfd, 0x50, 0xa,
    0xc0, 0x0, 0xdf, 0xfc, 0x96, 0x7, 0xff, 0x20,
    0x0, 0x0, 0x3, 0x20, 0x0, 0x0, 0x1, 0x30,

    /* U+6F14 "演" */
    0x1, 0xc8, 0x20, 0x0, 0x1, 0xfc, 0x0, 0x0,
    0x0, 0x3b, 0xff, 0xaf, 0xff, 0xff, 0xff, 0xff,
    0xf3, 0x0, 0x4, 0x88, 0xf9, 0x88, 0x88, 0x88,
    0xaf, 0x30, 0x0, 0x0, 0x8f, 0x86, 0x66, 0x66,
    0x69, 0xf3, 0x9, 0x60, 0x0, 0x2f, 0xff, 0xff,
    0xff, 0xf0, 0x3, 0xff, 0xd3, 0x0, 0x11, 0x1f,
    0xb1, 0x11, 0x0, 0x1, 0xae, 0x10, 0xaf, 0xff,
    0xff, 0xff, 0xf9, 0x0, 0x0, 0x10, 0xb, 0xf6,
    0x6f, 0xd6, 0x7f, 0xa0, 0x0, 0x0, 0x0, 0xbf,
    0x55, 0xfd, 0x55, 0xfa, 0x0, 0x0, 0x79, 0xb,
    0xff, 0xff, 0xff, 0xff, 0xa0, 0x0, 0xe, 0xe0,
    0xbe, 0x0, 0xfb, 0x1, 0xfa, 0x0, 0x7, 0xf8,
    0xb, 0xff, 0xff, 0xff, 0xff, 0xa0, 0x1, 0xef,
    0x10, 0x46, 0xc8, 0x55, 0xbc, 0x63, 0x0, 0x8f,
    0x90, 0x5, 0xdf, 0xa0, 0x1b, 0xfc, 0x20, 0xa,
    0xf1, 0x1d, 0xfe, 0x60, 0x0, 0x6, 0xff, 0x20,
    0x3, 0x0, 0x28, 0x10, 0x0, 0x0, 0x2, 0x50,

    /* U+706B "火" */
    0x0, 0x0, 0x0, 0xc, 0xf3, 0x0, 0x0, 0x0,
    0x0, 0x0, 0x0, 0x0, 0xcf, 0x30, 0x0, 0x0,
    0x0, 0x0, 0x0, 0x0, 0xc, 0xf3, 0x0, 0x0,
    0x0, 0x0, 0x2, 0xb6, 0x0, 0xcf, 0x30, 0x0,
    0x97, 0x10, 0x0, 0x5f, 0x90, 0xc, 0xf3, 0x0,
    0x2f, 0xf2, 0x0, 0xa, 0xf5, 0x0, 0xcf, 0x30,
    0x9, 0xf8, 0x0, 0x1, 0xff, 0x10, 0xe, 0xf4,
    0x2, 0xfe, 0x0, 0x0, 0xcf, 0x90, 0x1, 0xff,
    0x80, 0xaf, 0x60, 0x0, 0x4, 0xb1, 0x0, 0x7f,
    0xfe, 0x1, 0x60, 0x0, 0x0, 0x0, 0x0, 0xe,
    0xe8, 0xf6, 0x0, 0x0, 0x0, 0x0, 0x0, 0x9,
    0xf7, 0x1f, 0xf2, 0x0, 0x0, 0x0, 0x0, 0x7,
    0xfd, 0x0, 0x6f, 0xe2, 0x0, 0x0, 0x0, 0x9,
    0xfe, 0x20, 0x0, 0x9f, 0xf6, 0x0, 0x0, 0x5d,
    0xfe, 0x30, 0x0, 0x0, 0x9f, 0xfc, 0x50, 0x2f,
    0xfb, 0x10, 0x0, 0x0, 0x0, 0x5e, 0xfa, 0x0,
    0x44, 0x0, 0x0, 0x0, 0x0, 0x0, 0x17, 0x10,

    /* U+70B9 "点" */
    0x0, 0x0, 0x0, 0x8, 0xf9, 0x0, 0x0, 0x0,
    0x0, 0x0, 0x0, 0x0, 0x8f, 0xec, 0xcc, 0xcc,
    0xb0, 0x0, 0x0, 0x0, 0x8, 0xff, 0xff, 0xff,
    0xfe, 0x0, 0x0, 0x0, 0x0, 0x8f, 0x90, 0x0,
    0x0, 0x0, 0x0, 0x2, 0x22, 0x29, 0xfa, 0x22,
    0x22, 0x10, 0x0, 0x1, 0xff, 0xff, 0xff, 0xff,
    0xff, 0xfc, 0x0, 0x0, 0x1f, 0xd9, 0x99, 0x99,
    0x99, 0x9f, 0xc0, 0x0, 0x1, 0xfa, 0x0, 0x0,
    0x0, 0x1, 0xfc, 0x0, 0x0, 0x1f, 0xa0, 0x0,
    0x0, 0x0, 0x1f, 0xc0, 0x0, 0x1, 0xff, 0xff,
    0xff, 0xff, 0xff, 0xfc, 0x0, 0x0, 0x1a, 0xaa,
    0xaa, 0xaa, 0xaa, 0xaa, 0x80, 0x0, 0x1, 0x72,
    0x1, 0x0, 0x3, 0x0, 0x58, 0x0, 0x0, 0x8f,
    0x62, 0xf7, 0x7, 0xf7, 0xa, 0xf6, 0x0, 0x2f,
    0xe0, 0xf, 0xb0, 0x1f, 0xd0, 0x1f, 0xf1, 0xd,
    0xf5, 0x0, 0xfe, 0x0, 0xbf, 0x30, 0x7f, 0x90,
    0x26, 0x0, 0x7, 0x50, 0x3, 0x30, 0x0, 0x50,

    /* U+7121 "無" */
    0x0, 0x0, 0x40, 0x0, 0x0, 0x0, 0x0, 0x0,
    0x0, 0x0, 0x8f, 0x80, 0x0, 0x0, 0x0, 0x0,
    0x0, 0x0, 0x3f, 0xfa, 0x99, 0x99, 0x99, 0x99,
    0x93, 0x0, 0x2e, 0xff, 0xff, 0xff, 0xff, 0xff,
    0xff, 0x60, 0x3e, 0xff, 0xb0, 0xea, 0xe, 0xa0,
    0xec, 0x0, 0x0, 0x97, 0xeb, 0xe, 0x90, 0xe9,
    0xe, 0xc0, 0x0, 0x29, 0x9f, 0xe9, 0xfd, 0x9f,
    0xd9, 0xfe, 0x99, 0x4, 0xff, 0xff, 0xff, 0xff,
    0xff, 0xff, 0xff, 0xf0, 0x0, 0xe, 0xb0, 0xea,
    0xe, 0xa0, 0xec, 0x0, 0x0, 0x0, 0xeb, 0xe,
    0x90, 0xe9, 0xe, 0xc0, 0x0, 0xc, 0xcf, 0xfc,
    0xfe, 0xcf, 0xec, 0xff, 0xc9, 0x0, 0xdd, 0xdd,
    0xdd, 0xdd, 0xdd, 0xdd, 0xdd, 0xa0, 0x0, 0x57,
    0x11, 0x41, 0x3, 0x40, 0x29, 0x50, 0x0, 0xe,
    0xf1, 0x5f, 0x60, 0xcf, 0x12, 0xfe, 0x10, 0x8,
    0xf9, 0x3, 0xf9, 0x7, 0xf6, 0x7, 0xfa, 0x1,
    0xee, 0x10, 0x1f, 0x90, 0x3f, 0x80, 0xe, 0xe1,
    0x0, 0x10, 0x0, 0x0, 0x0, 0x0, 0x0, 0x10,
    0x0,

    /* U+7248 "版" */
    0x9, 0xf1, 0x9f, 0x10, 0xdf, 0xff, 0xff, 0xff,
    0x0, 0x9f, 0x19, 0xf1, 0xd, 0xfa, 0xaa, 0xaa,
    0xa0, 0x9, 0xf1, 0x9f, 0x10, 0xdd, 0x0, 0x0,
    0x0, 0x0, 0x9f, 0x19, 0xf1, 0xd, 0xd0, 0x0,
    0x0, 0x0, 0x9, 0xfc, 0xef, 0xc4, 0xde, 0x11,
    0x11, 0x10, 0x0, 0x9f, 0xcc, 0xcc, 0x4d, 0xff,
    0xff, 0xff, 0xe0, 0x9, 0xf0, 0x0, 0x0, 0xdf,
    0xfb, 0x9b, 0xfc, 0x0, 0x9f, 0x10, 0x0, 0xe,
    0xdf, 0x80, 0x6f, 0x80, 0x9, 0xff, 0xff, 0x70,
    0xfb, 0xbe, 0xc, 0xf3, 0x0, 0xaf, 0x9a, 0xf7,
    0x1f, 0x95, 0xf9, 0xfd, 0x0, 0xc, 0xd0, 0x3f,
    0x73, 0xf7, 0xe, 0xff, 0x60, 0x0, 0xfb, 0x3,
    0xf7, 0x7f, 0x40, 0x9f, 0xf0, 0x0, 0x3f, 0x70,
    0x3f, 0x7c, 0xf1, 0x5f, 0xff, 0xb1, 0x9, 0xf2,
    0x3, 0xfa, 0xfc, 0x8f, 0xf4, 0xbf, 0xe4, 0x4a,
    0x0, 0x3f, 0x9a, 0x53, 0xc2, 0x0, 0x8c, 0x0,
    0x0, 0x0, 0x0, 0x0, 0x0, 0x0, 0x0, 0x0,

    /* U+72B6 "状" */
    0x0, 0x0, 0x10, 0x0, 0x0, 0x0, 0x0, 0x0,
    0x0, 0x0, 0x1f, 0xb0, 0x0, 0x1f, 0xb0, 0x63,
    0x0, 0x0, 0x1, 0xfb, 0x0, 0x1, 0xfb, 0x1e,
    0xe1, 0x1, 0xc9, 0x1f, 0xb0, 0x0, 0x1f, 0xb0,
    0x4f, 0xb0, 0xb, 0xf6, 0xfb, 0x0, 0x1, 0xfb,
    0x0, 0x63, 0x0, 0x2f, 0xff, 0xb8, 0xcc, 0xcf,
    0xfc, 0xcc, 0xc4, 0x0, 0x54, 0xfb, 0xbf, 0xff,
    0xff, 0xff, 0xff, 0x50, 0x0, 0x1f, 0xb0, 0x0,
    0x4f, 0xf2, 0x0, 0x0, 0x0, 0x5, 0xfb, 0x0,
    0x6, 0xff, 0x60, 0x0, 0x0, 0x7, 0xff, 0xb0,
    0x0, 0xaf, 0xfc, 0x0, 0x0, 0xa, 0xfd, 0xfb,
    0x0, 0x1f, 0xf9, 0xf4, 0x0, 0x3, 0xfb, 0x1f,
    0xb0, 0x8, 0xf9, 0x2f, 0xc0, 0x0, 0x4, 0x1,
    0xfb, 0x2, 0xff, 0x20, 0x9f, 0x80, 0x0, 0x0,
    0x1f, 0xb1, 0xdf, 0x80, 0x1, 0xef, 0x70, 0x0,
    0x1, 0xfd, 0xdf, 0xb0, 0x0, 0x4, 0xff, 0x70,
    0x0, 0x1f, 0xc8, 0xb0, 0x0, 0x0, 0x4, 0xb0,
    0x0, 0x0, 0x0, 0x0, 0x0, 0x0, 0x0, 0x0,
    0x0,

    /* U+7387 "率" */
    0x0, 0x0, 0x0, 0xb, 0xf2, 0x0, 0x0, 0x0,
    0x8, 0xaa, 0xaa, 0xae, 0xfb, 0xaa, 0xaa, 0xa4,
    0xc, 0xff, 0xff, 0xff, 0xff, 0xff, 0xff, 0xf6,
    0x1, 0x60, 0x0, 0x7f, 0x51, 0x0, 0x6, 0x70,
    0x9, 0xfc, 0x3b, 0xf7, 0x1d, 0xb0, 0x8f, 0xc1,
    0x0, 0x5e, 0x8a, 0xfa, 0xce, 0x23, 0xd8, 0x0,
    0x0, 0x1, 0x30, 0x6f, 0xe9, 0xa0, 0x50, 0x0,
    0x2, 0x8e, 0xf3, 0xbf, 0x79, 0xfe, 0xfe, 0x50,
    0x4f, 0xfa, 0x9f, 0xff, 0xff, 0xff, 0x5d, 0xfa,
    0x7, 0x20, 0x15, 0x3a, 0xd2, 0x29, 0x10, 0x82,
    0x39, 0x99, 0x99, 0x9e, 0xfa, 0x99, 0x99, 0x98,
    0x6f, 0xff, 0xff, 0xff, 0xff, 0xff, 0xff, 0xff,
    0x1, 0x11, 0x11, 0x1b, 0xf4, 0x11, 0x11, 0x11,
    0x0, 0x0, 0x0, 0xb, 0xf2, 0x0, 0x0, 0x0,
    0x0, 0x0, 0x0, 0xb, 0xf2, 0x0, 0x0, 0x0,

    /* U+7528 "用" */
    0x0, 0x57, 0x77, 0x77, 0x77, 0x77, 0x77, 0x70,
    0x0, 0xcf, 0xff, 0xff, 0xff, 0xff, 0xff, 0xf0,
    0x0, 0xcf, 0x44, 0x4c, 0xf5, 0x44, 0x4d, 0xf0,
    0x0, 0xcf, 0x0, 0xb, 0xf2, 0x0, 0xc, 0xf0,
    0x0, 0xcf, 0x21, 0x1b, 0xf3, 0x11, 0x1c, 0xf0,
    0x0, 0xcf, 0xff, 0xff, 0xff, 0xff, 0xff, 0xf0,
    0x0, 0xcf, 0xaa, 0xae, 0xfb, 0xaa, 0xae, 0xf0,
    0x0, 0xcf, 0x0, 0xb, 0xf2, 0x0, 0xc, 0xf0,
    0x0, 0xdf, 0x11, 0x1b, 0xf3, 0x11, 0x1c, 0xf0,
    0x0, 0xef, 0xff, 0xff, 0xff, 0xff, 0xff, 0xf0,
    0x1, 0xfe, 0xaa, 0xae, 0xfb, 0xaa, 0xae, 0xf0,
    0x5, 0xf8, 0x0, 0xb, 0xf2, 0x0, 0xc, 0xf0,
    0xc, 0xf3, 0x0, 0xb, 0xf2, 0x0, 0xc, 0xf0,
    0x5f, 0xd0, 0x0, 0xb, 0xf2, 0x7b, 0xbf, 0xf0,
    0x3e, 0x30, 0x0, 0xa, 0xf2, 0x5f, 0xfe, 0x70,
    0x0, 0x0, 0x0, 0x0, 0x0, 0x0, 0x0, 0x0,

    /* U+753B "画" */
    0x6f, 0xff, 0xff, 0xff, 0xff, 0xff, 0xff, 0xfd,
    0x6f, 0xff, 0xff, 0xff, 0xff, 0xff, 0xff, 0xfd,
    0x14, 0x44, 0x44, 0x4d, 0xf5, 0x44, 0x44, 0x43,
    0x1, 0x20, 0x12, 0x2c, 0xf3, 0x22, 0x11, 0x20,
    0xc, 0xf0, 0xef, 0xff, 0xff, 0xff, 0x89, 0xf3,
    0xc, 0xf0, 0xeb, 0x5c, 0xf5, 0x6f, 0x89, 0xf3,
    0xc, 0xf0, 0xe9, 0xa, 0xf0, 0x1f, 0x89, 0xf3,
    0xc, 0xf0, 0xef, 0xff, 0xff, 0xff, 0x89, 0xf3,
    0xc, 0xf0, 0xec, 0x6c, 0xf6, 0x7f, 0x89, 0xf3,
    0xc, 0xf0, 0xe9, 0xa, 0xf0, 0x1f, 0x89, 0xf3,
    0xc, 0xf0, 0xef, 0xef, 0xfe, 0xef, 0x89, 0xf3,
    0xc, 0xf0, 0x89, 0x99, 0x99, 0x99, 0x49, 0xf3,
    0xc, 0xf1, 0x11, 0x11, 0x11, 0x11, 0x19, 0xf3,
    0xc, 0xff, 0xff, 0xff, 0xff, 0xff, 0xff, 0xf3,
    0xc, 0xfa, 0xaa, 0xaa, 0xaa, 0xaa, 0xad, 0xf3,

    /* U+7559 "留" */
    0x0, 0x0, 0x0, 0x41, 0x0, 0x0, 0x0, 0x0,
    0x3, 0xa5, 0x9e, 0xfc, 0x8f, 0xff, 0xff, 0xfb,
    0x2, 0xff, 0xfb, 0x61, 0x7f, 0xff, 0xff, 0xfb,
    0x1, 0xfb, 0x0, 0x30, 0x0, 0xbc, 0x4, 0xfa,
    0x0, 0xfb, 0x9, 0xf3, 0x0, 0xe9, 0x5, 0xf9,
    0x0, 0xfc, 0x2, 0xfd, 0x4, 0xf6, 0x6, 0xf8,
    0x2, 0xff, 0xdf, 0xff, 0x7d, 0xe2, 0x2a, 0xf6,
    0x4f, 0xff, 0xea, 0x5c, 0xff, 0x56, 0xff, 0xf1,
    0xb, 0x73, 0x0, 0x0, 0xa4, 0x1, 0x66, 0x10,
    0x0, 0x1a, 0xaa, 0xaa, 0xaa, 0xaa, 0xaa, 0x10,
    0x0, 0x2f, 0xfc, 0xcd, 0xfe, 0xcc, 0xff, 0x20,
    0x0, 0x2f, 0xc3, 0x34, 0xfb, 0x33, 0xcf, 0x20,
    0x0, 0x2f, 0xff, 0xff, 0xff, 0xff, 0xff, 0x20,
    0x0, 0x2f, 0xc2, 0x24, 0xfb, 0x22, 0xcf, 0x20,
    0x0, 0x2f, 0xfc, 0xcc, 0xfe, 0xcc, 0xff, 0x20,
    0x0, 0x2f, 0xeb, 0xbb, 0xbb, 0xbb, 0xef, 0x20,
    0x0, 0x1, 0x0, 0x0, 0x0, 0x0, 0x0, 0x0,

    /* U+767A "発" */
    0x0, 0x0, 0x0, 0x0, 0x38, 0x0, 0x30, 0x0,
    0x0, 0x1f, 0xff, 0xff, 0xa6, 0xf6, 0x6f, 0x70,
    0x0, 0x0, 0x99, 0x9c, 0xf8, 0xe, 0xff, 0xb0,
    0x40, 0x0, 0x2d, 0x61, 0xef, 0x10, 0x7f, 0xd0,
    0x7f, 0x80, 0x1, 0xbf, 0xef, 0x70, 0x0, 0xdf,
    0xcf, 0xa0, 0x0, 0x1, 0xff, 0xb0, 0x0, 0x2,
    0xff, 0xc0, 0x0, 0x3, 0xdf, 0xfc, 0xbb, 0xbb,
    0xbe, 0xff, 0xb2, 0x6, 0xff, 0xcf, 0xff, 0xff,
    0xff, 0xfe, 0xef, 0xd0, 0xa, 0x40, 0xb, 0xf1,
    0xc, 0xf1, 0x1, 0x92, 0x0, 0x0, 0x0, 0xbf,
    0x10, 0xcf, 0x10, 0x0, 0x0, 0x5, 0xbb, 0xbe,
    0xfb, 0xbf, 0xfc, 0xbb, 0xa0, 0x0, 0x7f, 0xff,
    0xff, 0xff, 0xff, 0xff, 0xfd, 0x0, 0x0, 0x0,
    0x6f, 0xb0, 0xc, 0xf1, 0x1, 0x10, 0x0, 0x0,
    0x5f, 0xf3, 0x0, 0xcf, 0x10, 0x4f, 0x50, 0x5,
    0xcf, 0xf6, 0x0, 0xb, 0xfb, 0xac, 0xf3, 0x0,
    0x3f, 0xb3, 0x0, 0x0, 0x4e, 0xff, 0xfb, 0x0,
    0x0, 0x10, 0x0, 0x0, 0x0, 0x0, 0x0, 0x0,
    0x0,

    /* U+767E "百" */
    0xff, 0xff, 0xff, 0xff, 0xff, 0xff, 0xff, 0xfb,
    0xcc, 0xcc, 0xce, 0xfd, 0xcc, 0xcc, 0xcc, 0x0,
    0x0, 0x0, 0xcf, 0x40, 0x0, 0x0, 0x0, 0x0,
    0x0, 0xe, 0xf0, 0x0, 0x0, 0x0, 0x2, 0xaa,
    0xaa, 0xff, 0xaa, 0xaa, 0xa4, 0x0, 0x3f, 0xff,
    0xff, 0xff, 0xff, 0xff, 0x60, 0x3, 0xfa, 0x0,
    0x0, 0x0, 0x8, 0xf6, 0x0, 0x3f, 0xa0, 0x0,
    0x0, 0x0, 0x8f, 0x60, 0x3, 0xfd, 0x99, 0x99,
    0x99, 0x9d, 0xf6, 0x0, 0x3f, 0xff, 0xff, 0xff,
    0xff, 0xff, 0x60, 0x3, 0xfa, 0x0, 0x0, 0x0,
    0x8, 0xf6, 0x0, 0x3f, 0xa0, 0x0, 0x0, 0x0,
    0x8f, 0x60, 0x3, 0xfa, 0x0, 0x0, 0x0, 0x8,
    0xf6, 0x0, 0x3f, 0xff, 0xff, 0xff, 0xff, 0xff,
    0x60, 0x3, 0xfe, 0xaa, 0xaa, 0xaa, 0xad, 0xf6,
    0x0,

    /* U+7684 "的" */
    0x0, 0x15, 0x20, 0x0, 0x4, 0x10, 0x0, 0x0,
    0x5, 0xfa, 0x0, 0x3, 0xf9, 0x0, 0x0, 0x0,
    0x8f, 0x40, 0x0, 0x8f, 0x50, 0x0, 0x7, 0xbe,
    0xfa, 0xa6, 0xd, 0xfc, 0xcc, 0xcb, 0xbf, 0xff,
    0xff, 0xa4, 0xff, 0xee, 0xef, 0xfb, 0xf0, 0x0,
    0xfa, 0xcf, 0x20, 0x0, 0xce, 0xbf, 0x0, 0xf,
    0xef, 0xa0, 0x0, 0xc, 0xeb, 0xf0, 0x0, 0xfa,
    0x64, 0x90, 0x0, 0xdd, 0xbf, 0xff, 0xff, 0xa0,
    0x7f, 0x80, 0xe, 0xcb, 0xf8, 0x88, 0xfa, 0x0,
    0xcf, 0x30, 0xfb, 0xbf, 0x0, 0xf, 0xa0, 0x3,
    0xfd, 0xf, 0xbb, 0xf0, 0x0, 0xfa, 0x0, 0x9,
    0x61, 0xf9, 0xbf, 0x0, 0xf, 0xa0, 0x0, 0x0,
    0x3f, 0x8b, 0xff, 0xff, 0xfa, 0x0, 0x0, 0x7,
    0xf6, 0xbf, 0xaa, 0xaa, 0x70, 0x9, 0xbb, 0xff,
    0x1b, 0xf0, 0x0, 0x0, 0x0, 0x7f, 0xfe, 0x60,
    0x0, 0x0, 0x0, 0x0, 0x0, 0x0, 0x0, 0x0,

    /* U+770B "看" */
    0x0, 0x0, 0x0, 0x0, 0x1, 0x34, 0x68, 0x10,
    0x0, 0xc, 0xee, 0xff, 0xff, 0xff, 0xff, 0xe9,
    0x0, 0x0, 0x57, 0x77, 0xbf, 0xa4, 0x32, 0x0,
    0x0, 0x0, 0x8, 0xaa, 0xae, 0xfc, 0xaa, 0xaa,
    0xaa, 0x10, 0x0, 0xce, 0xee, 0xff, 0xee, 0xee,
    0xee, 0xe1, 0x0, 0x22, 0x22, 0x8f, 0x92, 0x22,
    0x22, 0x22, 0x20, 0xf, 0xff, 0xff, 0xff, 0xff,
    0xff, 0xff, 0xff, 0x0, 0x44, 0x4c, 0xf9, 0x44,
    0x44, 0x44, 0x44, 0x40, 0x0, 0x5, 0xff, 0xfe,
    0xee, 0xee, 0xee, 0x60, 0x0, 0x4, 0xff, 0xf6,
    0x55, 0x55, 0x59, 0xf7, 0x0, 0x7, 0xff, 0xef,
    0xdd, 0xdd, 0xdd, 0xef, 0x70, 0x4, 0xff, 0x6a,
    0xf6, 0x55, 0x55, 0x59, 0xf7, 0x0, 0x7, 0x30,
    0xaf, 0xcb, 0xbb, 0xbb, 0xdf, 0x70, 0x0, 0x0,
    0xa, 0xf9, 0x88, 0x88, 0x8b, 0xf7, 0x0, 0x0,
    0x0, 0xaf, 0x87, 0x77, 0x77, 0xaf, 0x70, 0x0,
    0x0, 0xa, 0xff, 0xff, 0xff, 0xff, 0xf7, 0x0,

    /* U+78BA "確" */
    0x0, 0x0, 0x0, 0x0, 0x0, 0x0, 0x0, 0x0,
    0x0, 0x0, 0x0, 0x0, 0x0, 0x0, 0xea, 0x0,
    0x0, 0x2f, 0xff, 0xff, 0xf3, 0x0, 0x4f, 0x90,
    0x0, 0x2, 0xff, 0xff, 0xff, 0xff, 0xff, 0xff,
    0xff, 0xf8, 0x2, 0x7f, 0x82, 0x2e, 0xba, 0xfe,
    0x99, 0x9f, 0x90, 0x8, 0xf5, 0x0, 0xe6, 0x8f,
    0x62, 0xd6, 0xf9, 0x0, 0xbf, 0x10, 0x1, 0x3f,
    0xe0, 0x7f, 0x21, 0x0, 0xf, 0xf5, 0x55, 0x1d,
    0xff, 0xff, 0xff, 0xf4, 0x4, 0xff, 0xff, 0xfd,
    0xff, 0x89, 0xfd, 0x88, 0x20, 0x9f, 0xb3, 0xbf,
    0xcf, 0xf2, 0x3f, 0xa2, 0x20, 0x1f, 0xfa, 0xa,
    0xe1, 0xbf, 0xff, 0xff, 0xff, 0x8, 0xff, 0xa0,
    0xae, 0xb, 0xf3, 0x4f, 0xb3, 0x30, 0x1c, 0xda,
    0xa, 0xe0, 0xbf, 0x67, 0xfc, 0x66, 0x0, 0xd,
    0xb2, 0xae, 0xb, 0xff, 0xff, 0xff, 0xe0, 0x0,
    0xdf, 0xff, 0xe0, 0xbf, 0x1, 0xf9, 0x0, 0x0,
    0xd, 0xc6, 0x65, 0xb, 0xfc, 0xcf, 0xec, 0xc7,
    0x0, 0x97, 0x0, 0x0, 0xbf, 0xcc, 0xcc, 0xcc,
    0x80,

    /* U+793A "示" */
    0x0, 0x0, 0x0, 0x0, 0x0, 0x0, 0x0, 0x0,
    0x0, 0xb, 0xff, 0xff, 0xff, 0xff, 0xff, 0xf4,
    0x0, 0x0, 0x9c, 0xcc, 0xcc, 0xcc, 0xcc, 0xcc,
    0x30, 0x0, 0x0, 0x0, 0x0, 0x0, 0x0, 0x0,
    0x0, 0x0, 0x0, 0x0, 0x0, 0x0, 0x0, 0x0,
    0x0, 0x0, 0x0, 0xff, 0xff, 0xff, 0xff, 0xff,
    0xff, 0xff, 0xf1, 0xd, 0xdd, 0xdd, 0xdf, 0xfe,
    0xdd, 0xdd, 0xdd, 0x10, 0x0, 0x0, 0x0, 0xaf,
    0x50, 0x0, 0x0, 0x0, 0x0, 0xc, 0xb0, 0xa,
    0xf5, 0x5, 0xd6, 0x0, 0x0, 0x4, 0xfc, 0x0,
    0xaf, 0x50, 0x2f, 0xf2, 0x0, 0x0, 0xdf, 0x30,
    0xa, 0xf5, 0x0, 0x8f, 0xd0, 0x0, 0xaf, 0x90,
    0x0, 0xaf, 0x50, 0x0, 0xef, 0x70, 0x3f, 0xc0,
    0x0, 0xa, 0xf5, 0x0, 0x6, 0xfd, 0x0, 0x21,
    0x6, 0xee, 0xff, 0x40, 0x0, 0x4, 0x0, 0x0,
    0x0, 0x1f, 0xfd, 0x90, 0x0, 0x0, 0x0, 0x0,

    /* U+79BB "离" */
    0x0, 0x0, 0x0, 0x2f, 0xc0, 0x0, 0x0, 0x0,
    0xbf, 0xff, 0xff, 0xff, 0xff, 0xff, 0xff, 0xf6,
    0x68, 0x88, 0x88, 0x88, 0x9a, 0x88, 0x88, 0x83,
    0x0, 0xeb, 0x9, 0xb5, 0xae, 0x28, 0xe3, 0x0,
    0x0, 0xfc, 0x4, 0xef, 0xf7, 0xa, 0xf3, 0x0,
    0x0, 0xfc, 0x6e, 0xe7, 0xaf, 0x4a, 0xf3, 0x0,
    0x0, 0xfe, 0x8d, 0x87, 0x7a, 0x7c, 0xf3, 0x0,
    0x0, 0xff, 0xff, 0xff, 0xff, 0xff, 0xf3, 0x0,
    0x0, 0x0, 0x0, 0xdf, 0x50, 0x0, 0x10, 0x0,
    0x1f, 0xff, 0xff, 0xff, 0xff, 0xff, 0xff, 0x60,
    0x1f, 0xe7, 0x7a, 0xfc, 0x8e, 0xa7, 0xdf, 0x60,
    0x1f, 0xc0, 0x8, 0xf6, 0x2c, 0xd0, 0xbf, 0x60,
    0x1f, 0xca, 0xef, 0xff, 0xff, 0xf6, 0xbf, 0x60,
    0x1f, 0xc6, 0x87, 0x65, 0x42, 0xac, 0xef, 0x50,
    0x1f, 0xc0, 0x0, 0x0, 0x0, 0x4f, 0xfc, 0x10,
    0x0, 0x0, 0x0, 0x0, 0x0, 0x0, 0x0, 0x0,

    /* U+79D2 "秒" */
    0x0, 0x0, 0x1, 0x0, 0x0, 0x0, 0x0, 0x0,
    0x0, 0x3, 0x7c, 0xf8, 0x0, 0x1, 0xfb, 0x0,
    0x0, 0x3f, 0xff, 0xfa, 0x50, 0x0, 0x1f, 0xb0,
    0x0, 0x0, 0x75, 0xcf, 0x0, 0x5, 0x51, 0xfb,
    0x28, 0x10, 0x0, 0xb, 0xf0, 0x0, 0xee, 0x1f,
    0xb5, 0xf7, 0x2, 0xaa, 0xef, 0xaa, 0x2f, 0xb1,
    0xfb, 0xe, 0xe0, 0x4f, 0xff, 0xff, 0xf7, 0xf6,
    0x1f, 0xb0, 0x9f, 0x40, 0x3, 0xff, 0x10, 0xdf,
    0x11, 0xfb, 0x4, 0xf8, 0x0, 0x8f, 0xfb, 0x4f,
    0xa0, 0x1f, 0xb0, 0xc, 0x50, 0x1f, 0xff, 0xfa,
    0x22, 0x12, 0xfb, 0x1a, 0x50, 0x9, 0xfc, 0xf8,
    0xf1, 0xb, 0xff, 0xa8, 0xf7, 0x3, 0xf8, 0xbf,
    0x14, 0x0, 0x4a, 0x84, 0xfe, 0x10, 0x5e, 0x1b,
    0xf0, 0x0, 0x0, 0x4, 0xef, 0x40, 0x0, 0x20,
    0xbf, 0x0, 0x0, 0x3a, 0xff, 0x50, 0x0, 0x0,
    0xb, 0xf0, 0x1a, 0xef, 0xfb, 0x20, 0x0, 0x0,
    0x0, 0xbf, 0x0, 0xac, 0x82, 0x0, 0x0, 0x0,
    0x0, 0x0, 0x0, 0x0, 0x0, 0x0, 0x0, 0x0,
    0x0,

    /* U+7A0B "程" */
    0x0, 0x0, 0x1, 0x0, 0x0, 0x0, 0x0, 0x0,
    0x0, 0x3, 0x7c, 0xfa, 0x1f, 0xff, 0xff, 0xff,
    0xb0, 0x3f, 0xff, 0xfa, 0x51, 0xfd, 0x88, 0x89,
    0xfb, 0x0, 0x53, 0xcf, 0x0, 0x1f, 0x90, 0x0,
    0x1f, 0xb0, 0x0, 0xb, 0xf0, 0x1, 0xf9, 0x0,
    0x1, 0xfb, 0x2, 0xaa, 0xef, 0xaa, 0x1f, 0xda,
    0xaa, 0xbf, 0xb0, 0x4f, 0xff, 0xff, 0xf1, 0xdd,
    0xdd, 0xdd, 0xd9, 0x0, 0x3, 0xff, 0x10, 0x0,
    0x0, 0x0, 0x0, 0x0, 0x0, 0x8f, 0xfa, 0x6,
    0xbb, 0xbb, 0xbb, 0xbb, 0x30, 0x1f, 0xff, 0xfb,
    0x8d, 0xde, 0xff, 0xdd, 0xd3, 0x9, 0xfd, 0xf6,
    0xf3, 0x0, 0x1f, 0xb0, 0x0, 0x3, 0xf9, 0xbf,
    0x4, 0x19, 0x9a, 0xfe, 0x99, 0x70, 0x5f, 0x2b,
    0xf0, 0x2, 0xff, 0xff, 0xff, 0xfc, 0x0, 0x50,
    0xbf, 0x0, 0x0, 0x1, 0xfb, 0x0, 0x0, 0x0,
    0xb, 0xf0, 0x14, 0x44, 0x5f, 0xd4, 0x44, 0x30,
    0x0, 0xbf, 0x4, 0xff, 0xff, 0xff, 0xff, 0xfa,

    /* U+7A93 "窓" */
    0x0, 0x0, 0x0, 0x6, 0xf7, 0x0, 0x0, 0x0,
    0x0, 0xcd, 0xdd, 0xdd, 0xef, 0xed, 0xdd, 0xdd,
    0xc0, 0xe, 0xe8, 0x8b, 0xfb, 0x8f, 0xe8, 0x88,
    0xff, 0x0, 0xec, 0x1, 0xdf, 0x30, 0xfd, 0x0,
    0x9e, 0xc0, 0x1, 0x48, 0xef, 0x90, 0xd, 0xff,
    0xff, 0x80, 0x0, 0x6f, 0xfd, 0x5a, 0xe4, 0x27,
    0x87, 0x60, 0x0, 0x0, 0x52, 0x2, 0xfd, 0x0,
    0x6f, 0x70, 0x0, 0x0, 0x0, 0x0, 0xaf, 0x41,
    0x12, 0xcf, 0x80, 0x0, 0x0, 0xae, 0xff, 0xff,
    0xff, 0xff, 0xff, 0x80, 0x0, 0x7, 0xba, 0xa9,
    0xea, 0x76, 0x54, 0xae, 0x20, 0x0, 0x28, 0x15,
    0x8c, 0xf9, 0x0, 0x27, 0x0, 0x0, 0xa, 0xf3,
    0xde, 0x8, 0xe3, 0x9, 0xfa, 0x0, 0x4, 0xfc,
    0xd, 0xe0, 0x0, 0x1e, 0x5b, 0xf7, 0x3, 0xff,
    0x30, 0xcf, 0x98, 0x8b, 0xf5, 0x1e, 0xf2, 0x9,
    0x50, 0x5, 0xef, 0xff, 0xfc, 0x0, 0x57, 0x0,

    /* U+7A97 "窗" */
    0x0, 0x0, 0x0, 0xb, 0xf2, 0x0, 0x0, 0x0,
    0x0, 0xef, 0xff, 0xff, 0xff, 0xff, 0xff, 0xff,
    0xf0, 0xe, 0xd3, 0x3d, 0xf4, 0x4f, 0xd3, 0x33,
    0xdf, 0x0, 0xba, 0x7, 0xfb, 0x1, 0xfd, 0x0,
    0x5e, 0x90, 0x7, 0xae, 0xfe, 0x44, 0x1f, 0xff,
    0xff, 0xe0, 0x0, 0x8f, 0xd8, 0x19, 0xf6, 0x26,
    0x66, 0x62, 0x0, 0x0, 0x66, 0x66, 0xff, 0x66,
    0x66, 0x66, 0x50, 0x0, 0xe, 0xff, 0xff, 0xff,
    0xff, 0xff, 0xff, 0x0, 0x0, 0xec, 0x0, 0x6,
    0x91, 0x10, 0xd, 0xf0, 0x0, 0xe, 0xc2, 0xd9,
    0xfd, 0xdf, 0xb0, 0xdf, 0x0, 0x0, 0xec, 0x2d,
    0xff, 0x98, 0xf3, 0xd, 0xf0, 0x0, 0xe, 0xc8,
    0x91, 0x5f, 0xfc, 0x0, 0xdf, 0x0, 0x0, 0xec,
    0x4, 0xaf, 0xb6, 0xdb, 0xd, 0xf0, 0x0, 0xe,
    0xd5, 0xcf, 0x95, 0x56, 0x65, 0xef, 0x0, 0x0,
    0xef, 0xff, 0xff, 0xff, 0xff, 0xff, 0xf0, 0x0,
    0x1, 0x10, 0x0, 0x0, 0x0, 0x0, 0x0, 0x0,

    /* U+7B2C "第" */
    0x0, 0x6, 0x10, 0x0, 0x2, 0x51, 0x0, 0x0,
    0x0, 0x6, 0xf8, 0x0, 0x0, 0x9f, 0x40, 0x0,
    0x0, 0x1, 0xef, 0xff, 0xff, 0x7f, 0xff, 0xff,
    0xff, 0x10, 0xaf, 0xaf, 0xd6, 0x7f, 0xf7, 0xef,
    0x76, 0x60, 0x5f, 0xb0, 0xcf, 0x6, 0xf8, 0x4,
    0xf9, 0x0, 0x0, 0x48, 0x8b, 0xa8, 0x8c, 0x88,
    0x8d, 0x86, 0x0, 0x0, 0xcf, 0xff, 0xff, 0xff,
    0xff, 0xff, 0xb0, 0x0, 0x0, 0x0, 0x0, 0x7f,
    0x30, 0x2, 0xfb, 0x0, 0x0, 0x3f, 0xff, 0xff,
    0xff, 0xff, 0xff, 0xb0, 0x0, 0x7, 0xfa, 0x88,
    0xbf, 0xa8, 0x88, 0x85, 0x0, 0x0, 0xbf, 0x97,
    0x7b, 0xf9, 0x77, 0x77, 0x75, 0x0, 0xf, 0xff,
    0xff, 0xff, 0xff, 0xff, 0xff, 0xa0, 0x0, 0x65,
    0x18, 0xff, 0xf4, 0x0, 0x5, 0xf9, 0x0, 0x0,
    0x4d, 0xf8, 0x7f, 0x30, 0x0, 0x8f, 0x70, 0x6,
    0xcf, 0xc3, 0x7, 0xf3, 0xd, 0xdf, 0xf3, 0x0,
    0x7b, 0x40, 0x0, 0x7f, 0x30, 0x8b, 0xb6, 0x0,

    /* U+7B54 "答" */
    0x0, 0x8, 0x30, 0x0, 0x2, 0x72, 0x0, 0x0,
    0x0, 0x6, 0xf8, 0x0, 0x0, 0xaf, 0x40, 0x0,
    0x0, 0x1, 0xef, 0xff, 0xff, 0x7f, 0xff, 0xff,
    0xff, 0x10, 0xaf, 0xbf, 0xe8, 0xbf, 0xf8, 0xdf,
    0xb8, 0x80, 0x4f, 0xb0, 0xaf, 0x39, 0xf8, 0x2,
    0xfc, 0x0, 0x0, 0x31, 0x2, 0x38, 0xff, 0xf4,
    0x4, 0x0, 0x0, 0x0, 0x0, 0xa, 0xfe, 0x5f,
    0xf8, 0x0, 0x0, 0x0, 0x0, 0x4d, 0xfd, 0x10,
    0x3e, 0xfc, 0x30, 0x0, 0x3, 0xaf, 0xff, 0xff,
    0xff, 0xff, 0xff, 0xb4, 0x4, 0xff, 0xd4, 0x89,
    0x99, 0x99, 0x84, 0xdf, 0xf3, 0xa, 0x50, 0x0,
    0x0, 0x0, 0x0, 0x0, 0x57, 0x0, 0x0, 0x8f,
    0xff, 0xff, 0xff, 0xff, 0x90, 0x0, 0x0, 0x8,
    0xfa, 0x88, 0x88, 0x8a, 0xf9, 0x0, 0x0, 0x0,
    0x8f, 0x30, 0x0, 0x0, 0x4f, 0x90, 0x0, 0x0,
    0x8, 0xfa, 0x99, 0x99, 0x9b, 0xf9, 0x0, 0x0,
    0x0, 0x8f, 0xff, 0xff, 0xff, 0xff, 0x90, 0x0,
    0x0, 0x0, 0x10, 0x0, 0x0, 0x0, 0x0, 0x0,
    0x0,

    /* U+7D04 "約" */
    0x0, 0x6, 0x20, 0x0, 0x8, 0x40, 0x0, 0x0,
    0x0, 0x3f, 0x80, 0x0, 0x3f, 0xb0, 0x0, 0x0,
    0x0, 0xae, 0x16, 0x10, 0x8f, 0x60, 0x0, 0x0,
    0xa, 0xf7, 0x5f, 0x70, 0xef, 0xba, 0xaa, 0xba,
    0x3f, 0xf1, 0xdd, 0x7, 0xff, 0xff, 0xff, 0xff,
    0x6, 0xfe, 0xf3, 0x2f, 0xf2, 0x11, 0x11, 0xde,
    0x0, 0x9f, 0x9c, 0xcf, 0x80, 0x0, 0x0, 0xde,
    0x0, 0xbc, 0xb, 0xd4, 0x5, 0x0, 0x0, 0xed,
    0x5d, 0xff, 0xef, 0xf3, 0x5f, 0x90, 0x0, 0xfc,
    0x4c, 0xbe, 0xf7, 0xe7, 0xb, 0xf3, 0x0, 0xfc,
    0x5, 0x4b, 0xe4, 0x60, 0x2, 0xfc, 0x1, 0xfb,
    0xd, 0xbb, 0xe9, 0xe0, 0x0, 0x98, 0x2, 0xf9,
    0xf, 0x8b, 0xe3, 0xf4, 0x0, 0x0, 0x5, 0xf7,
    0x5f, 0x4b, 0xe0, 0xa3, 0x0, 0x0, 0x9, 0xf5,
    0x28, 0xb, 0xe0, 0x0, 0x0, 0xac, 0xcf, 0xf1,
    0x0, 0xb, 0xe0, 0x0, 0x0, 0x8f, 0xfe, 0x60,
    0x0, 0x0, 0x0, 0x0, 0x0, 0x0, 0x0, 0x0,

    /* U+7D30 "細" */
    0x0, 0x0, 0x0, 0x0, 0x0, 0x0, 0x0, 0x0,
    0x0, 0x1f, 0x80, 0x0, 0x0, 0x0, 0x0, 0x0,
    0x0, 0x7f, 0x40, 0x7, 0xee, 0xee, 0xee, 0xed,
    0x4, 0xeb, 0x1e, 0x68, 0xfd, 0xdf, 0xed, 0xff,
    0x3f, 0xf2, 0xbf, 0x28, 0xf2, 0xf, 0x90, 0xbf,
    0x9, 0xfb, 0xf5, 0x8, 0xf2, 0xf, 0x90, 0xbf,
    0x0, 0xbf, 0x97, 0x48, 0xf2, 0xf, 0x90, 0xbf,
    0x0, 0xdc, 0x1c, 0xd8, 0xf2, 0x1f, 0x90, 0xbf,
    0x6f, 0xff, 0xff, 0xfc, 0xff, 0xff, 0xff, 0xff,
    0x4c, 0x9d, 0xf1, 0xdf, 0xfa, 0x9f, 0xd9, 0xef,
    0x2, 0x1b, 0xe0, 0x68, 0xf2, 0xf, 0x90, 0xbf,
    0xc, 0xcb, 0xeb, 0xc8, 0xf2, 0xf, 0x90, 0xbf,
    0xe, 0xab, 0xe6, 0xf9, 0xf2, 0xf, 0x90, 0xbf,
    0x2f, 0x6b, 0xe1, 0xfd, 0xf4, 0x2f, 0xa2, 0xbf,
    0x6f, 0x2b, 0xe0, 0x38, 0xff, 0xff, 0xff, 0xff,
    0x2, 0xb, 0xe0, 0x8, 0xf9, 0x88, 0x88, 0xdf,
    0x0, 0x0, 0x0, 0x1, 0x20, 0x0, 0x0, 0x0,

    /* U+7D42 "終" */
    0x0, 0x1, 0x0, 0x0, 0x1, 0x10, 0x0, 0x0,
    0x0, 0x3, 0xf6, 0x0, 0x0, 0xbf, 0x20, 0x0,
    0x0, 0x0, 0xaf, 0x11, 0x0, 0x4f, 0xe9, 0x9a,
    0x70, 0x0, 0x6f, 0x76, 0xf3, 0x1d, 0xff, 0xff,
    0xff, 0x10, 0x5f, 0xe1, 0xec, 0xb, 0xff, 0x20,
    0x6f, 0x80, 0x0, 0xbf, 0xcf, 0x2a, 0xf9, 0xed,
    0x3f, 0xd0, 0x0, 0x0, 0xcf, 0x99, 0x27, 0x4,
    0xff, 0xf3, 0x0, 0x0, 0xd, 0xa2, 0xf5, 0x0,
    0x5f, 0xfd, 0x20, 0x0, 0x7e, 0xfe, 0xef, 0xc3,
    0xbf, 0xe8, 0xff, 0x80, 0x6, 0xcb, 0xfd, 0xaf,
    0xff, 0xa2, 0x3, 0xdf, 0xe1, 0x5, 0x3e, 0xb6,
    0x35, 0x35, 0xfc, 0x40, 0x66, 0x0, 0xf9, 0xeb,
    0xd9, 0x0, 0x5, 0xdf, 0x70, 0x0, 0x2f, 0x6e,
    0xb7, 0xf0, 0x54, 0x0, 0x60, 0x0, 0x7, 0xf2,
    0xeb, 0x27, 0x3e, 0xff, 0xa4, 0x0, 0x0, 0x48,
    0xe, 0xb0, 0x0, 0x3, 0x9f, 0xfd, 0x60, 0x0,
    0x0, 0xeb, 0x0, 0x0, 0x0, 0x6, 0xe5, 0x0,
    0x0, 0x0, 0x0, 0x0, 0x0, 0x0, 0x0, 0x0,
    0x0,

    /* U+7D9A "続" */
    0x0, 0x0, 0x0, 0x0, 0x0, 0x0, 0x0, 0x0,
    0x0, 0x1, 0xf6, 0x0, 0x0, 0x1, 0xfb, 0x0,
    0x0, 0x0, 0x8f, 0x22, 0xf, 0xff, 0xff, 0xff,
    0xff, 0x30, 0x7f, 0x97, 0xf4, 0x77, 0x78, 0xfd,
    0x77, 0x71, 0x4f, 0xf2, 0xeb, 0x0, 0x22, 0x4f,
    0xc2, 0x22, 0x0, 0x9f, 0xce, 0x10, 0x2f, 0xff,
    0xff, 0xff, 0xe0, 0x0, 0xdf, 0x78, 0x0, 0x55,
    0x55, 0x55, 0x55, 0x0, 0x1e, 0xa5, 0xf7, 0xdd,
    0xdd, 0xdd, 0xdd, 0xd4, 0x7f, 0xff, 0xff, 0xff,
    0xc7, 0x77, 0x77, 0x9f, 0x52, 0x66, 0xfc, 0x8e,
    0xf8, 0xcd, 0x8, 0xd4, 0xf5, 0x5, 0x3f, 0xa6,
    0x35, 0x2d, 0xf0, 0x9e, 0x15, 0x10, 0xe9, 0xfa,
    0xd9, 0x0, 0xfd, 0x9, 0xe0, 0x0, 0x1f, 0x6f,
    0xa8, 0xe0, 0x5f, 0x90, 0x9e, 0x3, 0x6, 0xf2,
    0xfa, 0x36, 0x2e, 0xf3, 0x9, 0xe0, 0xba, 0x38,
    0xf, 0xa0, 0x6e, 0xf7, 0x0, 0x9f, 0x8e, 0x80,
    0x0, 0xfa, 0x8, 0xe5, 0x0, 0x4, 0xff, 0xe2,
    0x0, 0x2, 0x10, 0x0, 0x0, 0x0, 0x0, 0x0,
    0x0,

    /* U+7F51 "网" */
    0xaf, 0xff, 0xff, 0xff, 0xff, 0xff, 0xff, 0xba,
    0xff, 0xff, 0xff, 0xff, 0xff, 0xff, 0xfb, 0xaf,
    0x54, 0x6f, 0xa4, 0x4d, 0xe4, 0x5f, 0xba, 0xf1,
    0x3, 0xf6, 0x0, 0xcd, 0x1, 0xfb, 0xaf, 0x12,
    0x4f, 0x54, 0x1d, 0xc0, 0x1f, 0xba, 0xf8, 0xfa,
    0xf4, 0xee, 0xfa, 0x1, 0xfb, 0xaf, 0x2b, 0xff,
    0x22, 0xef, 0x90, 0x1f, 0xba, 0xf1, 0xc, 0xf7,
    0x4, 0xff, 0x31, 0xfb, 0xaf, 0x10, 0xcf, 0xf5,
    0x6f, 0xfe, 0x3f, 0xba, 0xf1, 0x1f, 0xad, 0x5a,
    0xf4, 0xf4, 0xfb, 0xaf, 0x17, 0xf4, 0x11, 0xfb,
    0x1, 0x1f, 0xba, 0xf2, 0xed, 0x0, 0x9f, 0x40,
    0x1, 0xfb, 0xaf, 0x7f, 0x50, 0x2f, 0xb0, 0x0,
    0x1f, 0xba, 0xf1, 0x30, 0x0, 0x21, 0x5, 0xcc,
    0xfa, 0xaf, 0x10, 0x0, 0x0, 0x0, 0x2f, 0xfc,
    0x30,

    /* U+7F6E "置" */
    0x2f, 0xff, 0xff, 0xff, 0xff, 0xff, 0xff, 0x40,
    0x2f, 0xa3, 0x7f, 0x83, 0x9f, 0x63, 0xaf, 0x40,
    0x2f, 0xb5, 0x8f, 0x95, 0xaf, 0x85, 0xbf, 0x40,
    0x2e, 0xee, 0xee, 0xef, 0xfe, 0xee, 0xee, 0x40,
    0x45, 0x55, 0x55, 0x8f, 0xa5, 0x55, 0x55, 0x40,
    0xef, 0xff, 0xff, 0xff, 0xff, 0xff, 0xff, 0xf0,
    0x22, 0x22, 0x22, 0xaf, 0x52, 0x22, 0x22, 0x20,
    0xe, 0xb0, 0xef, 0xff, 0xff, 0xff, 0xfa, 0x0,
    0xf, 0xd0, 0xee, 0x66, 0x66, 0x67, 0xfa, 0x0,
    0xf, 0xd0, 0xee, 0x77, 0x77, 0x77, 0xfa, 0x0,
    0xf, 0xd0, 0xef, 0xff, 0xff, 0xff, 0xfa, 0x0,
    0xf, 0xd0, 0xed, 0x33, 0x33, 0x34, 0xfa, 0x0,
    0xf, 0xd0, 0xac, 0xcc, 0xcc, 0xcc, 0xc8, 0x0,
    0xf, 0xe7, 0x77, 0x77, 0x77, 0x77, 0x77, 0x72,
    0xf, 0xff, 0xff, 0xff, 0xff, 0xff, 0xff, 0xf4,

    /* U+7F8E "美" */
    0x0, 0x0, 0x1, 0x0, 0x0, 0x1, 0x0, 0x0,
    0x0, 0x0, 0x1e, 0xd0, 0x0, 0x1, 0xee, 0x10,
    0x0, 0x0, 0x0, 0x9f, 0x60, 0x0, 0x9f, 0x70,
    0x0, 0x0, 0x6f, 0xff, 0xff, 0xff, 0xff, 0xff,
    0xff, 0x60, 0x3, 0x99, 0x99, 0x9c, 0xfc, 0x99,
    0x99, 0x93, 0x0, 0x5, 0x99, 0x99, 0xcf, 0xc9,
    0x99, 0x96, 0x0, 0x0, 0x9f, 0xff, 0xff, 0xff,
    0xff, 0xff, 0xa0, 0x0, 0x0, 0x0, 0x0, 0x7f,
    0x60, 0x0, 0x0, 0x0, 0x1f, 0xff, 0xff, 0xff,
    0xff, 0xff, 0xff, 0xff, 0x10, 0x99, 0x99, 0x99,
    0xef, 0xb9, 0x99, 0x99, 0x90, 0x0, 0x0, 0x0,
    0xd, 0xf2, 0x0, 0x0, 0x0, 0x3, 0xff, 0xff,
    0xff, 0xff, 0xff, 0xff, 0xff, 0xf4, 0x19, 0x99,
    0x99, 0xef, 0xff, 0xd9, 0x99, 0x99, 0x20, 0x0,
    0x1, 0x9f, 0xe2, 0xef, 0x70, 0x0, 0x0, 0x2,
    0x6a, 0xff, 0xe3, 0x2, 0xef, 0xe8, 0x42, 0x2,
    0xff, 0xfe, 0x70, 0x0, 0x1, 0x9f, 0xff, 0xf3,
    0x6, 0x62, 0x0, 0x0, 0x0, 0x0, 0x4, 0x86,
    0x0,

    /* U+80FD "能" */
    0x0, 0x0, 0x0, 0x0, 0x0, 0x0, 0x0, 0x0,
    0x0, 0x2, 0xfa, 0x0, 0x0, 0xef, 0x0, 0x0,
    0x0, 0x0, 0x9f, 0x64, 0xd3, 0xe, 0xf0, 0x4c,
    0xc0, 0x0, 0x1f, 0xe1, 0x3f, 0xd0, 0xef, 0xef,
    0xe8, 0x10, 0x9f, 0xff, 0xff, 0xff, 0x6e, 0xf9,
    0x40, 0x0, 0x7, 0xcb, 0xa9, 0x87, 0xea, 0xef,
    0x0, 0x7, 0xc1, 0x4, 0x77, 0x77, 0x87, 0xd,
    0xf9, 0x99, 0xdf, 0x0, 0xaf, 0xdd, 0xdf, 0xc0,
    0x4b, 0xcd, 0xdc, 0x50, 0xa, 0xf0, 0x0, 0xfc,
    0xc, 0xc0, 0x0, 0x0, 0x0, 0xaf, 0xff, 0xff,
    0xc0, 0xee, 0x0, 0x59, 0x0, 0xa, 0xf7, 0x66,
    0xfc, 0xe, 0xf6, 0xdf, 0xf4, 0x0, 0xaf, 0x43,
    0x3f, 0xc0, 0xef, 0xfe, 0x81, 0x0, 0xa, 0xff,
    0xff, 0xfc, 0xe, 0xf4, 0x0, 0x10, 0x0, 0xaf,
    0x32, 0x2f, 0xc0, 0xee, 0x0, 0x5, 0xf3, 0xa,
    0xf0, 0x7a, 0xfc, 0xc, 0xfc, 0xbb, 0xef, 0x20,
    0xaf, 0x6, 0xfd, 0x50, 0x4c, 0xde, 0xed, 0x70,

    /* U+81EA "自" */
    0x0, 0x0, 0x1, 0x31, 0x0, 0x0, 0x0, 0x0,
    0x0, 0x8f, 0x90, 0x0, 0x0, 0x0, 0x0, 0xc,
    0xf3, 0x0, 0x0, 0x4, 0xff, 0xff, 0xff, 0xff,
    0xff, 0xfe, 0x4f, 0xeb, 0xbb, 0xbb, 0xbb, 0xbf,
    0xe4, 0xf9, 0x0, 0x0, 0x0, 0x0, 0xfe, 0x4f,
    0xea, 0xaa, 0xaa, 0xaa, 0xaf, 0xe4, 0xff, 0xff,
    0xff, 0xff, 0xff, 0xfe, 0x4f, 0xa0, 0x0, 0x0,
    0x0, 0xf, 0xe4, 0xf9, 0x0, 0x0, 0x0, 0x0,
    0xfe, 0x4f, 0xeb, 0xbb, 0xbb, 0xbb, 0xbf, 0xe4,
    0xff, 0xff, 0xff, 0xff, 0xff, 0xfe, 0x4f, 0x90,
    0x0, 0x0, 0x0, 0xf, 0xe4, 0xfa, 0x0, 0x0,
    0x0, 0x0, 0xfe, 0x4f, 0xff, 0xff, 0xff, 0xff,
    0xff, 0xe4, 0xfe, 0xaa, 0xaa, 0xaa, 0xaa, 0xfe,
    0x0, 0x0, 0x0, 0x0, 0x0, 0x0, 0x0,

    /* U+884C "行" */
    0x0, 0x1, 0xd8, 0x0, 0x0, 0x0, 0x0, 0x0,
    0x0, 0x0, 0xcf, 0x80, 0x6f, 0xff, 0xff, 0xff,
    0xe0, 0x1, 0xcf, 0xb0, 0x4, 0xbb, 0xbb, 0xbb,
    0xba, 0x2, 0xdf, 0xc0, 0x0, 0x0, 0x0, 0x0,
    0x0, 0x0, 0x2f, 0xc1, 0x4c, 0x50, 0x0, 0x0,
    0x0, 0x0, 0x0, 0x50, 0x1e, 0xf4, 0x0, 0x0,
    0x0, 0x0, 0x0, 0x0, 0xb, 0xf9, 0x2b, 0xbb,
    0xbb, 0xbb, 0xbb, 0x30, 0xa, 0xff, 0x3, 0xff,
    0xff, 0xff, 0xff, 0xf5, 0xa, 0xff, 0xf0, 0x0,
    0x0, 0x0, 0xef, 0x0, 0x6, 0xfd, 0xff, 0x0,
    0x0, 0x0, 0xe, 0xf0, 0x0, 0x8, 0x1e, 0xf0,
    0x0, 0x0, 0x0, 0xef, 0x0, 0x0, 0x0, 0xef,
    0x0, 0x0, 0x0, 0xe, 0xf0, 0x0, 0x0, 0xe,
    0xf0, 0x0, 0x0, 0x0, 0xef, 0x0, 0x0, 0x0,
    0xef, 0x0, 0x0, 0x0, 0xe, 0xf0, 0x0, 0x0,
    0xe, 0xf0, 0x0, 0x8, 0xcc, 0xfe, 0x0, 0x0,
    0x0, 0xef, 0x0, 0x0, 0x5f, 0xfe, 0x60, 0x0,
    0x0, 0x1, 0x10, 0x0, 0x0, 0x0, 0x0, 0x0,
    0x0,

    /* U+8868 "表" */
    0x0, 0x0, 0x0, 0xc, 0xf2, 0x0, 0x0, 0x0,
    0x0, 0xbf, 0xff, 0xff, 0xff, 0xff, 0xff, 0xff,
    0x20, 0x5, 0x88, 0x88, 0x8e, 0xf8, 0x88, 0x88,
    0x81, 0x0, 0x7, 0x88, 0x88, 0xef, 0x88, 0x88,
    0x84, 0x0, 0x0, 0xef, 0xff, 0xff, 0xff, 0xff,
    0xff, 0x70, 0x0, 0x0, 0x0, 0x0, 0xcf, 0x20,
    0x0, 0x0, 0x0, 0x5f, 0xff, 0xff, 0xff, 0xff,
    0xff, 0xff, 0xfb, 0x2, 0x88, 0x88, 0xaf, 0xff,
    0xf9, 0x88, 0x88, 0x50, 0x0, 0x0, 0x7f, 0xf7,
    0x6f, 0x70, 0xa, 0xc1, 0x0, 0x28, 0xef, 0xf5,
    0x0, 0xfe, 0x3d, 0xfb, 0x10, 0x9f, 0xfe, 0xef,
    0x20, 0x8, 0xff, 0xe5, 0x0, 0x1, 0xa5, 0xb,
    0xf2, 0x0, 0xe, 0xf6, 0x0, 0x0, 0x0, 0x0,
    0xbf, 0x56, 0xad, 0x3f, 0xf8, 0x0, 0x0, 0x5,
    0x8e, 0xff, 0xff, 0xd0, 0x4f, 0xfe, 0x70, 0x0,
    0xef, 0xfc, 0x84, 0x10, 0x0, 0x2b, 0xfb, 0x0,
    0x4, 0x30, 0x0, 0x0, 0x0, 0x0, 0x3, 0x10,

    /* U+88FD "製" */
    0x0, 0x30, 0x12, 0x0, 0x0, 0x0, 0x0, 0x0,
    0x0, 0x2f, 0x9a, 0xf4, 0x43, 0xe, 0xb0, 0x1f,
    0x90, 0xa, 0xff, 0xff, 0xff, 0xd0, 0xeb, 0x1,
    0xf9, 0x0, 0xb9, 0x3a, 0xf3, 0x33, 0x1e, 0xb0,
    0x1f, 0x90, 0x3f, 0xff, 0xff, 0xff, 0xf4, 0xeb,
    0x1, 0xf9, 0x0, 0x24, 0x4b, 0xf4, 0x53, 0xe,
    0xb0, 0x1f, 0x90, 0x7, 0xff, 0xff, 0xff, 0xd0,
    0xa7, 0x1, 0xf9, 0x0, 0x7f, 0x9, 0xf1, 0xbd,
    0x0, 0x1, 0x2f, 0x90, 0x6, 0xe0, 0x9f, 0x5d,
    0x80, 0x2, 0xff, 0xf7, 0x0, 0x0, 0x4, 0x70,
    0x8f, 0x40, 0x6, 0x75, 0x0, 0x2f, 0xff, 0xff,
    0xff, 0xff, 0xff, 0xff, 0xff, 0x21, 0x77, 0x77,
    0xbf, 0xfe, 0xf8, 0x77, 0xad, 0x71, 0x1, 0x48,
    0xdf, 0xc3, 0x3f, 0xb1, 0x9f, 0xe3, 0x1, 0xff,
    0xed, 0xf4, 0x0, 0x8f, 0xfe, 0x70, 0x0, 0x3,
    0x31, 0x8f, 0x99, 0xcc, 0x7f, 0xf9, 0x30, 0x0,
    0x1, 0xff, 0xff, 0xdb, 0x80, 0x3c, 0xff, 0xf2,
    0x0, 0x6, 0x42, 0x0, 0x0, 0x0, 0x2, 0x77,
    0x0,

    /* U+8981 "要" */
    0xe, 0xff, 0xff, 0xff, 0xff, 0xff, 0xff, 0xfe,
    0x0, 0xde, 0xee, 0xff, 0xfe, 0xff, 0xfe, 0xee,
    0xc0, 0x0, 0x11, 0x17, 0xf5, 0x19, 0xf4, 0x11,
    0x10, 0x0, 0x2f, 0xff, 0xff, 0xff, 0xff, 0xff,
    0xff, 0x40, 0x2, 0xfb, 0x6a, 0xf9, 0x6b, 0xf8,
    0x6b, 0xf4, 0x0, 0x2f, 0x90, 0x6f, 0x50, 0x8f,
    0x30, 0x8f, 0x40, 0x2, 0xfe, 0xde, 0xfe, 0xde,
    0xfd, 0xde, 0xf4, 0x0, 0x19, 0x99, 0x9f, 0xfa,
    0x99, 0x99, 0x99, 0x20, 0x2, 0x22, 0x27, 0xfc,
    0x22, 0x22, 0x22, 0x22, 0x11, 0xff, 0xff, 0xff,
    0xff, 0xff, 0xff, 0xff, 0xf7, 0x5, 0x55, 0xef,
    0x85, 0x55, 0x8f, 0xe5, 0x55, 0x20, 0x0, 0x7f,
    0xf8, 0x41, 0x2e, 0xf4, 0x0, 0x0, 0x0, 0x9,
    0xdc, 0xff, 0xff, 0xfa, 0x0, 0x0, 0x0, 0x12,
    0x46, 0x8d, 0xff, 0xef, 0xff, 0xb6, 0x10, 0xa,
    0xff, 0xff, 0xd9, 0x30, 0x16, 0xbf, 0xf6, 0x0,
    0x26, 0x53, 0x0, 0x0, 0x0, 0x0, 0x15, 0x0,

    /* U+89D2 "角" */
    0x0, 0x0, 0x0, 0x0, 0x0, 0x0, 0x0, 0x0,
    0x0, 0x0, 0xd, 0xc1, 0x0, 0x0, 0x0, 0x0,
    0x0, 0x0, 0x7f, 0xff, 0xff, 0xf9, 0x0, 0x0,
    0x0, 0x2, 0xff, 0x88, 0x8c, 0xfa, 0x0, 0x0,
    0x0, 0x1d, 0xf6, 0x0, 0xd, 0xf1, 0x0, 0x0,
    0x1, 0xcf, 0xf9, 0x99, 0xbf, 0xd9, 0x9a, 0x90,
    0xd, 0xff, 0xff, 0xff, 0xff, 0xff, 0xff, 0xf0,
    0x4, 0xbe, 0xf0, 0x0, 0xed, 0x0, 0xc, 0xf0,
    0x0, 0xd, 0xf0, 0x0, 0xed, 0x0, 0xc, 0xf0,
    0x0, 0xd, 0xff, 0xff, 0xff, 0xff, 0xff, 0xf0,
    0x0, 0xe, 0xf8, 0x88, 0xfe, 0x88, 0x8e, 0xf0,
    0x0, 0xf, 0xd0, 0x0, 0xed, 0x0, 0xc, 0xf0,
    0x0, 0x2f, 0xfd, 0xdd, 0xff, 0xdd, 0xdf, 0xf0,
    0x0, 0x8f, 0xdc, 0xcc, 0xcc, 0xcc, 0xcf, 0xf0,
    0x2, 0xfe, 0x0, 0x0, 0x0, 0x0, 0xc, 0xf0,
    0x2e, 0xf5, 0x0, 0x0, 0x1, 0xba, 0xaf, 0xf0,
    0xb, 0x70, 0x0, 0x0, 0x0, 0xcf, 0xfd, 0x60,
    0x0, 0x0, 0x0, 0x0, 0x0, 0x0, 0x0, 0x0,

    /* U+89E3 "解" */
    0x0, 0x4b, 0x20, 0x0, 0x0, 0x0, 0x0, 0x0,
    0x0, 0x9, 0xf1, 0x0, 0xd, 0xff, 0xff, 0xff,
    0xe0, 0x0, 0xef, 0xff, 0xa0, 0xbd, 0xff, 0xdd,
    0xfd, 0x0, 0x4f, 0x98, 0xfa, 0x0, 0xf, 0xa0,
    0xd, 0xc0, 0xc, 0xf2, 0x7f, 0x51, 0x6, 0xf5,
    0x0, 0xeb, 0x6, 0xff, 0xff, 0xff, 0xf3, 0xec,
    0x7, 0x8f, 0x90, 0x2d, 0xf5, 0xf8, 0xaf, 0xdc,
    0x10, 0xcf, 0xd2, 0x0, 0x6f, 0x7f, 0x9b, 0xf1,
    0xc7, 0x9f, 0x20, 0x0, 0x6, 0xfe, 0xff, 0xff,
    0x1f, 0xbc, 0xf9, 0x88, 0x0, 0x6f, 0x1e, 0x57,
    0xf6, 0xff, 0xff, 0xff, 0xf0, 0x7, 0xf8, 0xfa,
    0xbf, 0xdb, 0x9, 0xf3, 0x0, 0x0, 0x8f, 0xff,
    0xff, 0xf3, 0x30, 0x9f, 0x30, 0x0, 0xa, 0xd0,
    0x0, 0x7f, 0xef, 0xff, 0xff, 0xff, 0x20, 0xda,
    0x0, 0x7, 0xf7, 0x88, 0xdf, 0x98, 0x81, 0x3f,
    0x50, 0x27, 0xbf, 0x0, 0x9, 0xf2, 0x0, 0x4,
    0xd0, 0x1, 0xff, 0x90, 0x0, 0x9f, 0x20, 0x0,
    0x0, 0x0, 0x0, 0x0, 0x0, 0x0, 0x0, 0x0,
    0x0,

    /* U+89E6 "触" */
    0x0, 0x0, 0x0, 0x0, 0x0, 0x0, 0x0, 0x0,
    0x0, 0x6, 0xe3, 0x0, 0x0, 0x0, 0xce, 0x0,
    0x0, 0x0, 0xcf, 0xff, 0x70, 0x0, 0xc, 0xe0,
    0x0, 0x0, 0x3f, 0xb9, 0xf6, 0x0, 0x11, 0xcf,
    0x11, 0x0, 0xc, 0xf6, 0xbf, 0x43, 0x8f, 0xff,
    0xff, 0xfb, 0x6, 0xff, 0xff, 0xff, 0xb8, 0xf5,
    0xdf, 0x5f, 0xb0, 0xb, 0xf1, 0xf4, 0xcb, 0x8f,
    0xc, 0xe0, 0xeb, 0x0, 0x7f, 0x3f, 0x6d, 0xb8,
    0xf0, 0xce, 0xe, 0xb0, 0x7, 0xff, 0xff, 0xfb,
    0x8f, 0xc, 0xe0, 0xeb, 0x0, 0x7f, 0x1f, 0x4c,
    0xb8, 0xfb, 0xff, 0xbf, 0xb0, 0x7, 0xf8, 0xfa,
    0xeb, 0x5a, 0xae, 0xfa, 0xa7, 0x0, 0x9f, 0xdd,
    0xdf, 0xb0, 0x0, 0xce, 0x39, 0x10, 0xb, 0xc0,
    0x0, 0xcb, 0x0, 0xc, 0xe2, 0xf7, 0x0, 0xe9,
    0x0, 0xc, 0xb0, 0x1, 0xcf, 0x5e, 0xd0, 0x4f,
    0x50, 0x48, 0xea, 0xef, 0xff, 0xfe, 0xdf, 0x33,
    0xb0, 0x4, 0xfe, 0x45, 0x53, 0x20, 0x2, 0xd3,
    0x0, 0x0, 0x0, 0x0, 0x0, 0x0, 0x0, 0x0,
    0x0,

    /* U+8A2D "設" */
    0xa, 0xff, 0xff, 0x60, 0xcf, 0xff, 0xfc, 0x0,
    0x0, 0x46, 0x66, 0x63, 0xc, 0xf9, 0x9f, 0xc0,
    0x0, 0x5a, 0xaa, 0xaa, 0xa0, 0xde, 0x0, 0xec,
    0x0, 0x7, 0xdd, 0xdd, 0xdd, 0x1f, 0xc0, 0xe,
    0xc1, 0xe4, 0x2, 0x33, 0x33, 0x16, 0xf9, 0x0,
    0xee, 0x9f, 0x40, 0xbf, 0xff, 0xfb, 0xff, 0x20,
    0x9, 0xff, 0xd0, 0x2, 0x33, 0x33, 0x19, 0x50,
    0x0, 0x1, 0x20, 0x0, 0xae, 0xee, 0xe6, 0x9f,
    0xff, 0xff, 0xff, 0x50, 0x6, 0x88, 0x88, 0x46,
    0xad, 0xaa, 0xaf, 0xf2, 0x0, 0x68, 0x88, 0x83,
    0xb, 0xf2, 0x4, 0xfb, 0x0, 0xc, 0xff, 0xff,
    0x70, 0x3f, 0xc2, 0xef, 0x20, 0x0, 0xcc, 0x1,
    0xf7, 0x0, 0x7f, 0xff, 0x60, 0x0, 0xc, 0xc0,
    0x1f, 0x70, 0x6, 0xff, 0xf5, 0x0, 0x0, 0xcf,
    0xff, 0xf9, 0x8e, 0xfe, 0x8f, 0xfd, 0x71, 0xc,
    0xe8, 0x88, 0x4d, 0xd7, 0x0, 0x18, 0xec, 0x0,
    0x0, 0x0, 0x0, 0x10, 0x0, 0x0, 0x0, 0x0,

    /* U+8A3C "証" */
    0x7, 0xff, 0xff, 0x59, 0xff, 0xff, 0xff, 0xff,
    0x30, 0x26, 0x66, 0x62, 0x9f, 0xff, 0xff, 0xff,
    0xf3, 0x38, 0x88, 0x88, 0x72, 0x33, 0x3d, 0xf3,
    0x33, 0x5, 0xff, 0xff, 0xfe, 0x0, 0x0, 0xcf,
    0x0, 0x0, 0x1, 0x22, 0x22, 0x0, 0x11, 0xc,
    0xf0, 0x0, 0x0, 0x9f, 0xff, 0xf5, 0xe, 0xc0,
    0xcf, 0x0, 0x0, 0x1, 0x22, 0x22, 0x0, 0xec,
    0xc, 0xfb, 0xbb, 0x0, 0x8f, 0xff, 0xf4, 0xe,
    0xc0, 0xcf, 0xff, 0xf1, 0x3, 0x77, 0x77, 0x20,
    0xec, 0xc, 0xf0, 0x0, 0x0, 0x36, 0x55, 0x52,
    0xe, 0xc0, 0xcf, 0x0, 0x0, 0x9, 0xff, 0xff,
    0x70, 0xec, 0xc, 0xf0, 0x0, 0x0, 0x9f, 0x14,
    0xf7, 0xe, 0xc0, 0xcf, 0x0, 0x0, 0x9, 0xf0,
    0x2f, 0x70, 0xec, 0xc, 0xf0, 0x0, 0x0, 0x9f,
    0xaa, 0xf7, 0xcf, 0xfc, 0xff, 0xcc, 0xc6, 0x9,
    0xfd, 0xdd, 0x6f, 0xff, 0xff, 0xff, 0xff, 0x70,

    /* U+8A66 "試" */
    0x6, 0xff, 0xff, 0x60, 0x0, 0x0, 0xde, 0x9b,
    0x0, 0x26, 0x66, 0x62, 0x0, 0x0, 0xd, 0xe4,
    0xf8, 0x29, 0x99, 0x99, 0x80, 0x0, 0x0, 0xde,
    0x6, 0x13, 0xff, 0xff, 0xfe, 0xaf, 0xff, 0xff,
    0xff, 0xf7, 0x0, 0x22, 0x22, 0x16, 0xaa, 0xaa,
    0xef, 0xaa, 0x40, 0x7f, 0xff, 0xf8, 0x0, 0x0,
    0xb, 0xf0, 0x0, 0x1, 0x22, 0x22, 0x14, 0x88,
    0x88, 0xbf, 0x0, 0x0, 0x7f, 0xff, 0xf8, 0x9f,
    0xff, 0xfb, 0xf0, 0x0, 0x2, 0x66, 0x66, 0x30,
    0x1f, 0x90, 0x8f, 0x10, 0x0, 0x48, 0x88, 0x84,
    0x1, 0xf9, 0x7, 0xf3, 0x0, 0x7, 0xff, 0xff,
    0x70, 0x1f, 0x90, 0x5f, 0x50, 0x0, 0x7f, 0x0,
    0xf7, 0x1, 0xf9, 0x3, 0xf8, 0x42, 0x7, 0xf0,
    0xf, 0x74, 0x8f, 0xff, 0x5e, 0xea, 0xe0, 0x7f,
    0xff, 0xf7, 0xcf, 0xc7, 0x20, 0x9f, 0xfa, 0x7,
    0xf8, 0x88, 0x42, 0x10, 0x0, 0x1, 0xce, 0x20,

    /* U+8A73 "詳" */
    0x0, 0x0, 0x0, 0x0, 0x14, 0x0, 0x1, 0x62,
    0x0, 0xaf, 0xff, 0xf9, 0x9, 0xf3, 0x0, 0x6f,
    0x70, 0x3, 0x66, 0x66, 0x30, 0x2f, 0x90, 0xd,
    0xe0, 0x6, 0xcc, 0xcc, 0xcc, 0x36, 0xec, 0x67,
    0xfb, 0x61, 0x5a, 0xaa, 0xaa, 0xa7, 0xff, 0xff,
    0xff, 0xff, 0x40, 0x46, 0x66, 0x63, 0x14, 0x45,
    0xfc, 0x44, 0x41, 0xb, 0xff, 0xff, 0xa0, 0x0,
    0x1f, 0xb0, 0x0, 0x0, 0x11, 0x11, 0x10, 0x1d,
    0xdd, 0xff, 0xdd, 0xc0, 0xa, 0xff, 0xff, 0x91,
    0xdd, 0xdf, 0xfd, 0xdc, 0x0, 0x57, 0x77, 0x74,
    0x0, 0x1, 0xfb, 0x0, 0x0, 0x5, 0x87, 0x77,
    0x40, 0x0, 0x2f, 0xc0, 0x0, 0x0, 0xcf, 0xff,
    0xf9, 0xff, 0xff, 0xff, 0xff, 0xf8, 0xc, 0xd0,
    0xf, 0x99, 0xaa, 0xaf, 0xea, 0xaa, 0x50, 0xcd,
    0x0, 0xf9, 0x0, 0x1, 0xfb, 0x0, 0x0, 0xc,
    0xff, 0xff, 0x90, 0x0, 0x1f, 0xb0, 0x0, 0x0,
    0xce, 0x88, 0x84, 0x0, 0x1, 0xfb, 0x0, 0x0,

    /* U+8A8D "認" */
    0x0, 0x22, 0x22, 0x0, 0x0, 0x0, 0x0, 0x0,
    0x0, 0x6f, 0xff, 0xf6, 0x4f, 0xff, 0xff, 0xff,
    0xe0, 0x1, 0x44, 0x44, 0x13, 0xaa, 0xef, 0xaa,
    0xfd, 0x2, 0x88, 0x88, 0x87, 0x5, 0x1d, 0xc0,
    0xe, 0xd0, 0x3f, 0xff, 0xff, 0xe3, 0xff, 0xf9,
    0x0, 0xfc, 0x0, 0x12, 0x22, 0x21, 0x1, 0xdf,
    0xfa, 0xf, 0xa0, 0x7, 0xff, 0xff, 0x70, 0x6f,
    0xa9, 0x93, 0xf9, 0x0, 0x13, 0x33, 0x31, 0x8f,
    0xd1, 0xf, 0xff, 0x50, 0x6, 0xee, 0xee, 0x67,
    0xb1, 0x97, 0x8a, 0x60, 0x0, 0x38, 0x88, 0x83,
    0x0, 0xa, 0xfc, 0x10, 0x0, 0x4, 0x88, 0x88,
    0x40, 0x5, 0x86, 0xf6, 0x10, 0x0, 0x8f, 0xff,
    0xf7, 0x5b, 0xaf, 0x3, 0x6f, 0x50, 0x8, 0xf0,
    0xf, 0x79, 0xfa, 0xf0, 0x0, 0xee, 0x0, 0x8f,
    0x0, 0xf8, 0xeb, 0xaf, 0x1, 0xba, 0xf5, 0x8,
    0xff, 0xff, 0xcf, 0x69, 0xf9, 0xaf, 0x5f, 0x80,
    0x7e, 0x88, 0x84, 0x30, 0x4f, 0xff, 0xb0, 0x30,

    /* U+8AAC "説" */
    0x0, 0x0, 0x0, 0x0, 0x23, 0x0, 0x2, 0x61,
    0x0, 0x7f, 0xff, 0xf5, 0xe, 0xe0, 0x0, 0x8f,
    0x60, 0x2, 0x66, 0x66, 0x20, 0x8f, 0x60, 0xe,
    0xf0, 0x2, 0x55, 0x55, 0x55, 0x3, 0xf8, 0x12,
    0xe9, 0x0, 0x6f, 0xff, 0xff, 0xe7, 0xff, 0xff,
    0xff, 0xff, 0x0, 0x22, 0x22, 0x22, 0x7f, 0xa8,
    0x88, 0x8f, 0xf0, 0x8, 0xee, 0xee, 0x47, 0xf5,
    0x0, 0x0, 0xff, 0x0, 0x35, 0x55, 0x51, 0x7f,
    0x50, 0x0, 0xf, 0xf0, 0x8, 0xff, 0xff, 0x47,
    0xff, 0xff, 0xff, 0xff, 0x0, 0x37, 0x77, 0x72,
    0x26, 0xef, 0x6f, 0xe6, 0x50, 0x3, 0x65, 0x55,
    0x20, 0xf, 0xe0, 0xed, 0x0, 0x0, 0x9f, 0xff,
    0xf7, 0x1, 0xfb, 0xe, 0xd0, 0x0, 0x9, 0xf1,
    0x3f, 0x70, 0x6f, 0x70, 0xed, 0x6, 0x10, 0x9f,
    0x2, 0xf7, 0x1e, 0xf1, 0xe, 0xd0, 0xdb, 0x9,
    0xf8, 0x9f, 0x9d, 0xf7, 0x0, 0xef, 0x9f, 0x90,
    0x9f, 0xff, 0xf9, 0xe8, 0x0, 0x8, 0xff, 0xe3,
    0x1, 0x10, 0x0, 0x0, 0x0, 0x0, 0x0, 0x0,
    0x0,

    /* U+8AAD "読" */
    0x6, 0xff, 0xff, 0x33, 0x33, 0x7f, 0x93, 0x33,
    0x0, 0x26, 0x66, 0x63, 0xff, 0xff, 0xff, 0xff,
    0xf3, 0x2c, 0xcc, 0xcc, 0x94, 0x44, 0x7f, 0x94,
    0x44, 0x2, 0xaa, 0xaa, 0xa7, 0x59, 0x9b, 0xfc,
    0x99, 0x50, 0x3, 0x66, 0x66, 0x18, 0xee, 0xee,
    0xee, 0xe8, 0x0, 0x7f, 0xff, 0xf3, 0x11, 0x11,
    0x11, 0x11, 0x10, 0x0, 0x11, 0x11, 0x3f, 0xff,
    0xff, 0xff, 0xff, 0x50, 0x7f, 0xff, 0xf6, 0xfa,
    0x55, 0x55, 0x58, 0xf5, 0x3, 0x77, 0x77, 0x5f,
    0x6b, 0xd0, 0xbd, 0x4f, 0x50, 0x48, 0x88, 0x82,
    0x41, 0xdd, 0xc, 0xe1, 0x41, 0x8, 0xff, 0xff,
    0x40, 0xf, 0xb0, 0xce, 0x0, 0x0, 0x8f, 0x4,
    0xf4, 0x4, 0xf8, 0xc, 0xe0, 0x20, 0x8, 0xf0,
    0x4f, 0x40, 0xcf, 0x20, 0xce, 0xa, 0xc0, 0x8f,
    0xff, 0xf8, 0xdf, 0x70, 0xb, 0xf9, 0xeb, 0x7,
    0xe8, 0x88, 0x8e, 0x60, 0x0, 0x6f, 0xff, 0x50,
    0x0, 0x0, 0x0, 0x0, 0x0, 0x0, 0x0, 0x0,

    /* U+8B70 "議" */
    0x0, 0x0, 0x0, 0x0, 0x53, 0x0, 0x7, 0x30,
    0x0, 0xbf, 0xff, 0xb0, 0xa, 0xe0, 0x6, 0xf5,
    0x0, 0x4, 0x66, 0x64, 0x5f, 0xff, 0xff, 0xff,
    0xfe, 0x6, 0xcc, 0xcc, 0xc2, 0x33, 0x3b, 0xf3,
    0x33, 0x30, 0x6c, 0xcc, 0xcc, 0x1b, 0xee, 0xff,
    0xee, 0xe6, 0x0, 0x23, 0x33, 0x20, 0x45, 0x5c,
    0xf5, 0x55, 0x20, 0xc, 0xff, 0xfc, 0xbd, 0xdd,
    0xff, 0xdd, 0xdd, 0x30, 0x23, 0x33, 0x26, 0x88,
    0x9a, 0x99, 0x89, 0x82, 0xb, 0xee, 0xea, 0x6b,
    0xdf, 0xfb, 0xf5, 0xe4, 0x0, 0x68, 0x88, 0x63,
    0x7c, 0xf0, 0x8f, 0x9, 0xd0, 0x6, 0x88, 0x85,
    0xac, 0xef, 0xcd, 0xfc, 0xcc, 0x30, 0xdf, 0xff,
    0xb8, 0x9e, 0xf9, 0xbf, 0xba, 0x92, 0xd, 0xa0,
    0xcb, 0x46, 0xdf, 0xa7, 0xf8, 0xe5, 0x0, 0xda,
    0xc, 0xbf, 0xef, 0xf9, 0x3e, 0xfb, 0x10, 0xd,
    0xff, 0xfb, 0x23, 0xce, 0x29, 0xff, 0x8c, 0x60,
    0xdd, 0x88, 0x52, 0xff, 0x97, 0xc4, 0xbf, 0xe2,
    0x0, 0x0, 0x0, 0x0, 0x0, 0x0, 0x0, 0x10,
    0x0,

    /* U+8CC7 "資" */
    0x0, 0x10, 0x0, 0x0, 0x62, 0x0, 0x0, 0x0,
    0x0, 0x3f, 0xc7, 0x10, 0x7f, 0x84, 0x44, 0x45,
    0x10, 0x1, 0x6c, 0xf8, 0x4f, 0xff, 0xff, 0xff,
    0xf8, 0x0, 0x0, 0x3, 0x2e, 0xd1, 0x8f, 0xa0,
    0xce, 0x10, 0x0, 0x37, 0xb7, 0x21, 0x5f, 0xef,
    0x85, 0x30, 0x2, 0xff, 0xfe, 0x78, 0xcf, 0xd1,
    0xaf, 0xe9, 0x60, 0xb, 0x86, 0x22, 0xde, 0x93,
    0x22, 0x8f, 0xfb, 0x0, 0x0, 0xff, 0xff, 0xff,
    0xff, 0xff, 0xf2, 0x10, 0x0, 0xf, 0xc1, 0x11,
    0x11, 0x11, 0xcf, 0x10, 0x0, 0x0, 0xff, 0xff,
    0xff, 0xff, 0xff, 0xf1, 0x0, 0x0, 0xf, 0xc3,
    0x33, 0x33, 0x33, 0xcf, 0x10, 0x0, 0x0, 0xff,
    0xee, 0xee, 0xee, 0xef, 0xf1, 0x0, 0x0, 0xf,
    0xc4, 0x44, 0x44, 0x44, 0xdf, 0x10, 0x0, 0x0,
    0xdd, 0xed, 0xdd, 0xde, 0xdd, 0xd1, 0x0, 0x0,
    0x4, 0xaf, 0xc1, 0x2, 0xde, 0x82, 0x0, 0x0,
    0xaf, 0xfe, 0x81, 0x0, 0x2, 0x9f, 0xfc, 0x50,
    0x2, 0xa5, 0x0, 0x0, 0x0, 0x0, 0x18, 0x81,
    0x0,

    /* U+8ECA "車" */
    0x0, 0x0, 0x0, 0xd, 0xf1, 0x0, 0x0, 0x0,
    0xb, 0xbb, 0xbb, 0xbf, 0xfb, 0xbb, 0xbb, 0xb4,
    0xc, 0xcc, 0xcc, 0xcf, 0xfc, 0xcc, 0xcc, 0xc5,
    0x0, 0x35, 0x55, 0x5e, 0xf6, 0x55, 0x55, 0x0,
    0x0, 0xaf, 0xff, 0xff, 0xff, 0xff, 0xff, 0x10,
    0x0, 0xaf, 0x32, 0x2d, 0xf3, 0x22, 0xcf, 0x10,
    0x0, 0xaf, 0x77, 0x7e, 0xf7, 0x77, 0xdf, 0x10,
    0x0, 0xaf, 0xff, 0xff, 0xff, 0xff, 0xff, 0x10,
    0x0, 0xaf, 0x10, 0xd, 0xf1, 0x0, 0xcf, 0x10,
    0x0, 0xaf, 0xee, 0xef, 0xff, 0xee, 0xff, 0x10,
    0x0, 0x47, 0x77, 0x7e, 0xf7, 0x77, 0x77, 0x0,
    0x5a, 0xaa, 0xaa, 0xaf, 0xfa, 0xaa, 0xaa, 0xa9,
    0x8f, 0xff, 0xff, 0xff, 0xff, 0xff, 0xff, 0xff,
    0x0, 0x0, 0x0, 0xd, 0xf2, 0x0, 0x0, 0x0,
    0x0, 0x0, 0x0, 0xd, 0xf1, 0x0, 0x0, 0x0,

    /* U+8F66 "车" */
    0x0, 0x0, 0x0, 0x53, 0x0, 0x0, 0x0, 0x0,
    0x0, 0x0, 0x0, 0x1f, 0xf3, 0x0, 0x0, 0x0,
    0x0, 0x0, 0x0, 0x7, 0xfc, 0x0, 0x0, 0x0,
    0x0, 0x0, 0xaf, 0xff, 0xff, 0xff, 0xff, 0xff,
    0xff, 0xe0, 0x8, 0xcc, 0xef, 0xec, 0xcc, 0xcc,
    0xcc, 0xcb, 0x0, 0x0, 0xe, 0xf3, 0x3, 0x62,
    0x0, 0x0, 0x0, 0x0, 0x7, 0xfa, 0x0, 0x8f,
    0x60, 0x0, 0x0, 0x0, 0x4, 0xfe, 0x20, 0x9,
    0xf7, 0x0, 0x0, 0x0, 0x0, 0xaf, 0xff, 0xff,
    0xff, 0xff, 0xff, 0xb0, 0x0, 0x4, 0xcb, 0xbb,
    0xbd, 0xfd, 0xbb, 0xb7, 0x0, 0x0, 0x0, 0x0,
    0x0, 0x8f, 0x60, 0x0, 0x0, 0x0, 0x11, 0x11,
    0x11, 0x19, 0xf7, 0x11, 0x11, 0x10, 0x1f, 0xff,
    0xff, 0xff, 0xff, 0xff, 0xff, 0xff, 0x21, 0xbb,
    0xbb, 0xbb, 0xbd, 0xfd, 0xbb, 0xbb, 0xb1, 0x0,
    0x0, 0x0, 0x0, 0x8f, 0x60, 0x0, 0x0, 0x0,
    0x0, 0x0, 0x0, 0x8, 0xf6, 0x0, 0x0, 0x0,

    /* U+8FBC "込" */
    0x0, 0x20, 0x0, 0x0, 0x0, 0x0, 0x0, 0x0,
    0x0, 0xbf, 0x60, 0x0, 0xdf, 0xff, 0xc0, 0x0,
    0x0, 0x4, 0xff, 0x70, 0x9, 0xbb, 0xfd, 0x0,
    0x0, 0x0, 0x3, 0xfd, 0x0, 0x0, 0xb, 0xf0,
    0x0, 0x0, 0x0, 0x4, 0x10, 0x0, 0x1, 0xbf,
    0x10, 0x0, 0x0, 0x0, 0x0, 0x0, 0x0, 0x7f,
    0xf4, 0x0, 0x0, 0x0, 0x0, 0x0, 0x0, 0xb,
    0xff, 0x80, 0x0, 0x2, 0xcc, 0xc8, 0x0, 0x1,
    0xff, 0xfd, 0x0, 0x0, 0x2f, 0xff, 0xb0, 0x0,
    0x7f, 0x9b, 0xf3, 0x0, 0x0, 0x1, 0xfb, 0x0,
    0x1e, 0xf3, 0x4f, 0xb0, 0x0, 0x0, 0x1f, 0xb0,
    0xa, 0xfa, 0x0, 0xcf, 0x60, 0x0, 0x1, 0xfb,
    0x9, 0xfe, 0x10, 0x3, 0xff, 0x60, 0x0, 0x1f,
    0xb6, 0xff, 0x30, 0x0, 0x5, 0xff, 0x40, 0x3c,
    0xff, 0x77, 0x30, 0x0, 0x0, 0x4, 0x60, 0x4f,
    0xf7, 0xbf, 0xfd, 0xcb, 0xbb, 0xbc, 0xcd, 0x80,
    0xd5, 0x0, 0x5b, 0xef, 0xff, 0xff, 0xff, 0xf5,
    0x0, 0x0, 0x0, 0x0, 0x0, 0x0, 0x0, 0x0,
    0x0,

    /* U+8FD4 "返" */
    0x0, 0x20, 0x0, 0x0, 0x0, 0x0, 0x0, 0x0,
    0x0, 0x9f, 0x70, 0x2, 0xff, 0xff, 0xff, 0xff,
    0xf3, 0x3, 0xff, 0x70, 0x2f, 0xeb, 0xbb, 0xbb,
    0xbb, 0x20, 0x3, 0xfe, 0x2, 0xfa, 0x0, 0x0,
    0x0, 0x0, 0x0, 0x4, 0x10, 0x2f, 0xc5, 0x55,
    0x56, 0x51, 0x0, 0x0, 0x0, 0x2, 0xff, 0xff,
    0xff, 0xff, 0x90, 0x0, 0x0, 0x0, 0x2f, 0xef,
    0xb6, 0x6f, 0xf4, 0x0, 0xcc, 0xc8, 0x3, 0xf8,
    0xed, 0x3, 0xfe, 0x0, 0xf, 0xff, 0xb0, 0x6f,
    0x68, 0xf6, 0xcf, 0x70, 0x0, 0x1, 0xfb, 0x9,
    0xf4, 0xe, 0xff, 0xe0, 0x0, 0x0, 0x1f, 0xb0,
    0xef, 0x0, 0x7f, 0xf6, 0x0, 0x0, 0x1, 0xfb,
    0x5f, 0xb0, 0x7f, 0xff, 0xf7, 0x0, 0x0, 0x1f,
    0xbc, 0xf6, 0xdf, 0xe4, 0x4e, 0xfe, 0x60, 0x3c,
    0xff, 0x88, 0x8, 0x80, 0x0, 0x18, 0xc1, 0x3f,
    0xf7, 0xaf, 0xfe, 0xcb, 0xbb, 0xbc, 0xcd, 0xa0,
    0xc5, 0x0, 0x5a, 0xef, 0xff, 0xff, 0xff, 0xf7,
    0x0, 0x0, 0x0, 0x0, 0x0, 0x0, 0x0, 0x0,
    0x0,

    /* U+8FF0 "述" */
    0x0, 0x0, 0x0, 0x0, 0x0, 0x0, 0x0, 0x0,
    0x0, 0x49, 0x10, 0x0, 0x0, 0x1f, 0xc2, 0xea,
    0x0, 0x9, 0xfe, 0x40, 0x0, 0x1, 0xfc, 0x6,
    0xf8, 0x0, 0x5, 0xfd, 0x49, 0x99, 0xaf, 0xe9,
    0x9c, 0x92, 0x0, 0x4, 0x16, 0xff, 0xff, 0xff,
    0xff, 0xff, 0x40, 0x0, 0x0, 0x1, 0x11, 0x2f,
    0xc1, 0x11, 0x10, 0x0, 0x0, 0x0, 0x9, 0x61,
    0xfc, 0x2a, 0x60, 0x2, 0xcc, 0xc8, 0x2, 0xfb,
    0x1f, 0xc0, 0xfd, 0x0, 0x2f, 0xff, 0xb0, 0x6f,
    0x71, 0xfc, 0x9, 0xf5, 0x0, 0x1, 0xfb, 0xc,
    0xf2, 0x1f, 0xc0, 0x3f, 0xb0, 0x0, 0x1f, 0xb3,
    0xfc, 0x1, 0xfc, 0x0, 0xdf, 0x0, 0x1, 0xfb,
    0x9f, 0x50, 0x1f, 0xc0, 0x9, 0xf3, 0x0, 0x1f,
    0xb0, 0x40, 0x1, 0xfc, 0x0, 0x10, 0x0, 0x3c,
    0xff, 0x71, 0x0, 0x7, 0x50, 0x0, 0x0, 0x4f,
    0xf6, 0xaf, 0xfd, 0xcb, 0xbb, 0xbc, 0xcd, 0x60,
    0xd4, 0x0, 0x5b, 0xef, 0xff, 0xff, 0xff, 0xf2,
    0x0, 0x0, 0x0, 0x0, 0x0, 0x0, 0x0, 0x0,
    0x0,

    /* U+9031 "週" */
    0x0, 0x0, 0x0, 0x0, 0x0, 0x0, 0x0, 0x0,
    0x3, 0xd8, 0x0, 0x1f, 0xff, 0xff, 0xff, 0xff,
    0x80, 0x1d, 0xf7, 0x1, 0xfc, 0x88, 0xa8, 0x89,
    0xf8, 0x0, 0x2e, 0xf2, 0x1f, 0x92, 0x4f, 0x72,
    0x3f, 0x80, 0x0, 0x55, 0x1, 0xf9, 0xef, 0xff,
    0xf6, 0xf8, 0x0, 0x0, 0x0, 0x1f, 0x91, 0x3f,
    0x61, 0x3f, 0x80, 0x0, 0x0, 0x1, 0xf9, 0xde,
    0xfe, 0xd7, 0xf8, 0x6, 0xcc, 0xc0, 0x2f, 0x86,
    0x66, 0x66, 0x4f, 0x80, 0x7e, 0xff, 0x13, 0xf7,
    0xaf, 0xff, 0xe3, 0xf8, 0x0, 0xa, 0xf1, 0x5f,
    0x5b, 0xc4, 0x9e, 0x3f, 0x80, 0x0, 0xaf, 0x19,
    0xf2, 0xbc, 0x49, 0xe3, 0xf8, 0x0, 0xa, 0xf2,
    0xee, 0xb, 0xff, 0xfe, 0x3f, 0x80, 0x0, 0xaf,
    0x9f, 0x90, 0x89, 0x11, 0x9a, 0xf7, 0x0, 0x6f,
    0xfc, 0x82, 0x0, 0x0, 0xa, 0xec, 0x20, 0x7f,
    0xd7, 0xff, 0xca, 0x99, 0x99, 0x99, 0xaa, 0x43,
    0xc1, 0x2, 0x9d, 0xff, 0xff, 0xff, 0xff, 0xf2,
    0x0, 0x0, 0x0, 0x0, 0x0, 0x1, 0x0, 0x0,
    0x0,

    /* U+90E8 "部" */
    0x0, 0x0, 0x0, 0x0, 0x0, 0x0, 0x0, 0x0,
    0x0, 0x44, 0x4d, 0xf4, 0x44, 0xc, 0xff, 0xff,
    0xf6, 0xf, 0xff, 0xff, 0xff, 0xf3, 0xcf, 0xbb,
    0xdf, 0x80, 0x68, 0x96, 0x68, 0xa6, 0x1c, 0xf0,
    0xb, 0xf3, 0x0, 0xdd, 0x0, 0x8f, 0x30, 0xcf,
    0x1, 0xfd, 0x0, 0x9, 0xf1, 0xc, 0xd0, 0xc,
    0xf0, 0x6f, 0x70, 0x0, 0x6c, 0x10, 0xc8, 0x0,
    0xcf, 0xb, 0xf1, 0x2, 0xff, 0xff, 0xff, 0xff,
    0x9c, 0xf1, 0xfe, 0x0, 0x1b, 0xbb, 0xbb, 0xbb,
    0xb7, 0xcf, 0x5, 0xf9, 0x0, 0x0, 0x0, 0x0,
    0x0, 0xc, 0xf0, 0xb, 0xf2, 0x5, 0xff, 0xff,
    0xff, 0x90, 0xcf, 0x0, 0x5f, 0x60, 0x5f, 0xb8,
    0x89, 0xf9, 0xc, 0xf0, 0x4, 0xf8, 0x5, 0xf5,
    0x0, 0x2f, 0x90, 0xcf, 0x26, 0xbf, 0x70, 0x5f,
    0x50, 0x2, 0xf9, 0xc, 0xf2, 0xff, 0xe1, 0x5,
    0xff, 0xff, 0xff, 0x90, 0xcf, 0x6, 0x50, 0x0,
    0x5f, 0xb9, 0x9a, 0xf9, 0xc, 0xf0, 0x0, 0x0,
    0x0, 0x0, 0x0, 0x0, 0x0, 0x0, 0x0, 0x0,
    0x0,

    /* U+914D "配" */
    0x2, 0x22, 0x22, 0x22, 0x10, 0x0, 0x0, 0x0,
    0x3, 0xff, 0xff, 0xff, 0xf8, 0xcf, 0xff, 0xff,
    0xe0, 0x16, 0x6d, 0xbd, 0xa6, 0x39, 0xcc, 0xcc,
    0xfe, 0x0, 0x0, 0xc7, 0xc6, 0x0, 0x0, 0x0,
    0xd, 0xe0, 0x7, 0x9e, 0xce, 0xc9, 0x10, 0x0,
    0x0, 0xde, 0x0, 0xcf, 0xff, 0xfe, 0xf2, 0x0,
    0x0, 0xd, 0xe0, 0xc, 0xa7, 0x6e, 0x3f, 0x24,
    0x86, 0x66, 0xee, 0x0, 0xca, 0x76, 0xe3, 0xf2,
    0xbf, 0xff, 0xff, 0xe0, 0xc, 0xaa, 0x4e, 0x3f,
    0x2b, 0xf6, 0x55, 0xee, 0x0, 0xcc, 0xd0, 0xcf,
    0xf2, 0xbf, 0x10, 0x5, 0x60, 0xc, 0xa2, 0x0,
    0x3f, 0x2b, 0xf1, 0x0, 0x0, 0x0, 0xcf, 0xff,
    0xff, 0xf2, 0xbf, 0x10, 0x0, 0x10, 0xc, 0xc5,
    0x55, 0x7f, 0x2b, 0xf1, 0x0, 0x2f, 0x60, 0xcb,
    0x22, 0x25, 0xf2, 0xbf, 0x10, 0x4, 0xf6, 0xc,
    0xff, 0xff, 0xff, 0x2a, 0xfc, 0xbb, 0xdf, 0x30,
    0xcc, 0x44, 0x46, 0xe2, 0x3d, 0xff, 0xff, 0xa0,
    0x1, 0x10, 0x0, 0x0, 0x0, 0x0, 0x0, 0x0,
    0x0,

    /* U+9192 "醒" */
    0x0, 0x0, 0x0, 0x0, 0x0, 0x0, 0x0, 0x0,
    0xff, 0xff, 0xff, 0xf0, 0xff, 0xff, 0xff, 0xf0,
    0x88, 0xfa, 0xfa, 0x80, 0xfc, 0x66, 0x6d, 0xf0,
    0x0, 0xf4, 0xf4, 0x0, 0xfb, 0x55, 0x5c, 0xf0,
    0x67, 0xfa, 0xf9, 0x70, 0xff, 0xff, 0xff, 0xf0,
    0xcf, 0xff, 0xff, 0xe0, 0xfa, 0x0, 0xb, 0xf0,
    0xc9, 0xb5, 0xf6, 0xe0, 0xff, 0xff, 0xff, 0xf0,
    0xc9, 0xb5, 0xf5, 0xe0, 0xa9, 0x7b, 0x86, 0x60,
    0xc9, 0xe2, 0xf6, 0xe0, 0xea, 0x5f, 0x61, 0x10,
    0xce, 0xc0, 0xce, 0xe6, 0xff, 0xff, 0xff, 0xf0,
    0xc9, 0x10, 0x5, 0xfe, 0xb4, 0x7f, 0x84, 0x40,
    0xcf, 0xff, 0xff, 0xe3, 0xa8, 0xaf, 0xb8, 0x70,
    0xcc, 0x77, 0x7a, 0xe0, 0xff, 0xff, 0xff, 0xd0,
    0xca, 0x22, 0x27, 0xe0, 0x0, 0x4f, 0x50, 0x0,
    0xcf, 0xff, 0xff, 0xe4, 0x66, 0x8f, 0xa6, 0x62,
    0xcb, 0x44, 0x48, 0xea, 0xff, 0xff, 0xff, 0xf7,

    /* U+91CD "重" */
    0x0, 0x0, 0x0, 0x1, 0x23, 0x46, 0x84, 0x0,
    0x0, 0xce, 0xef, 0xff, 0xff, 0xff, 0xfd, 0x0,
    0x0, 0xae, 0xdd, 0xce, 0xfa, 0x86, 0x41, 0x0,
    0x26, 0x66, 0x66, 0x6d, 0xf6, 0x66, 0x66, 0x65,
    0x5f, 0xff, 0xff, 0xff, 0xff, 0xff, 0xff, 0xfd,
    0x1, 0x24, 0x44, 0x4d, 0xf5, 0x44, 0x44, 0x10,
    0x0, 0x9f, 0xff, 0xff, 0xff, 0xff, 0xff, 0x10,
    0x0, 0x9f, 0x41, 0x1c, 0xf2, 0x11, 0xdf, 0x10,
    0x0, 0x9f, 0xff, 0xff, 0xff, 0xff, 0xff, 0x10,
    0x0, 0x9f, 0x41, 0x1c, 0xf2, 0x11, 0xdf, 0x10,
    0x0, 0x9f, 0xff, 0xff, 0xff, 0xff, 0xff, 0x10,
    0x0, 0x13, 0x33, 0x3c, 0xf4, 0x33, 0x33, 0x0,
    0x2, 0xff, 0xff, 0xff, 0xff, 0xff, 0xff, 0xd0,
    0x1, 0x55, 0x55, 0x5d, 0xf6, 0x55, 0x55, 0x40,
    0x5b, 0xbb, 0xbb, 0xbe, 0xfb, 0xbb, 0xbb, 0xba,
    0x7f, 0xff, 0xff, 0xff, 0xff, 0xff, 0xff, 0xff,

    /* U+91CF "量" */
    0x0, 0xf, 0xff, 0xff, 0xff, 0xff, 0xff, 0x0,
    0x0, 0x0, 0xfd, 0x66, 0x66, 0x66, 0x6e, 0xf0,
    0x0, 0x0, 0xf, 0xd7, 0x77, 0x77, 0x77, 0xef,
    0x0, 0x0, 0x0, 0xff, 0xdd, 0xdd, 0xdd, 0xdf,
    0xf0, 0x0, 0x4, 0x46, 0x66, 0x66, 0x66, 0x66,
    0x66, 0x44, 0x13, 0xff, 0xff, 0xff, 0xff, 0xff,
    0xff, 0xff, 0xf3, 0x2, 0x36, 0x66, 0x66, 0x66,
    0x66, 0x66, 0x42, 0x0, 0x5, 0xfe, 0xcc, 0xef,
    0xec, 0xcd, 0xf7, 0x0, 0x0, 0x5f, 0xb8, 0x8b,
    0xfb, 0x88, 0xaf, 0x70, 0x0, 0x5, 0xf9, 0x66,
    0xaf, 0xa6, 0x69, 0xf7, 0x0, 0x0, 0x5f, 0xff,
    0xff, 0xff, 0xff, 0xff, 0x70, 0x0, 0x2, 0x44,
    0x44, 0x8f, 0x84, 0x44, 0x42, 0x0, 0x0, 0xbf,
    0xff, 0xff, 0xff, 0xff, 0xff, 0xc0, 0x0, 0x12,
    0x33, 0x33, 0x8f, 0x83, 0x33, 0x32, 0x10, 0x3f,
    0xff, 0xff, 0xff, 0xff, 0xff, 0xff, 0xff, 0x40,

    /* U+91D1 "金" */
    0x0, 0x0, 0x0, 0x3f, 0xf8, 0x0, 0x0, 0x0,
    0x0, 0x0, 0x0, 0x2e, 0xe9, 0xf8, 0x0, 0x0,
    0x0, 0x0, 0x0, 0x3e, 0xe2, 0x9, 0xfa, 0x0,
    0x0, 0x0, 0x0, 0x7f, 0xe3, 0x0, 0x9, 0xfd,
    0x30, 0x0, 0x3, 0xcf, 0xfa, 0x88, 0x88, 0x8d,
    0xff, 0xa3, 0x7, 0xff, 0x9f, 0xff, 0xff, 0xff,
    0xfb, 0xdf, 0xf1, 0xa, 0x30, 0x11, 0x1c, 0xf4,
    0x11, 0x0, 0x76, 0x0, 0x0, 0x0, 0x0, 0xcf,
    0x20, 0x0, 0x0, 0x0, 0x1, 0xff, 0xff, 0xff,
    0xff, 0xff, 0xff, 0x90, 0x0, 0x1a, 0xab, 0xaa,
    0xef, 0xba, 0xba, 0xa5, 0x0, 0x0, 0xa, 0xf1,
    0xc, 0xf2, 0x9, 0xf3, 0x0, 0x0, 0x0, 0x3f,
    0xa0, 0xcf, 0x22, 0xfb, 0x0, 0x0, 0x0, 0x0,
    0xbd, 0xc, 0xf2, 0xae, 0x10, 0x0, 0x0, 0xbc,
    0xce, 0xcc, 0xff, 0xdc, 0xec, 0xcc, 0x60, 0xf,
    0xff, 0xff, 0xff, 0xff, 0xff, 0xff, 0xf8, 0x0,

    /* U+9577 "長" */
    0x0, 0x1f, 0xff, 0xff, 0xff, 0xff, 0xfa, 0x0,
    0x0, 0x1f, 0xe8, 0x88, 0x88, 0x88, 0x85, 0x0,
    0x0, 0x1f, 0xe7, 0x77, 0x77, 0x77, 0x71, 0x0,
    0x0, 0x1f, 0xff, 0xff, 0xff, 0xff, 0xf2, 0x0,
    0x0, 0x1f, 0xc0, 0x0, 0x0, 0x0, 0x0, 0x0,
    0x0, 0x1f, 0xff, 0xff, 0xff, 0xff, 0xf2, 0x0,
    0x0, 0x1f, 0xe7, 0x77, 0x77, 0x77, 0x71, 0x0,
    0x55, 0x6f, 0xd5, 0x55, 0x55, 0x55, 0x55, 0x52,
    0xff, 0xff, 0xff, 0xff, 0xff, 0xff, 0xff, 0xf6,
    0x44, 0x5f, 0xd4, 0x5f, 0xf5, 0x44, 0x8e, 0x61,
    0x0, 0x1f, 0xc0, 0x7, 0xf9, 0x8, 0xff, 0x50,
    0x0, 0x1f, 0xc0, 0x0, 0xdf, 0xef, 0xa1, 0x0,
    0x0, 0x1f, 0xc0, 0x14, 0x6e, 0xfd, 0x20, 0x0,
    0x6, 0x9f, 0xff, 0xff, 0xb1, 0xcf, 0xfb, 0x62,
    0xf, 0xff, 0xdb, 0x86, 0x20, 0x6, 0xdf, 0xf3,
    0x4, 0x20, 0x0, 0x0, 0x0, 0x0, 0x3, 0x50,

    /* U+9589 "閉" */
    0xdf, 0xff, 0xff, 0xb0, 0xef, 0xff, 0xff, 0xbd,
    0xf5, 0x55, 0xfb, 0xe, 0xa5, 0x56, 0xfb, 0xdf,
    0x44, 0x4f, 0xb0, 0xea, 0x44, 0x6f, 0xbd, 0xff,
    0xff, 0xfb, 0xe, 0xff, 0xff, 0xfb, 0xdf, 0x0,
    0xf, 0xb0, 0xe8, 0x0, 0x2f, 0xbd, 0xff, 0xff,
    0xfb, 0xe, 0xff, 0xff, 0xfb, 0xdf, 0x55, 0x55,
    0x32, 0xa6, 0x66, 0x7f, 0xbd, 0xf0, 0x0, 0x0,
    0x9f, 0x10, 0x2, 0xfb, 0xdf, 0xf, 0xff, 0xff,
    0xff, 0xf6, 0x2f, 0xbd, 0xf0, 0x88, 0x8b, 0xff,
    0x98, 0x32, 0xfb, 0xdf, 0x0, 0x3, 0xef, 0xf1,
    0x0, 0x2f, 0xbd, 0xf0, 0x7, 0xfb, 0x9f, 0x10,
    0x2, 0xfb, 0xdf, 0x2d, 0xf7, 0x9, 0xf1, 0x0,
    0x2f, 0xbd, 0xf0, 0x62, 0x7, 0xcf, 0x4d, 0xde,
    0xf9, 0xdf, 0x0, 0x0, 0xbf, 0xa0, 0xef, 0xeb,
    0x20,

    /* U+958B "開" */
    0xcf, 0xff, 0xff, 0xc2, 0xff, 0xff, 0xff, 0xbc,
    0xf5, 0x55, 0xec, 0x2f, 0xb5, 0x55, 0xfb, 0xcf,
    0x44, 0x4e, 0xc2, 0xfa, 0x44, 0x4f, 0xbc, 0xff,
    0xff, 0xfc, 0x2f, 0xff, 0xff, 0xfb, 0xcf, 0x11,
    0x1e, 0xc2, 0xf9, 0x11, 0x1f, 0xbc, 0xff, 0xff,
    0xfc, 0x2f, 0xff, 0xff, 0xfb, 0xcf, 0x33, 0x33,
    0x20, 0x44, 0x44, 0x4f, 0xbc, 0xf0, 0x69, 0x99,
    0x99, 0x99, 0x30, 0xfb, 0xcf, 0x9, 0xdf, 0xed,
    0xff, 0xd5, 0xf, 0xbc, 0xf0, 0x1, 0xf7, 0xe,
    0xb0, 0x0, 0xfb, 0xcf, 0xe, 0xff, 0xff, 0xff,
    0xfa, 0xf, 0xbc, 0xf0, 0x8a, 0xfb, 0x8f, 0xe8,
    0x60, 0xfb, 0xcf, 0x0, 0x7f, 0x20, 0xeb, 0x0,
    0xf, 0xbc, 0xf0, 0x4f, 0xb0, 0xe, 0xb5, 0xcd,
    0xfa, 0xcf, 0x6, 0xc1, 0x0, 0xeb, 0x2f, 0xfc,
    0x30, 0x0, 0x0, 0x0, 0x0, 0x0, 0x0, 0x0,

    /* U+9593 "間" */
    0xdf, 0xff, 0xff, 0xc0, 0xff, 0xff, 0xff, 0xbd,
    0xf5, 0x55, 0xfc, 0xf, 0xe5, 0x56, 0xfb, 0xdf,
    0x44, 0x4f, 0xc0, 0xfd, 0x44, 0x6f, 0xbd, 0xff,
    0xff, 0xfc, 0xf, 0xff, 0xff, 0xfb, 0xdf, 0x0,
    0xf, 0xc0, 0xfd, 0x0, 0x2f, 0xbd, 0xff, 0xff,
    0xfc, 0xf, 0xff, 0xff, 0xfb, 0xdf, 0x55, 0x55,
    0x40, 0x56, 0x66, 0x7f, 0xbd, 0xf0, 0x5, 0x76,
    0x66, 0x64, 0x2, 0xfb, 0xdf, 0x0, 0xdf, 0xff,
    0xff, 0xb0, 0x2f, 0xbd, 0xf0, 0xd, 0xc0, 0x0,
    0xfb, 0x2, 0xfb, 0xdf, 0x0, 0xdf, 0xff, 0xff,
    0xb0, 0x2f, 0xbd, 0xf0, 0xd, 0xd5, 0x55, 0xfb,
    0x2, 0xfb, 0xdf, 0x0, 0xde, 0x77, 0x7f, 0xb0,
    0x2f, 0xbd, 0xf0, 0xd, 0xfe, 0xee, 0xec, 0x57,
    0xfa, 0xdf, 0x0, 0x66, 0x0, 0x0, 0x6f, 0xfc,
    0x20,

    /* U+964D "降" */
    0x0, 0x0, 0x0, 0x0, 0x39, 0x30, 0x0, 0x0,
    0xaf, 0xff, 0xd1, 0x0, 0xcf, 0x10, 0x0, 0x0,
    0xaf, 0xad, 0xf3, 0x6, 0xff, 0xff, 0xfe, 0x10,
    0xae, 0xa, 0xf0, 0x4f, 0xf8, 0x79, 0xfb, 0x0,
    0xae, 0xe, 0xb5, 0xfe, 0xfa, 0x1d, 0xf2, 0x0,
    0xae, 0x3f, 0x61, 0x90, 0x8f, 0xff, 0x50, 0x0,
    0xae, 0x8f, 0x20, 0x0, 0x7f, 0xff, 0x71, 0x0,
    0xae, 0x2f, 0xa3, 0x9e, 0xfd, 0x6e, 0xff, 0xb3,
    0xae, 0x8, 0xf6, 0xfc, 0x50, 0x9d, 0x6b, 0xb0,
    0xae, 0x4, 0xf5, 0xba, 0xaa, 0xef, 0xba, 0x60,
    0xae, 0x5, 0xf5, 0xcf, 0xfd, 0xff, 0xdd, 0x80,
    0xae, 0xbf, 0xf1, 0xe, 0xa0, 0xbf, 0x10, 0x0,
    0xae, 0x46, 0x18, 0x9f, 0xe9, 0xef, 0xa9, 0x91,
    0xae, 0x0, 0xc, 0xff, 0xff, 0xff, 0xff, 0xf2,
    0xae, 0x0, 0x0, 0x0, 0x0, 0xbf, 0x10, 0x0,
    0xae, 0x0, 0x0, 0x0, 0x0, 0xbf, 0x10, 0x0,

    /* U+9650 "限" */
    0x0, 0x0, 0x0, 0x0, 0x0, 0x0, 0x0, 0x0,
    0xbf, 0xff, 0xf7, 0xbf, 0xff, 0xff, 0xff, 0x80,
    0xbf, 0x9b, 0xf8, 0xbf, 0x99, 0x99, 0xaf, 0x80,
    0xbf, 0x8, 0xf3, 0xbf, 0x0, 0x0, 0x4f, 0x80,
    0xbf, 0xd, 0xe0, 0xbf, 0x87, 0x77, 0x9f, 0x80,
    0xbf, 0x2f, 0x90, 0xbf, 0xff, 0xff, 0xff, 0x80,
    0xbf, 0x7f, 0x50, 0xbf, 0x0, 0x0, 0x4f, 0x80,
    0xbf, 0x1d, 0xd0, 0xbf, 0x88, 0x88, 0xaf, 0x80,
    0xbf, 0x5, 0xf5, 0xbf, 0xff, 0xff, 0xff, 0x80,
    0xbf, 0x1, 0xf9, 0xbf, 0x15, 0xf6, 0x5, 0x40,
    0xbf, 0x2, 0xf9, 0xbf, 0x0, 0xfc, 0x4f, 0xf1,
    0xbf, 0xaf, 0xf6, 0xbf, 0x0, 0x8f, 0xfe, 0x20,
    0xbf, 0x7b, 0x70, 0xbf, 0x0, 0x1f, 0xf2, 0x0,
    0xbf, 0x0, 0x0, 0xbf, 0x57, 0xa6, 0xfc, 0x10,
    0xbf, 0x0, 0x2d, 0xff, 0xff, 0xd1, 0x8f, 0xe4,
    0xbf, 0x0, 0xa, 0x96, 0x30, 0x0, 0x5, 0xb1,

    /* U+9664 "除" */
    0x0, 0x0, 0x0, 0x0, 0x0, 0x0, 0x0, 0x0,
    0xaf, 0xff, 0xe4, 0x0, 0x2f, 0xf4, 0x0, 0x0,
    0xaf, 0xad, 0xf4, 0x1, 0xde, 0xaf, 0x40, 0x0,
    0xae, 0xa, 0xf0, 0x1c, 0xf3, 0xc, 0xf6, 0x0,
    0xae, 0xe, 0xb4, 0xef, 0x40, 0x1, 0xcf, 0xb2,
    0xae, 0x3f, 0x7f, 0xfc, 0x88, 0x88, 0x9e, 0xf6,
    0xae, 0x7f, 0x25, 0x3f, 0xff, 0xff, 0xf8, 0x50,
    0xae, 0x1e, 0xb0, 0x0, 0xb, 0xf0, 0x0, 0x0,
    0xae, 0x7, 0xf2, 0x44, 0x4c, 0xf4, 0x44, 0x30,
    0xae, 0x4, 0xf7, 0xff, 0xff, 0xff, 0xff, 0xc0,
    0xae, 0x5, 0xf6, 0x44, 0x4c, 0xf4, 0x44, 0x30,
    0xae, 0xbf, 0xf2, 0x9c, 0xb, 0xf1, 0xba, 0x0,
    0xae, 0x48, 0x32, 0xfa, 0xb, 0xf0, 0x8f, 0x60,
    0xae, 0x0, 0x1d, 0xf1, 0xb, 0xf0, 0xd, 0xf1,
    0xae, 0x0, 0x1c, 0x44, 0xbe, 0xf0, 0x4, 0xb2,
    0xae, 0x0, 0x0, 0x1, 0xfe, 0x80, 0x0, 0x0,

    /* U+969B "際" */
    0x0, 0x0, 0x0, 0x66, 0x1, 0x40, 0x0, 0x0,
    0xbf, 0xff, 0x60, 0xe9, 0x7, 0xf2, 0x22, 0x20,
    0xbf, 0xaf, 0xb5, 0xff, 0xff, 0xfd, 0xff, 0xf2,
    0xbe, 0xf, 0x8e, 0xe3, 0xeb, 0xdd, 0x2d, 0xd0,
    0xbe, 0x3f, 0xdf, 0xae, 0xf5, 0x7f, 0x7f, 0x60,
    0xbe, 0x7f, 0xde, 0x7d, 0xe0, 0x1f, 0xfd, 0x0,
    0xbe, 0xab, 0x2, 0xef, 0x60, 0x7, 0xfa, 0x0,
    0xbe, 0x7f, 0x17, 0xff, 0x88, 0x88, 0xff, 0xa0,
    0xbe, 0x1f, 0xdf, 0xce, 0xff, 0xff, 0xcc, 0xf6,
    0xbe, 0xe, 0x97, 0x0, 0x0, 0x0, 0x0, 0x60,
    0xbe, 0xd, 0xa5, 0xbb, 0xbb, 0xbb, 0xbb, 0x40,
    0xbe, 0x4f, 0x86, 0xcc, 0xcf, 0xfc, 0xcc, 0x40,
    0xbe, 0xac, 0x21, 0xa4, 0xf, 0xb0, 0x76, 0x0,
    0xbe, 0x0, 0xb, 0xf3, 0xf, 0xb0, 0x9f, 0x60,
    0xbe, 0x0, 0x7f, 0x75, 0x8f, 0xb0, 0xc, 0xf1,
    0xbe, 0x0, 0x4, 0x5, 0xfe, 0x50, 0x1, 0x10,

    /* U+96C6 "集" */
    0x0, 0x0, 0x53, 0x0, 0x24, 0x20, 0x0, 0x0,
    0x0, 0x0, 0x4f, 0xd0, 0xb, 0xf5, 0x0, 0x0,
    0x0, 0x0, 0x1e, 0xfb, 0x88, 0xff, 0x88, 0x88,
    0x81, 0x0, 0xc, 0xff, 0xff, 0xff, 0xff, 0xff,
    0xff, 0x20, 0x1c, 0xff, 0xa4, 0x46, 0xfa, 0x44,
    0x44, 0x10, 0x7, 0xfd, 0xff, 0xff, 0xff, 0xff,
    0xff, 0xf5, 0x0, 0x5, 0x3f, 0xa2, 0x25, 0xf9,
    0x22, 0x22, 0x10, 0x0, 0x2, 0xff, 0xff, 0xff,
    0xff, 0xff, 0xf6, 0x0, 0x0, 0x2f, 0x91, 0x15,
    0xf9, 0x11, 0x11, 0x0, 0x0, 0x2, 0xff, 0xff,
    0xff, 0xff, 0xff, 0xff, 0xb0, 0x0, 0x5, 0x55,
    0x5c, 0xf6, 0x55, 0x55, 0x53, 0x5, 0xff, 0xff,
    0xff, 0xff, 0xff, 0xff, 0xff, 0xe0, 0x38, 0x88,
    0x8c, 0xff, 0xff, 0xf9, 0x88, 0x87, 0x0, 0x1,
    0x6c, 0xfc, 0xcf, 0x8e, 0xfa, 0x40, 0x0, 0x6c,
    0xff, 0xc4, 0xa, 0xf2, 0x7, 0xdf, 0xfa, 0x11,
    0xc8, 0x20, 0x0, 0xaf, 0x20, 0x0, 0x49, 0x80,

    /* U+96E8 "雨" */
    0x6f, 0xff, 0xff, 0xff, 0xff, 0xff, 0xff, 0xff,
    0x6f, 0xff, 0xff, 0xff, 0xff, 0xff, 0xff, 0xff,
    0x49, 0x99, 0x99, 0x9e, 0xfa, 0x99, 0x99, 0x98,
    0x0, 0x0, 0x0, 0xb, 0xf1, 0x0, 0x0, 0x0,
    0x7, 0xcc, 0xcc, 0xcf, 0xfc, 0xcc, 0xcc, 0xc0,
    0xa, 0xff, 0xff, 0xff, 0xff, 0xff, 0xff, 0xf1,
    0xa, 0xf1, 0x30, 0xb, 0xf1, 0x40, 0xb, 0xf1,
    0xa, 0xf6, 0xfc, 0x2b, 0xf7, 0xfb, 0x2b, 0xf1,
    0xa, 0xf1, 0x4e, 0xdc, 0xf1, 0x4e, 0xdb, 0xf1,
    0xa, 0xf1, 0x11, 0x1b, 0xf1, 0x21, 0x1b, 0xf1,
    0xa, 0xf8, 0xf7, 0xb, 0xfa, 0xf7, 0xb, 0xf1,
    0xa, 0xf2, 0x9f, 0xcb, 0xf1, 0x9f, 0xbb, 0xf1,
    0xa, 0xf1, 0x5, 0x4b, 0xf1, 0x5, 0x3b, 0xf1,
    0xa, 0xf1, 0x0, 0xb, 0xf1, 0x7, 0x7e, 0xf0,
    0xa, 0xf1, 0x0, 0xb, 0xf1, 0xc, 0xff, 0xa0,
    0x0, 0x0, 0x0, 0x0, 0x0, 0x1, 0x10, 0x0,

    /* U+96EA "雪" */
    0xf, 0xff, 0xff, 0xff, 0xff, 0xff, 0xf8, 0x0,
    0x99, 0x99, 0x9e, 0xfa, 0x99, 0x99, 0x40, 0x67,
    0x77, 0x77, 0xdf, 0x87, 0x77, 0x77, 0x6e, 0xff,
    0xff, 0xff, 0xff, 0xff, 0xff, 0xfe, 0xeb, 0x34,
    0x43, 0xbf, 0x24, 0x44, 0x1c, 0xee, 0xba, 0xee,
    0xab, 0xf5, 0xee, 0xe5, 0xce, 0x54, 0x44, 0x43,
    0xbf, 0x24, 0x44, 0x34, 0x50, 0xf, 0xff, 0xbb,
    0xf5, 0xff, 0xfc, 0x0, 0x2, 0x55, 0x55, 0x67,
    0x55, 0x55, 0x50, 0x0, 0x6f, 0xff, 0xff, 0xff,
    0xff, 0xff, 0x0, 0x0, 0x11, 0x11, 0x11, 0x11,
    0x1c, 0xf0, 0x0, 0xf, 0xff, 0xff, 0xff, 0xff,
    0xff, 0x0, 0x0, 0x66, 0x66, 0x66, 0x66, 0x6e,
    0xf0, 0x0, 0x57, 0x77, 0x77, 0x77, 0x77, 0xef,
    0x0, 0xc, 0xff, 0xff, 0xff, 0xff, 0xff, 0xf0,
    0x0,

    /* U+96F7 "雷" */
    0xf, 0xff, 0xff, 0xff, 0xff, 0xff, 0xf8, 0x0,
    0x99, 0x99, 0x9e, 0xfa, 0x99, 0x99, 0x50, 0x77,
    0x77, 0x77, 0xdf, 0x87, 0x77, 0x77, 0x5e, 0xff,
    0xff, 0xff, 0xff, 0xff, 0xff, 0xfb, 0xeb, 0x34,
    0x43, 0xbf, 0x24, 0x44, 0x38, 0xbe, 0xba, 0xee,
    0xab, 0xf4, 0xee, 0xeb, 0x8b, 0x54, 0x44, 0x43,
    0xbf, 0x24, 0x44, 0x44, 0x30, 0xf, 0xff, 0xbb,
    0xf4, 0xff, 0xff, 0x30, 0x2, 0x66, 0x66, 0x9b,
    0x66, 0x66, 0x64, 0x0, 0x6f, 0xff, 0xff, 0xff,
    0xff, 0xff, 0xa0, 0x6, 0xf4, 0x0, 0xbf, 0x10,
    0x3, 0xfa, 0x0, 0x6f, 0xff, 0xff, 0xff, 0xff,
    0xff, 0xa0, 0x6, 0xf7, 0x44, 0xcf, 0x54, 0x46,
    0xfa, 0x0, 0x6f, 0xca, 0xae, 0xfb, 0xaa, 0xbf,
    0xa0, 0x6, 0xff, 0xff, 0xff, 0xff, 0xff, 0xfa,
    0x0, 0x2, 0x0, 0x0, 0x0, 0x0, 0x0, 0x0,

    /* U+9727 "霧" */
    0x0, 0xcf, 0xff, 0xff, 0xff, 0xff, 0xff, 0xb0,
    0x0, 0x8, 0xbb, 0xbb, 0xef, 0xcb, 0xbb, 0xb7,
    0x0, 0xa, 0xbb, 0xbb, 0xbe, 0xfc, 0xbb, 0xbb,
    0xba, 0x0, 0xed, 0x67, 0x76, 0xcf, 0x97, 0x77,
    0x6d, 0xe0, 0xe, 0xb8, 0xee, 0xb9, 0xf5, 0xee,
    0xe6, 0xce, 0x0, 0x11, 0x9c, 0xc9, 0x9f, 0x5c,
    0xcc, 0x81, 0x10, 0x2, 0x46, 0x77, 0x64, 0x73,
    0xd5, 0x21, 0x0, 0x0, 0x7c, 0xcc, 0xff, 0x62,
    0xdf, 0xff, 0xff, 0xd0, 0x0, 0x8b, 0xbe, 0x53,
    0xff, 0xd3, 0x7f, 0x71, 0x1, 0x45, 0xaf, 0xf7,
    0x44, 0x1e, 0xff, 0xb1, 0x0, 0x3f, 0xff, 0xff,
    0xff, 0xcf, 0xfa, 0xbf, 0xfd, 0x10, 0x7, 0xff,
    0x7c, 0x96, 0x89, 0xf4, 0x47, 0x50, 0x7, 0xf5,
    0xf7, 0xa2, 0xbf, 0xff, 0xff, 0xf5, 0x2, 0xc5,
    0x4f, 0x60, 0x26, 0xdf, 0x62, 0x9f, 0x20, 0x0,
    0x1f, 0xe3, 0x8, 0xea, 0x24, 0xff, 0xa0, 0x0,
    0x0, 0x0, 0x0, 0x0, 0x0, 0x0, 0x0, 0x0,

    /* U+9762 "面" */
    0x1f, 0xff, 0xff, 0xff, 0xff, 0xff, 0xff, 0xff,
    0x91, 0xbb, 0xbb, 0xbb, 0xef, 0xeb, 0xbb, 0xbb,
    0xb7, 0x0, 0x0, 0x0, 0xd, 0xf5, 0x0, 0x0,
    0x0, 0x0, 0x0, 0x0, 0x0, 0xff, 0x10, 0x0,
    0x0, 0x0, 0x2, 0xff, 0xff, 0xff, 0xff, 0xff,
    0xff, 0xfc, 0x0, 0x2f, 0xeb, 0xef, 0xbb, 0xbf,
    0xeb, 0xbf, 0xd0, 0x2, 0xf9, 0xa, 0xf0, 0x0,
    0xfb, 0x0, 0xfd, 0x0, 0x2f, 0x90, 0xaf, 0xff,
    0xff, 0xb0, 0xf, 0xd0, 0x2, 0xf9, 0xa, 0xf8,
    0x88, 0xfb, 0x0, 0xfd, 0x0, 0x2f, 0x90, 0xaf,
    0x0, 0xf, 0xb0, 0xf, 0xd0, 0x2, 0xf9, 0xa,
    0xff, 0xff, 0xfb, 0x0, 0xfd, 0x0, 0x2f, 0x90,
    0xaf, 0x77, 0x7f, 0xb0, 0xf, 0xd0, 0x2, 0xf9,
    0xa, 0xf0, 0x0, 0xfb, 0x0, 0xfd, 0x0, 0x2f,
    0xff, 0xff, 0xff, 0xff, 0xff, 0xff, 0xd0, 0x2,
    0xfe, 0xbb, 0xbb, 0xbb, 0xbb, 0xbb, 0xfd, 0x0,

    /* U+97F3 "音" */
    0x0, 0x0, 0x0, 0x8, 0xf6, 0x0, 0x0, 0x0,
    0x0, 0x2f, 0xff, 0xff, 0xff, 0xff, 0xff, 0xff,
    0x50, 0x1, 0xaa, 0xef, 0xaa, 0xaa, 0xaf, 0xfb,
    0xa3, 0x0, 0x0, 0x9, 0xf6, 0x0, 0x2, 0xfe,
    0x0, 0x0, 0x2, 0x22, 0x6f, 0xb2, 0x22, 0x9f,
    0x82, 0x22, 0x1, 0xff, 0xff, 0xff, 0xff, 0xff,
    0xff, 0xff, 0xf2, 0x6, 0x66, 0x66, 0x66, 0x66,
    0x66, 0x66, 0x66, 0x0, 0x0, 0x57, 0x77, 0x77,
    0x77, 0x77, 0x70, 0x0, 0x0, 0xb, 0xff, 0xff,
    0xff, 0xff, 0xff, 0x0, 0x0, 0x0, 0xbf, 0x20,
    0x0, 0x0, 0xf, 0xf0, 0x0, 0x0, 0xb, 0xf8,
    0x66, 0x66, 0x66, 0xff, 0x0, 0x0, 0x0, 0xbf,
    0xff, 0xff, 0xff, 0xff, 0xf0, 0x0, 0x0, 0xb,
    0xf2, 0x0, 0x0, 0x0, 0xff, 0x0, 0x0, 0x0,
    0xbf, 0xa9, 0x99, 0x99, 0x9f, 0xf0, 0x0, 0x0,
    0xb, 0xff, 0xff, 0xff, 0xff, 0xff, 0x0, 0x0,
    0x0, 0x0, 0x0, 0x0, 0x0, 0x0, 0x0, 0x0,

    /* U+984C "題" */
    0x8, 0xff, 0xff, 0xfa, 0xcf, 0xff, 0xff, 0xff,
    0x0, 0x8f, 0x43, 0x4f, 0xa4, 0x66, 0xcf, 0x66,
    0x60, 0x8, 0xf6, 0x55, 0xfa, 0x1, 0x1d, 0xb1,
    0x10, 0x0, 0x8f, 0xdd, 0xdf, 0xa0, 0xff, 0xff,
    0xff, 0x70, 0x8, 0xf6, 0x56, 0xfa, 0xf, 0xa3,
    0x35, 0xf7, 0x0, 0x7d, 0xdd, 0xdd, 0x80, 0xff,
    0xff, 0xff, 0x70, 0x4, 0x44, 0x44, 0x44, 0x2f,
    0xa3, 0x35, 0xf7, 0x2, 0xff, 0xff, 0xff, 0xf8,
    0xff, 0xff, 0xff, 0x70, 0x1, 0x10, 0xf9, 0x0,
    0xf, 0x80, 0x3, 0xf7, 0x0, 0x8e, 0xf, 0xb4,
    0x41, 0xff, 0xff, 0xff, 0x70, 0x9, 0xe0, 0xff,
    0xff, 0x36, 0xb7, 0x6b, 0x82, 0x0, 0xbf, 0x3f,
    0xa1, 0x11, 0xbf, 0x51, 0xcf, 0x40, 0xd, 0xfe,
    0xf9, 0x1, 0xde, 0x40, 0x0, 0xae, 0x12, 0xf5,
    0xaf, 0xea, 0x89, 0x87, 0x77, 0x78, 0x92, 0x4e,
    0x0, 0x49, 0xde, 0xff, 0xff, 0xff, 0xff, 0x0,
    0x10, 0x0, 0x0, 0x0, 0x0, 0x0, 0x0, 0x0,

    /* U+9875 "页" */
    0xd, 0xff, 0xff, 0xff, 0xff, 0xff, 0xff, 0xff,
    0x0, 0x9b, 0xbb, 0xbb, 0xff, 0xcb, 0xbb, 0xbb,
    0xa0, 0x0, 0x0, 0x0, 0xf, 0xe0, 0x0, 0x0,
    0x0, 0x0, 0x0, 0x0, 0x5, 0xf9, 0x0, 0x0,
    0x0, 0x0, 0x0, 0x5f, 0xff, 0xff, 0xff, 0xff,
    0xff, 0x90, 0x0, 0x5, 0xfd, 0xaa, 0xaa, 0xaa,
    0xac, 0xf9, 0x0, 0x0, 0x5f, 0x80, 0x3, 0x94,
    0x0, 0x5f, 0x90, 0x0, 0x5, 0xf8, 0x0, 0x6f,
    0x80, 0x5, 0xf9, 0x0, 0x0, 0x5f, 0x80, 0x6,
    0xf8, 0x0, 0x5f, 0x90, 0x0, 0x5, 0xf8, 0x0,
    0x6f, 0x70, 0x5, 0xf9, 0x0, 0x0, 0x5f, 0x80,
    0x8, 0xf6, 0x0, 0x5f, 0x90, 0x0, 0x5, 0xe7,
    0x2, 0xff, 0x49, 0x34, 0xd8, 0x0, 0x0, 0x0,
    0x5, 0xef, 0x77, 0xff, 0xc4, 0x0, 0x0, 0x3,
    0x8e, 0xff, 0x60, 0x1, 0x9f, 0xfb, 0x20, 0xd,
    0xff, 0xe8, 0x10, 0x0, 0x0, 0x2b, 0xfd, 0x0,
    0x37, 0x30, 0x0, 0x0, 0x0, 0x0, 0x5, 0x20,

    /* U+9AD8 "高" */
    0x0, 0x0, 0x0, 0x6f, 0x80, 0x0, 0x0, 0xe,
    0xff, 0xff, 0xff, 0xff, 0xff, 0xff, 0xfd, 0x9a,
    0xaa, 0xaa, 0xaa, 0xaa, 0xaa, 0xaa, 0x90, 0x0,
    0xdd, 0xdd, 0xdd, 0xdd, 0xd6, 0x0, 0x0, 0xf,
    0xd6, 0x66, 0x66, 0xbf, 0x70, 0x0, 0x0, 0xfc,
    0x22, 0x22, 0x29, 0xf7, 0x0, 0x0, 0xf, 0xff,
    0xff, 0xff, 0xff, 0x70, 0x0, 0x22, 0x33, 0x33,
    0x33, 0x33, 0x33, 0x32, 0x1f, 0xff, 0xff, 0xff,
    0xff, 0xff, 0xff, 0xc1, 0xfc, 0x33, 0x33, 0x33,
    0x33, 0x34, 0xfc, 0x1f, 0xb0, 0x9f, 0xff, 0xff,
    0xe0, 0x1f, 0xc1, 0xfb, 0x9, 0xf4, 0x44, 0xce,
    0x1, 0xfc, 0x1f, 0xb0, 0x9f, 0x33, 0x3c, 0xe0,
    0x1f, 0xc1, 0xfb, 0x9, 0xff, 0xff, 0xff, 0x45,
    0xfb, 0x1f, 0xb0, 0x7c, 0x0, 0x0, 0x3f, 0xec,
    0x40,

    /* U+FF0C "，" */
    0x0, 0x0, 0x0, 0x9f, 0xc0, 0xe, 0xff, 0x40,
    0x5d, 0xf5, 0x0, 0x7f, 0x10, 0x7f, 0x90, 0x2f,
    0x80, 0x0, 0x0, 0x0,

    /* U+FF1B "；" */
    0x7, 0xe7, 0x0, 0xff, 0xf0, 0xa, 0xfa, 0x0,
    0x1, 0x0, 0x0, 0x0, 0x0, 0x0, 0x0, 0x0,
    0x0, 0x0, 0x5b, 0x60, 0xe, 0xff, 0x20, 0xaf,
    0xf5, 0x0, 0x5f, 0x40, 0xb, 0xe0, 0x2b, 0xf5,
    0x1, 0xc4, 0x0
};


/*---------------------
 *  GLYPH DESCRIPTION
 *--------------------*/

static const lv_font_fmt_txt_glyph_dsc_t glyph_dsc[] = {
    {.bitmap_index = 0, .adv_w = 0, .box_w = 0, .box_h = 0, .ofs_x = 0, .ofs_y = 0} /* id = 0 reserved */,
    {.bitmap_index = 0, .adv_w = 61, .box_w = 0, .box_h = 0, .ofs_x = 0, .ofs_y = 0},
    {.bitmap_index = 0, .adv_w = 97, .box_w = 4, .box_h = 13, .ofs_x = 1, .ofs_y = 0},
    {.bitmap_index = 26, .adv_w = 149, .box_w = 7, .box_h = 6, .ofs_x = 1, .ofs_y = 8},
    {.bitmap_index = 47, .adv_w = 158, .box_w = 10, .box_h = 13, .ofs_x = 0, .ofs_y = 0},
    {.bitmap_index = 112, .adv_w = 158, .box_w = 9, .box_h = 17, .ofs_x = 0, .ofs_y = -2},
    {.bitmap_index = 189, .adv_w = 259, .box_w = 16, .box_h = 13, .ofs_x = 0, .ofs_y = 0},
    {.bitmap_index = 293, .adv_w = 197, .box_w = 12, .box_h = 13, .ofs_x = 0, .ofs_y = 0},
    {.bitmap_index = 371, .adv_w = 85, .box_w = 3, .box_h = 6, .ofs_x = 1, .ofs_y = 8},
    {.bitmap_index = 380, .adv_w = 100, .box_w = 5, .box_h = 19, .ofs_x = 1, .ofs_y = -4},
    {.bitmap_index = 428, .adv_w = 100, .box_w = 5, .box_h = 19, .ofs_x = 0, .ofs_y = -4},
    {.bitmap_index = 476, .adv_w = 135, .box_w = 8, .box_h = 7, .ofs_x = 0, .ofs_y = 7},
    {.bitmap_index = 504, .adv_w = 158, .box_w = 10, .box_h = 10, .ofs_x = 0, .ofs_y = 2},
    {.bitmap_index = 554, .adv_w = 85, .box_w = 5, .box_h = 7, .ofs_x = 0, .ofs_y = -4},
    {.bitmap_index = 572, .adv_w = 99, .box_w = 6, .box_h = 2, .ofs_x = 0, .ofs_y = 4},
    {.bitmap_index = 578, .adv_w = 85, .box_w = 4, .box_h = 4, .ofs_x = 1, .ofs_y = 0},
    {.bitmap_index = 586, .adv_w = 106, .box_w = 7, .box_h = 18, .ofs_x = 0, .ofs_y = -4},
    {.bitmap_index = 649, .adv_w = 158, .box_w = 10, .box_h = 13, .ofs_x = 0, .ofs_y = 0},
    {.bitmap_index = 714, .adv_w = 158, .box_w = 8, .box_h = 13, .ofs_x = 1, .ofs_y = 0},
    {.bitmap_index = 766, .adv_w = 158, .box_w = 9, .box_h = 13, .ofs_x = 0, .ofs_y = 0},
    {.bitmap_index = 825, .adv_w = 158, .box_w = 9, .box_h = 13, .ofs_x = 0, .ofs_y = 0},
    {.bitmap_index = 884, .adv_w = 158, .box_w = 10, .box_h = 13, .ofs_x = 0, .ofs_y = 0},
    {.bitmap_index = 949, .adv_w = 158, .box_w = 9, .box_h = 13, .ofs_x = 0, .ofs_y = 0},
    {.bitmap_index = 1008, .adv_w = 158, .box_w = 10, .box_h = 13, .ofs_x = 0, .ofs_y = 0},
    {.bitmap_index = 1073, .adv_w = 158, .box_w = 10, .box_h = 13, .ofs_x = 0, .ofs_y = 0},
    {.bitmap_index = 1138, .adv_w = 158, .box_w = 10, .box_h = 13, .ofs_x = 0, .ofs_y = 0},
    {.bitmap_index = 1203, .adv_w = 158, .box_w = 9, .box_h = 13, .ofs_x = 0, .ofs_y = 0},
    {.bitmap_index = 1262, .adv_w = 85, .box_w = 4, .box_h = 10, .ofs_x = 1, .ofs_y = 0},
    {.bitmap_index = 1282, .adv_w = 85, .box_w = 5, .box_h = 14, .ofs_x = 0, .ofs_y = -4},
    {.bitmap_index = 1317, .adv_w = 158, .box_w = 10, .box_h = 9, .ofs_x = 0, .ofs_y = 2},
    {.bitmap_index = 1362, .adv_w = 158, .box_w = 10, .box_h = 6, .ofs_x = 0, .ofs_y = 4},
    {.bitmap_index = 1392, .adv_w = 158, .box_w = 10, .box_h = 9, .ofs_x = 0, .ofs_y = 2},
    {.bitmap_index = 1437, .adv_w = 137, .box_w = 8, .box_h = 13, .ofs_x = 0, .ofs_y = 0},
    {.bitmap_index = 1489, .adv_w = 269, .box_w = 16, .box_h = 17, .ofs_x = 0, .ofs_y = -4},
    {.bitmap_index = 1625, .adv_w = 172, .box_w = 12, .box_h = 13, .ofs_x = -1, .ofs_y = 0},
    {.bitmap_index = 1703, .adv_w = 183, .box_w = 10, .box_h = 13, .ofs_x = 1, .ofs_y = 0},
    {.bitmap_index = 1768, .adv_w = 177, .box_w = 11, .box_h = 13, .ofs_x = 0, .ofs_y = 0},
    {.bitmap_index = 1840, .adv_w = 192, .box_w = 11, .box_h = 13, .ofs_x = 1, .ofs_y = 0},
    {.bitmap_index = 1912, .adv_w = 165, .box_w = 9, .box_h = 13, .ofs_x = 1, .ofs_y = 0},
    {.bitmap_index = 1971, .adv_w = 157, .box_w = 9, .box_h = 13, .ofs_x = 1, .ofs_y = 0},
    {.bitmap_index = 2030, .adv_w = 193, .box_w = 11, .box_h = 13, .ofs_x = 0, .ofs_y = 0},
    {.bitmap_index = 2102, .adv_w = 204, .box_w = 11, .box_h = 13, .ofs_x = 1, .ofs_y = 0},
    {.bitmap_index = 2174, .adv_w = 87, .box_w = 3, .box_h = 13, .ofs_x = 1, .ofs_y = 0},
    {.bitmap_index = 2194, .adv_w = 152, .box_w = 8, .box_h = 13, .ofs_x = 0, .ofs_y = 0},
    {.bitmap_index = 2246, .adv_w = 184, .box_w = 11, .box_h = 13, .ofs_x = 1, .ofs_y = 0},
    {.bitmap_index = 2318, .adv_w = 154, .box_w = 9, .box_h = 13, .ofs_x = 1, .ofs_y = 0},
    {.bitmap_index = 2377, .adv_w = 229, .box_w = 12, .box_h = 13, .ofs_x = 1, .ofs_y = 0},
    {.bitmap_index = 2455, .adv_w = 202, .box_w = 10, .box_h = 13, .ofs_x = 1, .ofs_y = 0},
    {.bitmap_index = 2520, .adv_w = 207, .box_w = 13, .box_h = 13, .ofs_x = 0, .ofs_y = 0},
    {.bitmap_index = 2605, .adv_w = 179, .box_w = 10, .box_h = 13, .ofs_x = 1, .ofs_y = 0},
    {.bitmap_index = 2670, .adv_w = 207, .box_w = 13, .box_h = 17, .ofs_x = 0, .ofs_y = -4},
    {.bitmap_index = 2781, .adv_w = 182, .box_w = 10, .box_h = 13, .ofs_x = 1, .ofs_y = 0},
    {.bitmap_index = 2846, .adv_w = 168, .box_w = 10, .box_h = 13, .ofs_x = 0, .ofs_y = 0},
    {.bitmap_index = 2911, .adv_w = 168, .box_w = 10, .box_h = 13, .ofs_x = 0, .ofs_y = 0},
    {.bitmap_index = 2976, .adv_w = 201, .box_w = 11, .box_h = 13, .ofs_x = 1, .ofs_y = 0},
    {.bitmap_index = 3048, .adv_w = 165, .box_w = 12, .box_h = 13, .ofs_x = -1, .ofs_y = 0},
    {.bitmap_index = 3126, .adv_w = 246, .box_w = 16, .box_h = 13, .ofs_x = 0, .ofs_y = 0},
    {.bitmap_index = 3230, .adv_w = 166, .box_w = 11, .box_h = 13, .ofs_x = 0, .ofs_y = 0},
    {.bitmap_index = 3302, .adv_w = 154, .box_w = 11, .box_h = 13, .ofs_x = -1, .ofs_y = 0},
    {.bitmap_index = 3374, .adv_w = 166, .box_w = 10, .box_h = 13, .ofs_x = 0, .ofs_y = 0},
    {.bitmap_index = 3439, .adv_w = 100, .box_w = 5, .box_h = 18, .ofs_x = 1, .ofs_y = -4},
    {.bitmap_index = 3484, .adv_w = 106, .box_w = 7, .box_h = 18, .ofs_x = 0, .ofs_y = -4},
    {.bitmap_index = 3547, .adv_w = 100, .box_w = 5, .box_h = 18, .ofs_x = 0, .ofs_y = -4},
    {.bitmap_index = 3592, .adv_w = 158, .box_w = 8, .box_h = 8, .ofs_x = 1, .ofs_y = 6},
    {.bitmap_index = 3624, .adv_w = 154, .box_w = 10, .box_h = 3, .ofs_x = 0, .ofs_y = -3},
    {.bitmap_index = 3639, .adv_w = 169, .box_w = 5, .box_h = 5, .ofs_x = 2, .ofs_y = 11},
    {.bitmap_index = 3652, .adv_w = 159, .box_w = 9, .box_h = 10, .ofs_x = 0, .ofs_y = 0},
    {.bitmap_index = 3697, .adv_w = 173, .box_w = 10, .box_h = 14, .ofs_x = 1, .ofs_y = 0},
    {.bitmap_index = 3767, .adv_w = 142, .box_w = 9, .box_h = 10, .ofs_x = 0, .ofs_y = 0},
    {.bitmap_index = 3812, .adv_w = 173, .box_w = 10, .box_h = 14, .ofs_x = 0, .ofs_y = 0},
    {.bitmap_index = 3882, .adv_w = 156, .box_w = 10, .box_h = 10, .ofs_x = 0, .ofs_y = 0},
    {.bitmap_index = 3932, .adv_w = 98, .box_w = 7, .box_h = 14, .ofs_x = 0, .ofs_y = 0},
    {.bitmap_index = 3981, .adv_w = 160, .box_w = 10, .box_h = 14, .ofs_x = 0, .ofs_y = -4},
    {.bitmap_index = 4051, .adv_w = 172, .box_w = 9, .box_h = 14, .ofs_x = 1, .ofs_y = 0},
    {.bitmap_index = 4114, .adv_w = 81, .box_w = 3, .box_h = 14, .ofs_x = 1, .ofs_y = 0},
    {.bitmap_index = 4135, .adv_w = 81, .box_w = 5, .box_h = 18, .ofs_x = -1, .ofs_y = -4},
    {.bitmap_index = 4180, .adv_w = 160, .box_w = 9, .box_h = 14, .ofs_x = 1, .ofs_y = 0},
    {.bitmap_index = 4243, .adv_w = 83, .box_w = 4, .box_h = 14, .ofs_x = 1, .ofs_y = 0},
    {.bitmap_index = 4271, .adv_w = 259, .box_w = 14, .box_h = 10, .ofs_x = 1, .ofs_y = 0},
    {.bitmap_index = 4341, .adv_w = 172, .box_w = 9, .box_h = 10, .ofs_x = 1, .ofs_y = 0},
    {.bitmap_index = 4386, .adv_w = 169, .box_w = 10, .box_h = 10, .ofs_x = 0, .ofs_y = 0},
    {.bitmap_index = 4436, .adv_w = 173, .box_w = 10, .box_h = 14, .ofs_x = 1, .ofs_y = -4},
    {.bitmap_index = 4506, .adv_w = 173, .box_w = 10, .box_h = 14, .ofs_x = 0, .ofs_y = -4},
    {.bitmap_index = 4576, .adv_w = 115, .box_w = 7, .box_h = 10, .ofs_x = 1, .ofs_y = 0},
    {.bitmap_index = 4611, .adv_w = 132, .box_w = 8, .box_h = 10, .ofs_x = 0, .ofs_y = 0},
    {.bitmap_index = 4651, .adv_w = 111, .box_w = 7, .box_h = 13, .ofs_x = 0, .ofs_y = 0},
    {.bitmap_index = 4697, .adv_w = 171, .box_w = 9, .box_h = 10, .ofs_x = 1, .ofs_y = 0},
    {.bitmap_index = 4742, .adv_w = 152, .box_w = 10, .box_h = 10, .ofs_x = 0, .ofs_y = 0},
    {.bitmap_index = 4792, .adv_w = 230, .box_w = 14, .box_h = 10, .ofs_x = 0, .ofs_y = 0},
    {.bitmap_index = 4862, .adv_w = 148, .box_w = 9, .box_h = 10, .ofs_x = 0, .ofs_y = 0},
    {.bitmap_index = 4907, .adv_w = 152, .box_w = 10, .box_h = 14, .ofs_x = 0, .ofs_y = -4},
    {.bitmap_index = 4977, .adv_w = 136, .box_w = 9, .box_h = 10, .ofs_x = 0, .ofs_y = 0},
    {.bitmap_index = 5022, .adv_w = 100, .box_w = 6, .box_h = 18, .ofs_x = 0, .ofs_y = -4},
    {.bitmap_index = 5076, .adv_w = 79, .box_w = 3, .box_h = 20, .ofs_x = 1, .ofs_y = -5},
    {.bitmap_index = 5106, .adv_w = 100, .box_w = 6, .box_h = 18, .ofs_x = 0, .ofs_y = -4},
    {.bitmap_index = 5160, .adv_w = 158, .box_w = 10, .box_h = 3, .ofs_x = 0, .ofs_y = 5},
    {.bitmap_index = 5175, .adv_w = 107, .box_w = 6, .box_h = 6, .ofs_x = 0, .ofs_y = 7},
    {.bitmap_index = 5193, .adv_w = 159, .box_w = 4, .box_h = 4, .ofs_x = 3, .ofs_y = 5},
    {.bitmap_index = 5201, .adv_w = 272, .box_w = 13, .box_h = 13, .ofs_x = 2, .ofs_y = 0},
    {.bitmap_index = 5286, .adv_w = 272, .box_w = 13, .box_h = 12, .ofs_x = 2, .ofs_y = 1},
    {.bitmap_index = 5364, .adv_w = 147, .box_w = 9, .box_h = 2, .ofs_x = 0, .ofs_y = 4},
    {.bitmap_index = 5373, .adv_w = 272, .box_w = 15, .box_h = 3, .ofs_x = 1, .ofs_y = 5},
    {.bitmap_index = 5396, .adv_w = 272, .box_w = 9, .box_h = 16, .ofs_x = 4, .ofs_y = -1},
    {.bitmap_index = 5468, .adv_w = 272, .box_w = 9, .box_h = 16, .ofs_x = 4, .ofs_y = -2},
    {.bitmap_index = 5540, .adv_w = 272, .box_w = 17, .box_h = 8, .ofs_x = 0, .ofs_y = 2},
    {.bitmap_index = 5608, .adv_w = 272, .box_w = 0, .box_h = 0, .ofs_x = 0, .ofs_y = 0},
    {.bitmap_index = 5608, .adv_w = 272, .box_w = 7, .box_h = 7, .ofs_x = 0, .ofs_y = -2},
    {.bitmap_index = 5633, .adv_w = 272, .box_w = 7, .box_h = 6, .ofs_x = 0, .ofs_y = -1},
    {.bitmap_index = 5654, .adv_w = 272, .box_w = 7, .box_h = 11, .ofs_x = 10, .ofs_y = 3},
    {.bitmap_index = 5693, .adv_w = 272, .box_w = 7, .box_h = 11, .ofs_x = 0, .ofs_y = -1},
    {.bitmap_index = 5732, .adv_w = 272, .box_w = 15, .box_h = 14, .ofs_x = 1, .ofs_y = -1},
    {.bitmap_index = 5837, .adv_w = 272, .box_w = 16, .box_h = 15, .ofs_x = 1, .ofs_y = -1},
    {.bitmap_index = 5957, .adv_w = 272, .box_w = 16, .box_h = 16, .ofs_x = 1, .ofs_y = -1},
    {.bitmap_index = 6085, .adv_w = 272, .box_w = 13, .box_h = 15, .ofs_x = 2, .ofs_y = -1},
    {.bitmap_index = 6183, .adv_w = 272, .box_w = 10, .box_h = 16, .ofs_x = 3, .ofs_y = -2},
    {.bitmap_index = 6263, .adv_w = 272, .box_w = 15, .box_h = 16, .ofs_x = 2, .ofs_y = -1},
    {.bitmap_index = 6383, .adv_w = 272, .box_w = 13, .box_h = 15, .ofs_x = 2, .ofs_y = -1},
    {.bitmap_index = 6481, .adv_w = 272, .box_w = 13, .box_h = 16, .ofs_x = 3, .ofs_y = -1},
    {.bitmap_index = 6585, .adv_w = 272, .box_w = 13, .box_h = 15, .ofs_x = 3, .ofs_y = -1},
    {.bitmap_index = 6683, .adv_w = 272, .box_w = 15, .box_h = 16, .ofs_x = 1, .ofs_y = -2},
    {.bitmap_index = 6803, .adv_w = 272, .box_w = 16, .box_h = 15, .ofs_x = 0, .ofs_y = -1},
    {.bitmap_index = 6923, .adv_w = 272, .box_w = 16, .box_h = 15, .ofs_x = 1, .ofs_y = -1},
    {.bitmap_index = 7043, .adv_w = 272, .box_w = 15, .box_h = 12, .ofs_x = 1, .ofs_y = 0},
    {.bitmap_index = 7133, .adv_w = 272, .box_w = 15, .box_h = 14, .ofs_x = 1, .ofs_y = -1},
    {.bitmap_index = 7238, .adv_w = 272, .box_w = 15, .box_h = 14, .ofs_x = 1, .ofs_y = -1},
    {.bitmap_index = 7343, .adv_w = 272, .box_w = 12, .box_h = 15, .ofs_x = 3, .ofs_y = -1},
    {.bitmap_index = 7433, .adv_w = 272, .box_w = 16, .box_h = 15, .ofs_x = 1, .ofs_y = -1},
    {.bitmap_index = 7553, .adv_w = 272, .box_w = 15, .box_h = 15, .ofs_x = 1, .ofs_y = -1},
    {.bitmap_index = 7666, .adv_w = 272, .box_w = 15, .box_h = 14, .ofs_x = 1, .ofs_y = -1},
    {.bitmap_index = 7771, .adv_w = 272, .box_w = 16, .box_h = 15, .ofs_x = 1, .ofs_y = -1},
    {.bitmap_index = 7891, .adv_w = 272, .box_w = 17, .box_h = 12, .ofs_x = 0, .ofs_y = 0},
    {.bitmap_index = 7993, .adv_w = 272, .box_w = 13, .box_h = 15, .ofs_x = 2, .ofs_y = -1},
    {.bitmap_index = 8091, .adv_w = 272, .box_w = 17, .box_h = 16, .ofs_x = 0, .ofs_y = -2},
    {.bitmap_index = 8227, .adv_w = 272, .box_w = 15, .box_h = 15, .ofs_x = 1, .ofs_y = -1},
    {.bitmap_index = 8340, .adv_w = 272, .box_w = 15, .box_h = 16, .ofs_x = 1, .ofs_y = -2},
    {.bitmap_index = 8460, .adv_w = 272, .box_w = 14, .box_h = 16, .ofs_x = 1, .ofs_y = -1},
    {.bitmap_index = 8572, .adv_w = 272, .box_w = 11, .box_h = 17, .ofs_x = 3, .ofs_y = -2},
    {.bitmap_index = 8666, .adv_w = 272, .box_w = 14, .box_h = 15, .ofs_x = 1, .ofs_y = -1},
    {.bitmap_index = 8771, .adv_w = 272, .box_w = 17, .box_h = 16, .ofs_x = 0, .ofs_y = -1},
    {.bitmap_index = 8907, .adv_w = 272, .box_w = 16, .box_h = 16, .ofs_x = 0, .ofs_y = -1},
    {.bitmap_index = 9035, .adv_w = 272, .box_w = 15, .box_h = 15, .ofs_x = 1, .ofs_y = -1},
    {.bitmap_index = 9148, .adv_w = 272, .box_w = 17, .box_h = 15, .ofs_x = 0, .ofs_y = -1},
    {.bitmap_index = 9276, .adv_w = 272, .box_w = 14, .box_h = 15, .ofs_x = 1, .ofs_y = -1},
    {.bitmap_index = 9381, .adv_w = 272, .box_w = 15, .box_h = 15, .ofs_x = 1, .ofs_y = -1},
    {.bitmap_index = 9494, .adv_w = 272, .box_w = 14, .box_h = 15, .ofs_x = 1, .ofs_y = -1},
    {.bitmap_index = 9599, .adv_w = 272, .box_w = 15, .box_h = 15, .ofs_x = 1, .ofs_y = -1},
    {.bitmap_index = 9712, .adv_w = 272, .box_w = 15, .box_h = 16, .ofs_x = 1, .ofs_y = -1},
    {.bitmap_index = 9832, .adv_w = 272, .box_w = 16, .box_h = 15, .ofs_x = 0, .ofs_y = -1},
    {.bitmap_index = 9952, .adv_w = 272, .box_w = 17, .box_h = 16, .ofs_x = 0, .ofs_y = -2},
    {.bitmap_index = 10088, .adv_w = 272, .box_w = 15, .box_h = 14, .ofs_x = 1, .ofs_y = -1},
    {.bitmap_index = 10193, .adv_w = 272, .box_w = 16, .box_h = 15, .ofs_x = 0, .ofs_y = -1},
    {.bitmap_index = 10313, .adv_w = 272, .box_w = 15, .box_h = 16, .ofs_x = 1, .ofs_y = -1},
    {.bitmap_index = 10433, .adv_w = 272, .box_w = 17, .box_h = 17, .ofs_x = 0, .ofs_y = -2},
    {.bitmap_index = 10578, .adv_w = 272, .box_w = 15, .box_h = 15, .ofs_x = 1, .ofs_y = -1},
    {.bitmap_index = 10691, .adv_w = 272, .box_w = 13, .box_h = 13, .ofs_x = 2, .ofs_y = -2},
    {.bitmap_index = 10776, .adv_w = 272, .box_w = 16, .box_h = 17, .ofs_x = 1, .ofs_y = -2},
    {.bitmap_index = 10912, .adv_w = 272, .box_w = 10, .box_h = 15, .ofs_x = 5, .ofs_y = -1},
    {.bitmap_index = 10987, .adv_w = 272, .box_w = 12, .box_h = 15, .ofs_x = 4, .ofs_y = -1},
    {.bitmap_index = 11077, .adv_w = 272, .box_w = 16, .box_h = 16, .ofs_x = 1, .ofs_y = -2},
    {.bitmap_index = 11205, .adv_w = 272, .box_w = 17, .box_h = 15, .ofs_x = 0, .ofs_y = -1},
    {.bitmap_index = 11333, .adv_w = 272, .box_w = 14, .box_h = 16, .ofs_x = 2, .ofs_y = -1},
    {.bitmap_index = 11445, .adv_w = 272, .box_w = 16, .box_h = 15, .ofs_x = 1, .ofs_y = -1},
    {.bitmap_index = 11565, .adv_w = 272, .box_w = 16, .box_h = 15, .ofs_x = 1, .ofs_y = -1},
    {.bitmap_index = 11685, .adv_w = 272, .box_w = 16, .box_h = 15, .ofs_x = 1, .ofs_y = -1},
    {.bitmap_index = 11805, .adv_w = 272, .box_w = 14, .box_h = 14, .ofs_x = 2, .ofs_y = -1},
    {.bitmap_index = 11903, .adv_w = 272, .box_w = 13, .box_h = 13, .ofs_x = 2, .ofs_y = -2},
    {.bitmap_index = 11988, .adv_w = 272, .box_w = 13, .box_h = 10, .ofs_x = 2, .ofs_y = -1},
    {.bitmap_index = 12053, .adv_w = 272, .box_w = 14, .box_h = 14, .ofs_x = 2, .ofs_y = -1},
    {.bitmap_index = 12151, .adv_w = 272, .box_w = 11, .box_h = 15, .ofs_x = 3, .ofs_y = -1},
    {.bitmap_index = 12234, .adv_w = 272, .box_w = 17, .box_h = 14, .ofs_x = 0, .ofs_y = -1},
    {.bitmap_index = 12353, .adv_w = 272, .box_w = 13, .box_h = 14, .ofs_x = 3, .ofs_y = -1},
    {.bitmap_index = 12444, .adv_w = 272, .box_w = 15, .box_h = 14, .ofs_x = 1, .ofs_y = -1},
    {.bitmap_index = 12549, .adv_w = 272, .box_w = 14, .box_h = 14, .ofs_x = 2, .ofs_y = -1},
    {.bitmap_index = 12647, .adv_w = 272, .box_w = 5, .box_h = 5, .ofs_x = 6, .ofs_y = 5},
    {.bitmap_index = 12660, .adv_w = 272, .box_w = 15, .box_h = 3, .ofs_x = 1, .ofs_y = 5},
    {.bitmap_index = 12683, .adv_w = 272, .box_w = 17, .box_h = 3, .ofs_x = 0, .ofs_y = 5},
    {.bitmap_index = 12709, .adv_w = 272, .box_w = 17, .box_h = 15, .ofs_x = 0, .ofs_y = -1},
    {.bitmap_index = 12837, .adv_w = 272, .box_w = 17, .box_h = 15, .ofs_x = 0, .ofs_y = -1},
    {.bitmap_index = 12965, .adv_w = 272, .box_w = 17, .box_h = 15, .ofs_x = 0, .ofs_y = -1},
    {.bitmap_index = 13093, .adv_w = 272, .box_w = 16, .box_h = 15, .ofs_x = 1, .ofs_y = -1},
    {.bitmap_index = 13213, .adv_w = 272, .box_w = 15, .box_h = 15, .ofs_x = 1, .ofs_y = -1},
    {.bitmap_index = 13326, .adv_w = 272, .box_w = 16, .box_h = 17, .ofs_x = 1, .ofs_y = -2},
    {.bitmap_index = 13462, .adv_w = 272, .box_w = 16, .box_h = 15, .ofs_x = 1, .ofs_y = -1},
    {.bitmap_index = 13582, .adv_w = 272, .box_w = 17, .box_h = 16, .ofs_x = 0, .ofs_y = -2},
    {.bitmap_index = 13718, .adv_w = 272, .box_w = 17, .box_h = 16, .ofs_x = 0, .ofs_y = -2},
    {.bitmap_index = 13854, .adv_w = 272, .box_w = 17, .box_h = 16, .ofs_x = 0, .ofs_y = -1},
    {.bitmap_index = 13990, .adv_w = 272, .box_w = 17, .box_h = 16, .ofs_x = 0, .ofs_y = -2},
    {.bitmap_index = 14126, .adv_w = 272, .box_w = 17, .box_h = 16, .ofs_x = 0, .ofs_y = -1},
    {.bitmap_index = 14262, .adv_w = 272, .box_w = 17, .box_h = 16, .ofs_x = 0, .ofs_y = -1},
    {.bitmap_index = 14398, .adv_w = 272, .box_w = 17, .box_h = 16, .ofs_x = 0, .ofs_y = -1},
    {.bitmap_index = 14534, .adv_w = 272, .box_w = 17, .box_h = 15, .ofs_x = 0, .ofs_y = -1},
    {.bitmap_index = 14662, .adv_w = 272, .box_w = 17, .box_h = 16, .ofs_x = 0, .ofs_y = -1},
    {.bitmap_index = 14798, .adv_w = 272, .box_w = 17, .box_h = 16, .ofs_x = 0, .ofs_y = -1},
    {.bitmap_index = 14934, .adv_w = 272, .box_w = 16, .box_h = 16, .ofs_x = 0, .ofs_y = -1},
    {.bitmap_index = 15062, .adv_w = 272, .box_w = 17, .box_h = 17, .ofs_x = 0, .ofs_y = -2},
    {.bitmap_index = 15207, .adv_w = 272, .box_w = 17, .box_h = 16, .ofs_x = 0, .ofs_y = -1},
    {.bitmap_index = 15343, .adv_w = 272, .box_w = 17, .box_h = 17, .ofs_x = 0, .ofs_y = -2},
    {.bitmap_index = 15488, .adv_w = 272, .box_w = 17, .box_h = 16, .ofs_x = 0, .ofs_y = -1},
    {.bitmap_index = 15624, .adv_w = 272, .box_w = 17, .box_h = 16, .ofs_x = 0, .ofs_y = -2},
    {.bitmap_index = 15760, .adv_w = 272, .box_w = 17, .box_h = 15, .ofs_x = 0, .ofs_y = -1},
    {.bitmap_index = 15888, .adv_w = 272, .box_w = 17, .box_h = 15, .ofs_x = 0, .ofs_y = -1},
    {.bitmap_index = 16016, .adv_w = 272, .box_w = 16, .box_h = 16, .ofs_x = 0, .ofs_y = -2},
    {.bitmap_index = 16144, .adv_w = 272, .box_w = 16, .box_h = 16, .ofs_x = 0, .ofs_y = -2},
    {.bitmap_index = 16272, .adv_w = 272, .box_w = 15, .box_h = 15, .ofs_x = 1, .ofs_y = -1},
    {.bitmap_index = 16385, .adv_w = 272, .box_w = 17, .box_h = 16, .ofs_x = 0, .ofs_y = -2},
    {.bitmap_index = 16521, .adv_w = 272, .box_w = 17, .box_h = 17, .ofs_x = 0, .ofs_y = -2},
    {.bitmap_index = 16666, .adv_w = 272, .box_w = 17, .box_h = 16, .ofs_x = 0, .ofs_y = -2},
    {.bitmap_index = 16802, .adv_w = 272, .box_w = 17, .box_h = 16, .ofs_x = 0, .ofs_y = -2},
    {.bitmap_index = 16938, .adv_w = 272, .box_w = 16, .box_h = 16, .ofs_x = 0, .ofs_y = -2},
    {.bitmap_index = 17066, .adv_w = 272, .box_w = 16, .box_h = 17, .ofs_x = 0, .ofs_y = -2},
    {.bitmap_index = 17202, .adv_w = 272, .box_w = 16, .box_h = 16, .ofs_x = 0, .ofs_y = -2},
    {.bitmap_index = 17330, .adv_w = 272, .box_w = 16, .box_h = 17, .ofs_x = 0, .ofs_y = -2},
    {.bitmap_index = 17466, .adv_w = 272, .box_w = 16, .box_h = 15, .ofs_x = 0, .ofs_y = -1},
    {.bitmap_index = 17586, .adv_w = 272, .box_w = 16, .box_h = 16, .ofs_x = 0, .ofs_y = -2},
    {.bitmap_index = 17714, .adv_w = 272, .box_w = 17, .box_h = 16, .ofs_x = 0, .ofs_y = -1},
    {.bitmap_index = 17850, .adv_w = 272, .box_w = 16, .box_h = 16, .ofs_x = 0, .ofs_y = -2},
    {.bitmap_index = 17978, .adv_w = 272, .box_w = 16, .box_h = 17, .ofs_x = 0, .ofs_y = -2},
    {.bitmap_index = 18114, .adv_w = 272, .box_w = 17, .box_h = 16, .ofs_x = 0, .ofs_y = -1},
    {.bitmap_index = 18250, .adv_w = 272, .box_w = 16, .box_h = 15, .ofs_x = 1, .ofs_y = -1},
    {.bitmap_index = 18370, .adv_w = 272, .box_w = 16, .box_h = 16, .ofs_x = 0, .ofs_y = -1},
    {.bitmap_index = 18498, .adv_w = 272, .box_w = 17, .box_h = 16, .ofs_x = 0, .ofs_y = -2},
    {.bitmap_index = 18634, .adv_w = 272, .box_w = 17, .box_h = 16, .ofs_x = 0, .ofs_y = -2},
    {.bitmap_index = 18770, .adv_w = 272, .box_w = 17, .box_h = 15, .ofs_x = 0, .ofs_y = -1},
    {.bitmap_index = 18898, .adv_w = 272, .box_w = 14, .box_h = 15, .ofs_x = 2, .ofs_y = -2},
    {.bitmap_index = 19003, .adv_w = 272, .box_w = 17, .box_h = 16, .ofs_x = 0, .ofs_y = -2},
    {.bitmap_index = 19139, .adv_w = 272, .box_w = 17, .box_h = 17, .ofs_x = 0, .ofs_y = -2},
    {.bitmap_index = 19284, .adv_w = 272, .box_w = 17, .box_h = 16, .ofs_x = 0, .ofs_y = -2},
    {.bitmap_index = 19420, .adv_w = 272, .box_w = 15, .box_h = 15, .ofs_x = 1, .ofs_y = -1},
    {.bitmap_index = 19533, .adv_w = 272, .box_w = 17, .box_h = 15, .ofs_x = 0, .ofs_y = -1},
    {.bitmap_index = 19661, .adv_w = 272, .box_w = 16, .box_h = 16, .ofs_x = 0, .ofs_y = -1},
    {.bitmap_index = 19789, .adv_w = 272, .box_w = 15, .box_h = 16, .ofs_x = 1, .ofs_y = -2},
    {.bitmap_index = 19909, .adv_w = 272, .box_w = 15, .box_h = 15, .ofs_x = 1, .ofs_y = -1},
    {.bitmap_index = 20022, .adv_w = 272, .box_w = 17, .box_h = 15, .ofs_x = 0, .ofs_y = -1},
    {.bitmap_index = 20150, .adv_w = 272, .box_w = 17, .box_h = 16, .ofs_x = 0, .ofs_y = -1},
    {.bitmap_index = 20286, .adv_w = 272, .box_w = 17, .box_h = 15, .ofs_x = 0, .ofs_y = -1},
    {.bitmap_index = 20414, .adv_w = 272, .box_w = 17, .box_h = 17, .ofs_x = 0, .ofs_y = -2},
    {.bitmap_index = 20559, .adv_w = 272, .box_w = 17, .box_h = 15, .ofs_x = 0, .ofs_y = -1},
    {.bitmap_index = 20687, .adv_w = 272, .box_w = 17, .box_h = 16, .ofs_x = 0, .ofs_y = -2},
    {.bitmap_index = 20823, .adv_w = 272, .box_w = 17, .box_h = 16, .ofs_x = 0, .ofs_y = -2},
    {.bitmap_index = 20959, .adv_w = 272, .box_w = 16, .box_h = 16, .ofs_x = 0, .ofs_y = -2},
    {.bitmap_index = 21087, .adv_w = 272, .box_w = 16, .box_h = 17, .ofs_x = 1, .ofs_y = -2},
    {.bitmap_index = 21223, .adv_w = 272, .box_w = 17, .box_h = 16, .ofs_x = 0, .ofs_y = -2},
    {.bitmap_index = 21359, .adv_w = 272, .box_w = 17, .box_h = 16, .ofs_x = 0, .ofs_y = -2},
    {.bitmap_index = 21495, .adv_w = 272, .box_w = 17, .box_h = 17, .ofs_x = 0, .ofs_y = -2},
    {.bitmap_index = 21640, .adv_w = 272, .box_w = 17, .box_h = 16, .ofs_x = 0, .ofs_y = -2},
    {.bitmap_index = 21776, .adv_w = 272, .box_w = 17, .box_h = 16, .ofs_x = 0, .ofs_y = -2},
    {.bitmap_index = 21912, .adv_w = 272, .box_w = 17, .box_h = 16, .ofs_x = 0, .ofs_y = -2},
    {.bitmap_index = 22048, .adv_w = 272, .box_w = 17, .box_h = 15, .ofs_x = 0, .ofs_y = -1},
    {.bitmap_index = 22176, .adv_w = 272, .box_w = 17, .box_h = 15, .ofs_x = 0, .ofs_y = -1},
    {.bitmap_index = 22304, .adv_w = 272, .box_w = 17, .box_h = 16, .ofs_x = 0, .ofs_y = -2},
    {.bitmap_index = 22440, .adv_w = 272, .box_w = 17, .box_h = 16, .ofs_x = 0, .ofs_y = -2},
    {.bitmap_index = 22576, .adv_w = 272, .box_w = 15, .box_h = 15, .ofs_x = 1, .ofs_y = -1},
    {.bitmap_index = 22689, .adv_w = 272, .box_w = 17, .box_h = 16, .ofs_x = 0, .ofs_y = -1},
    {.bitmap_index = 22825, .adv_w = 272, .box_w = 16, .box_h = 15, .ofs_x = 1, .ofs_y = -1},
    {.bitmap_index = 22945, .adv_w = 272, .box_w = 16, .box_h = 16, .ofs_x = 0, .ofs_y = -1},
    {.bitmap_index = 23073, .adv_w = 272, .box_w = 17, .box_h = 16, .ofs_x = 0, .ofs_y = -2},
    {.bitmap_index = 23209, .adv_w = 272, .box_w = 17, .box_h = 16, .ofs_x = 0, .ofs_y = -2},
    {.bitmap_index = 23345, .adv_w = 272, .box_w = 15, .box_h = 15, .ofs_x = 1, .ofs_y = -1},
    {.bitmap_index = 23458, .adv_w = 272, .box_w = 17, .box_h = 17, .ofs_x = 0, .ofs_y = -2},
    {.bitmap_index = 23603, .adv_w = 272, .box_w = 17, .box_h = 17, .ofs_x = 0, .ofs_y = -2},
    {.bitmap_index = 23748, .adv_w = 272, .box_w = 17, .box_h = 17, .ofs_x = 0, .ofs_y = -2},
    {.bitmap_index = 23893, .adv_w = 272, .box_w = 17, .box_h = 16, .ofs_x = 0, .ofs_y = -1},
    {.bitmap_index = 24029, .adv_w = 272, .box_w = 17, .box_h = 15, .ofs_x = 0, .ofs_y = -1},
    {.bitmap_index = 24157, .adv_w = 272, .box_w = 17, .box_h = 16, .ofs_x = 0, .ofs_y = -2},
    {.bitmap_index = 24293, .adv_w = 272, .box_w = 17, .box_h = 16, .ofs_x = 0, .ofs_y = -1},
    {.bitmap_index = 24429, .adv_w = 272, .box_w = 17, .box_h = 15, .ofs_x = 0, .ofs_y = -1},
    {.bitmap_index = 24557, .adv_w = 272, .box_w = 17, .box_h = 16, .ofs_x = 0, .ofs_y = -1},
    {.bitmap_index = 24693, .adv_w = 272, .box_w = 17, .box_h = 16, .ofs_x = 0, .ofs_y = -1},
    {.bitmap_index = 24829, .adv_w = 272, .box_w = 16, .box_h = 17, .ofs_x = 1, .ofs_y = -2},
    {.bitmap_index = 24965, .adv_w = 272, .box_w = 17, .box_h = 17, .ofs_x = 0, .ofs_y = -2},
    {.bitmap_index = 25110, .adv_w = 272, .box_w = 17, .box_h = 16, .ofs_x = 0, .ofs_y = -1},
    {.bitmap_index = 25246, .adv_w = 272, .box_w = 17, .box_h = 17, .ofs_x = 0, .ofs_y = -2},
    {.bitmap_index = 25391, .adv_w = 272, .box_w = 17, .box_h = 16, .ofs_x = 0, .ofs_y = -2},
    {.bitmap_index = 25527, .adv_w = 272, .box_w = 17, .box_h = 16, .ofs_x = 0, .ofs_y = -2},
    {.bitmap_index = 25663, .adv_w = 272, .box_w = 17, .box_h = 16, .ofs_x = 0, .ofs_y = -2},
    {.bitmap_index = 25799, .adv_w = 272, .box_w = 17, .box_h = 15, .ofs_x = 0, .ofs_y = -1},
    {.bitmap_index = 25927, .adv_w = 272, .box_w = 17, .box_h = 16, .ofs_x = 0, .ofs_y = -2},
    {.bitmap_index = 26063, .adv_w = 272, .box_w = 17, .box_h = 16, .ofs_x = 0, .ofs_y = -2},
    {.bitmap_index = 26199, .adv_w = 272, .box_w = 17, .box_h = 15, .ofs_x = 0, .ofs_y = -1},
    {.bitmap_index = 26327, .adv_w = 272, .box_w = 17, .box_h = 16, .ofs_x = 0, .ofs_y = -2},
    {.bitmap_index = 26463, .adv_w = 272, .box_w = 17, .box_h = 17, .ofs_x = 0, .ofs_y = -2},
    {.bitmap_index = 26608, .adv_w = 272, .box_w = 17, .box_h = 17, .ofs_x = 0, .ofs_y = -2},
    {.bitmap_index = 26753, .adv_w = 272, .box_w = 17, .box_h = 17, .ofs_x = 0, .ofs_y = -2},
    {.bitmap_index = 26898, .adv_w = 272, .box_w = 16, .box_h = 17, .ofs_x = 1, .ofs_y = -2},
    {.bitmap_index = 27034, .adv_w = 272, .box_w = 17, .box_h = 17, .ofs_x = 0, .ofs_y = -2},
    {.bitmap_index = 27179, .adv_w = 272, .box_w = 17, .box_h = 16, .ofs_x = 0, .ofs_y = -2},
    {.bitmap_index = 27315, .adv_w = 272, .box_w = 13, .box_h = 16, .ofs_x = 2, .ofs_y = -2},
    {.bitmap_index = 27419, .adv_w = 272, .box_w = 15, .box_h = 16, .ofs_x = 1, .ofs_y = -2},
    {.bitmap_index = 27539, .adv_w = 272, .box_w = 15, .box_h = 16, .ofs_x = 1, .ofs_y = -2},
    {.bitmap_index = 27659, .adv_w = 272, .box_w = 16, .box_h = 15, .ofs_x = 1, .ofs_y = -1},
    {.bitmap_index = 27779, .adv_w = 272, .box_w = 16, .box_h = 15, .ofs_x = 1, .ofs_y = -1},
    {.bitmap_index = 27899, .adv_w = 272, .box_w = 17, .box_h = 16, .ofs_x = 0, .ofs_y = -2},
    {.bitmap_index = 28035, .adv_w = 272, .box_w = 17, .box_h = 16, .ofs_x = 0, .ofs_y = -2},
    {.bitmap_index = 28171, .adv_w = 272, .box_w = 17, .box_h = 15, .ofs_x = 0, .ofs_y = -1},
    {.bitmap_index = 28299, .adv_w = 272, .box_w = 15, .box_h = 16, .ofs_x = 0, .ofs_y = -2},
    {.bitmap_index = 28419, .adv_w = 272, .box_w = 17, .box_h = 16, .ofs_x = 0, .ofs_y = -1},
    {.bitmap_index = 28555, .adv_w = 272, .box_w = 17, .box_h = 16, .ofs_x = 0, .ofs_y = -2},
    {.bitmap_index = 28691, .adv_w = 272, .box_w = 16, .box_h = 16, .ofs_x = 0, .ofs_y = -2},
    {.bitmap_index = 28819, .adv_w = 272, .box_w = 17, .box_h = 15, .ofs_x = 0, .ofs_y = -1},
    {.bitmap_index = 28947, .adv_w = 272, .box_w = 17, .box_h = 15, .ofs_x = 0, .ofs_y = -1},
    {.bitmap_index = 29075, .adv_w = 272, .box_w = 17, .box_h = 15, .ofs_x = 0, .ofs_y = -1},
    {.bitmap_index = 29203, .adv_w = 272, .box_w = 17, .box_h = 16, .ofs_x = 0, .ofs_y = -2},
    {.bitmap_index = 29339, .adv_w = 272, .box_w = 17, .box_h = 16, .ofs_x = 0, .ofs_y = -1},
    {.bitmap_index = 29475, .adv_w = 272, .box_w = 17, .box_h = 15, .ofs_x = 0, .ofs_y = -1},
    {.bitmap_index = 29603, .adv_w = 272, .box_w = 17, .box_h = 15, .ofs_x = 0, .ofs_y = -1},
    {.bitmap_index = 29731, .adv_w = 272, .box_w = 17, .box_h = 15, .ofs_x = 0, .ofs_y = -1},
    {.bitmap_index = 29859, .adv_w = 272, .box_w = 17, .box_h = 16, .ofs_x = 0, .ofs_y = -1},
    {.bitmap_index = 29995, .adv_w = 272, .box_w = 17, .box_h = 15, .ofs_x = 0, .ofs_y = -1},
    {.bitmap_index = 30123, .adv_w = 272, .box_w = 17, .box_h = 16, .ofs_x = 0, .ofs_y = -2},
    {.bitmap_index = 30259, .adv_w = 272, .box_w = 17, .box_h = 16, .ofs_x = 0, .ofs_y = -1},
    {.bitmap_index = 30395, .adv_w = 272, .box_w = 17, .box_h = 17, .ofs_x = 0, .ofs_y = -2},
    {.bitmap_index = 30540, .adv_w = 272, .box_w = 17, .box_h = 17, .ofs_x = 0, .ofs_y = -2},
    {.bitmap_index = 30685, .adv_w = 272, .box_w = 17, .box_h = 16, .ofs_x = 0, .ofs_y = -1},
    {.bitmap_index = 30821, .adv_w = 272, .box_w = 17, .box_h = 15, .ofs_x = 0, .ofs_y = -1},
    {.bitmap_index = 30949, .adv_w = 272, .box_w = 17, .box_h = 16, .ofs_x = 0, .ofs_y = -1},
    {.bitmap_index = 31085, .adv_w = 272, .box_w = 17, .box_h = 17, .ofs_x = 0, .ofs_y = -2},
    {.bitmap_index = 31230, .adv_w = 272, .box_w = 17, .box_h = 15, .ofs_x = 0, .ofs_y = -1},
    {.bitmap_index = 31358, .adv_w = 272, .box_w = 17, .box_h = 17, .ofs_x = 0, .ofs_y = -2},
    {.bitmap_index = 31503, .adv_w = 272, .box_w = 17, .box_h = 17, .ofs_x = 0, .ofs_y = -2},
    {.bitmap_index = 31648, .adv_w = 272, .box_w = 17, .box_h = 17, .ofs_x = 0, .ofs_y = -2},
    {.bitmap_index = 31793, .adv_w = 272, .box_w = 17, .box_h = 16, .ofs_x = 0, .ofs_y = -2},
    {.bitmap_index = 31929, .adv_w = 272, .box_w = 17, .box_h = 17, .ofs_x = 0, .ofs_y = -2},
    {.bitmap_index = 32074, .adv_w = 272, .box_w = 17, .box_h = 16, .ofs_x = 0, .ofs_y = -2},
    {.bitmap_index = 32210, .adv_w = 272, .box_w = 17, .box_h = 17, .ofs_x = 0, .ofs_y = -2},
    {.bitmap_index = 32355, .adv_w = 272, .box_w = 17, .box_h = 17, .ofs_x = 0, .ofs_y = -2},
    {.bitmap_index = 32500, .adv_w = 272, .box_w = 17, .box_h = 16, .ofs_x = 0, .ofs_y = -2},
    {.bitmap_index = 32636, .adv_w = 272, .box_w = 17, .box_h = 16, .ofs_x = 0, .ofs_y = -2},
    {.bitmap_index = 32772, .adv_w = 272, .box_w = 17, .box_h = 16, .ofs_x = 0, .ofs_y = -2},
    {.bitmap_index = 32908, .adv_w = 272, .box_w = 17, .box_h = 16, .ofs_x = 0, .ofs_y = -2},
    {.bitmap_index = 33044, .adv_w = 272, .box_w = 17, .box_h = 17, .ofs_x = 0, .ofs_y = -2},
    {.bitmap_index = 33189, .adv_w = 272, .box_w = 17, .box_h = 16, .ofs_x = 0, .ofs_y = -2},
    {.bitmap_index = 33325, .adv_w = 272, .box_w = 17, .box_h = 17, .ofs_x = 0, .ofs_y = -2},
    {.bitmap_index = 33470, .adv_w = 272, .box_w = 16, .box_h = 15, .ofs_x = 0, .ofs_y = -1},
    {.bitmap_index = 33590, .adv_w = 272, .box_w = 16, .box_h = 16, .ofs_x = 0, .ofs_y = -2},
    {.bitmap_index = 33718, .adv_w = 272, .box_w = 16, .box_h = 15, .ofs_x = 0, .ofs_y = -1},
    {.bitmap_index = 33838, .adv_w = 272, .box_w = 16, .box_h = 17, .ofs_x = 0, .ofs_y = -2},
    {.bitmap_index = 33974, .adv_w = 272, .box_w = 17, .box_h = 17, .ofs_x = 0, .ofs_y = -2},
    {.bitmap_index = 34119, .adv_w = 272, .box_w = 15, .box_h = 15, .ofs_x = 1, .ofs_y = -1},
    {.bitmap_index = 34232, .adv_w = 272, .box_w = 15, .box_h = 17, .ofs_x = 1, .ofs_y = -2},
    {.bitmap_index = 34360, .adv_w = 272, .box_w = 17, .box_h = 16, .ofs_x = 0, .ofs_y = -1},
    {.bitmap_index = 34496, .adv_w = 272, .box_w = 17, .box_h = 17, .ofs_x = 0, .ofs_y = -1},
    {.bitmap_index = 34641, .adv_w = 272, .box_w = 17, .box_h = 15, .ofs_x = 0, .ofs_y = -1},
    {.bitmap_index = 34769, .adv_w = 272, .box_w = 16, .box_h = 16, .ofs_x = 1, .ofs_y = -2},
    {.bitmap_index = 34897, .adv_w = 272, .box_w = 17, .box_h = 17, .ofs_x = 0, .ofs_y = -2},
    {.bitmap_index = 35042, .adv_w = 272, .box_w = 17, .box_h = 16, .ofs_x = 0, .ofs_y = -1},
    {.bitmap_index = 35178, .adv_w = 272, .box_w = 17, .box_h = 15, .ofs_x = 0, .ofs_y = -1},
    {.bitmap_index = 35306, .adv_w = 272, .box_w = 17, .box_h = 16, .ofs_x = 0, .ofs_y = -2},
    {.bitmap_index = 35442, .adv_w = 272, .box_w = 17, .box_h = 16, .ofs_x = 0, .ofs_y = -1},
    {.bitmap_index = 35578, .adv_w = 272, .box_w = 17, .box_h = 17, .ofs_x = 0, .ofs_y = -2},
    {.bitmap_index = 35723, .adv_w = 272, .box_w = 16, .box_h = 17, .ofs_x = 0, .ofs_y = -2},
    {.bitmap_index = 35859, .adv_w = 272, .box_w = 16, .box_h = 17, .ofs_x = 0, .ofs_y = -2},
    {.bitmap_index = 35995, .adv_w = 272, .box_w = 17, .box_h = 17, .ofs_x = 0, .ofs_y = -2},
    {.bitmap_index = 36140, .adv_w = 272, .box_w = 17, .box_h = 17, .ofs_x = 0, .ofs_y = -2},
    {.bitmap_index = 36285, .adv_w = 272, .box_w = 15, .box_h = 15, .ofs_x = 1, .ofs_y = -1},
    {.bitmap_index = 36398, .adv_w = 272, .box_w = 16, .box_h = 15, .ofs_x = 1, .ofs_y = -1},
    {.bitmap_index = 36518, .adv_w = 272, .box_w = 17, .box_h = 17, .ofs_x = 0, .ofs_y = -2},
    {.bitmap_index = 36663, .adv_w = 272, .box_w = 17, .box_h = 16, .ofs_x = 0, .ofs_y = -1},
    {.bitmap_index = 36799, .adv_w = 272, .box_w = 13, .box_h = 17, .ofs_x = 2, .ofs_y = -2},
    {.bitmap_index = 36910, .adv_w = 272, .box_w = 17, .box_h = 17, .ofs_x = 0, .ofs_y = -2},
    {.bitmap_index = 37055, .adv_w = 272, .box_w = 17, .box_h = 16, .ofs_x = 0, .ofs_y = -2},
    {.bitmap_index = 37191, .adv_w = 272, .box_w = 17, .box_h = 17, .ofs_x = 0, .ofs_y = -2},
    {.bitmap_index = 37336, .adv_w = 272, .box_w = 17, .box_h = 16, .ofs_x = 0, .ofs_y = -2},
    {.bitmap_index = 37472, .adv_w = 272, .box_w = 16, .box_h = 18, .ofs_x = 0, .ofs_y = -2},
    {.bitmap_index = 37616, .adv_w = 272, .box_w = 17, .box_h = 17, .ofs_x = 0, .ofs_y = -2},
    {.bitmap_index = 37761, .adv_w = 272, .box_w = 17, .box_h = 17, .ofs_x = 0, .ofs_y = -2},
    {.bitmap_index = 37906, .adv_w = 272, .box_w = 17, .box_h = 16, .ofs_x = 0, .ofs_y = -2},
    {.bitmap_index = 38042, .adv_w = 272, .box_w = 17, .box_h = 15, .ofs_x = 0, .ofs_y = -1},
    {.bitmap_index = 38170, .adv_w = 272, .box_w = 17, .box_h = 15, .ofs_x = 0, .ofs_y = -1},
    {.bitmap_index = 38298, .adv_w = 272, .box_w = 17, .box_h = 16, .ofs_x = 0, .ofs_y = -1},
    {.bitmap_index = 38434, .adv_w = 272, .box_w = 17, .box_h = 16, .ofs_x = 0, .ofs_y = -1},
    {.bitmap_index = 38570, .adv_w = 272, .box_w = 17, .box_h = 17, .ofs_x = 0, .ofs_y = -2},
    {.bitmap_index = 38715, .adv_w = 272, .box_w = 17, .box_h = 16, .ofs_x = 0, .ofs_y = -2},
    {.bitmap_index = 38851, .adv_w = 272, .box_w = 17, .box_h = 17, .ofs_x = 0, .ofs_y = -2},
    {.bitmap_index = 38996, .adv_w = 272, .box_w = 17, .box_h = 17, .ofs_x = 0, .ofs_y = -2},
    {.bitmap_index = 39141, .adv_w = 272, .box_w = 16, .box_h = 15, .ofs_x = 0, .ofs_y = -1},
    {.bitmap_index = 39261, .adv_w = 272, .box_w = 17, .box_h = 16, .ofs_x = 0, .ofs_y = -1},
    {.bitmap_index = 39397, .adv_w = 272, .box_w = 17, .box_h = 17, .ofs_x = 0, .ofs_y = -2},
    {.bitmap_index = 39542, .adv_w = 272, .box_w = 17, .box_h = 17, .ofs_x = 0, .ofs_y = -2},
    {.bitmap_index = 39687, .adv_w = 272, .box_w = 17, .box_h = 17, .ofs_x = 0, .ofs_y = -2},
    {.bitmap_index = 39832, .adv_w = 272, .box_w = 17, .box_h = 17, .ofs_x = 0, .ofs_y = -2},
    {.bitmap_index = 39977, .adv_w = 272, .box_w = 17, .box_h = 17, .ofs_x = 0, .ofs_y = -2},
    {.bitmap_index = 40122, .adv_w = 272, .box_w = 17, .box_h = 17, .ofs_x = 0, .ofs_y = -2},
    {.bitmap_index = 40267, .adv_w = 272, .box_w = 16, .box_h = 16, .ofs_x = 1, .ofs_y = -1},
    {.bitmap_index = 40395, .adv_w = 272, .box_w = 16, .box_h = 16, .ofs_x = 0, .ofs_y = -1},
    {.bitmap_index = 40523, .adv_w = 272, .box_w = 17, .box_h = 15, .ofs_x = 0, .ofs_y = -1},
    {.bitmap_index = 40651, .adv_w = 272, .box_w = 17, .box_h = 15, .ofs_x = 0, .ofs_y = -1},
    {.bitmap_index = 40779, .adv_w = 272, .box_w = 16, .box_h = 16, .ofs_x = 1, .ofs_y = -2},
    {.bitmap_index = 40907, .adv_w = 272, .box_w = 15, .box_h = 15, .ofs_x = 1, .ofs_y = -1},
    {.bitmap_index = 41020, .adv_w = 272, .box_w = 15, .box_h = 16, .ofs_x = 1, .ofs_y = -2},
    {.bitmap_index = 41140, .adv_w = 272, .box_w = 15, .box_h = 15, .ofs_x = 1, .ofs_y = -1},
    {.bitmap_index = 41253, .adv_w = 272, .box_w = 16, .box_h = 16, .ofs_x = 1, .ofs_y = -1},
    {.bitmap_index = 41381, .adv_w = 272, .box_w = 16, .box_h = 16, .ofs_x = 1, .ofs_y = -1},
    {.bitmap_index = 41509, .adv_w = 272, .box_w = 16, .box_h = 16, .ofs_x = 1, .ofs_y = -1},
    {.bitmap_index = 41637, .adv_w = 272, .box_w = 16, .box_h = 16, .ofs_x = 1, .ofs_y = -1},
    {.bitmap_index = 41765, .adv_w = 272, .box_w = 17, .box_h = 16, .ofs_x = 0, .ofs_y = -1},
    {.bitmap_index = 41901, .adv_w = 272, .box_w = 16, .box_h = 16, .ofs_x = 0, .ofs_y = -2},
    {.bitmap_index = 42029, .adv_w = 272, .box_w = 15, .box_h = 15, .ofs_x = 1, .ofs_y = -1},
    {.bitmap_index = 42142, .adv_w = 272, .box_w = 15, .box_h = 16, .ofs_x = 1, .ofs_y = -2},
    {.bitmap_index = 42262, .adv_w = 272, .box_w = 17, .box_h = 16, .ofs_x = 0, .ofs_y = -2},
    {.bitmap_index = 42398, .adv_w = 272, .box_w = 17, .box_h = 15, .ofs_x = 0, .ofs_y = -1},
    {.bitmap_index = 42526, .adv_w = 272, .box_w = 17, .box_h = 16, .ofs_x = 0, .ofs_y = -2},
    {.bitmap_index = 42662, .adv_w = 272, .box_w = 17, .box_h = 16, .ofs_x = 0, .ofs_y = -2},
    {.bitmap_index = 42798, .adv_w = 272, .box_w = 17, .box_h = 16, .ofs_x = 0, .ofs_y = -2},
    {.bitmap_index = 42934, .adv_w = 272, .box_w = 15, .box_h = 15, .ofs_x = 1, .ofs_y = -1},
    {.bitmap_index = 43047, .adv_w = 272, .box_w = 5, .box_h = 8, .ofs_x = 2, .ofs_y = -3},
    {.bitmap_index = 43067, .adv_w = 272, .box_w = 5, .box_h = 14, .ofs_x = 6, .ofs_y = -2}
};

/*---------------------
 *  CHARACTER MAPPING
 *--------------------*/

static const uint16_t unicode_list_1[] = {
    0x0, 0x7, 0x27, 0x47, 0x1f63, 0x1f76, 0x20e1, 0x20e3,
    0x216e, 0x2f50, 0x2f51, 0x2f52, 0x2f5c, 0x2f5d, 0x2f94, 0x2f9b,
    0x2f9c, 0x2f9d, 0x2f9f, 0x2fa4, 0x2fa5, 0x2fa7, 0x2fa8, 0x2fa9,
    0x2fab, 0x2fb0, 0x2fb4, 0x2fb6, 0x2fb7, 0x2fb8, 0x2fba, 0x2fbb,
    0x2fbe, 0x2fbf, 0x2fc8, 0x2fce, 0x2fcf, 0x2fd0, 0x2fd1, 0x2fd2,
    0x2fda, 0x2fdb, 0x2fdc, 0x2fdf, 0x2fe2, 0x2fe3, 0x2ff4, 0x2ffa,
    0x2ffb, 0x2ffd, 0x2fff, 0x3005, 0x3006, 0x3009, 0x300b, 0x300f,
    0x3010, 0x3011, 0x3013, 0x3017, 0x3018, 0x3019, 0x301d, 0x3021,
    0x3023, 0x3027, 0x302b, 0x3030, 0x3032, 0x3033, 0x3035, 0x3039,
    0x303a, 0x303b, 0x303c, 0x303f, 0x3043, 0x304b, 0x304c, 0x4d50,
    0x4d5a, 0x4d5b, 0x4d5d, 0x4d74, 0x4d7d, 0x4dd8, 0x4ddb, 0x4dfc,
    0x4e1a, 0x4e46, 0x4e6a, 0x4e9d, 0x4e9e, 0x4ea3, 0x4ea9, 0x4eac,
    0x4ecf, 0x4edb, 0x4eeb, 0x4f2d, 0x4f31, 0x4f74, 0x5093, 0x50b5,
    0x50b8, 0x50bd, 0x50c1, 0x50d5, 0x50dd, 0x513d, 0x5156, 0x5157,
    0x5167, 0x5179, 0x517b, 0x5186, 0x518b, 0x519a, 0x519d, 0x51f0,
    0x5225, 0x5255, 0x528a, 0x52a8, 0x52ef, 0x531c, 0x5326, 0x5333,
    0x533f, 0x5343, 0x5347, 0x535c, 0x537b, 0x53dc, 0x5411, 0x562e,
    0x566f, 0x5678, 0x5680, 0x5697, 0x572f, 0x5781, 0x5784, 0x5840,
    0x586a, 0x5879, 0x5881, 0x5aa8, 0x5aea, 0x5aef, 0x5af2, 0x5af4,
    0x5b4e, 0x5b52, 0x5b9f, 0x5bc1, 0x5d36, 0x5d42, 0x5dc4, 0x5de5,
    0x5df6, 0x5ea3, 0x5eb2, 0x5ed5, 0x5ee7, 0x5f15, 0x5f28, 0x5f2c,
    0x5fbf, 0x6015, 0x606f, 0x609b, 0x6166, 0x6190, 0x6226, 0x6251,
    0x6259, 0x62be, 0x62f5, 0x62f7, 0x631f, 0x6320, 0x641d, 0x647f,
    0x64a7, 0x64c0, 0x64e9, 0x64fd, 0x6500, 0x6509, 0x6535, 0x6537,
    0x655e, 0x6592, 0x65c4, 0x6617, 0x6644, 0x6650, 0x6658, 0x6659,
    0x665d, 0x666f, 0x6678, 0x667a, 0x667c, 0x668a, 0x66b1, 0x66b5,
    0x66c1, 0x66ec, 0x6723, 0x6798, 0x686c, 0x69af, 0x6a71, 0x6adb,
    0x6b1f, 0x6b24, 0x6b64, 0x6b67, 0x6b84, 0x6bf1, 0x6c11, 0x6cc7,
    0x6d58, 0x6d79, 0x6d82, 0x6dcf, 0x6e21, 0x6e2a, 0x6e64, 0x6fbb,
    0x7009, 0x7071, 0x7198, 0x7206, 0x72d7, 0x7478, 0x748b, 0x74a9,
    0x75ca, 0x75ce, 0x75d4, 0x765b, 0x780a, 0x788a, 0x790b, 0x7922,
    0x795b, 0x79e3, 0x79e7, 0x7a7c, 0x7aa4, 0x7c54, 0x7c80, 0x7c92,
    0x7cea, 0x7ea1, 0x7ebe, 0x7ede, 0x804d, 0x813a, 0x879c, 0x87b8,
    0x884d, 0x88d1, 0x8922, 0x8933, 0x8936, 0x897d, 0x898c, 0x89b6,
    0x89c3, 0x89dd, 0x89fc, 0x89fd, 0x8ac0, 0x8c17, 0x8e1a, 0x8eb6,
    0x8f0c, 0x8f24, 0x8f40, 0x8f81, 0x9038, 0x909d, 0x90e2, 0x911d,
    0x911f, 0x9121, 0x94c7, 0x94d9, 0x94db, 0x94e3, 0x959d, 0x95a0,
    0x95b4, 0x95eb, 0x9616, 0x9638, 0x963a, 0x9647, 0x9677, 0x96b2,
    0x9743, 0x979c, 0x97c5, 0x9a28, 0xfe5c, 0xfe6b
};

/*Collect the unicode lists and glyph_id offsets*/
static const lv_font_fmt_txt_cmap_t cmaps[] =
{
    {
        .range_start = 32, .range_length = 95, .glyph_id_start = 1,
        .unicode_list = NULL, .glyph_id_ofs_list = NULL, .list_length = 0, .type = LV_FONT_FMT_TXT_CMAP_FORMAT0_TINY
    },
    {
        .range_start = 176, .range_length = 65132, .glyph_id_start = 96,
        .unicode_list = unicode_list_1, .glyph_id_ofs_list = NULL, .list_length = 310, .type = LV_FONT_FMT_TXT_CMAP_SPARSE_TINY
    }
};

/*-----------------
 *    KERNING
 *----------------*/


/*Pair left and right glyphs for kerning*/
static const uint16_t kern_pair_glyph_ids[] =
{
    3, 13,
    3, 15,
    3, 34,
    3, 43,
    3, 52,
    3, 57,
    3, 68,
    3, 69,
    3, 70,
    3, 80,
    3, 82,
    3, 84,
    8, 13,
    8, 15,
    8, 34,
    8, 43,
    8, 52,
    8, 57,
    8, 68,
    8, 69,
    8, 70,
    8, 80,
    8, 82,
    8, 84,
    9, 43,
    9, 75,
    13, 3,
    13, 8,
    13, 11,
    13, 53,
    13, 54,
    13, 55,
    13, 56,
    13, 58,
    13, 68,
    13, 69,
    13, 70,
    13, 75,
    13, 80,
    13, 82,
    13, 85,
    13, 87,
    13, 88,
    13, 90,
    14, 43,
    14, 52,
    14, 53,
    14, 55,
    14, 56,
    14, 57,
    14, 58,
    14, 59,
    14, 85,
    14, 87,
    14, 89,
    15, 3,
    15, 8,
    15, 11,
    15, 53,
    15, 54,
    15, 55,
    15, 56,
    15, 58,
    15, 68,
    15, 69,
    15, 70,
    15, 75,
    15, 80,
    15, 82,
    15, 85,
    15, 87,
    15, 88,
    15, 90,
    16, 34,
    16, 36,
    16, 40,
    16, 43,
    16, 48,
    16, 50,
    16, 66,
    16, 68,
    16, 69,
    16, 70,
    16, 72,
    16, 74,
    16, 75,
    16, 80,
    16, 82,
    16, 85,
    16, 86,
    27, 11,
    27, 58,
    27, 75,
    28, 11,
    28, 58,
    28, 75,
    34, 3,
    34, 8,
    34, 11,
    34, 32,
    34, 34,
    34, 36,
    34, 40,
    34, 48,
    34, 50,
    34, 53,
    34, 54,
    34, 55,
    34, 57,
    34, 58,
    34, 59,
    34, 61,
    34, 66,
    34, 71,
    34, 84,
    34, 85,
    34, 86,
    34, 87,
    34, 88,
    34, 89,
    34, 90,
    34, 97,
    35, 11,
    35, 43,
    35, 52,
    35, 53,
    35, 55,
    35, 56,
    35, 57,
    35, 58,
    35, 59,
    35, 85,
    35, 87,
    35, 88,
    35, 89,
    35, 90,
    35, 97,
    36, 14,
    36, 36,
    36, 40,
    36, 43,
    36, 48,
    36, 50,
    36, 52,
    36, 53,
    36, 54,
    36, 55,
    36, 56,
    36, 57,
    36, 58,
    36, 59,
    36, 72,
    36, 85,
    36, 86,
    36, 87,
    36, 88,
    36, 90,
    36, 97,
    36, 100,
    37, 11,
    37, 16,
    37, 34,
    37, 43,
    37, 53,
    37, 55,
    37, 56,
    37, 57,
    37, 58,
    37, 59,
    37, 89,
    37, 91,
    38, 68,
    38, 69,
    38, 70,
    38, 80,
    38, 82,
    38, 85,
    38, 87,
    38, 89,
    38, 90,
    39, 13,
    39, 15,
    39, 16,
    39, 34,
    39, 36,
    39, 40,
    39, 43,
    39, 48,
    39, 50,
    39, 52,
    39, 55,
    39, 56,
    39, 57,
    39, 58,
    39, 59,
    39, 66,
    39, 68,
    39, 69,
    39, 70,
    39, 72,
    39, 78,
    39, 79,
    39, 80,
    39, 81,
    39, 82,
    39, 83,
    39, 84,
    39, 85,
    39, 86,
    39, 87,
    39, 88,
    39, 89,
    39, 90,
    39, 91,
    39, 97,
    40, 11,
    40, 34,
    40, 53,
    40, 55,
    40, 56,
    43, 13,
    43, 15,
    43, 43,
    44, 3,
    44, 8,
    44, 11,
    44, 14,
    44, 32,
    44, 34,
    44, 36,
    44, 40,
    44, 48,
    44, 50,
    44, 52,
    44, 53,
    44, 54,
    44, 55,
    44, 56,
    44, 58,
    44, 68,
    44, 69,
    44, 70,
    44, 75,
    44, 80,
    44, 82,
    44, 85,
    44, 86,
    44, 87,
    44, 88,
    44, 89,
    44, 90,
    44, 91,
    44, 97,
    44, 100,
    45, 3,
    45, 8,
    45, 11,
    45, 14,
    45, 32,
    45, 34,
    45, 36,
    45, 40,
    45, 48,
    45, 50,
    45, 52,
    45, 53,
    45, 54,
    45, 55,
    45, 56,
    45, 58,
    45, 61,
    45, 68,
    45, 69,
    45, 70,
    45, 71,
    45, 72,
    45, 80,
    45, 82,
    45, 85,
    45, 86,
    45, 87,
    45, 88,
    45, 90,
    45, 97,
    45, 100,
    48, 11,
    48, 16,
    48, 34,
    48, 43,
    48, 53,
    48, 55,
    48, 56,
    48, 57,
    48, 58,
    48, 59,
    48, 89,
    48, 91,
    49, 13,
    49, 14,
    49, 15,
    49, 16,
    49, 34,
    49, 43,
    49, 52,
    49, 53,
    49, 57,
    49, 58,
    49, 59,
    49, 66,
    49, 68,
    49, 69,
    49, 70,
    49, 72,
    49, 80,
    49, 82,
    49, 84,
    49, 89,
    49, 91,
    49, 97,
    49, 100,
    50, 11,
    50, 16,
    50, 34,
    50, 43,
    50, 53,
    50, 55,
    50, 56,
    50, 57,
    50, 58,
    50, 59,
    50, 89,
    50, 91,
    51, 11,
    51, 14,
    51, 34,
    51, 43,
    51, 52,
    51, 53,
    51, 55,
    51, 56,
    51, 57,
    51, 58,
    51, 59,
    51, 66,
    51, 68,
    51, 69,
    51, 70,
    51, 72,
    51, 80,
    51, 82,
    51, 89,
    51, 91,
    51, 97,
    51, 100,
    52, 11,
    52, 14,
    52, 43,
    52, 52,
    52, 53,
    52, 58,
    52, 85,
    52, 91,
    52, 97,
    52, 100,
    53, 13,
    53, 14,
    53, 15,
    53, 16,
    53, 27,
    53, 28,
    53, 34,
    53, 36,
    53, 40,
    53, 43,
    53, 48,
    53, 50,
    53, 52,
    53, 57,
    53, 58,
    53, 59,
    53, 66,
    53, 68,
    53, 69,
    53, 70,
    53, 71,
    53, 72,
    53, 78,
    53, 79,
    53, 80,
    53, 81,
    53, 82,
    53, 83,
    53, 84,
    53, 85,
    53, 86,
    53, 87,
    53, 88,
    53, 89,
    53, 90,
    53, 91,
    53, 97,
    53, 100,
    54, 13,
    54, 15,
    54, 16,
    54, 34,
    54, 43,
    54, 52,
    54, 55,
    54, 57,
    54, 58,
    54, 66,
    54, 72,
    54, 84,
    54, 89,
    55, 13,
    55, 14,
    55, 15,
    55, 16,
    55, 34,
    55, 36,
    55, 40,
    55, 43,
    55, 48,
    55, 50,
    55, 52,
    55, 54,
    55, 55,
    55, 59,
    55, 66,
    55, 68,
    55, 69,
    55, 70,
    55, 72,
    55, 78,
    55, 79,
    55, 80,
    55, 81,
    55, 82,
    55, 83,
    55, 84,
    55, 86,
    55, 87,
    55, 88,
    55, 89,
    55, 90,
    55, 91,
    55, 97,
    55, 100,
    56, 13,
    56, 14,
    56, 15,
    56, 16,
    56, 36,
    56, 40,
    56, 43,
    56, 48,
    56, 50,
    56, 52,
    56, 59,
    56, 66,
    56, 72,
    56, 91,
    56, 100,
    57, 3,
    57, 8,
    57, 11,
    57, 14,
    57, 34,
    57, 36,
    57, 40,
    57, 43,
    57, 48,
    57, 50,
    57, 52,
    57, 53,
    57, 54,
    57, 66,
    57, 68,
    57, 69,
    57, 70,
    57, 71,
    57, 80,
    57, 82,
    57, 85,
    57, 86,
    57, 87,
    57, 88,
    57, 89,
    57, 90,
    57, 91,
    57, 97,
    57, 100,
    58, 13,
    58, 14,
    58, 15,
    58, 16,
    58, 27,
    58, 28,
    58, 32,
    58, 34,
    58, 36,
    58, 40,
    58, 43,
    58, 48,
    58, 50,
    58, 52,
    58, 53,
    58, 54,
    58, 59,
    58, 66,
    58, 68,
    58, 69,
    58, 70,
    58, 72,
    58, 78,
    58, 79,
    58, 80,
    58, 81,
    58, 82,
    58, 83,
    58, 84,
    58, 85,
    58, 86,
    58, 87,
    58, 88,
    58, 89,
    58, 90,
    58, 91,
    58, 97,
    58, 100,
    59, 14,
    59, 34,
    59, 36,
    59, 40,
    59, 43,
    59, 48,
    59, 50,
    59, 52,
    59, 54,
    59, 55,
    59, 56,
    59, 58,
    59, 59,
    59, 66,
    59, 68,
    59, 69,
    59, 70,
    59, 71,
    59, 72,
    59, 80,
    59, 82,
    59, 85,
    59, 86,
    59, 87,
    59, 88,
    59, 89,
    59, 90,
    59, 97,
    59, 100,
    60, 43,
    60, 75,
    61, 53,
    61, 54,
    61, 55,
    61, 56,
    61, 58,
    61, 72,
    61, 75,
    61, 87,
    61, 88,
    61, 90,
    66, 11,
    66, 32,
    66, 53,
    66, 55,
    66, 56,
    66, 58,
    66, 85,
    67, 3,
    67, 8,
    67, 11,
    67, 13,
    67, 14,
    67, 15,
    67, 32,
    67, 53,
    67, 55,
    67, 57,
    67, 58,
    67, 61,
    67, 66,
    67, 71,
    67, 84,
    67, 85,
    67, 87,
    67, 88,
    67, 89,
    67, 90,
    67, 91,
    67, 100,
    68, 14,
    68, 53,
    68, 55,
    68, 58,
    68, 66,
    68, 68,
    68, 69,
    68, 70,
    68, 72,
    68, 80,
    68, 82,
    68, 85,
    68, 87,
    68, 88,
    68, 89,
    68, 90,
    68, 97,
    68, 100,
    70, 11,
    70, 14,
    70, 32,
    70, 43,
    70, 52,
    70, 53,
    70, 55,
    70, 56,
    70, 58,
    70, 61,
    70, 66,
    70, 71,
    70, 72,
    70, 85,
    70, 87,
    70, 88,
    70, 89,
    70, 90,
    70, 91,
    70, 97,
    70, 100,
    71, 2,
    71, 3,
    71, 8,
    71, 10,
    71, 13,
    71, 14,
    71, 15,
    71, 16,
    71, 32,
    71, 53,
    71, 55,
    71, 56,
    71, 57,
    71, 58,
    71, 61,
    71, 62,
    71, 66,
    71, 68,
    71, 69,
    71, 70,
    71, 72,
    71, 75,
    71, 80,
    71, 82,
    71, 84,
    71, 87,
    71, 89,
    71, 91,
    71, 94,
    71, 97,
    71, 100,
    72, 10,
    72, 11,
    72, 16,
    72, 32,
    72, 53,
    72, 58,
    72, 62,
    72, 66,
    72, 68,
    72, 69,
    72, 70,
    72, 75,
    72, 80,
    72, 82,
    72, 87,
    72, 88,
    72, 90,
    72, 91,
    72, 94,
    72, 97,
    73, 11,
    73, 32,
    73, 53,
    73, 55,
    73, 58,
    76, 11,
    76, 13,
    76, 14,
    76, 15,
    76, 27,
    76, 28,
    76, 32,
    76, 53,
    76, 58,
    76, 66,
    76, 68,
    76, 69,
    76, 70,
    76, 72,
    76, 75,
    76, 80,
    76, 82,
    76, 85,
    76, 86,
    76, 89,
    76, 91,
    76, 97,
    76, 100,
    77, 75,
    78, 11,
    78, 32,
    78, 53,
    78, 55,
    78, 58,
    79, 11,
    79, 32,
    79, 53,
    79, 55,
    79, 58,
    80, 3,
    80, 8,
    80, 11,
    80, 13,
    80, 14,
    80, 15,
    80, 32,
    80, 53,
    80, 55,
    80, 57,
    80, 58,
    80, 61,
    80, 66,
    80, 71,
    80, 84,
    80, 85,
    80, 87,
    80, 88,
    80, 89,
    80, 90,
    80, 91,
    80, 100,
    81, 3,
    81, 8,
    81, 11,
    81, 13,
    81, 14,
    81, 15,
    81, 32,
    81, 53,
    81, 55,
    81, 57,
    81, 58,
    81, 61,
    81, 66,
    81, 71,
    81, 84,
    81, 85,
    81, 87,
    81, 88,
    81, 89,
    81, 90,
    81, 91,
    81, 100,
    82, 11,
    82, 53,
    82, 55,
    82, 58,
    83, 13,
    83, 14,
    83, 15,
    83, 16,
    83, 27,
    83, 28,
    83, 34,
    83, 43,
    83, 59,
    83, 61,
    83, 66,
    83, 68,
    83, 69,
    83, 70,
    83, 72,
    83, 80,
    83, 82,
    83, 84,
    83, 87,
    83, 88,
    83, 90,
    83, 91,
    83, 97,
    83, 100,
    84, 11,
    84, 14,
    84, 32,
    84, 53,
    84, 55,
    84, 58,
    84, 85,
    84, 100,
    85, 13,
    85, 14,
    85, 15,
    85, 16,
    85, 27,
    85, 28,
    85, 32,
    85, 53,
    85, 58,
    85, 66,
    85, 68,
    85, 69,
    85, 70,
    85, 72,
    85, 80,
    85, 82,
    85, 84,
    85, 85,
    85, 89,
    85, 97,
    85, 100,
    86, 11,
    86, 53,
    86, 55,
    86, 58,
    87, 11,
    87, 13,
    87, 14,
    87, 15,
    87, 16,
    87, 34,
    87, 43,
    87, 53,
    87, 55,
    87, 58,
    87, 59,
    87, 66,
    87, 68,
    87, 69,
    87, 70,
    87, 75,
    87, 80,
    87, 82,
    87, 91,
    87, 100,
    88, 11,
    88, 13,
    88, 15,
    88, 16,
    88, 34,
    88, 43,
    88, 53,
    88, 55,
    88, 57,
    88, 58,
    88, 66,
    88, 68,
    88, 69,
    88, 70,
    88, 75,
    88, 80,
    88, 82,
    88, 91,
    89, 2,
    89, 11,
    89, 13,
    89, 14,
    89, 15,
    89, 28,
    89, 36,
    89, 40,
    89, 48,
    89, 50,
    89, 52,
    89, 53,
    89, 55,
    89, 57,
    89, 58,
    89, 66,
    89, 68,
    89, 69,
    89, 70,
    89, 80,
    89, 82,
    89, 85,
    89, 90,
    89, 97,
    89, 100,
    90, 13,
    90, 15,
    90, 16,
    90, 43,
    90, 53,
    90, 55,
    90, 57,
    90, 58,
    90, 66,
    90, 68,
    90, 69,
    90, 70,
    90, 75,
    90, 80,
    90, 82,
    90, 89,
    90, 91,
    91, 14,
    91, 53,
    91, 58,
    91, 66,
    91, 68,
    91, 69,
    91, 70,
    91, 72,
    91, 80,
    91, 82,
    91, 86,
    91, 87,
    91, 90,
    91, 97,
    91, 100,
    92, 43,
    92, 75,
    97, 34,
    97, 52,
    97, 53,
    97, 55,
    97, 57,
    97, 58,
    97, 59,
    97, 89,
    100, 43,
    100, 52,
    100, 53,
    100, 55,
    100, 56,
    100, 57,
    100, 58,
    100, 59,
    100, 85,
    100, 87,
    100, 89,
    110, 123,
    110, 124,
    111, 106,
    111, 107,
    111, 129,
    111, 404,
    112, 106,
    112, 107,
    112, 404,
    113, 106,
    113, 107,
    113, 137,
    113, 404,
    114, 123,
    114, 124,
    114, 132,
    114, 137,
    114, 404,
    115, 119,
    115, 123,
    115, 124,
    115, 404,
    117, 119,
    117, 122,
    117, 123,
    117, 124,
    117, 147,
    119, 106,
    119, 107,
    119, 123,
    119, 124,
    119, 130,
    119, 146,
    119, 404,
    121, 106,
    121, 107,
    121, 131,
    121, 404,
    122, 106,
    122, 107,
    122, 404,
    123, 106,
    123, 107,
    123, 113,
    123, 114,
    123, 122,
    123, 129,
    123, 131,
    123, 135,
    123, 140,
    123, 404,
    124, 106,
    124, 107,
    124, 404,
    125, 106,
    125, 114,
    125, 119,
    125, 122,
    125, 123,
    125, 124,
    125, 126,
    125, 128,
    125, 130,
    125, 404,
    127, 106,
    127, 112,
    127, 114,
    127, 115,
    127, 116,
    127, 119,
    127, 404,
    128, 113,
    128, 404,
    129, 121,
    130, 123,
    130, 124,
    130, 125,
    130, 404,
    131, 106,
    131, 107,
    131, 120,
    131, 404,
    132, 404,
    134, 404,
    135, 106,
    135, 110,
    135, 122,
    135, 123,
    135, 124,
    135, 125,
    135, 404,
    136, 106,
    136, 107,
    136, 122,
    136, 404,
    137, 122,
    138, 106,
    138, 107,
    138, 122,
    138, 123,
    138, 124,
    139, 138,
    141, 119,
    141, 123,
    141, 124,
    142, 106,
    142, 107,
    142, 146,
    142, 149,
    142, 151,
    142, 152,
    142, 159,
    142, 163,
    143, 106,
    143, 107,
    143, 146,
    143, 163,
    143, 404,
    144, 106,
    144, 404,
    145, 106,
    145, 107,
    145, 149,
    145, 172,
    145, 404,
    146, 106,
    146, 107,
    146, 146,
    146, 149,
    146, 151,
    146, 152,
    146, 159,
    146, 163,
    146, 169,
    146, 173,
    146, 404,
    147, 106,
    147, 107,
    147, 149,
    147, 159,
    147, 163,
    147, 404,
    148, 106,
    148, 107,
    148, 149,
    148, 163,
    148, 404,
    151, 106,
    151, 107,
    151, 404,
    152, 106,
    152, 107,
    152, 404,
    153, 106,
    153, 107,
    153, 163,
    153, 165,
    153, 404,
    154, 106,
    154, 107,
    154, 404,
    155, 106,
    155, 107,
    155, 163,
    155, 404,
    156, 106,
    156, 107,
    156, 404,
    157, 106,
    157, 107,
    157, 404,
    159, 156,
    159, 157,
    159, 172,
    161, 106,
    161, 107,
    161, 166,
    161, 404,
    163, 161,
    163, 167,
    165, 106,
    165, 107,
    166, 106,
    166, 170,
    167, 106,
    167, 107,
    167, 149,
    167, 159,
    167, 163,
    167, 404,
    168, 106,
    168, 107,
    168, 404,
    169, 144,
    169, 163,
    169, 172,
    170, 163,
    171, 106,
    171, 107,
    171, 159,
    171, 404,
    172, 106,
    172, 107,
    172, 149,
    172, 158,
    172, 161,
    172, 163,
    172, 404,
    174, 106,
    174, 107,
    174, 123,
    174, 124,
    174, 147,
    174, 148,
    174, 149,
    174, 159,
    174, 161,
    174, 163,
    174, 172
};

/* Kerning between the respective left and right glyphs
 * 4.4 format which needs to scaled with `kern_scale`*/
static const int8_t kern_pair_values[] =
{
    -39, -39, -21, -33, -4, -4, -8, -8,
    -8, -8, -8, -7, -39, -39, -21, -33,
    -4, -4, -8, -8, -8, -8, -8, -7,
    -7, 23, -35, -35, -48, -32, -9, -23,
    -12, -33, -5, -5, -5, 8, -5, -5,
    -18, -16, -10, -7, -7, -8, -17, -7,
    -4, -11, -23, -7, -9, -5, -6, -35,
    -35, -48, -32, -9, -23, -12, -33, -5,
    -5, -5, 8, -5, -5, -18, -16, -10,
    -7, -14, -4, -4, -26, -4, -4, -9,
    -9, -9, -9, -4, 4, 4, -9, -9,
    -1, -7, -14, -11, 0, -14, -11, 0,
    -21, -21, -29, -11, -2, -4, -4, -4,
    -4, -21, -6, -6, -2, -6, -2, -14,
    4, -4, 4, -6, -2, -5, -3, -3,
    -5, -9, -11, -7, -6, -9, -4, -3,
    -3, -6, -3, -4, -6, -4, -4, -6,
    -7, -11, -11, -11, -4, -11, -11, -9,
    -6, -6, -3, -3, -3, -5, -4, -7,
    -11, -4, -6, -4, -6, -20, -11, -10,
    -6, -4, -16, -9, -4, -2, -8, -7,
    -7, -6, -5, -4, -4, -4, -4, -4,
    -9, -4, -13, -4, -27, -27, -20, -13,
    -4, -4, -43, -4, -4, -9, -2, -2,
    -9, -3, -11, -12, -6, -6, -6, -9,
    -7, -7, -6, -7, -6, -7, -9, -4,
    -7, -10, -8, -11, -8, -14, -6, -9,
    -3, -7, -6, -3, -9, -9, -14, -10,
    -10, -14, -14, -5, -4, -9, -9, -9,
    -9, -6, -8, -6, -6, -4, -8, -5,
    -5, -5, -4, -5, -5, -14, -5, -10,
    -8, -8, -10, -6, -17, -14, -36, -36,
    -51, -16, -14, -2, -11, -11, -11, -11,
    -9, -38, -11, -25, -19, -26, -26, -5,
    -5, -5, -6, -3, -5, -5, -9, -4,
    -15, -12, -15, -33, -16, -10, -6, -4,
    -16, -9, -4, -2, -8, -7, -7, -6,
    -5, -39, -10, -39, -22, -17, -46, -4,
    -7, -9, -4, -23, -13, -8, -8, -8,
    -9, -8, -8, -4, -6, -7, -2, -10,
    -10, -6, -4, -16, -9, -4, -2, -8,
    -7, -7, -6, -5, -4, -10, -3, -6,
    -5, -6, -2, 0, -3, -4, -4, -3,
    -4, -4, -4, -3, -4, -4, -5, -5,
    -4, -10, -6, 4, -6, -6, -7, -6,
    -9, -4, -5, 4, -35, -22, -35, -26,
    -7, -7, -14, -9, -9, -40, -9, -9,
    -11, -7, -6, -16, -22, -23, -23, -23,
    -6, -22, -15, -15, -23, -15, -23, -15,
    -19, -6, -15, -10, -10, -11, -10, -23,
    -21, -22, -8, -8, -9, -6, -17, -4,
    -3, -4, -6, -3, -4, -3, -5, -23,
    -7, -23, -13, -6, -4, -4, -22, -4,
    -4, -4, -4, 2, -7, -10, -7, -7,
    -7, -8, -7, -7, -7, -7, -7, -7,
    -6, -11, -4, -4, -7, -4, -9, -3,
    -7, -12, -4, -12, -7, -2, -2, -19,
    -2, -2, -2, -2, -6, -4, -4, -4,
    -4, -4, -4, -11, -2, -8, -8, -4,
    -8, -8, -6, -7, -4, -4, -5, -5,
    -5, -8, -5, -5, -8, -4, -8, -6,
    -4, -8, -6, -14, -11, -32, -23, -32,
    -19, -11, -11, -5, -6, -6, -6, -32,
    -6, -6, -7, -6, -4, -9, -23, -16,
    -16, -16, -20, -14, -14, -16, -14, -16,
    -14, -16, -14, -12, -6, -9, -12, -6,
    -17, -17, -23, -10, -2, -7, -7, -10,
    -7, -7, -11, -4, -2, -2, -6, -6,
    -6, -7, -7, -7, -7, -5, -7, -7,
    -6, -7, -6, -6, -9, -6, -20, -10,
    -7, 23, -25, -8, -16, -8, -22, 7,
    20, -7, -4, 1, -16, -8, -9, -8,
    -3, -9, -6, -8, -8, -7, -4, 0,
    -4, -8, -19, -7, -3, -17, -11, -5,
    -2, -2, -8, -3, -3, -8, -3, -4,
    0, -10, -7, -6, -9, -4, -9, -9,
    -9, -4, -9, -9, -4, 0, 0, -1,
    0, -6, -10, -10, 2, -5, -7, -7,
    -9, -8, -4, -11, -10, -5, -2, -4,
    -4, -2, -2, -5, -2, -2, -3, 2,
    1, 11, 11, 12, -19, -6, -19, -4,
    6, 12, 18, 12, 7, 15, 13, 12,
    -7, -4, -4, -4, -5, -4, -4, -4,
    -3, 1, -3, -6, 12, -7, -6, 1,
    -10, 10, -14, -11, -6, 1, -7, -6,
    -6, -6, 11, -6, -6, -3, -3, 2,
    -6, 1, -2, -10, -5, -9, -4, -8,
    -8, 1, -20, 1, 1, 1, -8, -15,
    -6, -4, -8, -8, -8, -4, -4, -8,
    -8, -10, -6, -5, -5, -11, -20, 2,
    -10, -5, -9, -4, -8, -10, -5, -9,
    -4, -8, -8, -8, -7, -4, 0, -4,
    -8, -19, -7, -3, -17, -11, -5, -2,
    -2, -8, -3, -3, -8, -3, -4, 0,
    -8, -8, -7, -4, 0, -4, -8, -19,
    -7, -3, -17, -11, -5, -2, -2, -8,
    -3, -3, -8, -3, -4, 0, -7, -7,
    -6, -11, -23, -9, -23, -10, 4, 4,
    -6, -21, -4, 1, -9, -4, -4, -4,
    -4, -4, -4, -3, 4, 2, 4, -3,
    -6, -9, -14, 2, -7, -9, -4, -7,
    -7, 2, -2, -11, -2, -1, 1, 1,
    -11, -6, -3, -8, -6, -6, -6, -4,
    -6, -6, -4, -7, -6, -7, -11, -7,
    -7, -6, -11, -5, -16, -5, -16, -7,
    -5, -14, -7, -4, -6, -4, -7, -3,
    -3, -3, -4, -3, -3, -9, -5, -5,
    -19, -19, -2, -3, -11, -9, -4, -6,
    -9, -4, -3, -3, -3, -4, -3, -3,
    -8, -6, -8, 2, -6, -5, 2, -4,
    -4, -4, -4, -3, -10, -7, -4, -12,
    -4, -8, -8, -8, -8, -8, -9, -4,
    -7, -6, -16, -16, -4, -14, -7, -3,
    -3, -5, -7, -3, -3, -3, -4, -3,
    -3, -6, -9, -8, -9, -8, -7, -4,
    -4, -4, -2, -4, -4, -4, -3, -3,
    -5, -8, -7, 23, -9, -9, -21, -11,
    -11, -23, -12, -7, -7, -8, -17, -7,
    -4, -11, -23, -7, -9, -5, -6, -8,
    -8, -5, -5, -11, -16, -5, -5, -16,
    -19, -14, -5, -8, -8, -8, 11, -5,
    -8, 3, 3, 3, 3, -5, -16, -8,
    -8, -5, -22, -27, 3, 3, -19, -8,
    -11, -8, -8, -5, -14, -11, -11, -14,
    -14, -8, -8, -8, -5, -5, -14, -14,
    -5, -19, -11, -11, -11, -11, -8, -8,
    -11, -8, -8, -8, -3, -14, -11, -8,
    -5, -5, -5, -5, 3, -14, -8, -16,
    -5, -19, -19, -14, -8, -11, -11, -8,
    -14, -11, -14, -8, -5, -11, -11, -11,
    -5, -11, -11, -5, 3, -19, -11, 3,
    3, -5, -8, -8, -14, -5, -14, -14,
    -5, -5, -5, -8, -11, -11, -5, -5,
    -16, -16, -5, -8, -14, -5, -8, -11,
    -11, -8, -8, -8, -24, -22, -11, -8,
    -11, -11, -14, -22, -8, -5, -24, -24,
    -24, -5, -11, -5, -19, -22, -19, -3,
    -5, -16, -8, -8, -14, -14, -8, -14,
    -16, -14, -5, -3, -8, -3, -3, -14,
    -8, -8, -5, -14, -5, -5, -8, -11,
    -5, -5, 8, 8, 14, -8, -8, -5,
    -14, -16, -14, -5, -5, -5, -5, -5,
    -5, -5, -3, -8, -14, -16, -11, -8,
    -8, -5, -5, -5, -16, -16, -5, -14,
    -16, -16, -5, -5, -8, -5, -14, -3,
    -3, -16, -16, -5, -5, -14, -3, -16,
    -8, -14
};

/*Collect the kern pair's data in one place*/
static const lv_font_fmt_txt_kern_pair_t kern_pairs =
{
    .glyph_ids = kern_pair_glyph_ids,
    .values = kern_pair_values,
    .pair_cnt = 1170,
    .glyph_ids_size = 1
};

/*--------------------
 *  ALL CUSTOM DATA
 *--------------------*/

#if LVGL_VERSION_MAJOR == 8
/*Store all the custom data of the font*/
static  lv_font_fmt_txt_glyph_cache_t cache;
#endif

#if LVGL_VERSION_MAJOR >= 8
static const lv_font_fmt_txt_dsc_t font_dsc = {
#else
static lv_font_fmt_txt_dsc_t font_dsc = {
#endif
    .glyph_bitmap = glyph_bitmap,
    .glyph_dsc = glyph_dsc,
    .cmaps = cmaps,
    .kern_dsc = &kern_pairs,
    .kern_scale = 16,
    .cmap_num = 2,
    .bpp = 4,
    .kern_classes = 0,
    .bitmap_format = 0,
#if LVGL_VERSION_MAJOR == 8
    .cache = &cache
#endif
};



/*-----------------
 *  PUBLIC FONT
 *----------------*/

/*Initialize a public general font descriptor*/
#if LVGL_VERSION_MAJOR >= 8
const lv_font_t sh_font_17_600 = {
#else
lv_font_t sh_font_17_600 = {
#endif
    .get_glyph_dsc = lv_font_get_glyph_dsc_fmt_txt,    /*Function pointer to get glyph's data*/
    .get_glyph_bitmap = lv_font_get_bitmap_fmt_txt,    /*Function pointer to get glyph's bitmap*/
    .line_height = 21,          /*The maximum line height required by the font*/
    .base_line = 5,             /*Baseline measured from the bottom of the line*/
#if !(LVGL_VERSION_MAJOR == 6 && LVGL_VERSION_MINOR == 0)
    .subpx = LV_FONT_SUBPX_NONE,
#endif
#if LV_VERSION_CHECK(7, 4, 0) || LVGL_VERSION_MAJOR >= 8
    .underline_position = -2,
    .underline_thickness = 1,
#endif
    .dsc = &font_dsc,          /*The custom font data. Will be accessed by `get_glyph_bitmap/dsc` */
#if LV_VERSION_CHECK(8, 2, 0) || LVGL_VERSION_MAJOR >= 9
    .fallback = NULL,
#endif
    .user_data = NULL,
};



#endif /*#if SH_FONT_17_600*/

