/*******************************************************************************
 * Size: 10 px
 * Bpp: 4
 * Opts: --font /Users/kongweilu/Development/EchoEar Token&Weather/SHANHAI_EchoEar_Demo/assets/firmware/NotoSansJP-600.ttf --symbols °·×÷–…↑↓∞　、。「」いかがきくごさしじすせだつてでとなにのはへまみむめもりるれわをんイオカキクサザスセタダチッデトドネパビプホムモャュラリルレワン・ー一上下不两中为予事京仅今件会位低体余作使例供保信値元入全六共内再凭击分切列利别制刻削前加务动動包区单単历原双取口可右号同含和品唤回图圆土在地均域報場声备多天失存定实実客室对対専屏山左已帐年应底度当形待得必忘応态总息情感態或户所拖持按换据接控描提操支敗数料断新方日旧时明显時晴曇更最月有服期木未本机条来東果染查标样案检検機次残每比气気水没況海済温渲湿滑滚演火点無版状率环用画留発百的看確示离秒程窓窗第答約細終続约线结络网置美能自获行表製要览角解触設証試詳認説読議认讨论设证详说读資败車车轮轻载込过返进述週部配醒重量金钮長閉開間间阅降限除際集雨雪雷霧面音題页题额高，； !"#$%&'()*+,-./0123456789:;<=>?@ABCDEFGHIJKLMNOPQRSTUVWXYZ[\]^_`abcdefghijklmnopqrstuvwxyz{|}~°↑↓ --size 10 --bpp 4 --format lvgl --lv-include lvgl.h --no-compress --lv-font-name sh_font_10_600 -o /Users/kongweilu/Development/EchoEar Token&Weather/SHANHAI_EchoEar_Demo/main/fonts/sh_font_10_600.c
 ******************************************************************************/

#ifdef LV_LVGL_H_INCLUDE_SIMPLE
#include "lvgl.h"
#else
#include "lvgl.h"
#endif

#ifndef SH_FONT_10_600
#define SH_FONT_10_600 1
#endif

#if SH_FONT_10_600

/*-----------------
 *    BITMAPS
 *----------------*/

/*Store the image of the glyphs*/
static LV_ATTRIBUTE_LARGE_CONST const uint8_t glyph_bitmap[] = {
    /* U+0020 " " */

    /* U+0021 "!" */
    0xd, 0x60, 0xd6, 0xc, 0x50, 0xb4, 0xb, 0x40,
    0x41, 0xb, 0x60, 0xe7,

    /* U+0022 "\"" */
    0x1f, 0x3c, 0x90, 0xf2, 0xb8, 0xf, 0x9, 0x60,
    0x70, 0x42,

    /* U+0023 "#" */
    0x2, 0xa0, 0xb0, 0x4, 0x82, 0xa0, 0x5f, 0xff,
    0xf6, 0x8, 0x46, 0x60, 0x9, 0x37, 0x50, 0x8f,
    0xef, 0xe3, 0xc, 0xb, 0x10, 0xc, 0xc, 0x0,

    /* U+0024 "$" */
    0x0, 0x11, 0x0, 0x0, 0x86, 0x0, 0x7, 0xff,
    0x70, 0x1f, 0x53, 0x70, 0x2f, 0x30, 0x0, 0xa,
    0xf8, 0x0, 0x0, 0x5e, 0xb0, 0x0, 0x3, 0xf1,
    0x29, 0x27, 0xf0, 0x2b, 0xfe, 0x50, 0x0, 0x86,
    0x0,

    /* U+0025 "%" */
    0x1c, 0xd3, 0x0, 0xc0, 0x0, 0x86, 0x3b, 0x6,
    0x60, 0x0, 0xa4, 0x1d, 0xc, 0x0, 0x0, 0x77,
    0x3b, 0x66, 0x8d, 0x60, 0x1b, 0xc3, 0xc3, 0xc0,
    0xe0, 0x0, 0x6, 0x65, 0x90, 0xc2, 0x0, 0xc,
    0x3, 0xb0, 0xe0, 0x0, 0x66, 0x0, 0xad, 0x70,

    /* U+0026 "&" */
    0x2, 0xde, 0x50, 0x0, 0xa, 0x75, 0xb0, 0x0,
    0xa, 0x7b, 0x80, 0x0, 0x7, 0xf9, 0x1, 0x50,
    0x3f, 0xda, 0x8, 0xa0, 0xaa, 0x1d, 0xbf, 0x30,
    0x9d, 0x25, 0xfe, 0x50, 0x1b, 0xfe, 0x78, 0xc0,

    /* U+0027 "'" */
    0x1f, 0x30, 0xf2, 0xf, 0x0, 0x70,

    /* U+0028 "(" */
    0x0, 0x80, 0x4, 0xc0, 0xa, 0x60, 0xe, 0x20,
    0xf, 0x0, 0x1f, 0x0, 0x1f, 0x0, 0xf, 0x10,
    0xb, 0x40, 0x6, 0x90, 0x0, 0xd0, 0x0, 0x0,

    /* U+0029 ")" */
    0x35, 0x1, 0xe0, 0xb, 0x40, 0x79, 0x5, 0xb0,
    0x4c, 0x4, 0xc0, 0x6a, 0xa, 0x60, 0xe1, 0x4a,
    0x0, 0x0,

    /* U+002A "*" */
    0x0, 0xd0, 0x4, 0xcf, 0xc3, 0x8, 0xf7, 0x0,
    0x93, 0x90,

    /* U+002B "+" */
    0x0, 0x43, 0x0, 0x0, 0x96, 0x0, 0x0, 0x96,
    0x0, 0xaf, 0xff, 0xf6, 0x0, 0x96, 0x0, 0x0,
    0x96, 0x0,

    /* U+002C "," */
    0x1a, 0x32, 0xf8, 0x7, 0x74, 0xc0, 0x0, 0x0,

    /* U+002D "-" */
    0x8f, 0xf2,

    /* U+002E "." */
    0x1c, 0x32, 0xf4,

    /* U+002F "/" */
    0x0, 0x58, 0x0, 0x94, 0x0, 0xd0, 0x1, 0xc0,
    0x5, 0x80, 0xa, 0x40, 0xd, 0x0, 0x2c, 0x0,
    0x68, 0x0, 0xa4, 0x0, 0x60, 0x0,

    /* U+0030 "0" */
    0x6, 0xfe, 0x40, 0x2f, 0x47, 0xe0, 0x6d, 0x0,
    0xf3, 0x8b, 0x0, 0xe5, 0x8b, 0x0, 0xe5, 0x6d,
    0x0, 0xf3, 0x2f, 0x47, 0xe0, 0x6, 0xfe, 0x40,

    /* U+0031 "1" */
    0x6, 0xdc, 0x0, 0x7, 0xcc, 0x0, 0x0, 0x8c,
    0x0, 0x0, 0x8c, 0x0, 0x0, 0x8c, 0x0, 0x0,
    0x8c, 0x0, 0x2, 0x9c, 0x20, 0x2f, 0xff, 0xf2,

    /* U+0032 "2" */
    0x1b, 0xfd, 0x30, 0x48, 0x2a, 0xc0, 0x0, 0x5,
    0xe0, 0x0, 0x9, 0xb0, 0x0, 0x2f, 0x40, 0x1,
    0xd9, 0x0, 0xc, 0xc3, 0x20, 0x8f, 0xff, 0xf4,

    /* U+0033 "3" */
    0x1b, 0xfe, 0x50, 0x17, 0x28, 0xf0, 0x0, 0x9,
    0xd0, 0x3, 0xff, 0x30, 0x0, 0x8, 0xe0, 0x0,
    0x1, 0xf3, 0x78, 0x28, 0xf1, 0x3c, 0xfe, 0x50,

    /* U+0034 "4" */
    0x0, 0x3f, 0x90, 0x0, 0xce, 0x90, 0x5, 0xea,
    0x90, 0xd, 0x6a, 0x90, 0x6d, 0xa, 0x90, 0xcf,
    0xff, 0xf7, 0x12, 0x2b, 0xa1, 0x0, 0xa, 0x90,

    /* U+0035 "5" */
    0xf, 0xff, 0xe0, 0xf, 0x52, 0x20, 0x1f, 0x10,
    0x0, 0x2f, 0xee, 0x70, 0x3, 0x6, 0xf2, 0x0,
    0x1, 0xf3, 0x67, 0x28, 0xf1, 0x3c, 0xfd, 0x40,

    /* U+0036 "6" */
    0x3, 0xdf, 0xb0, 0xe, 0x82, 0x60, 0x4e, 0x0,
    0x0, 0x7d, 0xcf, 0x90, 0x7e, 0x22, 0xf3, 0x5d,
    0x0, 0xd5, 0x1f, 0x53, 0xf2, 0x4, 0xef, 0x70,

    /* U+0037 "7" */
    0x8f, 0xff, 0xf4, 0x12, 0x27, 0xd0, 0x0, 0xd,
    0x40, 0x0, 0x4d, 0x0, 0x0, 0x99, 0x0, 0x0,
    0xd6, 0x0, 0x0, 0xf5, 0x0, 0x1, 0xf4, 0x0,

    /* U+0038 "8" */
    0x7, 0xee, 0x60, 0x2f, 0x24, 0xf0, 0x2f, 0x11,
    0xf0, 0x9, 0xeb, 0x70, 0x1d, 0x6d, 0xc0, 0x7a,
    0x0, 0xf4, 0x6d, 0x12, 0xf3, 0x9, 0xfe, 0x70,

    /* U+0039 "9" */
    0x9, 0xfd, 0x20, 0x6e, 0x28, 0xd0, 0x9a, 0x0,
    0xf2, 0x7d, 0x15, 0xf4, 0xb, 0xf9, 0xf3, 0x0,
    0x2, 0xf1, 0x17, 0x2b, 0xb0, 0x2c, 0xfb, 0x10,

    /* U+003A ":" */
    0x2f, 0x41, 0xc3, 0x0, 0x0, 0x0, 0x1c, 0x32,
    0xf4,

    /* U+003B ";" */
    0x2f, 0x41, 0xc3, 0x0, 0x0, 0x0, 0x1a, 0x32,
    0xf8, 0x7, 0x74, 0xc0, 0x0, 0x0,

    /* U+003C "<" */
    0x0, 0x0, 0x22, 0x0, 0x5b, 0xe4, 0x5e, 0xb5,
    0x0, 0x6e, 0xa4, 0x0, 0x0, 0x6d, 0xe4, 0x0,
    0x0, 0x33,

    /* U+003D "=" */
    0x9f, 0xff, 0xf6, 0x0, 0x0, 0x0, 0x0, 0x0,
    0x0, 0x9e, 0xee, 0xe6, 0x1, 0x11, 0x10,

    /* U+003E ">" */
    0x31, 0x0, 0x0, 0x7f, 0xa4, 0x0, 0x1, 0x6c,
    0xd3, 0x0, 0x5b, 0xe4, 0x6e, 0xb5, 0x0, 0x42,
    0x0, 0x0,

    /* U+003F "?" */
    0x2c, 0xfc, 0x12, 0x62, 0xe7, 0x0, 0xe, 0x60,
    0x9, 0xb0, 0x2, 0xf1, 0x0, 0x14, 0x0, 0x4,
    0xc1, 0x0, 0x5e, 0x10,

    /* U+0040 "@" */
    0x0, 0x18, 0xde, 0xd7, 0x0, 0x1, 0xd7, 0x0,
    0x19, 0x90, 0xb, 0x60, 0x0, 0x0, 0xd1, 0x2d,
    0x3, 0xdc, 0xc0, 0x84, 0x58, 0xe, 0x35, 0x90,
    0x94, 0x67, 0x2e, 0x9, 0x72, 0xd0, 0x59, 0xa,
    0xd6, 0xdc, 0x30, 0x1e, 0x10, 0x0, 0x0, 0x0,
    0x7, 0xc3, 0x1, 0x40, 0x0, 0x0, 0x5c, 0xdd,
    0x70, 0x0,

    /* U+0041 "A" */
    0x0, 0xc, 0xf1, 0x0, 0x0, 0x1f, 0xd6, 0x0,
    0x0, 0x5c, 0x8a, 0x0, 0x0, 0xa8, 0x4f, 0x0,
    0x0, 0xf4, 0xf, 0x40, 0x4, 0xff, 0xff, 0x90,
    0x9, 0xc2, 0x28, 0xe0, 0xd, 0x70, 0x3, 0xf2,

    /* U+0042 "B" */
    0x1f, 0xff, 0xd5, 0x1, 0xf5, 0x19, 0xe0, 0x1f,
    0x40, 0x8c, 0x1, 0xff, 0xff, 0x50, 0x1f, 0x52,
    0x6f, 0x21, 0xf4, 0x0, 0xf5, 0x1f, 0x51, 0x7f,
    0x21, 0xff, 0xfd, 0x50,

    /* U+0043 "C" */
    0x1, 0xaf, 0xe7, 0x0, 0xbd, 0x45, 0x90, 0x3f,
    0x30, 0x0, 0x6, 0xf0, 0x0, 0x0, 0x6f, 0x0,
    0x0, 0x3, 0xf3, 0x0, 0x0, 0xc, 0xd4, 0x5b,
    0x0, 0x1a, 0xfe, 0x70,

    /* U+0044 "D" */
    0x1f, 0xff, 0xb2, 0x1, 0xf5, 0x3c, 0xe0, 0x1f,
    0x40, 0x1f, 0x51, 0xf4, 0x0, 0xd7, 0x1f, 0x40,
    0xe, 0x71, 0xf4, 0x1, 0xf5, 0x1f, 0x53, 0xcd,
    0x1, 0xff, 0xfb, 0x20,

    /* U+0045 "E" */
    0x1f, 0xff, 0xf6, 0x1f, 0x62, 0x21, 0x1f, 0x40,
    0x0, 0x1f, 0xff, 0xe0, 0x1f, 0x62, 0x20, 0x1f,
    0x40, 0x0, 0x1f, 0x62, 0x21, 0x1f, 0xff, 0xf8,

    /* U+0046 "F" */
    0x1f, 0xff, 0xf6, 0x1f, 0x62, 0x21, 0x1f, 0x40,
    0x0, 0x1f, 0x40, 0x0, 0x1f, 0xff, 0xe0, 0x1f,
    0x62, 0x20, 0x1f, 0x40, 0x0, 0x1f, 0x40, 0x0,

    /* U+0047 "G" */
    0x0, 0x9f, 0xf9, 0x0, 0xbd, 0x54, 0xb0, 0x3f,
    0x30, 0x0, 0x6, 0xf0, 0x0, 0x0, 0x6f, 0x2,
    0xff, 0x63, 0xf3, 0x2, 0xd6, 0xc, 0xd5, 0x3e,
    0x60, 0x1a, 0xff, 0xa1,

    /* U+0048 "H" */
    0x1f, 0x40, 0xc, 0x81, 0xf4, 0x0, 0xc8, 0x1f,
    0x40, 0xc, 0x81, 0xff, 0xff, 0xf8, 0x1f, 0x63,
    0x3c, 0x81, 0xf4, 0x0, 0xc8, 0x1f, 0x40, 0xc,
    0x81, 0xf4, 0x0, 0xc8,

    /* U+0049 "I" */
    0x1f, 0x41, 0xf4, 0x1f, 0x41, 0xf4, 0x1f, 0x41,
    0xf4, 0x1f, 0x41, 0xf4,

    /* U+004A "J" */
    0x0, 0xa, 0xb0, 0x0, 0xab, 0x0, 0xa, 0xb0,
    0x0, 0xab, 0x0, 0xa, 0xb0, 0x0, 0xaa, 0x69,
    0x4e, 0x82, 0xcf, 0xc1,

    /* U+004B "K" */
    0x1f, 0x40, 0x7e, 0x11, 0xf4, 0x3f, 0x40, 0x1f,
    0x4d, 0x80, 0x1, 0xfd, 0xf5, 0x0, 0x1f, 0xfa,
    0xd0, 0x1, 0xf6, 0x1f, 0x60, 0x1f, 0x40, 0x7e,
    0x1, 0xf4, 0x0, 0xe7,

    /* U+004C "L" */
    0x1f, 0x40, 0x0, 0x1f, 0x40, 0x0, 0x1f, 0x40,
    0x0, 0x1f, 0x40, 0x0, 0x1f, 0x40, 0x0, 0x1f,
    0x40, 0x0, 0x1f, 0x62, 0x20, 0x1f, 0xff, 0xf5,

    /* U+004D "M" */
    0x1f, 0x90, 0x2, 0xf7, 0x1f, 0xe0, 0x8, 0xf7,
    0x1f, 0xc4, 0xd, 0xc7, 0x1f, 0x89, 0x2d, 0xb7,
    0x1f, 0x4e, 0x78, 0xb7, 0x1f, 0x2c, 0xe2, 0xb7,
    0x1f, 0x27, 0xd0, 0xb7, 0x1f, 0x21, 0x20, 0xb7,

    /* U+004E "N" */
    0x1f, 0x80, 0xc, 0x71, 0xff, 0x10, 0xc7, 0x1f,
    0xb9, 0xc, 0x71, 0xf4, 0xf1, 0xc7, 0x1f, 0x2a,
    0x9b, 0x71, 0xf3, 0x2f, 0xb7, 0x1f, 0x30, 0xaf,
    0x71, 0xf3, 0x2, 0xf7,

    /* U+004F "O" */
    0x1, 0xbf, 0xe7, 0x0, 0xd, 0xc4, 0x6f, 0x70,
    0x4f, 0x20, 0x8, 0xd0, 0x6f, 0x0, 0x5, 0xf0,
    0x6f, 0x0, 0x5, 0xf0, 0x4f, 0x20, 0x8, 0xd0,
    0xd, 0xc4, 0x6f, 0x60, 0x1, 0xbf, 0xe7, 0x0,

    /* U+0050 "P" */
    0x1f, 0xff, 0xd4, 0x1, 0xf5, 0x29, 0xe0, 0x1f,
    0x40, 0x3f, 0x11, 0xf4, 0x8, 0xf0, 0x1f, 0xff,
    0xe5, 0x1, 0xf5, 0x20, 0x0, 0x1f, 0x40, 0x0,
    0x1, 0xf4, 0x0, 0x0,

    /* U+0051 "Q" */
    0x1, 0xbf, 0xe7, 0x0, 0xd, 0xc4, 0x6f, 0x70,
    0x4f, 0x20, 0x8, 0xd0, 0x6f, 0x0, 0x5, 0xf0,
    0x6f, 0x0, 0x5, 0xf0, 0x4f, 0x20, 0x8, 0xd0,
    0xd, 0xc3, 0x5f, 0x60, 0x1, 0xbf, 0xf7, 0x0,
    0x0, 0x7, 0xe4, 0x20, 0x0, 0x0, 0x8e, 0xf3,

    /* U+0052 "R" */
    0x1f, 0xff, 0xd5, 0x1, 0xf5, 0x28, 0xf0, 0x1f,
    0x40, 0x2f, 0x21, 0xf4, 0x8, 0xf0, 0x1f, 0xff,
    0xf5, 0x1, 0xf5, 0x7f, 0x10, 0x1f, 0x40, 0xd9,
    0x1, 0xf4, 0x5, 0xf2,

    /* U+0053 "S" */
    0x5, 0xef, 0xb2, 0x1f, 0x73, 0x92, 0x3f, 0x40,
    0x0, 0xb, 0xfb, 0x30, 0x0, 0x5c, 0xf5, 0x0,
    0x0, 0xbb, 0x4c, 0x54, 0xd9, 0x19, 0xef, 0xa1,

    /* U+0054 "T" */
    0xbf, 0xff, 0xfe, 0x12, 0xac, 0x22, 0x0, 0x9c,
    0x0, 0x0, 0x9c, 0x0, 0x0, 0x9c, 0x0, 0x0,
    0x9c, 0x0, 0x0, 0x9c, 0x0, 0x0, 0x9c, 0x0,

    /* U+0055 "U" */
    0x1f, 0x30, 0xc, 0x81, 0xf3, 0x0, 0xc8, 0x1f,
    0x30, 0xc, 0x81, 0xf3, 0x0, 0xc8, 0x1f, 0x30,
    0xc, 0x80, 0xf5, 0x0, 0xd6, 0xb, 0xc4, 0x7f,
    0x20, 0x2c, 0xfe, 0x60,

    /* U+0056 "V" */
    0xe, 0x70, 0x5, 0xf0, 0x9, 0xb0, 0x9, 0xa0,
    0x5, 0xf0, 0xe, 0x60, 0x1, 0xf4, 0x2f, 0x10,
    0x0, 0xc8, 0x6d, 0x0, 0x0, 0x7c, 0xa8, 0x0,
    0x0, 0x2f, 0xe3, 0x0, 0x0, 0xe, 0xf0, 0x0,

    /* U+0057 "W" */
    0xba, 0x2, 0xf4, 0x8, 0xb8, 0xc0, 0x5f, 0x70,
    0xa9, 0x5f, 0x9, 0xcb, 0xd, 0x62, 0xf1, 0xc6,
    0xe0, 0xf3, 0xf, 0x4f, 0xf, 0x4f, 0x0, 0xc9,
    0xd0, 0xc9, 0xd0, 0x9, 0xe9, 0x8, 0xea, 0x0,
    0x6f, 0x60, 0x5f, 0x80,

    /* U+0058 "X" */
    0x7e, 0x0, 0xc9, 0xe, 0x63, 0xf1, 0x7, 0xea,
    0x90, 0x0, 0xef, 0x10, 0x1, 0xff, 0x20, 0x9,
    0xaa, 0xa0, 0x1f, 0x43, 0xf3, 0x9c, 0x0, 0xbb,

    /* U+0059 "Y" */
    0xd, 0x80, 0xd, 0x70, 0x6e, 0x3, 0xf1, 0x0,
    0xe5, 0xa9, 0x0, 0x7, 0xcf, 0x20, 0x0, 0x1f,
    0xb0, 0x0, 0x0, 0xd7, 0x0, 0x0, 0xd, 0x70,
    0x0, 0x0, 0xd7, 0x0,

    /* U+005A "Z" */
    0x3f, 0xff, 0xfa, 0x2, 0x25, 0xf4, 0x0, 0xc,
    0xa0, 0x0, 0x5f, 0x10, 0x0, 0xe7, 0x0, 0x9,
    0xd0, 0x0, 0x2f, 0x72, 0x21, 0x8f, 0xff, 0xfb,

    /* U+005B "[" */
    0xfc, 0x2f, 0x0, 0xf0, 0xf, 0x0, 0xf0, 0xf,
    0x0, 0xf0, 0xf, 0x0, 0xf0, 0xd, 0xc2,

    /* U+005C "\\" */
    0xa4, 0x0, 0x68, 0x0, 0x2c, 0x0, 0xd, 0x0,
    0xa, 0x40, 0x6, 0x80, 0x2, 0xc0, 0x0, 0xd0,
    0x0, 0xa4, 0x0, 0x68, 0x0, 0x15,

    /* U+005D "]" */
    0x6d, 0xa0, 0x5a, 0x5, 0xa0, 0x5a, 0x5, 0xa0,
    0x5a, 0x5, 0xa0, 0x5a, 0x5, 0xa6, 0xc9,

    /* U+005E "^" */
    0x0, 0x64, 0x0, 0x1, 0xed, 0x0, 0x6, 0x9d,
    0x30, 0xc, 0x47, 0x90, 0x3e, 0x1, 0xf0,

    /* U+005F "_" */
    0xbd, 0xdd, 0xd6,

    /* U+0060 "`" */
    0x13, 0x8, 0xe1, 0x9, 0x80, 0x0,

    /* U+0061 "a" */
    0x19, 0xfe, 0x60, 0x7, 0x27, 0xf0, 0x2, 0x8c,
    0xf1, 0x3f, 0x54, 0xf1, 0x7e, 0x28, 0xf1, 0x1d,
    0xf8, 0xf1,

    /* U+0062 "b" */
    0x2f, 0x20, 0x0, 0x2f, 0x20, 0x0, 0x2f, 0xaf,
    0xd2, 0x2f, 0x83, 0xda, 0x2f, 0x20, 0x7d, 0x2f,
    0x20, 0x8d, 0x2f, 0x73, 0xe8, 0x2e, 0x9f, 0xb0,

    /* U+0063 "c" */
    0x5, 0xef, 0x83, 0xf7, 0x33, 0x8e, 0x0, 0x8,
    0xe0, 0x0, 0x3f, 0x72, 0x40, 0x6e, 0xf8,

    /* U+0064 "d" */
    0x0, 0x0, 0xc8, 0x0, 0x0, 0xc8, 0x7, 0xfd,
    0xd8, 0x3f, 0x63, 0xe8, 0x7e, 0x0, 0xc8, 0x7e,
    0x0, 0xc8, 0x4f, 0x64, 0xe8, 0x9, 0xfc, 0xb8,

    /* U+0065 "e" */
    0x6, 0xef, 0x70, 0x3e, 0x32, 0xe2, 0x7f, 0xff,
    0xf4, 0x8d, 0x0, 0x0, 0x3f, 0x61, 0x50, 0x6,
    0xef, 0xa0,

    /* U+0066 "f" */
    0x6, 0xfc, 0xe, 0x81, 0xaf, 0xf7, 0x1f, 0x60,
    0xf, 0x50, 0xf, 0x50, 0xf, 0x50, 0xf, 0x50,

    /* U+0067 "g" */
    0x9, 0xff, 0xfa, 0x4f, 0x48, 0xd1, 0x4e, 0x15,
    0xd0, 0xd, 0xdc, 0x40, 0x3e, 0x11, 0x0, 0xe,
    0xff, 0xf6, 0x7a, 0x0, 0xba, 0x3d, 0xee, 0xa1,

    /* U+0068 "h" */
    0x2f, 0x20, 0x0, 0x2f, 0x20, 0x0, 0x2f, 0x9f,
    0xd1, 0x2f, 0x93, 0xe7, 0x2f, 0x20, 0xc8, 0x2f,
    0x20, 0xc9, 0x2f, 0x20, 0xc9, 0x2f, 0x20, 0xc9,

    /* U+0069 "i" */
    0x3f, 0x21, 0x80, 0x2f, 0x22, 0xf2, 0x2f, 0x22,
    0xf2, 0x2f, 0x22, 0xf2,

    /* U+006A "j" */
    0x2, 0xf2, 0x1, 0x81, 0x2, 0xf2, 0x2, 0xf2,
    0x2, 0xf2, 0x2, 0xf2, 0x2, 0xf2, 0x2, 0xf2,
    0x5, 0xf1, 0x6f, 0x90,

    /* U+006B "k" */
    0x2f, 0x20, 0x0, 0x2f, 0x20, 0x0, 0x2f, 0x23,
    0xf4, 0x2f, 0x2d, 0x70, 0x2f, 0xce, 0x0, 0x2f,
    0xde, 0x50, 0x2f, 0x36, 0xe0, 0x2f, 0x20, 0xd8,

    /* U+006C "l" */
    0x2f, 0x22, 0xf2, 0x2f, 0x22, 0xf2, 0x2f, 0x22,
    0xf2, 0x2f, 0x30, 0xdb,

    /* U+006D "m" */
    0x2f, 0x8f, 0xd6, 0xee, 0x32, 0xf7, 0x2f, 0xb1,
    0xba, 0x2f, 0x20, 0xd7, 0x8, 0xc2, 0xf2, 0xd,
    0x70, 0x8c, 0x2f, 0x20, 0xd7, 0x8, 0xc2, 0xf2,
    0xd, 0x70, 0x8c,

    /* U+006E "n" */
    0x2f, 0x8f, 0xd1, 0x2f, 0x71, 0xe7, 0x2f, 0x20,
    0xc8, 0x2f, 0x20, 0xc9, 0x2f, 0x20, 0xc9, 0x2f,
    0x20, 0xc9,

    /* U+006F "o" */
    0x6, 0xef, 0x80, 0x3f, 0x64, 0xf6, 0x8d, 0x0,
    0xaa, 0x8d, 0x0, 0xab, 0x3f, 0x64, 0xf6, 0x6,
    0xef, 0x80,

    /* U+0070 "p" */
    0x2f, 0xaf, 0xd2, 0x2f, 0x60, 0xca, 0x2f, 0x20,
    0x7d, 0x2f, 0x20, 0x8d, 0x2f, 0x73, 0xe9, 0x2f,
    0xbf, 0xb0, 0x2f, 0x20, 0x0, 0x2f, 0x20, 0x0,

    /* U+0071 "q" */
    0x7, 0xfd, 0xb8, 0x3f, 0x63, 0xe8, 0x7e, 0x0,
    0xc8, 0x7e, 0x0, 0xc8, 0x4f, 0x64, 0xe8, 0x9,
    0xfc, 0xd8, 0x0, 0x0, 0xc8, 0x0, 0x0, 0xc8,

    /* U+0072 "r" */
    0x0, 0x0, 0x2, 0xf7, 0xf2, 0x2f, 0xa1, 0x2,
    0xf2, 0x0, 0x2f, 0x20, 0x2, 0xf2, 0x0, 0x2f,
    0x20, 0x0,

    /* U+0073 "s" */
    0xb, 0xfd, 0x25, 0xe1, 0x40, 0x2f, 0xa3, 0x0,
    0x18, 0xf5, 0x34, 0x1d, 0x74, 0xdf, 0xc1,

    /* U+0074 "t" */
    0x6, 0x20, 0xd, 0x50, 0xcf, 0xfb, 0xf, 0x50,
    0xf, 0x50, 0xf, 0x50, 0xe, 0x81, 0x6, 0xfc,

    /* U+0075 "u" */
    0x3f, 0x10, 0xd7, 0x3f, 0x10, 0xd7, 0x3f, 0x10,
    0xd7, 0x3f, 0x10, 0xd7, 0x2f, 0x66, 0xf7, 0xa,
    0xfa, 0xb7,

    /* U+0076 "v" */
    0xb9, 0x0, 0xe4, 0x6e, 0x3, 0xf0, 0x1f, 0x28,
    0xa0, 0xb, 0x7c, 0x50, 0x6, 0xcf, 0x10, 0x1,
    0xfb, 0x0,

    /* U+0077 "w" */
    0x9b, 0x7, 0xf0, 0x2f, 0x15, 0xe0, 0xbe, 0x35,
    0xd0, 0x2f, 0x2e, 0x97, 0x99, 0x0, 0xe7, 0xc5,
    0xac, 0x50, 0xa, 0xd9, 0x2e, 0xf2, 0x0, 0x6f,
    0x50, 0xee, 0x0,

    /* U+0078 "x" */
    0x6e, 0x6, 0xd0, 0xd, 0x7d, 0x50, 0x4, 0xfc,
    0x0, 0x6, 0xfc, 0x0, 0x1e, 0x4e, 0x60, 0x8c,
    0x6, 0xe1,

    /* U+0079 "y" */
    0xaa, 0x0, 0xe4, 0x4f, 0x3, 0xe0, 0xe, 0x58,
    0x90, 0x7, 0xad, 0x40, 0x1, 0xfe, 0x0, 0x0,
    0xc9, 0x0, 0x3, 0xf3, 0x0, 0x6f, 0x70, 0x0,

    /* U+007A "z" */
    0x5f, 0xff, 0x90, 0x15, 0xf2, 0x0, 0xd8, 0x0,
    0x8d, 0x0, 0x2f, 0x61, 0x19, 0xff, 0xfb,

    /* U+007B "{" */
    0x7, 0xe2, 0xc, 0x50, 0xb, 0x50, 0xb, 0x50,
    0xc, 0x40, 0x9e, 0x0, 0xc, 0x50, 0xb, 0x50,
    0xc, 0x50, 0x6, 0xc2,

    /* U+007C "|" */
    0xcd, 0xdd, 0xdd, 0xdd, 0xdd, 0xdd,

    /* U+007D "}" */
    0x6e, 0x20, 0xa, 0x60, 0xa, 0x60, 0xa, 0x50,
    0xa, 0x70, 0x4, 0xf4, 0xa, 0x60, 0xa, 0x60,
    0xa, 0x60, 0x6c, 0x20,

    /* U+007E "~" */
    0x2c, 0xb2, 0x52, 0x45, 0x5e, 0xc1,

    /* U+00B0 "°" */
    0x1a, 0xa0, 0x74, 0x56, 0x74, 0x56, 0x1a, 0xa0,

    /* U+00B7 "·" */
    0xa7, 0xc9,

    /* U+00D7 "×" */
    0x3, 0x0, 0x0, 0x30, 0x1e, 0x40, 0x4, 0xe1,
    0x2, 0xe4, 0x4e, 0x20, 0x0, 0x3e, 0xe3, 0x0,
    0x0, 0x3e, 0xe3, 0x0, 0x2, 0xe4, 0x4e, 0x20,
    0x1d, 0x50, 0x4, 0xe1, 0x3, 0x0, 0x0, 0x30,

    /* U+00F7 "÷" */
    0x0, 0xa, 0xa0, 0x0, 0x0, 0x7, 0x70, 0x0,
    0x0, 0x0, 0x0, 0x0, 0x8f, 0xff, 0xff, 0xf8,
    0x0, 0x0, 0x0, 0x0, 0x0, 0x7, 0x70, 0x0,
    0x0, 0xa, 0xa0, 0x0,

    /* U+2013 "–" */
    0x7e, 0xee, 0xd0,

    /* U+2026 "…" */
    0x8, 0x20, 0x55, 0x2, 0x80, 0xe, 0x40, 0x99,
    0x4, 0xe0,

    /* U+2191 "↑" */
    0x0, 0x0, 0x0, 0x0, 0x5c, 0x0, 0x4, 0xff,
    0xa0, 0xd, 0x6a, 0xa6, 0x0, 0x3a, 0x0, 0x0,
    0x3a, 0x0, 0x0, 0x3a, 0x0, 0x0, 0x3a, 0x0,
    0x0, 0x3a, 0x0, 0x0, 0x3a, 0x0,

    /* U+2193 "↓" */
    0x0, 0x3a, 0x0, 0x0, 0x3a, 0x0, 0x0, 0x3a,
    0x0, 0x0, 0x3a, 0x0, 0x0, 0x3a, 0x0, 0x0,
    0x3a, 0x0, 0xd, 0x6a, 0x96, 0x4, 0xff, 0xa0,
    0x0, 0x5c, 0x0, 0x0, 0x0, 0x0,

    /* U+221E "∞" */
    0x1a, 0xd9, 0x11, 0x9d, 0xa1, 0x98, 0x16, 0xdd,
    0x61, 0x89, 0xa5, 0x2, 0xdd, 0x20, 0x5a, 0x3d,
    0xdd, 0x44, 0xdd, 0xe3, 0x0, 0x10, 0x0, 0x1,
    0x0,

    /* U+3000 "　" */

    /* U+3001 "、" */
    0x2, 0x0, 0x4f, 0x50, 0x7, 0xf4, 0x0, 0x60,

    /* U+3002 "。" */
    0x8, 0x80, 0x84, 0x48, 0x91, 0x19, 0x2b, 0xb2,

    /* U+300C "「" */
    0xcf, 0xf7, 0xc4, 0x0, 0xc4, 0x0, 0xc4, 0x0,
    0xc4, 0x0, 0xc4, 0x0, 0x51, 0x0,

    /* U+300D "」" */
    0x0, 0x15, 0x0, 0x4c, 0x0, 0x4c, 0x0, 0x4c,
    0x0, 0x4c, 0x0, 0x4c, 0x7f, 0xfc,

    /* U+3044 "い" */
    0x10, 0x0, 0x0, 0x0, 0xd, 0x60, 0x0, 0x3a,
    0x0, 0xc6, 0x0, 0x0, 0xe5, 0xc, 0x60, 0x0,
    0x8, 0xb0, 0xb7, 0x0, 0x0, 0x3f, 0x8, 0xa0,
    0x85, 0x0, 0xf4, 0x4f, 0x5e, 0x50, 0x7, 0x10,
    0xbf, 0xb0, 0x0, 0x0, 0x0, 0x20, 0x0, 0x0,
    0x0,

    /* U+304B "か" */
    0x0, 0x0, 0x0, 0x0, 0x0, 0x0, 0xc, 0x60,
    0x0, 0x0, 0x0, 0xe, 0x40, 0xa, 0x40, 0x4c,
    0xdf, 0xff, 0x67, 0xc0, 0x15, 0x8c, 0x6, 0xd0,
    0xf4, 0x0, 0xa8, 0x4, 0xd0, 0x99, 0x1, 0xf2,
    0x6, 0xb0, 0x10, 0x8, 0xc0, 0xa, 0x80, 0x0,
    0x1f, 0x59, 0xef, 0x30, 0x0, 0x2, 0x1, 0x31,
    0x0, 0x0,

    /* U+304C "が" */
    0x0, 0x0, 0x0, 0x0, 0x51, 0x0, 0xc, 0x50,
    0xa, 0x78, 0x0, 0xf, 0x30, 0xa, 0x50, 0x4b,
    0xcf, 0xfe, 0x4a, 0xa0, 0x25, 0x9b, 0x18, 0xb2,
    0xf2, 0x0, 0xc6, 0x6, 0xb0, 0xb8, 0x2, 0xf1,
    0x7, 0xa0, 0x10, 0x9, 0xb0, 0xb, 0x70, 0x0,
    0x2f, 0x3a, 0xef, 0x20, 0x0, 0x2, 0x1, 0x31,
    0x0, 0x0,

    /* U+304D "き" */
    0x0, 0x0, 0x0, 0x0, 0x0, 0x5, 0xd2, 0x50,
    0x4f, 0xff, 0xfe, 0xb0, 0x0, 0x0, 0xb5, 0x33,
    0x7e, 0xee, 0xff, 0xd6, 0x1, 0x11, 0x1e, 0x30,
    0xb, 0x10, 0xad, 0xc0, 0x3e, 0x0, 0x25, 0x40,
    0x2f, 0x62, 0x23, 0x20, 0x5, 0xdf, 0xfe, 0x50,

    /* U+304F "く" */
    0x0, 0x0, 0x0, 0x0, 0x0, 0x6, 0xd0, 0x0,
    0x8, 0xf5, 0x0, 0xa, 0xd2, 0x0, 0xc, 0xc1,
    0x0, 0x1, 0xf9, 0x0, 0x0, 0x3, 0xeb, 0x10,
    0x0, 0x1, 0xdd, 0x20, 0x0, 0x1, 0xce, 0x20,
    0x0, 0x0, 0x80,

    /* U+3054 "ご" */
    0x0, 0x0, 0x0, 0x5, 0x0, 0x0, 0x0, 0xc,
    0x77, 0x1f, 0xff, 0xff, 0xa2, 0x0, 0x22, 0x32,
    0x20, 0x0, 0x0, 0x0, 0x0, 0x0, 0x0, 0x0,
    0x0, 0x0, 0x0, 0xa8, 0x0, 0x0, 0x0, 0xb,
    0xa0, 0x0, 0x1, 0x0, 0x4f, 0xed, 0xde, 0xf1,
    0x0, 0x14, 0x65, 0x42, 0x0,

    /* U+3055 "さ" */
    0x0, 0x0, 0xe2, 0x0, 0x34, 0x33, 0xda, 0x87,
    0x6d, 0xdd, 0xdf, 0x84, 0x0, 0x0, 0xe, 0x30,
    0x2, 0x0, 0x4a, 0xd0, 0x1f, 0x10, 0x7b, 0xc1,
    0x4e, 0x0, 0x0, 0x0, 0x2f, 0x72, 0x23, 0x30,
    0x4, 0xcf, 0xfe, 0x80,

    /* U+3057 "し" */
    0x0, 0x0, 0x0, 0xe, 0x60, 0x0, 0x0, 0xe5,
    0x0, 0x0, 0xe, 0x40, 0x0, 0x0, 0xe4, 0x0,
    0x0, 0xf, 0x30, 0x0, 0x0, 0xf3, 0x0, 0x0,
    0x1f, 0x30, 0x0, 0x8b, 0xcb, 0x35, 0xbf, 0x43,
    0xcf, 0xea, 0x20,

    /* U+3058 "じ" */
    0x73, 0x0, 0x1, 0xd, 0x50, 0x55, 0xd0, 0xe5,
    0x2, 0xc6, 0x2e, 0x40, 0x1, 0x0, 0xe4, 0x0,
    0x0, 0xf, 0x30, 0x0, 0x0, 0xf3, 0x0, 0x7,
    0xbd, 0xb3, 0x4b, 0xf4, 0x3d, 0xfe, 0xa2, 0x0,

    /* U+3059 "す" */
    0x0, 0x0, 0xf, 0x30, 0x0, 0x3b, 0xcc, 0xcf,
    0xdd, 0xc1, 0x14, 0x43, 0x4f, 0x53, 0x30, 0x0,
    0x8, 0xef, 0x30, 0x0, 0x0, 0x1f, 0xb, 0x70,
    0x0, 0x0, 0xf, 0x5d, 0x80, 0x0, 0x0, 0x4,
    0xcf, 0x40, 0x0, 0x0, 0x5, 0xdb, 0x0, 0x0,
    0x0, 0xb, 0x80, 0x0, 0x0,

    /* U+305B "せ" */
    0x0, 0x36, 0x0, 0x2c, 0x0, 0x0, 0x5d, 0x0,
    0x2e, 0x0, 0x14, 0x8e, 0x8a, 0xcf, 0xda, 0x4d,
    0xde, 0x76, 0x7e, 0x21, 0x0, 0x5c, 0x2, 0x5d,
    0x0, 0x0, 0x5c, 0x7, 0xd8, 0x0, 0x0, 0x4d,
    0x0, 0x0, 0x0, 0x0, 0x1e, 0xed, 0xef, 0x90,
    0x0, 0x0, 0x34, 0x43, 0x10,

    /* U+3060 "だ" */
    0x0, 0xc, 0x40, 0x5, 0x92, 0x14, 0x5f, 0x9a,
    0x9, 0x64, 0x2c, 0xdf, 0x96, 0x0, 0x0, 0x0,
    0x7b, 0xb, 0xee, 0x90, 0x0, 0xc6, 0x3, 0x22,
    0x20, 0x2, 0xf1, 0x33, 0x0, 0x0, 0x8, 0xc0,
    0x99, 0x0, 0x0, 0xe, 0x60, 0x5f, 0xee, 0xc0,
    0x3, 0x0, 0x1, 0x33, 0x10,

    /* U+3064 "つ" */
    0x0, 0x16, 0xad, 0xd9, 0x10, 0x2c, 0xfc, 0x74,
    0x4c, 0xc0, 0x8, 0x20, 0x0, 0x2, 0xf2, 0x0,
    0x0, 0x0, 0x1, 0xf2, 0x0, 0x0, 0x0, 0xa,
    0xd0, 0x0, 0x3, 0x58, 0xee, 0x20, 0x0, 0x9,
    0xeb, 0x60, 0x0,

    /* U+3066 "て" */
    0x0, 0x0, 0x1, 0x23, 0x42, 0xbd, 0xef, 0xff,
    0xeb, 0x16, 0x42, 0x6d, 0x20, 0x0, 0x0, 0x1f,
    0x20, 0x0, 0x0, 0x5, 0xd0, 0x0, 0x0, 0x0,
    0x5e, 0x0, 0x0, 0x0, 0x1, 0xea, 0x10, 0x0,
    0x0, 0x3, 0xdf, 0xd0, 0x0, 0x0, 0x0, 0x23,
    0x0,

    /* U+3067 "で" */
    0x0, 0x0, 0x1, 0x23, 0x30, 0x2b, 0xce, 0xff,
    0xfe, 0xb0, 0x16, 0x42, 0x6d, 0x30, 0x50, 0x0,
    0x1, 0xf2, 0xb, 0x92, 0x0, 0x5, 0xd0, 0x3,
    0x0, 0x0, 0x5, 0xe0, 0x0, 0x0, 0x0, 0x1,
    0xea, 0x20, 0x0, 0x0, 0x0, 0x3d, 0xfd, 0x0,
    0x0, 0x0, 0x0, 0x33, 0x0,

    /* U+3068 "と" */
    0x9, 0x60, 0x0, 0x0, 0x6, 0xd0, 0x4, 0xb0,
    0x0, 0xe7, 0xbe, 0x70, 0x0, 0xbf, 0x80, 0x0,
    0x8, 0xd2, 0x0, 0x0, 0x1f, 0x20, 0x0, 0x0,
    0x1f, 0x50, 0x0, 0x1, 0x8, 0xfe, 0xde, 0xf7,
    0x0, 0x14, 0x44, 0x20,

    /* U+306A "な" */
    0x0, 0x9, 0x70, 0x0, 0x0, 0x3, 0x3d, 0xa7,
    0x14, 0x0, 0xc, 0xdf, 0x94, 0x4e, 0xc2, 0x0,
    0x9a, 0x0, 0x80, 0x81, 0x3, 0xf2, 0x1, 0xf0,
    0x0, 0xc, 0xa2, 0xac, 0xf3, 0x0, 0x8, 0x1c,
    0x62, 0xff, 0x70, 0x0, 0xe, 0x52, 0xf5, 0xd0,
    0x0, 0x5, 0xef, 0xa0, 0x10,

    /* U+306B "に" */
    0x58, 0x0, 0x0, 0x0, 0x8, 0x90, 0x7d, 0xdd,
    0xb0, 0xb6, 0x1, 0x44, 0x42, 0xd, 0x40, 0x0,
    0x0, 0x0, 0xe4, 0x0, 0x0, 0x0, 0xe, 0xd1,
    0xb1, 0x0, 0x0, 0xdc, 0xf, 0x51, 0x23, 0xb,
    0x80, 0x7f, 0xff, 0xf0, 0x32, 0x0, 0x0, 0x0,
    0x0,

    /* U+306E "の" */
    0x0, 0x0, 0x45, 0x20, 0x0, 0x0, 0x7f, 0xef,
    0xeb, 0x0, 0x7, 0xe2, 0x9a, 0xb, 0xa0, 0xf,
    0x30, 0xc6, 0x2, 0xf1, 0x4e, 0x0, 0xf2, 0x0,
    0xf3, 0x4e, 0x6, 0xd0, 0x2, 0xf1, 0xf, 0xae,
    0x60, 0xb, 0xb0, 0x4, 0xd8, 0x9, 0xed, 0x10,
    0x0, 0x0, 0x6, 0x50, 0x0,

    /* U+306F "は" */
    0x67, 0x0, 0x4, 0xa0, 0xa, 0x70, 0x0, 0x5c,
    0x21, 0xc4, 0xd, 0xff, 0xfe, 0x5e, 0x20, 0x0,
    0x5c, 0x0, 0xf2, 0x0, 0x4, 0xd0, 0xf, 0xc1,
    0x7c, 0xde, 0x30, 0xeb, 0x3e, 0x16, 0xfe, 0x7c,
    0x71, 0xde, 0xf9, 0x13, 0x21, 0x0, 0x22, 0x0,
    0x0,

    /* U+3078 "へ" */
    0x0, 0x4, 0x70, 0x0, 0x0, 0x0, 0x4f, 0xfa,
    0x0, 0x0, 0x2, 0xe7, 0x2f, 0x80, 0x0, 0x1d,
    0xb0, 0x4, 0xf6, 0x0, 0x3d, 0x10, 0x0, 0x6f,
    0x50, 0x0, 0x0, 0x0, 0x8, 0xf5, 0x0, 0x0,
    0x0, 0x0, 0x71,

    /* U+307E "ま" */
    0x0, 0x3, 0xe0, 0x0, 0x1f, 0xee, 0xfe, 0xf6,
    0x0, 0x15, 0xd0, 0x0, 0x2e, 0xdd, 0xfe, 0xf8,
    0x1, 0x25, 0xe2, 0x0, 0x5, 0xbc, 0xf3, 0x0,
    0x2e, 0x34, 0xfe, 0xa1, 0x4e, 0x14, 0xf1, 0xc9,
    0x9, 0xff, 0x70, 0x1,

    /* U+307F "み" */
    0x0, 0x23, 0x46, 0x10, 0x0, 0x0, 0x8c, 0xcf,
    0x50, 0x0, 0x0, 0x0, 0x6c, 0x2, 0x30, 0x0,
    0x6b, 0xfd, 0x67, 0xc0, 0xa, 0xb8, 0xe6, 0xcf,
    0xc0, 0x2e, 0xc, 0x70, 0xd, 0xf9, 0x3e, 0x7e,
    0x0, 0x5f, 0x33, 0xa, 0xc4, 0x6, 0xf6, 0x0,
    0x0, 0x0, 0x9, 0x40, 0x0,

    /* U+3080 "む" */
    0x0, 0x4d, 0x0, 0x0, 0x0, 0x1b, 0xbf, 0xda,
    0x4c, 0x10, 0x4, 0x8e, 0x20, 0x9, 0xd0, 0x6,
    0xee, 0x0, 0x0, 0x50, 0x1e, 0x1f, 0x10, 0x0,
    0x0, 0x1e, 0x6e, 0x0, 0xd, 0x30, 0x6, 0xd9,
    0x0, 0x1f, 0x30, 0x0, 0x6f, 0xcd, 0xfc, 0x0,
    0x0, 0x2, 0x44, 0x20, 0x0,

    /* U+3081 "め" */
    0x0, 0x10, 0x4, 0x80, 0x0, 0x4, 0xe0, 0x29,
    0xb0, 0x0, 0x0, 0xed, 0xef, 0xed, 0x20, 0x5,
    0xfa, 0x1f, 0x18, 0xd0, 0xe, 0x5e, 0x9a, 0x0,
    0xf2, 0x3d, 0xa, 0xf2, 0x0, 0xf2, 0x3e, 0x5e,
    0xe3, 0x9, 0xe0, 0x9, 0xd6, 0x8, 0xde, 0x30,
    0x0, 0x0, 0x4, 0x50, 0x0,

    /* U+3082 "も" */
    0x0, 0x0, 0x0, 0x0, 0x0, 0x0, 0xa8, 0x0,
    0x0, 0x6, 0x4c, 0x73, 0x0, 0x0, 0x8c, 0xfe,
    0xd2, 0x0, 0x1, 0xf, 0x20, 0x3, 0x1, 0xfe,
    0xfd, 0xe3, 0xe6, 0x0, 0x4e, 0x32, 0x7, 0xc0,
    0x3, 0xe0, 0x0, 0x6d, 0x0, 0x1f, 0x62, 0x5e,
    0x80, 0x0, 0x6e, 0xfe, 0x80,

    /* U+308A "り" */
    0x0, 0x0, 0x0, 0x0, 0xb, 0x60, 0x41, 0x0,
    0xd, 0x6d, 0xcf, 0x40, 0xf, 0xe3, 0x7, 0xd0,
    0xf, 0x70, 0x2, 0xf0, 0xf, 0x20, 0x2, 0xf1,
    0xf, 0x20, 0x5, 0xf0, 0x0, 0x0, 0x1d, 0x80,
    0x0, 0x48, 0xeb, 0x0, 0x0, 0x6a, 0x40, 0x0,

    /* U+308B "る" */
    0x0, 0x8b, 0xcc, 0xd8, 0x0, 0x4, 0x54, 0xbd,
    0x20, 0x0, 0x1, 0xbb, 0x10, 0x0, 0x2, 0xdf,
    0xba, 0x40, 0x4, 0xea, 0x42, 0x5e, 0x60, 0xa5,
    0x5b, 0x80, 0x6c, 0x0, 0x1e, 0x2b, 0x66, 0xc0,
    0x2, 0xf2, 0x6d, 0xe6, 0x0, 0x7, 0xef, 0xd6,
    0x0,

    /* U+308C "れ" */
    0x0, 0x0, 0x0, 0x0, 0x0, 0x0, 0x3f, 0x0,
    0x0, 0x0, 0x27, 0xaf, 0x18, 0xc9, 0x0, 0x29,
    0xae, 0xd8, 0x5f, 0x20, 0x0, 0x9f, 0x40, 0xf,
    0x10, 0x3, 0xf9, 0x0, 0x1f, 0x0, 0xd, 0xd9,
    0x0, 0x3e, 0x0, 0x5b, 0x89, 0x0, 0x5d, 0x26,
    0x1, 0x89, 0x0, 0x2f, 0xf8, 0x0, 0x45, 0x0,
    0x1, 0x10,

    /* U+308F "わ" */
    0x0, 0x0, 0x0, 0x0, 0x0, 0x0, 0x3f, 0x0,
    0x0, 0x0, 0x14, 0x8f, 0x0, 0x10, 0x0, 0x3d,
    0xde, 0x8e, 0xff, 0x60, 0x0, 0x8f, 0x91, 0x4,
    0xf3, 0x2, 0xfa, 0x0, 0x0, 0xc6, 0xd, 0xe9,
    0x0, 0x0, 0xf4, 0x5c, 0x89, 0x0, 0x3c, 0xd0,
    0x1, 0x89, 0x9, 0xfa, 0x10, 0x0, 0x45, 0x1,
    0x0, 0x0,

    /* U+3092 "を" */
    0x0, 0x0, 0x0, 0x0, 0x0, 0x0, 0x8a, 0x2,
    0x10, 0xe, 0xef, 0xff, 0xe4, 0x0, 0x5, 0xd1,
    0x0, 0x2, 0x1, 0xee, 0xeb, 0x6d, 0xc0, 0xcb,
    0x16, 0xfc, 0x40, 0x6, 0x9, 0xcf, 0x10, 0x0,
    0x4, 0xe0, 0x91, 0x0, 0x0, 0x4f, 0x64, 0x58,
    0x10, 0x0, 0x6b, 0xcb, 0xa1,

    /* U+3093 "ん" */
    0x0, 0x0, 0x84, 0x0, 0x0, 0x0, 0x3, 0xf3,
    0x0, 0x0, 0x0, 0xc, 0x90, 0x0, 0x0, 0x0,
    0x4f, 0x31, 0x0, 0x0, 0x0, 0xcf, 0xee, 0x0,
    0x0, 0x4, 0xf3, 0xf, 0x10, 0x84, 0xc, 0x90,
    0xf, 0x22, 0xf3, 0x3f, 0x20, 0xd, 0xef, 0x80,
    0x3, 0x0, 0x1, 0x53, 0x0,

    /* U+30A4 "イ" */
    0x0, 0x0, 0x0, 0x0, 0x0, 0x0, 0x0, 0x0,
    0x96, 0x0, 0x0, 0x0, 0xbe, 0x30, 0x0, 0x4,
    0xdc, 0x20, 0x1, 0x6c, 0xff, 0x20, 0x1, 0xfd,
    0x73, 0xf2, 0x0, 0x2, 0x0, 0x2f, 0x20, 0x0,
    0x0, 0x2, 0xf2, 0x0, 0x0, 0x0, 0x2f, 0x20,
    0x0, 0x0, 0x1, 0x61, 0x0,

    /* U+30AA "オ" */
    0x0, 0x0, 0x7, 0xb0, 0x0, 0x3, 0x33, 0x38,
    0xc3, 0x30, 0xc, 0xee, 0xef, 0xfe, 0xe0, 0x0,
    0x0, 0x6f, 0xc0, 0x0, 0x0, 0x7, 0xe8, 0xc0,
    0x0, 0x1, 0xbe, 0x25, 0xc0, 0x0, 0x1e, 0xa1,
    0x5, 0xd0, 0x0, 0x1, 0x0, 0xee, 0xc0, 0x0,
    0x0, 0x0, 0x33, 0x10, 0x0,

    /* U+30AB "カ" */
    0x0, 0x0, 0xf3, 0x0, 0x0, 0x22, 0x2f, 0x42,
    0x20, 0xc, 0xff, 0xff, 0xff, 0xc0, 0x0, 0x3f,
    0x0, 0x5c, 0x0, 0x8, 0xb0, 0x6, 0xb0, 0x1,
    0xe5, 0x0, 0x89, 0x0, 0xbc, 0x0, 0xc, 0x70,
    0xbd, 0x10, 0xee, 0xf2, 0x2, 0x10, 0x3, 0x42,
    0x0,

    /* U+30AD "キ" */
    0x0, 0x0, 0x0, 0x0, 0x0, 0x0, 0x5, 0xd0,
    0x0, 0x0, 0x0, 0x4, 0xf7, 0x9c, 0x10, 0xc,
    0xff, 0xfc, 0x86, 0x10, 0x4, 0x20, 0xc6, 0x0,
    0x10, 0x0, 0x13, 0xcd, 0xbe, 0xf0, 0xe, 0xfe,
    0xdf, 0x63, 0x10, 0x3, 0x10, 0x3f, 0x0, 0x0,
    0x0, 0x0, 0xf, 0x30, 0x0, 0x0, 0x0, 0x7,
    0x20, 0x0,

    /* U+30AF "ク" */
    0x0, 0x0, 0x41, 0x0, 0x0, 0x0, 0x1f, 0x50,
    0x0, 0x0, 0xb, 0xfe, 0xef, 0x90, 0x9, 0xe2,
    0x11, 0xe8, 0xb, 0xe2, 0x0, 0x4f, 0x20, 0x41,
    0x0, 0xd, 0x90, 0x0, 0x0, 0xb, 0xd0, 0x0,
    0x0, 0x4d, 0xd1, 0x0, 0x0, 0xbf, 0x90, 0x0,
    0x0, 0x2, 0x10, 0x0, 0x0,

    /* U+30B5 "サ" */
    0x0, 0x4d, 0x0, 0xd6, 0x0, 0x0, 0x4e, 0x0,
    0xd5, 0x0, 0x3f, 0xff, 0xff, 0xff, 0xf4, 0x2,
    0x5e, 0x22, 0xd7, 0x20, 0x0, 0x4e, 0x0, 0xd4,
    0x0, 0x0, 0x28, 0x1, 0xf2, 0x0, 0x0, 0x0,
    0xa, 0xc0, 0x0, 0x0, 0x1, 0xce, 0x20, 0x0,
    0x0, 0x0, 0x51, 0x0, 0x0,

    /* U+30B6 "ザ" */
    0x0, 0x0, 0x0, 0x0, 0x10, 0x0, 0xb5, 0x2,
    0xf8, 0x93, 0x0, 0xd5, 0x2, 0xf3, 0x41, 0xcf,
    0xff, 0xff, 0xff, 0xe0, 0x12, 0xd7, 0x24, 0xf2,
    0x20, 0x0, 0xd5, 0x3, 0xf0, 0x0, 0x0, 0x73,
    0x7, 0xc0, 0x0, 0x0, 0x0, 0x2e, 0x60, 0x0,
    0x0, 0x7, 0xf9, 0x0, 0x0, 0x0, 0x1, 0x40,
    0x0, 0x0,

    /* U+30B9 "ス" */
    0x0, 0x33, 0x33, 0x32, 0x0, 0x3, 0xff, 0xff,
    0xff, 0x10, 0x0, 0x0, 0x0, 0xc9, 0x0, 0x0,
    0x0, 0x5, 0xf1, 0x0, 0x0, 0x0, 0x2e, 0x80,
    0x0, 0x0, 0x3, 0xec, 0xf4, 0x0, 0x0, 0x7f,
    0x80, 0x7f, 0x40, 0xc, 0xe5, 0x0, 0x9, 0xe0,
    0x2, 0x0, 0x0, 0x0, 0x20,

    /* U+30BB "セ" */
    0x0, 0x2f, 0x10, 0x0, 0x0, 0x0, 0x1f, 0x10,
    0x15, 0x40, 0x2, 0x6f, 0xbe, 0xff, 0xc0, 0x6f,
    0xdf, 0x73, 0x2f, 0x30, 0x0, 0x1f, 0x10, 0xc9,
    0x0, 0x0, 0x1f, 0x10, 0x60, 0x0, 0x0, 0x1f,
    0x20, 0x0, 0x10, 0x0, 0xd, 0xfd, 0xef, 0x80,
    0x0, 0x0, 0x33, 0x32, 0x0,

    /* U+30BF "タ" */
    0x0, 0x0, 0x41, 0x0, 0x0, 0x0, 0x2f, 0x40,
    0x0, 0x0, 0xb, 0xff, 0xff, 0xa0, 0x9, 0xd2,
    0x11, 0xd7, 0xa, 0xe4, 0x81, 0x4f, 0x10, 0x71,
    0x1b, 0xee, 0x80, 0x0, 0x0, 0x1e, 0xfa, 0x0,
    0x0, 0x3d, 0xc5, 0xa0, 0x1, 0xbf, 0x90, 0x0,
    0x0, 0x4, 0x20, 0x0, 0x0,

    /* U+30C0 "ダ" */
    0x0, 0x0, 0x20, 0x3, 0x72, 0x0, 0x4, 0xf1,
    0x9, 0x76, 0x0, 0xd, 0xfd, 0xde, 0x60, 0x0,
    0xbc, 0x33, 0x4f, 0x40, 0x1b, 0xd4, 0x50, 0x7d,
    0x0, 0x29, 0x15, 0xfb, 0xf5, 0x0, 0x0, 0x0,
    0x3f, 0xf4, 0x0, 0x0, 0x3, 0xeb, 0x99, 0x0,
    0x3, 0xbf, 0x80, 0x0, 0x0, 0x0, 0x72, 0x0,
    0x0, 0x0,

    /* U+30C1 "チ" */
    0x0, 0x12, 0x35, 0x8b, 0x10, 0x1, 0xed, 0xdf,
    0x85, 0x0, 0x0, 0x0, 0x4e, 0x0, 0x0, 0xe,
    0xee, 0xef, 0xee, 0xe5, 0x3, 0x33, 0x7e, 0x33,
    0x31, 0x0, 0x0, 0x9a, 0x0, 0x0, 0x0, 0x4,
    0xf3, 0x0, 0x0, 0x0, 0x6f, 0x60, 0x0, 0x0,
    0x0, 0x2, 0x0, 0x0, 0x0,

    /* U+30C3 "ッ" */
    0x3, 0xb, 0x20, 0x53, 0x2f, 0x1a, 0x80, 0xc7,
    0xc, 0x63, 0x52, 0xf1, 0x2, 0x0, 0xb, 0xa0,
    0x0, 0x0, 0x9e, 0x10, 0x0, 0x5d, 0xd2, 0x0,
    0x0, 0x98, 0x0, 0x0,

    /* U+30C7 "デ" */
    0x0, 0x0, 0x0, 0x0, 0x21, 0x0, 0x33, 0x33,
    0x3a, 0x79, 0x1, 0xee, 0xee, 0xe7, 0x51, 0x1,
    0x11, 0x11, 0x11, 0x10, 0x3f, 0xff, 0xff, 0xff,
    0xf1, 0x0, 0x0, 0x8b, 0x0, 0x0, 0x0, 0x0,
    0xb8, 0x0, 0x0, 0x0, 0x4, 0xf2, 0x0, 0x0,
    0x0, 0x6f, 0x60, 0x0, 0x0, 0x0, 0x14, 0x0,
    0x0, 0x0,

    /* U+30C8 "ト" */
    0xd7, 0x0, 0x0, 0xc6, 0x0, 0x0, 0xc9, 0x0,
    0x0, 0xcf, 0xfa, 0x40, 0xc7, 0x5c, 0xf7, 0xc7,
    0x0, 0x31, 0xc7, 0x0, 0x0, 0xd7, 0x0, 0x0,
    0x32, 0x0, 0x0,

    /* U+30C9 "ド" */
    0x14, 0x0, 0x3, 0x4, 0xf0, 0xa, 0x78, 0x3f,
    0x0, 0x74, 0x33, 0xf6, 0x10, 0x0, 0x3f, 0xef,
    0xb5, 0x3, 0xf0, 0x4a, 0xe0, 0x3f, 0x0, 0x1,
    0x3, 0xf0, 0x0, 0x0, 0x4f, 0x0, 0x0, 0x0,

    /* U+30CD "ネ" */
    0x0, 0x0, 0x5e, 0x0, 0x0, 0x4, 0xaa, 0xcf,
    0xab, 0x40, 0x2, 0x66, 0x66, 0xbf, 0x30, 0x0,
    0x0, 0x7, 0xf4, 0x0, 0x0, 0x3, 0xcf, 0x46,
    0x0, 0x7, 0xcf, 0xcd, 0x2d, 0xd3, 0x7, 0x60,
    0x5d, 0x0, 0x83, 0x0, 0x0, 0x5d, 0x0, 0x0,
    0x0, 0x0, 0x37, 0x0, 0x0,

    /* U+30D1 "パ" */
    0x0, 0x0, 0x0, 0x5, 0x97, 0x0, 0x1b, 0x14,
    0xb6, 0x97, 0x0, 0x4f, 0x0, 0xe5, 0x0, 0x0,
    0x8b, 0x0, 0x8c, 0x0, 0x0, 0xd7, 0x0, 0x2f,
    0x30, 0x4, 0xf1, 0x0, 0xc, 0x90, 0xc, 0xa0,
    0x0, 0x7, 0xe0, 0x4f, 0x20, 0x0, 0x2, 0xe2,
    0x0, 0x0, 0x0, 0x0, 0x0,

    /* U+30D3 "ビ" */
    0x0, 0x0, 0x0, 0x4, 0x3, 0xa0, 0x0, 0x2a,
    0xb2, 0x4e, 0x0, 0x0, 0x81, 0x4, 0xe0, 0x27,
    0xdc, 0x0, 0x4f, 0xdf, 0xb6, 0x0, 0x4, 0xf5,
    0x10, 0x0, 0x0, 0x4e, 0x0, 0x0, 0x0, 0x4,
    0xf0, 0x0, 0x0, 0x0, 0x1f, 0xfd, 0xde, 0xf4,
    0x0, 0x14, 0x55, 0x43, 0x0,

    /* U+30D7 "プ" */
    0x0, 0x0, 0x0, 0x69, 0x7e, 0xff, 0xff, 0xff,
    0xb6, 0x22, 0x22, 0x23, 0xf3, 0x0, 0x0, 0x0,
    0x6e, 0x0, 0x0, 0x0, 0xd, 0x80, 0x0, 0x0,
    0x9, 0xe1, 0x0, 0x0, 0x2b, 0xf3, 0x0, 0x0,
    0xaf, 0xc2, 0x0, 0x0, 0x3, 0x30, 0x0, 0x0,
    0x0,

    /* U+30DB "ホ" */
    0x0, 0x0, 0x4f, 0x0, 0x0, 0x2, 0x22, 0x5f,
    0x22, 0x20, 0xc, 0xff, 0xff, 0xff, 0xf4, 0x0,
    0x0, 0x4e, 0x0, 0x0, 0x0, 0xb6, 0x4e, 0xc,
    0x70, 0x7, 0xd0, 0x4e, 0x3, 0xf3, 0xa, 0x20,
    0x4e, 0x0, 0x74, 0x0, 0xa, 0xed, 0x0, 0x0,
    0x0, 0x1, 0x31, 0x0, 0x0,

    /* U+30E0 "ム" */
    0x0, 0x0, 0xb3, 0x0, 0x0, 0x0, 0x4, 0xf1,
    0x0, 0x0, 0x0, 0x9, 0xb0, 0x0, 0x0, 0x0,
    0xd, 0x60, 0x1, 0x0, 0x0, 0x3f, 0x10, 0x9c,
    0x0, 0x0, 0x8b, 0x0, 0x1f, 0x50, 0x15, 0xec,
    0x9b, 0xdf, 0xd0, 0x3e, 0xca, 0x87, 0x54, 0xf4,
    0x0, 0x0, 0x0, 0x0, 0x30,

    /* U+30E2 "モ" */
    0x13, 0x33, 0x33, 0x31, 0x3, 0xdd, 0xfd, 0xdd,
    0x50, 0x0, 0x2f, 0x10, 0x0, 0x2, 0x24, 0xf3,
    0x22, 0x20, 0xef, 0xff, 0xff, 0xff, 0x10, 0x2,
    0xf1, 0x0, 0x0, 0x0, 0x2f, 0x20, 0x0, 0x0,
    0x0, 0xdf, 0xef, 0xc0, 0x0, 0x0, 0x33, 0x32,
    0x0,

    /* U+30E3 "ャ" */
    0x0, 0x20, 0x0, 0x0, 0x1, 0xf2, 0x0, 0x21,
    0x2, 0xdb, 0xbe, 0xf8, 0x7d, 0xdd, 0x44, 0xe1,
    0x0, 0x3f, 0x1e, 0x40, 0x0, 0xe, 0x31, 0x0,
    0x0, 0xa, 0x80, 0x0, 0x0, 0x6, 0xa0, 0x0,

    /* U+30E5 "ュ" */
    0x0, 0x11, 0x11, 0x0, 0x6, 0xff, 0xff, 0xa0,
    0x0, 0x0, 0xb, 0x80, 0x0, 0x0, 0xd, 0x60,
    0x0, 0x0, 0xf, 0x30, 0x5f, 0xff, 0xff, 0xfd,
    0x1, 0x11, 0x11, 0x11,

    /* U+30E9 "ラ" */
    0xa, 0xcc, 0xcc, 0xc1, 0x4, 0x44, 0x44, 0x50,
    0x12, 0x22, 0x22, 0x20, 0xbf, 0xff, 0xff, 0xfb,
    0x0, 0x0, 0x0, 0xd6, 0x0, 0x0, 0x7, 0xe0,
    0x0, 0x0, 0x8f, 0x30, 0x0, 0x9f, 0xd3, 0x0,
    0x0, 0x54, 0x0, 0x0,

    /* U+30EA "リ" */
    0xc3, 0x0, 0x5d, 0xf4, 0x0, 0x5e, 0xf4, 0x0,
    0x5e, 0xf4, 0x0, 0x5e, 0xf4, 0x0, 0x7d, 0x10,
    0x0, 0xc9, 0x0, 0x1a, 0xe1, 0x3, 0xfc, 0x20,
    0x0, 0x20, 0x0,

    /* U+30EB "ル" */
    0x0, 0x38, 0x9, 0x30, 0x0, 0x0, 0x5d, 0xe,
    0x50, 0x0, 0x0, 0x5c, 0xe, 0x50, 0x0, 0x0,
    0x6c, 0xe, 0x50, 0x0, 0x0, 0x7a, 0xe, 0x50,
    0x31, 0x0, 0xc8, 0xe, 0x52, 0xe6, 0x4, 0xf2,
    0xe, 0xbf, 0x80, 0x1e, 0x80, 0xe, 0xe5, 0x0,
    0x2, 0x0, 0x2, 0x0, 0x0,

    /* U+30EC "レ" */
    0x8, 0x30, 0x0, 0x0, 0x0, 0xe4, 0x0, 0x0,
    0x0, 0xe, 0x40, 0x0, 0x0, 0x0, 0xe4, 0x0,
    0x0, 0x20, 0xe, 0x40, 0x0, 0x7e, 0x0, 0xe4,
    0x1, 0xbe, 0x30, 0xe, 0x79, 0xfb, 0x10, 0x0,
    0xef, 0xa3, 0x0, 0x0, 0x2, 0x10, 0x0, 0x0,
    0x0,

    /* U+30EF "ワ" */
    0x22, 0x22, 0x22, 0x20, 0xef, 0xff, 0xff, 0xfa,
    0xe5, 0x0, 0x0, 0xc8, 0xe5, 0x0, 0x0, 0xf5,
    0x72, 0x0, 0x5, 0xf1, 0x0, 0x0, 0x1d, 0x90,
    0x0, 0x4, 0xdc, 0x0, 0x0, 0xcf, 0x90, 0x0,
    0x0, 0x42, 0x0, 0x0,

    /* U+30F3 "ン" */
    0x4, 0x0, 0x0, 0x0, 0x2, 0xfa, 0x0, 0x0,
    0x0, 0x2, 0xea, 0x0, 0x8, 0x0, 0x1, 0x20,
    0x5, 0xf2, 0x0, 0x0, 0x4, 0xf7, 0x0, 0x0,
    0x7, 0xf8, 0x0, 0x1, 0x7d, 0xf5, 0x0, 0x7,
    0xfe, 0x81, 0x0, 0x0, 0x3, 0x0, 0x0, 0x0,
    0x0,

    /* U+30FB "・" */
    0x6, 0x60, 0x2f, 0xf2, 0xd, 0xd0,

    /* U+30FC "ー" */
    0x6, 0x66, 0x66, 0x66, 0x60, 0xf, 0xee, 0xee,
    0xee, 0xf0,

    /* U+4E00 "一" */
    0x14, 0x44, 0x44, 0x44, 0x43, 0x5e, 0xee, 0xee,
    0xee, 0xec,

    /* U+4E0A "上" */
    0x0, 0x2, 0xf0, 0x0, 0x0, 0x0, 0x2, 0xf0,
    0x0, 0x0, 0x0, 0x2, 0xf3, 0x33, 0x10, 0x0,
    0x2, 0xfe, 0xee, 0x90, 0x0, 0x2, 0xf0, 0x0,
    0x0, 0x0, 0x2, 0xf0, 0x0, 0x0, 0x0, 0x2,
    0xf0, 0x0, 0x0, 0x8b, 0xbb, 0xfb, 0xbb, 0xb3,
    0x46, 0x66, 0x66, 0x66, 0x62,

    /* U+4E0B "下" */
    0x7b, 0xbb, 0xbb, 0xbb, 0xb4, 0x35, 0x55, 0xf8,
    0x55, 0x51, 0x0, 0x0, 0xe4, 0x0, 0x0, 0x0,
    0x0, 0xef, 0x91, 0x0, 0x0, 0x0, 0xe6, 0xbf,
    0x60, 0x0, 0x0, 0xe3, 0x6, 0x60, 0x0, 0x0,
    0xe3, 0x0, 0x0, 0x0, 0x0, 0xe3, 0x0, 0x0,
    0x0, 0x0, 0xe3, 0x0, 0x0,

    /* U+4E0D "不" */
    0x1f, 0xff, 0xff, 0xff, 0xf8, 0x2, 0x22, 0x6f,
    0x42, 0x21, 0x0, 0x1, 0xdd, 0x20, 0x0, 0x0,
    0xc, 0xfd, 0xe9, 0x0, 0x2, 0xdc, 0x6c, 0x1c,
    0xc1, 0x2f, 0xa0, 0x6c, 0x0, 0xba, 0x2, 0x0,
    0x6c, 0x0, 0x1, 0x0, 0x0, 0x6c, 0x0, 0x0,
    0x0, 0x0, 0x6c, 0x0, 0x0,

    /* U+4E24 "两" */
    0x7d, 0xdd, 0xdd, 0xdd, 0xd7, 0x1, 0x1f, 0x43,
    0xf1, 0x11, 0xe, 0xef, 0xee, 0xfe, 0xf1, 0x1f,
    0x2f, 0x34, 0xe2, 0xf1, 0x1f, 0xf, 0x74, 0xf2,
    0xf1, 0x1f, 0x4e, 0xea, 0xdd, 0xf1, 0x1f, 0xc6,
    0x5f, 0x27, 0xf1, 0x1f, 0x60, 0x16, 0x0, 0xf1,
    0x1f, 0x0, 0x0, 0x6f, 0xc0,

    /* U+4E2D "中" */
    0x0, 0x0, 0xd5, 0x0, 0x0, 0x1f, 0xff, 0xff,
    0xff, 0xf1, 0x1f, 0x22, 0xd6, 0x22, 0xf2, 0x1f,
    0x0, 0xd5, 0x0, 0xf2, 0x1f, 0x22, 0xd7, 0x22,
    0xf2, 0x1f, 0xee, 0xff, 0xee, 0xf2, 0x7, 0x0,
    0xd5, 0x0, 0x60, 0x0, 0x0, 0xd5, 0x0, 0x0,
    0x0, 0x0, 0xd5, 0x0, 0x0,

    /* U+4E88 "予" */
    0x0, 0x0, 0x0, 0x0, 0x0, 0x5, 0xff, 0xff,
    0xff, 0x70, 0x0, 0x4, 0x32, 0xca, 0x0, 0x0,
    0x6, 0xdf, 0xc0, 0x0, 0x3a, 0xaa, 0xaf, 0xfb,
    0xb6, 0x15, 0x55, 0x8e, 0x56, 0xf6, 0x0, 0x0,
    0x4d, 0x7, 0xc0, 0x0, 0x0, 0x4d, 0x0, 0x10,
    0x0, 0x0, 0x4d, 0x0, 0x0, 0x0, 0xd, 0xf9,
    0x0, 0x0, 0x0, 0x0, 0x0, 0x0, 0x0,

    /* U+4E8B "事" */
    0x8, 0x88, 0xaf, 0x88, 0x87, 0x0, 0x1b, 0xbc,
    0xfb, 0xb9, 0x0, 0x2, 0xf6, 0x8f, 0x68, 0xd0,
    0x0, 0x6, 0x68, 0xf6, 0x65, 0x0, 0x2, 0xcc,
    0xcf, 0xcc, 0xf0, 0x2, 0xbb, 0xbc, 0xfb, 0xbf,
    0xb0, 0x2, 0xaa, 0xbf, 0xaa, 0xf0, 0x0, 0x2,
    0x25, 0xf2, 0x39, 0x0, 0x0, 0x8, 0xda, 0x0,
    0x0, 0x0,

    /* U+4EAC "京" */
    0x8, 0x88, 0xae, 0x88, 0x85, 0x8, 0x88, 0x88,
    0x88, 0x85, 0x2, 0xee, 0xee, 0xee, 0x20, 0x2,
    0xe0, 0x0, 0xe, 0x30, 0x2, 0xf7, 0x77, 0x7f,
    0x30, 0x1, 0x77, 0xae, 0x77, 0x10, 0x1, 0xd1,
    0x4d, 0x1e, 0x40, 0xc, 0x70, 0x4d, 0x7, 0xf4,
    0x6, 0xd, 0xf9, 0x0, 0x85, 0x0, 0x0, 0x0,
    0x0, 0x0,

    /* U+4ECA "今" */
    0x0, 0x1, 0xec, 0x0, 0x0, 0x0, 0x1d, 0x56,
    0xc1, 0x0, 0x3, 0xe9, 0x22, 0x9e, 0x40, 0x6e,
    0x6d, 0xdd, 0xd6, 0xe7, 0x12, 0x22, 0x22, 0x22,
    0x11, 0x7, 0xee, 0xee, 0xef, 0x20, 0x0, 0x0,
    0x0, 0x7c, 0x0, 0x0, 0x0, 0x0, 0xe4, 0x0,
    0x0, 0x0, 0x6, 0xd0, 0x0, 0x0, 0x0, 0x0,
    0x0, 0x0,

    /* U+4EF6 "件" */
    0x0, 0x0, 0x0, 0x0, 0x0, 0x0, 0x97, 0x62,
    0xe2, 0x0, 0x2, 0xe1, 0xe6, 0xf6, 0x41, 0xc,
    0xb4, 0xec, 0xfc, 0xc3, 0x5e, 0xb6, 0x40, 0xe2,
    0x0, 0x5, 0xb8, 0xdd, 0xfd, 0xda, 0x4, 0xb2,
    0x44, 0xf5, 0x43, 0x4, 0xb0, 0x0, 0xe2, 0x0,
    0x4, 0xb0, 0x0, 0xe2, 0x0, 0x4, 0xb0, 0x0,
    0xe2, 0x0,

    /* U+4F1A "会" */
    0x0, 0x1, 0xed, 0x10, 0x0, 0x0, 0x2d, 0x66,
    0xd2, 0x0, 0x7, 0xf9, 0x33, 0x8f, 0x81, 0x6c,
    0x7c, 0xcc, 0xc6, 0xb6, 0x4, 0x44, 0x44, 0x44,
    0x40, 0x1b, 0xbf, 0xdb, 0xcb, 0xb2, 0x0, 0x1f,
    0x20, 0xb9, 0x0, 0xb, 0xdf, 0xdd, 0xef, 0xa0,
    0x4, 0x43, 0x22, 0x12, 0x60,

    /* U+4F4D "位" */
    0x0, 0x0, 0x0, 0x0, 0x0, 0x0, 0x97, 0x0,
    0xf1, 0x0, 0x2, 0xf7, 0xaa, 0xfa, 0xa4, 0xd,
    0xe3, 0x66, 0x67, 0x73, 0x7d, 0xe0, 0x87, 0x6,
    0xa0, 0x3, 0xe0, 0x5b, 0x9, 0x70, 0x2, 0xe0,
    0x2e, 0xd, 0x30, 0x2, 0xe0, 0xc, 0x1e, 0x0,
    0x2, 0xe9, 0xcc, 0xdf, 0xc8, 0x2, 0xe2, 0x33,
    0x33, 0x32,

    /* U+4F4E "低" */
    0x0, 0x4, 0x0, 0x0, 0x0, 0x0, 0x1, 0xf4,
    0x57, 0xae, 0x90, 0x0, 0xa9, 0x6d, 0x6e, 0x30,
    0x0, 0x5f, 0x46, 0xa0, 0xc4, 0x0, 0xe, 0xf4,
    0x6f, 0xef, 0xfe, 0x60, 0x2c, 0x46, 0x90, 0x87,
    0x0, 0x0, 0xc4, 0x69, 0x17, 0xa0, 0x0, 0xc,
    0x6e, 0xec, 0x6e, 0x35, 0x0, 0xc4, 0x0, 0x0,
    0xae, 0x70, 0xc, 0x4e, 0xff, 0xf3, 0x40,

    /* U+4F53 "体" */
    0x0, 0x0, 0x0, 0x0, 0x0, 0x0, 0x1, 0xf1,
    0x4, 0xc0, 0x0, 0x0, 0x9a, 0xcd, 0xef, 0xdd,
    0x70, 0x5f, 0x42, 0x3f, 0xf9, 0x31, 0xd, 0xf4,
    0x7, 0xed, 0xd0, 0x0, 0x1c, 0x41, 0xe7, 0xca,
    0x60, 0x0, 0xc4, 0xba, 0x4c, 0x2e, 0x20, 0xc,
    0x8e, 0xcf, 0xff, 0xb9, 0x0, 0xc4, 0x10, 0x4c,
    0x0, 0x0, 0xc, 0x40, 0x4, 0xb0, 0x0,

    /* U+4F59 "余" */
    0x0, 0x5, 0xeb, 0x0, 0x0, 0x0, 0x8d, 0x16,
    0xd3, 0x0, 0x5d, 0xf7, 0x66, 0xaf, 0xa2, 0x65,
    0x79, 0xeb, 0x94, 0x81, 0x3, 0x33, 0xd7, 0x33,
    0x30, 0x2c, 0xcc, 0xfd, 0xcc, 0xa0, 0x2, 0xa0,
    0xd5, 0x78, 0x0, 0x4e, 0x60, 0xd5, 0x1c, 0xb0,
    0x44, 0x1f, 0xe2, 0x0, 0x70,

    /* U+4F5C "作" */
    0x0, 0x13, 0x3, 0x10, 0x0, 0x0, 0x99, 0xe,
    0x30, 0x0, 0x2, 0xf2, 0x7f, 0xdd, 0xdb, 0xd,
    0xe2, 0xe5, 0xf1, 0x11, 0x4e, 0xe6, 0x71, 0xfd,
    0xd9, 0x4, 0xe0, 0x1, 0xf2, 0x21, 0x3, 0xe0,
    0x1, 0xf3, 0x32, 0x3, 0xe0, 0x1, 0xfc, 0xca,
    0x3, 0xe0, 0x1, 0xf0, 0x0, 0x3, 0xd0, 0x1,
    0xf0, 0x0,

    /* U+4F7F "使" */
    0x0, 0x0, 0x0, 0x0, 0x0, 0x0, 0x7, 0xb3,
    0x3f, 0x53, 0x30, 0x2, 0xf8, 0xbb, 0xfc, 0xba,
    0x0, 0xce, 0x29, 0x9f, 0xa9, 0x70, 0x6c, 0xe4,
    0xc2, 0xf4, 0x5d, 0x0, 0x2e, 0x4f, 0xef, 0xee,
    0xd0, 0x2, 0xe1, 0xa1, 0xf0, 0x0, 0x0, 0x2e,
    0x8, 0xed, 0x0, 0x0, 0x2, 0xe1, 0x7f, 0xe9,
    0x52, 0x0, 0x2e, 0x8b, 0x31, 0x7b, 0xb0,

    /* U+4F8B "例" */
    0x0, 0x2, 0x0, 0x0, 0x0, 0x0, 0x5, 0xdf,
    0xff, 0x91, 0xe1, 0x0, 0xc5, 0x88, 0x9, 0x6e,
    0x10, 0x6f, 0x2b, 0xff, 0xb6, 0xe1, 0xe, 0xf3,
    0xe0, 0xe9, 0x6e, 0x10, 0x3d, 0xaf, 0xad, 0x96,
    0xe1, 0x0, 0xd6, 0x1d, 0x89, 0x6e, 0x10, 0xd,
    0x21, 0xe2, 0x43, 0xe1, 0x0, 0xd2, 0xb9, 0x0,
    0xe, 0x10, 0xd, 0x4b, 0x0, 0x2f, 0xc0,

    /* U+4F9B "供" */
    0x0, 0x0, 0x0, 0x0, 0x0, 0x0, 0x2, 0xd0,
    0xe2, 0xf, 0x0, 0x0, 0x98, 0x3e, 0x54, 0xf4,
    0x10, 0x4f, 0x5c, 0xfd, 0xcf, 0xc4, 0xd, 0xe5,
    0xe, 0x20, 0xf0, 0x0, 0x1c, 0x78, 0xf9, 0x8f,
    0x83, 0x0, 0xc7, 0x88, 0x88, 0x88, 0x30, 0xc,
    0x50, 0xc2, 0xc, 0x20, 0x0, 0xc5, 0xab, 0x0,
    0x7c, 0x0, 0xc, 0x7b, 0x10, 0x0, 0xb2, 0x0,
    0x0, 0x0, 0x0, 0x0, 0x0,

    /* U+4FDD "保" */
    0x0, 0x13, 0x0, 0x0, 0x0, 0x0, 0x9, 0x8f,
    0xff, 0xff, 0x40, 0x2, 0xf1, 0xf1, 0x0, 0xc4,
    0x0, 0xde, 0xf, 0x99, 0x9e, 0x40, 0x6c, 0xe0,
    0x34, 0xf5, 0x41, 0x0, 0x2e, 0x9e, 0xef, 0xee,
    0xb0, 0x2, 0xe1, 0x1c, 0xfe, 0x21, 0x0, 0x2e,
    0x8, 0xce, 0xab, 0x0, 0x2, 0xe9, 0xd1, 0xe2,
    0xbb, 0x0, 0x2d, 0x31, 0xe, 0x20, 0x40,

    /* U+4FE1 "信" */
    0x0, 0x21, 0x0, 0x0, 0x0, 0x0, 0xa6, 0x9d,
    0xdd, 0xc0, 0x2, 0xf6, 0x88, 0x88, 0x86, 0xc,
    0xe4, 0x66, 0x66, 0x64, 0x7e, 0xe0, 0xbd, 0xdd,
    0xd1, 0x24, 0xe0, 0x79, 0x99, 0x90, 0x2, 0xe0,
    0x66, 0x66, 0x60, 0x2, 0xe1, 0xfb, 0xbb, 0xf1,
    0x2, 0xe1, 0xf3, 0x33, 0xe1, 0x2, 0xe1, 0xfa,
    0xaa, 0xf1, 0x0, 0x0, 0x0, 0x0, 0x0,

    /* U+5024 "値" */
    0x0, 0x0, 0x0, 0x0, 0x0, 0x0, 0x0, 0xd5,
    0x46, 0xe4, 0x40, 0x0, 0x8b, 0x68, 0xad, 0x88,
    0x10, 0x3f, 0x45, 0x5e, 0xcd, 0xa0, 0xe, 0xf4,
    0x96, 0xd8, 0xba, 0x0, 0x5c, 0x49, 0x6c, 0x59,
    0xa0, 0x0, 0xc4, 0x96, 0xeb, 0xca, 0x0, 0xc,
    0x49, 0x4b, 0x9a, 0x80, 0x0, 0xc4, 0xac, 0xcc,
    0xcc, 0x20, 0xc, 0x49, 0x22, 0x22, 0x20,

    /* U+5143 "元" */
    0x5, 0xff, 0xff, 0xff, 0xc0, 0x0, 0x11, 0x11,
    0x11, 0x10, 0x0, 0x0, 0x0, 0x0, 0x0, 0x7f,
    0xff, 0xff, 0xff, 0xf7, 0x0, 0x2f, 0x3, 0xe0,
    0x0, 0x0, 0x4e, 0x3, 0xe0, 0x0, 0x0, 0xaa,
    0x3, 0xe0, 0x25, 0x6, 0xf2, 0x3, 0xe0, 0x49,
    0x4e, 0x40, 0x1, 0xef, 0xf4, 0x0, 0x0, 0x0,
    0x0, 0x0,

    /* U+5165 "入" */
    0x0, 0xdf, 0xf9, 0x0, 0x0, 0x0, 0x11, 0x8a,
    0x0, 0x0, 0x0, 0x0, 0xed, 0x0, 0x0, 0x0,
    0x5, 0xff, 0x10, 0x0, 0x0, 0xb, 0x9b, 0x80,
    0x0, 0x0, 0x3f, 0x24, 0xf2, 0x0, 0x1, 0xe8,
    0x0, 0xad, 0x10, 0x4e, 0xb0, 0x0, 0xc, 0xe3,
    0x38, 0x0, 0x0, 0x0, 0x81,

    /* U+5168 "全" */
    0x0, 0x4, 0xcb, 0x0, 0x0, 0x0, 0x6c, 0x5,
    0xc2, 0x0, 0x2b, 0xb0, 0x0, 0x4e, 0x81, 0x99,
    0xff, 0xff, 0xfc, 0xb2, 0x0, 0x0, 0xd5, 0x0,
    0x0, 0x8, 0xdd, 0xfe, 0xdd, 0x20, 0x1, 0x11,
    0xd6, 0x11, 0x0, 0x38, 0x88, 0xeb, 0x88, 0x80,
    0x7f, 0xff, 0xff, 0xff, 0xf1,

    /* U+516D "六" */
    0x0, 0x0, 0xd5, 0x0, 0x0, 0x0, 0x0, 0xd5,
    0x0, 0x0, 0xaf, 0xff, 0xff, 0xff, 0xf3, 0x11,
    0x11, 0x11, 0x11, 0x10, 0x0, 0x75, 0x0, 0x91,
    0x0, 0x1, 0xf5, 0x0, 0xab, 0x0, 0x9, 0xd0,
    0x0, 0x1f, 0x50, 0x4f, 0x40, 0x0, 0x8, 0xd0,
    0x68, 0x0, 0x0, 0x1, 0xb1,

    /* U+5171 "共" */
    0x0, 0x3e, 0x0, 0xd4, 0x0, 0x4, 0x6f, 0x44,
    0xe7, 0x40, 0xc, 0xdf, 0xcc, 0xfd, 0xc2, 0x0,
    0x3e, 0x0, 0xd4, 0x0, 0x3a, 0xbf, 0xaa, 0xfb,
    0xa5, 0x26, 0x67, 0x66, 0x76, 0x63, 0x0, 0x6e,
    0x11, 0xd8, 0x0, 0x9, 0xe3, 0x0, 0x1c, 0xb1,
    0x7, 0x10, 0x0, 0x0, 0x70,

    /* U+5185 "内" */
    0x0, 0x0, 0x5c, 0x0, 0x0, 0x1f, 0xff, 0xff,
    0xff, 0xf1, 0x1f, 0x11, 0x6c, 0x11, 0xf1, 0x1f,
    0x0, 0x7d, 0x0, 0xf1, 0x1f, 0x0, 0xed, 0xa0,
    0xf1, 0x1f, 0x2c, 0xb0, 0xc9, 0xf1, 0x1f, 0x89,
    0x0, 0x17, 0xf1, 0x1f, 0x0, 0x0, 0x1, 0xf1,
    0x1f, 0x0, 0x0, 0x5f, 0xc0,

    /* U+518D "再" */
    0x7f, 0xff, 0xff, 0xff, 0xf1, 0x2, 0x22, 0xd6,
    0x22, 0x20, 0x8, 0xfe, 0xff, 0xef, 0x80, 0x8,
    0xa3, 0xd7, 0x3a, 0x80, 0x8, 0xda, 0xfc, 0xad,
    0x80, 0x4b, 0xc7, 0xe9, 0x7c, 0xb5, 0x5c, 0xc8,
    0x88, 0x8c, 0xc6, 0x8, 0x80, 0x0, 0x8, 0x80,
    0x8, 0x80, 0x2, 0xff, 0x40, 0x0, 0x0, 0x0,
    0x0, 0x0,

    /* U+51ED "凭" */
    0x0, 0x23, 0x0, 0x2, 0x40, 0x0, 0xc7, 0xdd,
    0xfb, 0x81, 0xb, 0xe3, 0x55, 0xf5, 0x53, 0x4c,
    0xd6, 0x99, 0xf9, 0x96, 0x3, 0xd2, 0x77, 0xf8,
    0x74, 0x2, 0x82, 0x66, 0x66, 0x63, 0x0, 0x7f,
    0xff, 0xf8, 0x0, 0x0, 0x9b, 0x0, 0x79, 0x1,
    0x4, 0xf6, 0x0, 0x79, 0xe, 0x2f, 0x70, 0x0,
    0x4f, 0xfa, 0x0, 0x0, 0x0, 0x0, 0x0,

    /* U+5206 "分" */
    0x0, 0x6, 0x10, 0x60, 0x0, 0x0, 0x6e, 0x0,
    0xd7, 0x0, 0x1, 0xe5, 0x0, 0x3f, 0x40, 0x1d,
    0xa0, 0x0, 0x7, 0xf4, 0x7b, 0xff, 0xff, 0xff,
    0xb5, 0x0, 0x16, 0xd1, 0x1f, 0x20, 0x0, 0x9,
    0xa0, 0xf, 0x10, 0x0, 0x1f, 0x40, 0x1f, 0x0,
    0x3, 0xda, 0x0, 0x4e, 0x0, 0x1e, 0x80, 0xe,
    0xf8, 0x0, 0x0, 0x0, 0x0, 0x0, 0x0,

    /* U+5207 "切" */
    0xd, 0x32, 0x77, 0x77, 0x72, 0xd, 0x32, 0x8e,
    0xb8, 0xf3, 0x4e, 0xcd, 0x4c, 0x40, 0xe3, 0x9f,
    0x71, 0xd, 0x40, 0xe3, 0xd, 0x31, 0xe, 0x20,
    0xf2, 0xd, 0x4b, 0x5f, 0x0, 0xf1, 0x9, 0xfd,
    0x9a, 0x1, 0xf0, 0x0, 0x4, 0xf2, 0x15, 0xe0,
    0x0, 0xd, 0x50, 0xdf, 0x70, 0x0, 0x0, 0x0,
    0x0, 0x0,

    /* U+5217 "列" */
    0x3f, 0xff, 0xfb, 0x70, 0xc4, 0x0, 0xe2, 0x0,
    0xf0, 0xc4, 0x3, 0xfd, 0xd5, 0xf0, 0xc4, 0xb,
    0x72, 0xd4, 0xf0, 0xc4, 0x5f, 0xd5, 0xf0, 0xf0,
    0xc4, 0x12, 0x5f, 0xa0, 0xf0, 0xc4, 0x0, 0x2e,
    0x20, 0x0, 0xc4, 0x2, 0xd6, 0x0, 0x1, 0xd4,
    0xa, 0x60, 0x0, 0x2f, 0xd1, 0x0, 0x0, 0x0,
    0x0, 0x0,

    /* U+5229 "利" */
    0x0, 0x2, 0x20, 0x0, 0x0, 0x59, 0xdf, 0x80,
    0x0, 0xf0, 0x67, 0xd4, 0x3, 0xd0, 0xf0, 0x34,
    0xd7, 0x43, 0xd0, 0xf0, 0x8b, 0xfc, 0xb3, 0xd0,
    0xf0, 0x6, 0xf8, 0x3, 0xd0, 0xf0, 0x1e, 0xed,
    0xa3, 0xd0, 0xf0, 0xb8, 0xc4, 0x51, 0x70, 0xf0,
    0x50, 0xc4, 0x0, 0x1, 0xf0, 0x0, 0xc4, 0x0,
    0x6f, 0xc0, 0x0, 0x0, 0x0, 0x0, 0x0,

    /* U+522B "别" */
    0x1f, 0xff, 0xf0, 0x0, 0xe2, 0x1e, 0x0, 0xf0,
    0xe2, 0xe2, 0x1f, 0x88, 0xf0, 0xe2, 0xe2, 0x6,
    0xb7, 0x60, 0xe2, 0xe2, 0x4a, 0xfb, 0xa2, 0xe2,
    0xe2, 0x36, 0xf7, 0xe3, 0xe2, 0xe2, 0x3, 0xd0,
    0xd2, 0x81, 0xe2, 0xc, 0x70, 0xf0, 0x1, 0xe2,
    0x6a, 0x1f, 0xb0, 0x3f, 0xd0, 0x0, 0x0, 0x0,
    0x0, 0x0,

    /* U+5236 "制" */
    0x0, 0x1, 0x0, 0x0, 0x0, 0xe, 0x7c, 0x11,
    0x18, 0x5b, 0x4f, 0xef, 0xe8, 0x2d, 0x5b, 0x7a,
    0x7d, 0x44, 0x2d, 0x5b, 0x6b, 0xce, 0xbb, 0x2d,
    0x5b, 0x8, 0x9e, 0x88, 0x2d, 0x5b, 0x1f, 0x8d,
    0x7f, 0x2d, 0x5b, 0x1e, 0x3c, 0xf, 0x0, 0x5b,
    0x1e, 0x3c, 0xbd, 0x1, 0x6a, 0x0, 0x3c, 0x10,
    0x9, 0xf7, 0x0, 0x0, 0x0, 0x0, 0x0,

    /* U+523B "刻" */
    0x27, 0x9e, 0x76, 0x80, 0xd3, 0x3b, 0xed, 0xb9,
    0xe1, 0xd3, 0x6, 0xd2, 0x80, 0xe1, 0xd3, 0x1d,
    0xaa, 0xa0, 0xe1, 0xd3, 0x1, 0xeb, 0x56, 0xe1,
    0xd3, 0x1e, 0x92, 0xe4, 0xe1, 0xd3, 0x2, 0x2e,
    0xb0, 0x0, 0xd3, 0x7, 0xf7, 0xe6, 0x1, 0xd3,
    0x3c, 0x30, 0x39, 0x2f, 0xd1,

    /* U+524A "削" */
    0x46, 0xa7, 0x85, 0x10, 0xe2, 0x2d, 0xa7, 0xe1,
    0xf0, 0xe2, 0x2c, 0xed, 0xc1, 0xf0, 0xe2, 0x3d,
    0x44, 0xf2, 0xf0, 0xe2, 0x3f, 0xee, 0xf2, 0xf0,
    0xe2, 0x3d, 0x33, 0xf2, 0xf0, 0xe2, 0x3f, 0xcc,
    0xf1, 0x80, 0xe2, 0x3d, 0x0, 0xf1, 0x1, 0xf2,
    0x3d, 0xe, 0xd0, 0x5f, 0xc0, 0x0, 0x0, 0x0,
    0x0, 0x0,

    /* U+524D "前" */
    0x0, 0x51, 0x0, 0x6, 0x10, 0x0, 0xa9, 0x0,
    0x6d, 0x0, 0x4f, 0xff, 0xff, 0xff, 0xfb, 0x3,
    0x44, 0x30, 0x20, 0x61, 0xf, 0xbb, 0xf1, 0xf0,
    0xf2, 0xf, 0xaa, 0xf1, 0xf0, 0xf2, 0xf, 0x45,
    0xf1, 0xf0, 0xf2, 0xf, 0xcc, 0xf1, 0xf0, 0xf2,
    0xf, 0x11, 0xf0, 0x0, 0xf2, 0xe, 0x1e, 0xb0,
    0x3f, 0xd0,

    /* U+52A0 "加" */
    0x3, 0xd0, 0x1, 0x55, 0x51, 0x6e, 0xfe, 0xe7,
    0xd8, 0xf3, 0x16, 0xd3, 0xf7, 0xa0, 0xe3, 0x4,
    0xb0, 0xf7, 0xa0, 0xe3, 0x6, 0xa0, 0xf7, 0xa0,
    0xe3, 0x8, 0x80, 0xf6, 0xa0, 0xe3, 0xd, 0x50,
    0xf6, 0xb1, 0xe3, 0x4f, 0x13, 0xe6, 0xff, 0xf3,
    0x79, 0x8f, 0x96, 0xa0, 0xe3, 0x0, 0x1, 0x0,
    0x10, 0x0,

    /* U+52D5 "動" */
    0x0, 0x23, 0x52, 0x0, 0x0, 0x3c, 0xde, 0x84,
    0x4a, 0x0, 0x7c, 0xdf, 0xc9, 0x5a, 0x10, 0x28,
    0xae, 0x89, 0xff, 0xf9, 0x2d, 0x9d, 0x9a, 0x59,
    0x79, 0x2e, 0xbe, 0xaa, 0x77, 0x78, 0x19, 0xbe,
    0x96, 0x95, 0x87, 0x2c, 0xdf, 0xc8, 0xe1, 0x97,
    0x36, 0xae, 0xac, 0xb0, 0xb5, 0x59, 0x86, 0x5c,
    0x2d, 0xe1, 0x0, 0x0, 0x0, 0x0, 0x0,

    /* U+5305 "包" */
    0x0, 0x56, 0x0, 0x0, 0x0, 0x0, 0xdc, 0x99,
    0x99, 0x91, 0x8, 0xd7, 0x77, 0x77, 0xf1, 0x6f,
    0xcb, 0xbb, 0x10, 0xf1, 0x14, 0x33, 0x3f, 0x21,
    0xf0, 0x1, 0x76, 0x6f, 0x23, 0xe0, 0x3, 0xe8,
    0x88, 0x9e, 0xb0, 0x3, 0xd0, 0x0, 0x12, 0x33,
    0x3, 0xe0, 0x0, 0x0, 0x99, 0x0, 0xbf, 0xff,
    0xff, 0xe3,

    /* U+533A "区" */
    0x2f, 0xff, 0xff, 0xff, 0xf5, 0x2e, 0x0, 0x0,
    0x49, 0x0, 0x2e, 0xd, 0x70, 0xd6, 0x0, 0x2e,
    0x1, 0xce, 0xc0, 0x0, 0x2e, 0x0, 0x9e, 0xe3,
    0x0, 0x2e, 0x1b, 0xd1, 0x7f, 0x20, 0x2e, 0x39,
    0x0, 0x4, 0x0, 0x2f, 0xee, 0xee, 0xee, 0xe8,
    0x2e, 0x22, 0x22, 0x22, 0x21,

    /* U+5358 "単" */
    0x2, 0x11, 0x40, 0x5, 0x0, 0x7, 0xc2, 0xf2,
    0x4e, 0x10, 0x9, 0xeb, 0xeb, 0xed, 0x30, 0xd,
    0x63, 0xf5, 0x3e, 0x40, 0xd, 0xdd, 0xfd, 0xdf,
    0x40, 0xd, 0x97, 0xf8, 0x7e, 0x40, 0x4, 0x66,
    0xf8, 0x66, 0x10, 0xdf, 0xff, 0xff, 0xff, 0xf2,
    0x0, 0x0, 0xe3, 0x0, 0x0, 0x0, 0x0, 0xe3,
    0x0, 0x0,

    /* U+539F "原" */
    0xf, 0xff, 0xff, 0xff, 0xf4, 0xf, 0x13, 0x5f,
    0x43, 0x10, 0xf, 0x4e, 0x99, 0x9e, 0x50, 0xf,
    0x4f, 0xcc, 0xcf, 0x50, 0x1f, 0x3d, 0x55, 0x5d,
    0x50, 0x2e, 0x18, 0x7f, 0x88, 0x20, 0x4c, 0x1e,
    0x3e, 0x4e, 0x30, 0x8a, 0xc8, 0xe, 0x26, 0xf2,
    0x94, 0x50, 0xee, 0x0, 0x40, 0x0, 0x0, 0x0,
    0x0, 0x0,

    /* U+53CC "双" */
    0x6f, 0xff, 0x9f, 0xff, 0xf3, 0x1, 0x1a, 0x7e,
    0x31, 0xf1, 0x3c, 0xd, 0x4b, 0x52, 0xe0, 0xa,
    0xbf, 0x7, 0x97, 0xa0, 0x0, 0xdc, 0x3, 0xee,
    0x40, 0x0, 0xdf, 0x30, 0xdd, 0x0, 0x8, 0xc8,
    0x95, 0xff, 0x20, 0x5f, 0x20, 0x9f, 0x48, 0xe4,
    0x23, 0x0, 0x42, 0x0, 0x61,

    /* U+53D6 "取" */
    0xcf, 0xff, 0xf7, 0x44, 0x40, 0xf, 0x6, 0x9d,
    0xcc, 0xf2, 0xf, 0xef, 0x9d, 0x41, 0xf0, 0xf,
    0x6, 0x99, 0x84, 0xc0, 0xf, 0xff, 0x94, 0xea,
    0x80, 0xf, 0x6, 0x90, 0xdf, 0x20, 0x8f, 0xdf,
    0x90, 0xcf, 0x20, 0x76, 0x37, 0xaa, 0xdb, 0xe3,
    0x0, 0x6, 0xba, 0x10, 0xa2,

    /* U+53E3 "口" */
    0x4, 0x44, 0x44, 0x44, 0x11, 0xfd, 0xdd, 0xdd,
    0xf7, 0x1f, 0x0, 0x0, 0xb, 0x71, 0xf0, 0x0,
    0x0, 0xb7, 0x1f, 0x0, 0x0, 0xb, 0x71, 0xf0,
    0x0, 0x0, 0xb7, 0x1f, 0x22, 0x22, 0x2c, 0x71,
    0xff, 0xff, 0xff, 0xf7, 0x1f, 0x0, 0x0, 0xb,
    0x70, 0x0, 0x0, 0x0, 0x0,

    /* U+53EF "可" */
    0x0, 0x0, 0x0, 0x0, 0x0, 0xaf, 0xff, 0xff,
    0xff, 0xf6, 0x1, 0x11, 0x11, 0x1e, 0x40, 0x1,
    0x44, 0x43, 0xe, 0x30, 0x7, 0xec, 0xce, 0xe,
    0x30, 0x7, 0x90, 0x2e, 0xe, 0x30, 0x7, 0xfe,
    0xee, 0xe, 0x30, 0x6, 0x92, 0x22, 0xe, 0x30,
    0x0, 0x0, 0x0, 0x1e, 0x30, 0x0, 0x0, 0x6,
    0xfd, 0x10, 0x0, 0x0, 0x0, 0x0, 0x0,

    /* U+53F3 "右" */
    0x0, 0x1, 0x90, 0x0, 0x0, 0x0, 0x4, 0xc0,
    0x0, 0x0, 0x2f, 0xff, 0xff, 0xff, 0xf9, 0x1,
    0x2f, 0x31, 0x11, 0x11, 0x0, 0x7b, 0x0, 0x0,
    0x0, 0x2, 0xff, 0xff, 0xff, 0xb0, 0x2d, 0xcb,
    0x11, 0x17, 0xb0, 0x26, 0x6a, 0x0, 0x6, 0xb0,
    0x0, 0x6f, 0xff, 0xff, 0xb0, 0x0, 0x6b, 0x11,
    0x17, 0xb0, 0x0, 0x0, 0x0, 0x0, 0x0,

    /* U+53F7 "号" */
    0x4, 0xff, 0xff, 0xff, 0x10, 0x4, 0xd0, 0x0,
    0xf, 0x10, 0x4, 0xff, 0xff, 0xff, 0x10, 0x57,
    0x77, 0x77, 0x77, 0x71, 0x57, 0xdc, 0x77, 0x77,
    0x71, 0x0, 0xff, 0xff, 0xff, 0x10, 0x2, 0xa1,
    0x0, 0x3f, 0x0, 0x0, 0x0, 0x0, 0x6c, 0x0,
    0x0, 0x0, 0x7f, 0xf5, 0x0, 0x0, 0x0, 0x0,
    0x0, 0x0,

    /* U+540C "同" */
    0x1f, 0xff, 0xff, 0xff, 0xf5, 0x1e, 0x0, 0x0,
    0x0, 0xb5, 0x1e, 0x6e, 0xee, 0xe8, 0xb5, 0x1e,
    0x3, 0x33, 0x30, 0xb5, 0x1e, 0xf, 0xbb, 0xf1,
    0xb5, 0x1e, 0xf, 0x0, 0xe1, 0xb5, 0x1e, 0xf,
    0xee, 0xe1, 0xb5, 0x1e, 0x9, 0x0, 0x0, 0xb5,
    0x1e, 0x0, 0x0, 0x1f, 0xe2,

    /* U+542B "含" */
    0x0, 0x4, 0xbb, 0x40, 0x0, 0x3, 0xad, 0x44,
    0xdb, 0x40, 0x5b, 0x37, 0x77, 0x72, 0xa6, 0x4,
    0xff, 0xff, 0xfd, 0x0, 0x0, 0x0, 0x0, 0xc6,
    0x0, 0x2, 0xff, 0xff, 0xff, 0x40, 0x3, 0xd0,
    0x0, 0xc, 0x40, 0x3, 0xe3, 0x33, 0x3d, 0x40,
    0x3, 0xfc, 0xcc, 0xcf, 0x40,

    /* U+548C "和" */
    0x0, 0x26, 0x20, 0x0, 0x0, 0x7e, 0xfa, 0x4c,
    0xcc, 0xc1, 0x0, 0xe2, 0xf, 0x44, 0xf1, 0x34,
    0xf6, 0x3f, 0x0, 0xf1, 0x8c, 0xfc, 0x8f, 0x0,
    0xf1, 0x8, 0xfa, 0xf, 0x0, 0xf1, 0x1d, 0xfc,
    0x8f, 0x0, 0xf1, 0xa7, 0xe3, 0x3f, 0x33, 0xf1,
    0x60, 0xe2, 0xf, 0xdd, 0xf1, 0x0, 0xe2, 0x9,
    0x0, 0x80,

    /* U+54C1 "品" */
    0x0, 0xdf, 0xff, 0xff, 0x0, 0x0, 0xd3, 0x0,
    0x1f, 0x0, 0x0, 0xda, 0x99, 0xaf, 0x0, 0x0,
    0x45, 0x55, 0x55, 0x0, 0x3d, 0xdd, 0x66, 0xdd,
    0xd4, 0x4c, 0x3a, 0x78, 0x93, 0xc5, 0x4c, 0x9,
    0x78, 0x80, 0xc5, 0x4f, 0xef, 0x78, 0xfe, 0xf5,
    0x4c, 0x2a, 0x78, 0x92, 0xc5, 0x0, 0x0, 0x0,
    0x0, 0x0,

    /* U+56DE "回" */
    0x4f, 0xff, 0xff, 0xff, 0xf4, 0x4d, 0x11, 0x11,
    0x11, 0xe4, 0x4d, 0xf, 0xff, 0xe0, 0xe4, 0x4d,
    0xf, 0x1, 0xf0, 0xe4, 0x4d, 0xf, 0x1, 0xf0,
    0xe4, 0x4d, 0xf, 0xff, 0xf0, 0xe4, 0x4d, 0x0,
    0x0, 0x0, 0xe4, 0x4f, 0xee, 0xee, 0xee, 0xf4,
    0x4d, 0x11, 0x11, 0x11, 0xe4,

    /* U+571F "土" */
    0x0, 0x0, 0xd5, 0x0, 0x0, 0x0, 0x0, 0xd5,
    0x0, 0x0, 0x1, 0x11, 0xd6, 0x11, 0x10, 0x1f,
    0xff, 0xff, 0xff, 0xa0, 0x0, 0x0, 0xd5, 0x0,
    0x0, 0x0, 0x0, 0xd5, 0x0, 0x0, 0x0, 0x0,
    0xd5, 0x0, 0x0, 0x8b, 0xbb, 0xfd, 0xbb, 0xb3,
    0x45, 0x55, 0x55, 0x55, 0x51,

    /* U+5728 "在" */
    0x0, 0x1, 0x40, 0x0, 0x0, 0x0, 0x7, 0xa0,
    0x0, 0x0, 0x3f, 0xff, 0xff, 0xff, 0xfa, 0x0,
    0x6c, 0x1, 0xa0, 0x0, 0x2, 0xe3, 0x1, 0xf0,
    0x0, 0x2d, 0xe3, 0xff, 0xff, 0xf0, 0x29, 0xe0,
    0x2, 0xf0, 0x0, 0x1, 0xe0, 0x1, 0xf0, 0x0,
    0x1, 0xe5, 0x89, 0xf8, 0x85, 0x1, 0xe9, 0xff,
    0xff, 0xfa,

    /* U+5730 "地" */
    0x3, 0xc0, 0x31, 0xc4, 0x0, 0x4, 0xc0, 0xc4,
    0xc6, 0x82, 0x6f, 0xfc, 0xc7, 0xee, 0xe4, 0x3,
    0xc4, 0xed, 0xe4, 0xc4, 0x3, 0xc2, 0xd4, 0xc4,
    0xc3, 0x3, 0xeb, 0xc4, 0xc9, 0xf2, 0x4e, 0xc3,
    0xc4, 0xc4, 0x20, 0x36, 0x0, 0xc4, 0x0, 0x5a,
    0x0, 0x0, 0x7f, 0xff, 0xf5,

    /* U+5747 "均" */
    0x0, 0x0, 0x0, 0x0, 0x0, 0x3, 0xd0, 0x1f,
    0x10, 0x0, 0x4, 0xe1, 0x8f, 0xbb, 0xb5, 0x3c,
    0xfd, 0xf5, 0x33, 0x87, 0x3, 0xd1, 0x8e, 0xec,
    0x66, 0x3, 0xd0, 0x0, 0x0, 0x76, 0x5, 0xff,
    0x11, 0x7d, 0x85, 0x5f, 0xa2, 0x7f, 0xa3, 0x94,
    0x11, 0x0, 0x21, 0x11, 0xd2, 0x0, 0x0, 0x0,
    0x8f, 0xb0,

    /* U+57DF "域" */
    0xe, 0x10, 0x0, 0xa7, 0xc2, 0xe, 0x18, 0xcc,
    0xed, 0xe7, 0xbf, 0xc3, 0x44, 0xb8, 0x31, 0x2e,
    0x3d, 0xbe, 0x98, 0xc4, 0xe, 0x1d, 0xd, 0x7b,
    0xe0, 0xe, 0x8b, 0xdc, 0x5f, 0x80, 0x7f, 0xa4,
    0x7b, 0x9f, 0x11, 0x63, 0xc, 0x77, 0xee, 0x5a,
    0x0, 0x0, 0xb, 0x45, 0xf6,

    /* U+5831 "報" */
    0x4c, 0xfc, 0x5f, 0xff, 0xf2, 0x13, 0xf4, 0x2f,
    0x3, 0xe2, 0x9f, 0xdf, 0xbf, 0xa, 0x90, 0xd,
    0x1c, 0x2f, 0xdd, 0xd3, 0x6e, 0xbe, 0x7f, 0xd1,
    0xe2, 0x13, 0xe4, 0x2f, 0x8a, 0xd0, 0x6e, 0xfe,
    0x8f, 0x2f, 0x70, 0x0, 0xe1, 0xf, 0x6f, 0xd1,
    0x0, 0xe1, 0xf, 0xb3, 0x95, 0x0, 0x0, 0x0,
    0x0, 0x0,

    /* U+5834 "場" */
    0x4, 0xc0, 0xbc, 0xcc, 0xf1, 0x18, 0xd4, 0xba,
    0x99, 0xf1, 0x2a, 0xe5, 0xbc, 0xcc, 0xf1, 0x4,
    0xc3, 0x88, 0x88, 0x85, 0x4, 0xc4, 0xbb, 0x77,
    0x75, 0x7, 0xfd, 0xef, 0xef, 0xe6, 0x5e, 0x6b,
    0x4d, 0x4c, 0x85, 0x0, 0x1, 0xc5, 0xd3, 0xb3,
    0x0, 0x2, 0x48, 0x7b, 0xd0, 0x0, 0x0, 0x0,
    0x0, 0x0,

    /* U+58F0 "声" */
    0x35, 0x55, 0xd8, 0x55, 0x50, 0x36, 0x66, 0xe9,
    0x66, 0x60, 0xd, 0xee, 0xee, 0xee, 0xa0, 0x2,
    0x55, 0x55, 0x55, 0x30, 0x9, 0xc9, 0xeb, 0x9b,
    0xb0, 0x9, 0xc9, 0xeb, 0x9b, 0xb0, 0xd, 0x85,
    0x55, 0x58, 0xa0, 0x6e, 0x0, 0x0, 0x0, 0x0,
    0x73, 0x0, 0x0, 0x0, 0x0,

    /* U+591A "多" */
    0x0, 0x0, 0x93, 0x0, 0x0, 0x0, 0x3d, 0xfe,
    0xec, 0x0, 0x1a, 0xfd, 0x11, 0xd6, 0x0, 0x5,
    0x18, 0xee, 0x70, 0x0, 0x1, 0x5c, 0xdc, 0xc0,
    0x0, 0x2e, 0xa6, 0xbf, 0xee, 0xf3, 0x1, 0xae,
    0xf4, 0x8, 0xc0, 0x0, 0x40, 0x4e, 0xcd, 0x10,
    0x0, 0x26, 0xae, 0x80, 0x0, 0x5, 0xda, 0x61,
    0x0, 0x0,

    /* U+5929 "天" */
    0xaf, 0xff, 0xff, 0xff, 0xf3, 0x11, 0x11, 0xe5,
    0x11, 0x10, 0x0, 0x0, 0xe4, 0x0, 0x0, 0x5e,
    0xee, 0xfe, 0xee, 0xd0, 0x13, 0x35, 0xfc, 0x33,
    0x20, 0x0, 0x9, 0xdf, 0x30, 0x0, 0x0, 0x8f,
    0x37, 0xe3, 0x0, 0x5d, 0xe3, 0x0, 0x8f, 0xb2,
    0x46, 0x0, 0x0, 0x2, 0x80,

    /* U+5931 "失" */
    0x0, 0xc3, 0x89, 0x0, 0x0, 0x0, 0x4f, 0xff,
    0xff, 0xfa, 0x0, 0xd, 0x82, 0x9a, 0x22, 0x10,
    0x0, 0x71, 0x8, 0x90, 0x0, 0x0, 0x4f, 0xff,
    0xff, 0xff, 0xfb, 0x0, 0x0, 0x2f, 0xf5, 0x0,
    0x0, 0x0, 0xb, 0xb5, 0xf3, 0x0, 0x1, 0x6e,
    0xc1, 0x7, 0xfa, 0x40, 0x1b, 0x50, 0x0, 0x3,
    0xa7, 0x0,

    /* U+5B58 "存" */
    0x0, 0x1, 0x30, 0x0, 0x0, 0x1, 0x18, 0xb1,
    0x11, 0x10, 0x3f, 0xff, 0xff, 0xff, 0xfa, 0x0,
    0x6c, 0x0, 0x0, 0x0, 0x2, 0xf3, 0xbe, 0xef,
    0xd0, 0x3e, 0xe0, 0x0, 0xca, 0x10, 0x39, 0xe8,
    0xff, 0xff, 0xf8, 0x2, 0xe0, 0x11, 0xe5, 0x10,
    0x2, 0xe0, 0x0, 0xd4, 0x0, 0x2, 0xe0, 0x4f,
    0xe2, 0x0, 0x0, 0x0, 0x0, 0x0, 0x0,

    /* U+5B9A "定" */
    0x1a, 0xaa, 0xbf, 0xaa, 0xa1, 0x2f, 0x66, 0x66,
    0x66, 0xf3, 0x1b, 0x47, 0x77, 0x77, 0xc2, 0x0,
    0x69, 0xbf, 0x99, 0x10, 0x0, 0x93, 0x3e, 0x0,
    0x0, 0x0, 0xf3, 0x3f, 0xff, 0x40, 0x4, 0xf7,
    0x3e, 0x0, 0x0, 0xc, 0x9e, 0xbe, 0x11, 0x10,
    0x4d, 0x2, 0xae, 0xff, 0xf4, 0x0, 0x0, 0x0,
    0x0, 0x0,

    /* U+5B9F "実" */
    0x2a, 0xaa, 0xdd, 0xaa, 0xa2, 0x4d, 0x44, 0x88,
    0x44, 0xe4, 0x2a, 0xbb, 0xed, 0xbb, 0xb2, 0x1,
    0x66, 0xcb, 0x66, 0x20, 0x2, 0x99, 0xdc, 0x99,
    0x20, 0x1c, 0xcc, 0xfe, 0xcc, 0xc8, 0x2, 0x2a,
    0xcd, 0xa2, 0x21, 0x17, 0xda, 0x12, 0xdd, 0x83,
    0x8, 0x20, 0x0, 0x5, 0x92,

    /* U+5BA2 "客" */
    0x1a, 0xaa, 0xbf, 0xaa, 0xa2, 0x2f, 0x57, 0xe6,
    0x55, 0xe3, 0x17, 0x3e, 0xed, 0xe9, 0x71, 0x8,
    0xee, 0x64, 0xd2, 0x0, 0x2, 0x15, 0xff, 0x81,
    0x0, 0x28, 0xde, 0x76, 0xdf, 0xd4, 0x28, 0xee,
    0xdd, 0xde, 0x50, 0x0, 0xd6, 0x0, 0xe, 0x0,
    0x0, 0xdf, 0xee, 0xee, 0x0, 0x0, 0x0, 0x0,
    0x0, 0x0,

    /* U+5BA4 "室" */
    0x2c, 0xcc, 0xdf, 0xcc, 0xc8, 0x2e, 0x33, 0x33,
    0x33, 0x9a, 0x4, 0xef, 0xfe, 0xef, 0x92, 0x0,
    0xb, 0x81, 0x5d, 0x20, 0x4, 0xfe, 0xef, 0xdc,
    0xe1, 0x0, 0x33, 0x5f, 0x33, 0x50, 0x1, 0xbb,
    0xcf, 0xbb, 0xb0, 0x16, 0x66, 0x8f, 0x66, 0x64,
    0x3f, 0xff, 0xff, 0xff, 0xfb,

    /* U+5BFE "対" */
    0x0, 0xe1, 0x0, 0xe, 0x20, 0x9d, 0xfd, 0xd4,
    0x4f, 0x61, 0x0, 0xa, 0x5c, 0xcf, 0xc3, 0x3c,
    0x2f, 0x2, 0xe, 0x20, 0xa, 0xeb, 0x2e, 0xe,
    0x20, 0x0, 0xf8, 0xa, 0x5e, 0x20, 0x5, 0xef,
    0x12, 0xe, 0x20, 0x4e, 0x48, 0x20, 0x2f, 0x20,
    0x85, 0x0, 0x1, 0xfd, 0x0,

    /* U+5C02 "専" */
    0x36, 0x66, 0xf7, 0x66, 0x50, 0x48, 0x88, 0xfa,
    0x88, 0x60, 0xc, 0xa9, 0xfa, 0x9e, 0x40, 0xc,
    0xba, 0xfb, 0xae, 0x40, 0xc, 0xcb, 0xfc, 0xbe,
    0x40, 0x13, 0x44, 0x44, 0xf6, 0x30, 0x9c, 0xec,
    0xcc, 0xfc, 0xc3, 0x1, 0xd7, 0x0, 0xe2, 0x0,
    0x0, 0x14, 0x6e, 0xd0, 0x0, 0x0, 0x0, 0x0,
    0x0, 0x0,

    /* U+5C4F "屏" */
    0xa, 0xfe, 0xee, 0xee, 0xf3, 0xa, 0x82, 0x22,
    0x22, 0xe3, 0xa, 0xed, 0xec, 0xce, 0xe2, 0xa,
    0x86, 0xe4, 0x4e, 0x62, 0xb, 0x99, 0xfa, 0xaf,
    0x94, 0xc, 0x51, 0xf1, 0x3e, 0x10, 0xf, 0xae,
    0xfd, 0xef, 0xda, 0x4e, 0x9, 0xa0, 0x2e, 0x0,
    0x67, 0x5c, 0x10, 0x2e, 0x0, 0x0, 0x0, 0x0,
    0x0, 0x0,

    /* U+5C71 "山" */
    0x0, 0x0, 0xe4, 0x0, 0x0, 0x0, 0x0, 0xe4,
    0x0, 0x0, 0x1f, 0x0, 0xe4, 0x0, 0xf1, 0x1f,
    0x0, 0xe4, 0x0, 0xf1, 0x1f, 0x0, 0xe4, 0x0,
    0xf1, 0x1f, 0x0, 0xe4, 0x0, 0xf1, 0x1f, 0x0,
    0xe4, 0x0, 0xf1, 0x1f, 0xff, 0xff, 0xff, 0xf1,
    0x1f, 0x11, 0x11, 0x11, 0xf1,

    /* U+5DE6 "左" */
    0x0, 0x4, 0x50, 0x0, 0x0, 0x0, 0x9, 0x80,
    0x0, 0x0, 0x2f, 0xff, 0xff, 0xff, 0xf9, 0x1,
    0x1f, 0x21, 0x11, 0x10, 0x0, 0x4c, 0x11, 0x11,
    0x10, 0x0, 0xae, 0xff, 0xff, 0xf2, 0x2, 0xf1,
    0x7, 0xa0, 0x0, 0xc, 0x80, 0x7, 0xa0, 0x0,
    0x6c, 0x59, 0x9c, 0xd9, 0x95, 0x1, 0x9f, 0xff,
    0xff, 0xf9,

    /* U+5DF2 "已" */
    0x1f, 0xff, 0xff, 0xff, 0x50, 0x3, 0x21, 0x11,
    0x1c, 0x50, 0xa, 0x70, 0x0, 0xc, 0x50, 0xa,
    0xec, 0xcc, 0xcf, 0x50, 0xa, 0xa4, 0x44, 0x4a,
    0x40, 0xa, 0x70, 0x0, 0x0, 0x10, 0xa, 0x70,
    0x0, 0x0, 0x88, 0x9, 0x91, 0x11, 0x11, 0xc6,
    0x3, 0xdf, 0xff, 0xff, 0xc1,

    /* U+5E74 "年" */
    0x0, 0x33, 0x0, 0x0, 0x0, 0x0, 0xda, 0x55,
    0x55, 0x50, 0x6, 0xeb, 0xbf, 0xbb, 0xb0, 0x3f,
    0x30, 0xf, 0x10, 0x0, 0x4, 0xff, 0xff, 0xff,
    0xd0, 0x0, 0xf1, 0xf, 0x10, 0x0, 0x48, 0xf9,
    0x8f, 0x98, 0x84, 0x48, 0x88, 0x8f, 0x98, 0x84,
    0x0, 0x0, 0xf, 0x10, 0x0, 0x0, 0x0, 0xf,
    0x10, 0x0,

    /* U+5E95 "底" */
    0x8, 0x88, 0xbe, 0x88, 0x83, 0xf, 0x77, 0x77,
    0x8b, 0x73, 0xf, 0xc, 0xce, 0xfa, 0x30, 0xf,
    0x1f, 0x11, 0xf0, 0x0, 0xf, 0xf, 0xff, 0xff,
    0xf5, 0x1f, 0xf, 0x0, 0xe2, 0x0, 0x3d, 0x7f,
    0xce, 0xb5, 0x32, 0x6a, 0x77, 0x52, 0x5c, 0x76,
    0xa4, 0xbf, 0xff, 0x9b, 0xe2, 0x0, 0x0, 0x0,
    0x0, 0x0,

    /* U+5EA6 "度" */
    0x9, 0x88, 0xaf, 0x88, 0x84, 0xf, 0x77, 0xf6,
    0x8f, 0x63, 0xf, 0x7e, 0xfd, 0xef, 0xd5, 0xf,
    0x1, 0xf3, 0x4e, 0x0, 0xf, 0x1, 0xaa, 0xa9,
    0x0, 0x1e, 0x6d, 0xdd, 0xdd, 0x90, 0x4c, 0x1,
    0xd5, 0x6e, 0x20, 0x98, 0x25, 0xaf, 0xfa, 0x41,
    0x52, 0x79, 0x61, 0x27, 0xb3,

    /* U+5F53 "当" */
    0x7, 0x10, 0xd6, 0x6, 0x50, 0x8b, 0xd, 0x61,
    0xe3, 0x0, 0x80, 0xd6, 0x37, 0x0, 0xef, 0xff,
    0xff, 0xf9, 0x1, 0x11, 0x11, 0x19, 0x90, 0x8e,
    0xee, 0xee, 0xf9, 0x0, 0x0, 0x0, 0x9, 0x91,
    0xdd, 0xdd, 0xdd, 0xe9, 0x3, 0x33, 0x33, 0x3a,
    0x90,

    /* U+5F62 "形" */
    0x0, 0x0, 0x0, 0x0, 0x31, 0x4f, 0xff, 0xff,
    0x7, 0xe2, 0x3, 0xc0, 0xf1, 0xac, 0x20, 0x3,
    0xc0, 0xf1, 0x20, 0x65, 0x5d, 0xfd, 0xfd, 0x18,
    0xd1, 0x16, 0xc3, 0xf4, 0xac, 0x10, 0x5, 0xa0,
    0xf1, 0x10, 0x6a, 0x9, 0x80, 0xf1, 0x4, 0xf3,
    0xe, 0x30, 0xf2, 0x8f, 0x40, 0x3a, 0x0, 0xf3,
    0xc3, 0x0, 0x0, 0x0, 0x0, 0x0, 0x0,

    /* U+5F85 "待" */
    0x0, 0x0, 0x0, 0x0, 0x0, 0x1, 0xd2, 0x11,
    0xf3, 0x10, 0x2d, 0x60, 0xee, 0xfe, 0xe5, 0x4,
    0xa8, 0x33, 0xf5, 0x32, 0x7, 0xf6, 0xaa, 0xad,
    0xd7, 0x5f, 0xf2, 0x33, 0x3a, 0xa2, 0x24, 0xf7,
    0xcb, 0xbe, 0xe7, 0x1, 0xf0, 0x98, 0x8, 0x80,
    0x1, 0xf0, 0x1c, 0x8, 0x80, 0x1, 0xf0, 0x0,
    0xcf, 0x50, 0x0, 0x0, 0x0, 0x0, 0x0,

    /* U+5F97 "得" */
    0x0, 0x10, 0x0, 0x0, 0x0, 0x4, 0xe2, 0xec,
    0xcc, 0xf0, 0x3d, 0x51, 0xe9, 0x99, 0xf0, 0x1,
    0xd4, 0xec, 0xbc, 0xf0, 0xb, 0xe1, 0x44, 0x44,
    0x41, 0x6c, 0xe3, 0x88, 0x8f, 0x92, 0x2, 0xea,
    0xee, 0xef, 0xf8, 0x2, 0xe0, 0xa3, 0xe, 0x20,
    0x2, 0xe0, 0x5c, 0xe, 0x20, 0x2, 0xe0, 0x1,
    0xee, 0x10, 0x0, 0x0, 0x0, 0x0, 0x0,

    /* U+5FC5 "必" */
    0x0, 0x1, 0x0, 0x0, 0x0, 0x0, 0xb, 0xb1,
    0x4, 0x40, 0x0, 0x0, 0x9d, 0x1d, 0x60, 0x4,
    0x2f, 0x2, 0x9c, 0x0, 0xd, 0x4f, 0x15, 0xe8,
    0x60, 0x2f, 0x1f, 0x5f, 0x43, 0xf1, 0x8a, 0x1f,
    0xf5, 0x0, 0xc7, 0x1, 0x9f, 0x40, 0x9, 0x44,
    0x4e, 0xcf, 0x21, 0x3f, 0x0, 0x24, 0xb, 0xff,
    0xf8, 0x0,

    /* U+5FD8 "忘" */
    0x2, 0x22, 0x6d, 0x22, 0x21, 0x3c, 0xfb, 0xbb,
    0xbb, 0xb7, 0x2, 0xe0, 0x0, 0x0, 0x0, 0x0,
    0xde, 0xdd, 0xdd, 0xd0, 0x0, 0x2, 0xc5, 0x21,
    0x10, 0x1, 0x2, 0x6e, 0x31, 0x20, 0xa, 0x6f,
    0x25, 0x24, 0xe1, 0x3e, 0x1f, 0x30, 0x3a, 0x9a,
    0x35, 0xc, 0xff, 0xf7, 0x15,

    /* U+5FDC "応" */
    0x1, 0x0, 0x7b, 0x0, 0x0, 0xf, 0xff, 0xff,
    0xff, 0xf8, 0xf, 0x0, 0x79, 0x10, 0x0, 0xf,
    0x0, 0x1a, 0xe1, 0x0, 0xf, 0x0, 0xe2, 0x32,
    0x20, 0x2f, 0x69, 0xe2, 0x6, 0xd0, 0x4d, 0x96,
    0xe2, 0x4, 0xe5, 0x8a, 0xe3, 0xe2, 0x2c, 0x8a,
    0xb4, 0x10, 0xbf, 0xf7, 0x10, 0x0, 0x0, 0x0,
    0x0, 0x0,

    /* U+606F "息" */
    0x0, 0x0, 0x32, 0x0, 0x0, 0x0, 0x77, 0xdb,
    0x77, 0x10, 0x1, 0xf6, 0x66, 0x6f, 0x20, 0x1,
    0xfb, 0xbb, 0xbf, 0x20, 0x1, 0xfa, 0xaa, 0xaf,
    0x20, 0x1, 0xfc, 0xcc, 0xcf, 0x20, 0x0, 0x11,
    0xb4, 0x11, 0x0, 0x9, 0x4b, 0x4e, 0xb, 0x80,
    0x4e, 0x2f, 0x3, 0x64, 0xe5, 0x35, 0xd, 0xff,
    0xe2, 0x43,

    /* U+60C5 "情" */
    0x0, 0xc5, 0x7c, 0xdf, 0xcc, 0x40, 0x4d, 0xe7,
    0x8a, 0xe8, 0x80, 0xb, 0xd8, 0x98, 0x9e, 0x88,
    0x30, 0xdc, 0x57, 0x88, 0x88, 0x85, 0x4, 0xc5,
    0x7e, 0xcc, 0xdb, 0x0, 0xc, 0x57, 0xda, 0xac,
    0xb0, 0x0, 0xc5, 0x7d, 0xaa, 0xbb, 0x0, 0xc,
    0x57, 0x92, 0x26, 0xb0, 0x0, 0xc5, 0x78, 0x2,
    0xe8, 0x0,

    /* U+611F "感" */
    0x0, 0x0, 0x0, 0x0, 0x0, 0xb, 0xbb, 0xbf,
    0xdf, 0xd2, 0xf, 0x56, 0x6b, 0x75, 0x40, 0xf,
    0x58, 0x88, 0xad, 0x40, 0x2e, 0xbc, 0xd3, 0xfb,
    0x10, 0x6a, 0xb8, 0xd8, 0xfb, 0x77, 0xa5, 0x25,
    0xc7, 0x29, 0xc2, 0x15, 0x48, 0x9a, 0x9, 0x30,
    0x2f, 0x5d, 0x1, 0x77, 0xe1, 0x77, 0x1e, 0xff,
    0xe1, 0x73,

    /* U+614B "態" */
    0x0, 0x0, 0x0, 0x0, 0x0, 0x6, 0xb5, 0x4d,
    0x7b, 0x60, 0x6d, 0xdc, 0xcd, 0x71, 0x51, 0xd,
    0x8a, 0x99, 0xaa, 0x80, 0xf, 0x9b, 0xbd, 0x69,
    0x70, 0xf, 0x9a, 0xbd, 0x83, 0x41, 0xf, 0xc,
    0xb9, 0xed, 0xe1, 0x1, 0x3, 0xb8, 0x6, 0x10,
    0xc, 0x6f, 0x15, 0x5a, 0xc0, 0x5a, 0xc, 0xed,
    0xe1, 0xa3,

    /* U+6216 "或" */
    0x0, 0x0, 0x0, 0x0, 0x0, 0x0, 0x0, 0x7,
    0x99, 0x90, 0x4a, 0xaa, 0xac, 0xea, 0xe4, 0x25,
    0x55, 0x59, 0xd5, 0x62, 0xe, 0xee, 0xe4, 0xd2,
    0xf0, 0xe, 0x12, 0xe2, 0xf8, 0x90, 0xd, 0xee,
    0xd0, 0xff, 0x20, 0x0, 0x25, 0x82, 0xda, 0x36,
    0x5e, 0xfd, 0xad, 0xee, 0x79, 0x14, 0x0, 0x7b,
    0xa, 0xf3, 0x0, 0x0, 0x0, 0x0, 0x0,

    /* U+6240 "所" */
    0x0, 0x0, 0x0, 0x0, 0x30, 0x6f, 0xff, 0xe5,
    0x8d, 0xe5, 0x1, 0x0, 0xa, 0xb4, 0x0, 0x1f,
    0xef, 0xba, 0x71, 0x10, 0x1e, 0x4, 0xba, 0xee,
    0xfb, 0x1f, 0xef, 0xbb, 0x62, 0xe0, 0x2e, 0x0,
    0xd, 0x42, 0xe0, 0x3c, 0x0, 0x2f, 0x2, 0xe0,
    0x79, 0x0, 0xa9, 0x2, 0xe0, 0x84, 0x0, 0xb1,
    0x2, 0xe0,

    /* U+62D6 "拖" */
    0x0, 0x0, 0x0, 0x0, 0x0, 0x4, 0xc0, 0xe,
    0x20, 0x0, 0x29, 0xd4, 0x9e, 0xcc, 0xc9, 0x39,
    0xe9, 0xf4, 0x57, 0x10, 0x4, 0xc0, 0x4d, 0x8e,
    0xf4, 0x2a, 0xfb, 0x9f, 0xd9, 0xb4, 0x4b, 0xc1,
    0x8d, 0x58, 0xb3, 0x4, 0xc0, 0x2d, 0x5a, 0xc1,
    0x5, 0xc0, 0x1d, 0x1, 0x2b, 0x2f, 0x80, 0xc,
    0xee, 0xe7,

    /* U+6301 "持" */
    0x0, 0x0, 0x0, 0x0, 0x0, 0x3, 0xc0, 0x44,
    0xe6, 0x40, 0x5d, 0xf8, 0x77, 0xe8, 0x71, 0x16,
    0xd5, 0x88, 0xe9, 0x85, 0x3, 0xc4, 0xaa, 0xad,
    0xd7, 0x29, 0xfb, 0x33, 0x3a, 0x92, 0x5c, 0xd4,
    0xbc, 0xbe, 0xd7, 0x3, 0xc0, 0x6a, 0x9, 0x70,
    0x3, 0xc0, 0xc, 0x19, 0x70, 0x1f, 0x80, 0x0,
    0xbf, 0x40, 0x0, 0x0, 0x0, 0x0, 0x0,

    /* U+6309 "按" */
    0x2, 0xe0, 0x22, 0xf4, 0x22, 0x5, 0xcf, 0xaf,
    0xcc, 0xcd, 0xe0, 0x15, 0xe3, 0xd5, 0xb0, 0x1d,
    0x0, 0x2e, 0x17, 0xcb, 0x77, 0x70, 0x29, 0xfe,
    0x7f, 0x89, 0xf8, 0x4, 0xae, 0x3, 0xd0, 0x7d,
    0x0, 0x2, 0xe0, 0x6d, 0xef, 0x60, 0x0, 0x2e,
    0x1, 0x6e, 0xde, 0x50, 0x1f, 0xa2, 0xea, 0x30,
    0x4a, 0x0,

    /* U+636E "据" */
    0xb, 0x45, 0xfe, 0xee, 0xf1, 0x6e, 0xa8, 0xb2,
    0x22, 0xe1, 0x6d, 0x97, 0xec, 0xfc, 0xc0, 0xb,
    0x46, 0xc5, 0xf5, 0x50, 0x6e, 0xf9, 0xd9, 0xf9,
    0x91, 0x6d, 0x47, 0x96, 0xf7, 0x60, 0xb, 0x4a,
    0x8c, 0x77, 0xe2, 0xc, 0x4e, 0x48, 0x0, 0xd2,
    0x6d, 0x5a, 0x2f, 0xdd, 0xf2, 0x0, 0x0, 0x0,
    0x0, 0x0,

    /* U+63A5 "接" */
    0x2, 0xe1, 0x44, 0xd6, 0x41, 0x4c, 0xfa, 0x6f,
    0x6b, 0xb2, 0x15, 0xe5, 0x6e, 0x7d, 0x86, 0x2,
    0xe6, 0x8b, 0xd8, 0x87, 0x4c, 0xfc, 0xbe, 0xdb,
    0xb9, 0x36, 0xe1, 0x7f, 0x3b, 0x93, 0x2, 0xe0,
    0xbf, 0x8e, 0x20, 0x2, 0xe0, 0x28, 0xff, 0x80,
    0x1f, 0xa6, 0xda, 0x32, 0xb4, 0x0, 0x0, 0x0,
    0x0, 0x0,

    /* U+63A7 "控" */
    0xb, 0x44, 0x57, 0xd5, 0x50, 0x7e, 0xae, 0x7e,
    0xaa, 0xe2, 0x5d, 0x95, 0x5c, 0x76, 0x61, 0xb,
    0x98, 0xe5, 0x5e, 0xe1, 0xaf, 0xb2, 0x42, 0x22,
    0x20, 0x6c, 0x41, 0xde, 0xfd, 0xd2, 0xb, 0x40,
    0x4, 0xb0, 0x0, 0xb, 0x45, 0x7a, 0xd7, 0x71,
    0x9e, 0x2b, 0xff, 0xff, 0xf3,

    /* U+63CF "描" */
    0xb, 0x30, 0x8b, 0x2e, 0x41, 0xaf, 0xd6, 0xce,
    0xaf, 0xb5, 0x3c, 0x60, 0x6a, 0xd, 0x20, 0xc,
    0x43, 0xaa, 0xaa, 0xa0, 0x8e, 0xe7, 0xc4, 0xe3,
    0xf0, 0x5d, 0x34, 0xfd, 0xfd, 0xf0, 0xc, 0x34,
    0xb2, 0xe1, 0xf0, 0xc, 0x34, 0xeb, 0xfa, 0xf0,
    0x9e, 0x14, 0xc4, 0x44, 0xf0, 0x0, 0x0, 0x0,
    0x0, 0x0,

    /* U+63D0 "提" */
    0xc, 0x31, 0xfc, 0xcc, 0xe0, 0x7e, 0xa3, 0xf8,
    0x89, 0xe0, 0x3c, 0x62, 0xfb, 0xbc, 0xe0, 0xc,
    0x42, 0x44, 0x44, 0x30, 0x5e, 0xfa, 0xab, 0xfa,
    0xa3, 0xbe, 0x40, 0xc3, 0xd2, 0x20, 0xc, 0x34,
    0xe3, 0xfb, 0xa0, 0xc, 0x3a, 0xdb, 0xc0, 0x0,
    0x9e, 0x4d, 0x8, 0xef, 0xf5, 0x0, 0x0, 0x0,
    0x0, 0x0,

    /* U+64CD "操" */
    0xc, 0x30, 0xdd, 0xcf, 0x10, 0x7e, 0xa0, 0xdb,
    0x9f, 0x10, 0x3d, 0x68, 0xab, 0x6b, 0xa1, 0xc,
    0x6d, 0x1d, 0x99, 0xd2, 0x8f, 0xdc, 0xad, 0x9b,
    0xc1, 0x5d, 0x35, 0xac, 0xea, 0xa3, 0xc, 0x31,
    0x5f, 0xfa, 0x31, 0xc, 0x35, 0xea, 0xbc, 0x80,
    0x6e, 0x3c, 0x44, 0xb1, 0x92,

    /* U+652F "支" */
    0x1, 0x11, 0xd6, 0x11, 0x10, 0x8f, 0xff, 0xff,
    0xff, 0xf0, 0x0, 0x0, 0xd5, 0x0, 0x0, 0xc,
    0xcc, 0xfd, 0xcb, 0x10, 0x4, 0xd7, 0x44, 0xad,
    0x0, 0x0, 0x7d, 0x14, 0xf3, 0x0, 0x0, 0xa,
    0xef, 0x40, 0x0, 0x36, 0xbf, 0xbe, 0xd8, 0x41,
    0x7b, 0x71, 0x0, 0x5a, 0xc1,

    /* U+6557 "敗" */
    0x0, 0x0, 0x0, 0x40, 0x0, 0x1, 0xfd, 0xed,
    0x1f, 0x10, 0x0, 0x1e, 0x4, 0xd5, 0xe8, 0x87,
    0x1, 0xfd, 0xdd, 0xcd, 0x9f, 0x90, 0x1f, 0x57,
    0xff, 0xc1, 0xf0, 0x1, 0xf5, 0x8d, 0x3f, 0x9b,
    0x0, 0x1f, 0xcd, 0xd0, 0x9f, 0x50, 0x0, 0x86,
    0x85, 0xa, 0xf6, 0x0, 0x3e, 0x23, 0xec, 0xc5,
    0xf9, 0x3, 0x40, 0x1, 0x70, 0x2, 0x50,

    /* U+6570 "数" */
    0x0, 0x0, 0x0, 0x0, 0x0, 0x1a, 0xb7, 0x92,
    0xe0, 0x0, 0x7d, 0xfe, 0xd7, 0xfe, 0xe6, 0xa,
    0xfe, 0x5b, 0x96, 0xd0, 0xab, 0xb5, 0x9f, 0xb7,
    0x90, 0x12, 0xd0, 0x39, 0xfc, 0x60, 0xcf, 0xef,
    0xe1, 0xcf, 0x10, 0x1f, 0x5d, 0x30, 0xce, 0x0,
    0x18, 0xff, 0x4b, 0xdc, 0xa0, 0x6e, 0x86, 0xcb,
    0x11, 0xc3, 0x0, 0x0, 0x0, 0x0, 0x0,

    /* U+6599 "料" */
    0x0, 0x0, 0x0, 0x0, 0x0, 0x32, 0xf3, 0x34,
    0x14, 0xb0, 0x58, 0xf8, 0x45, 0xe6, 0xb0, 0x28,
    0xf8, 0x1, 0x14, 0xb0, 0x9f, 0xff, 0x9e, 0x74,
    0xb0, 0x9, 0xf5, 0x1, 0x54, 0xb0, 0x1d, 0xfd,
    0x34, 0x7b, 0xfd, 0x97, 0xf4, 0x7c, 0x99, 0xc1,
    0x51, 0xf0, 0x0, 0x4, 0xb0, 0x0, 0xf0, 0x0,
    0x4, 0xb0, 0x0, 0x0, 0x0, 0x0, 0x0,

    /* U+65AD "断" */
    0x0, 0x0, 0x0, 0x0, 0x10, 0x5a, 0x5e, 0x55,
    0x8b, 0xf6, 0x59, 0xbe, 0xb6, 0xc3, 0x0, 0x5b,
    0x9f, 0x98, 0xb2, 0x22, 0x5a, 0x7f, 0x77, 0xfd,
    0xfb, 0x59, 0xaf, 0xc7, 0x91, 0xe0, 0x5d, 0xae,
    0x27, 0x81, 0xe0, 0x59, 0xa, 0xa, 0x51, 0xe0,
    0x5f, 0xee, 0xef, 0x11, 0xe0, 0x59, 0x0, 0x58,
    0x1, 0xe0, 0x0, 0x0, 0x0, 0x0, 0x0,

    /* U+65B0 "新" */
    0x0, 0x0, 0x0, 0x0, 0x1, 0x0, 0x47, 0xf8,
    0x68, 0xae, 0xa0, 0x4, 0xd6, 0xd7, 0xf4, 0x0,
    0x0, 0x2d, 0x3e, 0x3f, 0x22, 0x20, 0x6, 0x9f,
    0x98, 0xfb, 0xfc, 0x20, 0x8b, 0xfb, 0x9f, 0xc,
    0x30, 0x2, 0x7f, 0x94, 0xf0, 0xc3, 0x0, 0x1d,
    0xfe, 0x9c, 0xc, 0x30, 0xb, 0x7e, 0x3a, 0x80,
    0xc3, 0x0, 0x10, 0xe1, 0xb1, 0xc, 0x30, 0x0,
    0x0, 0x0, 0x0, 0x0, 0x0,

    /* U+65B9 "方" */
    0x0, 0x0, 0x7a, 0x0, 0x0, 0x4d, 0xdd, 0xef,
    0xdd, 0xd6, 0x0, 0x7, 0xb0, 0x0, 0x0, 0x0,
    0x8, 0xb3, 0x33, 0x10, 0x0, 0xb, 0xed, 0xdf,
    0x80, 0x0, 0xf, 0x30, 0xa, 0x60, 0x0, 0x8c,
    0x0, 0xc, 0x50, 0x7, 0xf3, 0x0, 0x1f, 0x20,
    0x2d, 0x30, 0x2f, 0xfa, 0x0, 0x0, 0x0, 0x0,
    0x0, 0x0,

    /* U+65E5 "日" */
    0x6f, 0xff, 0xff, 0xf6, 0x6b, 0x22, 0x22, 0xb7,
    0x6b, 0x0, 0x0, 0xb7, 0x6c, 0x33, 0x33, 0xc7,
    0x6f, 0xdd, 0xdd, 0xf7, 0x6b, 0x0, 0x0, 0xb7,
    0x6b, 0x0, 0x0, 0xb7, 0x6f, 0xff, 0xff, 0xf7,
    0x6b, 0x11, 0x11, 0xb7, 0x0, 0x0, 0x0, 0x0,

    /* U+65E7 "旧" */
    0xf, 0x18, 0xff, 0xff, 0xf0, 0xf1, 0x98, 0x0,
    0x3f, 0xf, 0x19, 0x80, 0x2, 0xf0, 0xf1, 0x9a,
    0x33, 0x5f, 0xf, 0x19, 0xec, 0xcd, 0xf0, 0xf1,
    0x98, 0x0, 0x2f, 0xf, 0x19, 0x80, 0x2, 0xf0,
    0xf1, 0x9f, 0xff, 0xff, 0xf, 0x19, 0x80, 0x3,
    0xf0, 0x10, 0x0, 0x0, 0x0,

    /* U+660E "明" */
    0x4f, 0xff, 0x3f, 0xff, 0xf6, 0x4b, 0xd, 0x3f,
    0x0, 0xb6, 0x4c, 0x2d, 0x3f, 0x88, 0xd6, 0x4f,
    0xcf, 0x3f, 0x88, 0xd6, 0x4b, 0xd, 0x4f, 0x55,
    0xc6, 0x4f, 0xff, 0x6e, 0x88, 0xd6, 0x4b, 0x0,
    0x89, 0x0, 0xb6, 0x0, 0x2, 0xf3, 0x0, 0xb5,
    0x0, 0x9, 0x80, 0x1f, 0xe2, 0x0, 0x0, 0x0,
    0x0, 0x0,

    /* U+6642 "時" */
    0x28, 0x84, 0x22, 0xf4, 0x20, 0x5c, 0xa8, 0xbc,
    0xfd, 0xc2, 0x5a, 0x7a, 0x66, 0xf7, 0x64, 0x5f,
    0xfa, 0x88, 0x8d, 0xb5, 0x5a, 0x7a, 0x99, 0x9d,
    0xc5, 0x5a, 0x79, 0x88, 0x6c, 0xa3, 0x5f, 0xe7,
    0x6d, 0xa, 0x60, 0x48, 0x0, 0x8, 0x1a, 0x60,
    0x0, 0x0, 0x0, 0xde, 0x30,

    /* U+6674 "晴" */
    0x27, 0x73, 0x66, 0xe9, 0x62, 0x5a, 0x96, 0x8c,
    0xfd, 0xc3, 0x59, 0x77, 0x66, 0xe9, 0x64, 0x5f,
    0xf8, 0x88, 0x88, 0x85, 0x59, 0x86, 0x8d, 0xcc,
    0xf2, 0x5a, 0x86, 0x8c, 0xaa, 0xf2, 0x5e, 0xc5,
    0x8c, 0x99, 0xf2, 0x47, 0x0, 0x88, 0x11, 0xe2,
    0x0, 0x0, 0x87, 0xb, 0xd0,

    /* U+66C7 "曇" */
    0x3, 0xff, 0xff, 0xff, 0x50, 0x2, 0xd9, 0x99,
    0x9c, 0x40, 0x6, 0xaa, 0xbb, 0xaa, 0x80, 0x1b,
    0xaa, 0xdd, 0xaa, 0xb6, 0x19, 0x68, 0x88, 0x88,
    0x75, 0x1, 0xbb, 0xaa, 0xbb, 0x40, 0x19, 0xbb,
    0xbb, 0xbb, 0xa5, 0x1, 0x1e, 0x51, 0xcb, 0x21,
    0x5, 0xbf, 0xbb, 0xbf, 0xc0, 0x0, 0x10, 0x0,
    0x0, 0x10,

    /* U+66F4 "更" */
    0x1f, 0xff, 0xff, 0xff, 0xfb, 0x0, 0x24, 0x46,
    0xf4, 0x43, 0x10, 0x4, 0xeb, 0xcf, 0xbb, 0xf0,
    0x0, 0x4e, 0x8a, 0xf8, 0x9f, 0x0, 0x4, 0xc4,
    0x6f, 0x44, 0xf0, 0x0, 0x3e, 0xef, 0xfe, 0xed,
    0x0, 0x0, 0xc7, 0xb8, 0x0, 0x0, 0x0, 0x6,
    0xff, 0x73, 0x21, 0x0, 0x1e, 0xc6, 0x49, 0xce,
    0xfc, 0x0, 0x0, 0x0, 0x0, 0x0, 0x0,

    /* U+6700 "最" */
    0x1, 0xfb, 0xbb, 0xbf, 0x40, 0x1, 0xfa, 0xaa,
    0xaf, 0x40, 0x1, 0xca, 0xaa, 0xab, 0x30, 0x3d,
    0xdd, 0xdd, 0xdd, 0xd6, 0x7, 0xb8, 0xd7, 0x88,
    0x70, 0x7, 0xb8, 0xda, 0xaa, 0xd0, 0x7, 0xec,
    0xd3, 0xdd, 0x50, 0x3c, 0xdd, 0xd4, 0xef, 0x50,
    0x25, 0x34, 0xdc, 0x54, 0xc5,

    /* U+6708 "月" */
    0x1, 0xff, 0xff, 0xff, 0x50, 0x1f, 0x0, 0x0,
    0xd5, 0x1, 0xfc, 0xcc, 0xcf, 0x50, 0x1f, 0x33,
    0x33, 0xd5, 0x2, 0xf1, 0x11, 0x1d, 0x50, 0x4f,
    0xff, 0xff, 0xf5, 0x9, 0x90, 0x0, 0xd, 0x52,
    0xf3, 0x0, 0x11, 0xd4, 0x78, 0x0, 0xa, 0xfd,
    0x10, 0x0, 0x0, 0x0, 0x0,

    /* U+6709 "有" */
    0x0, 0x1, 0x10, 0x0, 0x0, 0x0, 0x7, 0xa0,
    0x0, 0x0, 0x3f, 0xff, 0xff, 0xff, 0xfa, 0x0,
    0x5d, 0x11, 0x12, 0x0, 0x1, 0xee, 0xdd, 0xdf,
    0x50, 0x1d, 0xeb, 0x77, 0x7d, 0x50, 0x15, 0x9a,
    0x55, 0x5d, 0x50, 0x0, 0x9f, 0xee, 0xef, 0x50,
    0x0, 0x97, 0x0, 0xb, 0x50, 0x0, 0x97, 0x1,
    0xfe, 0x20,

    /* U+670D "服" */
    0xf, 0xff, 0x5f, 0xff, 0xf3, 0xf, 0xf, 0x5b,
    0x2, 0xd3, 0xf, 0xff, 0x5b, 0xc, 0xa1, 0xf,
    0xf, 0x5e, 0xbb, 0xb4, 0xf, 0x4f, 0x5e, 0xe8,
    0xe4, 0x1f, 0xcf, 0x5b, 0xc5, 0xe0, 0x3c, 0xf,
    0x5b, 0x4f, 0x80, 0x69, 0xf, 0x5b, 0x7f, 0xb1,
    0x75, 0xdc, 0x4c, 0xb1, 0x97,

    /* U+671F "期" */
    0x2f, 0x3b, 0x87, 0xff, 0xf2, 0x7f, 0x9d, 0xc8,
    0x90, 0xe2, 0xf, 0xde, 0x67, 0xff, 0xf2, 0xf,
    0x3b, 0x67, 0x90, 0xe2, 0xf, 0xbe, 0x67, 0xc8,
    0xf2, 0x7f, 0x7c, 0xb8, 0xb8, 0xf2, 0x6a, 0x8b,
    0x7a, 0x50, 0xe2, 0x2e, 0x2c, 0x6e, 0x30, 0xe2,
    0x96, 0x2, 0x7b, 0xf, 0xd0, 0x0, 0x0, 0x0,
    0x0, 0x0,

    /* U+6728 "木" */
    0x0, 0x0, 0xc, 0x50, 0x0, 0x0, 0x1, 0x11,
    0xd6, 0x11, 0x10, 0x9, 0xff, 0xff, 0xff, 0xff,
    0x20, 0x0, 0x9, 0xff, 0x20, 0x0, 0x0, 0x3,
    0xee, 0xcc, 0x0, 0x0, 0x2, 0xe5, 0xc5, 0xba,
    0x0, 0x4, 0xe8, 0xc, 0x51, 0xdb, 0x10, 0x97,
    0x0, 0xc5, 0x1, 0xb2, 0x0, 0x0, 0xc, 0x50,
    0x0, 0x0,

    /* U+672A "未" */
    0x0, 0x0, 0xc5, 0x0, 0x0, 0xe, 0xff, 0xff,
    0xff, 0x80, 0x1, 0x22, 0xd7, 0x22, 0x10, 0x23,
    0x33, 0xd8, 0x33, 0x31, 0x8d, 0xde, 0xff, 0xdd,
    0xd3, 0x0, 0x1d, 0xff, 0x70, 0x0, 0x3, 0xd8,
    0xc7, 0xd9, 0x0, 0x8f, 0x60, 0xc5, 0x1c, 0xd2,
    0x32, 0x0, 0xc5, 0x0, 0x50,

    /* U+672C "本" */
    0x0, 0x0, 0xc5, 0x0, 0x0, 0x24, 0x44, 0xd8,
    0x44, 0x40, 0x8d, 0xde, 0xff, 0xdd, 0xd2, 0x0,
    0xd, 0xff, 0x60, 0x0, 0x0, 0x9b, 0xc8, 0xf3,
    0x0, 0x9, 0xd1, 0xc5, 0x6f, 0x50, 0xad, 0xaf,
    0xff, 0xf7, 0xf4, 0x20, 0x12, 0xd7, 0x20, 0x20,
    0x0, 0x0, 0xc5, 0x0, 0x0,

    /* U+673A "机" */
    0x0, 0xf0, 0x1f, 0xff, 0x70, 0x12, 0xf3, 0x2f,
    0xa, 0x70, 0x7e, 0xfd, 0x6f, 0xa, 0x70, 0x5,
    0xf2, 0x1f, 0xa, 0x70, 0xb, 0xfc, 0x2e, 0xa,
    0x70, 0x3b, 0xf8, 0x7c, 0xa, 0x70, 0x94, 0xf0,
    0x79, 0xa, 0x76, 0x10, 0xf1, 0xe4, 0x9, 0x7c,
    0x0, 0xf4, 0xb0, 0x7, 0xf9, 0x0, 0x10, 0x0,
    0x0, 0x0,

    /* U+6761 "条" */
    0x0, 0x8, 0x30, 0x0, 0x0, 0x0, 0x8f, 0xed,
    0xe7, 0x0, 0x2b, 0xec, 0x15, 0xf2, 0x0, 0x18,
    0x9, 0xef, 0x40, 0x0, 0x25, 0xaf, 0xab, 0xfb,
    0x71, 0x5a, 0x61, 0xa4, 0x16, 0x90, 0xaf, 0xff,
    0xff, 0xff, 0xf3, 0x0, 0x4e, 0xed, 0xb1, 0x0,
    0x3a, 0xe3, 0xc5, 0x8e, 0x81, 0x68, 0x0, 0xc5,
    0x3, 0xa1,

    /* U+6765 "来" */
    0x2, 0x22, 0xd7, 0x22, 0x10, 0x3e, 0xee, 0xff,
    0xee, 0xc0, 0x4, 0xc0, 0xc5, 0x1e, 0x10, 0x1,
    0xc3, 0xc6, 0x89, 0x10, 0xaf, 0xff, 0xff, 0xff,
    0xf4, 0x0, 0x1d, 0xff, 0x80, 0x0, 0x2, 0xd8,
    0xc6, 0xd9, 0x0, 0x7f, 0x70, 0xc5, 0x1c, 0xd2,
    0x33, 0x0, 0xc5, 0x0, 0x60,

    /* U+6771 "東" */
    0x3, 0x55, 0x5f, 0x75, 0x55, 0x0, 0x68, 0x88,
    0xf9, 0x88, 0x80, 0x0, 0xbd, 0xdf, 0xdd, 0xf3,
    0x0, 0xc, 0x97, 0xf8, 0x7f, 0x30, 0x0, 0xc8,
    0x5f, 0x75, 0xe3, 0x0, 0xa, 0xdf, 0xff, 0xdd,
    0x20, 0x0, 0x7, 0xef, 0xdb, 0x10, 0x0, 0x4c,
    0xd2, 0xe3, 0xae, 0x70, 0x7, 0x70, 0xe, 0x30,
    0x5a, 0x0,

    /* U+679C "果" */
    0x3, 0xff, 0xff, 0xff, 0xe0, 0x0, 0x3e, 0x25,
    0xf2, 0x5e, 0x0, 0x3, 0xfb, 0xcf, 0xbc, 0xe0,
    0x0, 0x3f, 0x9a, 0xf9, 0xae, 0x0, 0x1, 0x55,
    0x8f, 0x55, 0x50, 0x1, 0xff, 0xff, 0xff, 0xff,
    0xb0, 0x0, 0x1a, 0xdf, 0xd7, 0x0, 0x1, 0x8e,
    0x83, 0xe1, 0xae, 0x70, 0x8, 0x20, 0x3e, 0x0,
    0x45, 0x0,

    /* U+67D3 "染" */
    0x0, 0x0, 0x0, 0x0, 0x0, 0x9, 0xa2, 0x5d,
    0x31, 0x0, 0x78, 0x26, 0xee, 0xe8, 0x0, 0x6,
    0x60, 0xa6, 0x88, 0x51, 0x1c, 0xa9, 0xd0, 0x7c,
    0xe2, 0x37, 0x6, 0xc4, 0x4, 0x30, 0xaf, 0xff,
    0xff, 0xff, 0xf3, 0x0, 0x4e, 0xee, 0xa0, 0x0,
    0x3a, 0xe3, 0xc5, 0x9e, 0x70, 0x69, 0x10, 0xc5,
    0x4, 0xa0,

    /* U+6848 "案" */
    0xc, 0xcc, 0xdf, 0xcc, 0xc6, 0xc, 0x24, 0xd3,
    0x22, 0x86, 0x1c, 0xdf, 0xdc, 0xef, 0xc7, 0x0,
    0x8f, 0x95, 0xd6, 0x0, 0x3, 0x69, 0xfd, 0xeb,
    0x50, 0x7, 0x97, 0x8a, 0x15, 0x80, 0x6c, 0xcd,
    0xff, 0xec, 0xc6, 0x3, 0x9e, 0xad, 0xbb, 0x40,
    0x4c, 0x70, 0x5b, 0x4, 0xa7,

    /* U+691C "検" */
    0x1, 0xe0, 0x6, 0xc8, 0x0, 0x26, 0xf5, 0xad,
    0x39, 0xc4, 0x3b, 0xf9, 0x9b, 0xfc, 0x94, 0x6,
    0xf3, 0x89, 0xfa, 0x91, 0xc, 0xfc, 0xd3, 0xe4,
    0xc3, 0x4c, 0xe2, 0xdd, 0xfd, 0xf3, 0x44, 0xe0,
    0x3, 0xfa, 0x0, 0x1, 0xe0, 0x4e, 0x6d, 0x91,
    0x1, 0xe2, 0xe5, 0x1, 0xb6, 0x0, 0x0, 0x0,
    0x0, 0x0,

    /* U+6A5F "機" */
    0x0, 0x0, 0x0, 0x0, 0x0, 0x0, 0x3c, 0x9,
    0x1d, 0x29, 0x0, 0x5, 0xc6, 0xbb, 0xed, 0xa6,
    0x4, 0xef, 0xad, 0x6c, 0x6c, 0x30, 0x7, 0xf6,
    0xee, 0xed, 0xdc, 0x0, 0xce, 0xb6, 0x6c, 0x9e,
    0x50, 0x3d, 0xc4, 0xf9, 0xbb, 0xc7, 0x5, 0x6c,
    0xf, 0xc6, 0xdd, 0x0, 0x3, 0xc5, 0xc5, 0x7f,
    0x58, 0x0, 0x2c, 0x93, 0x6a, 0x6e, 0xb0,

    /* U+6B21 "次" */
    0x0, 0x0, 0x32, 0x0, 0x0, 0x9, 0x30, 0xb7,
    0x0, 0x0, 0x7, 0xf3, 0xfc, 0xbb, 0xb6, 0x0,
    0x37, 0xc8, 0xe5, 0xc8, 0x0, 0xe, 0x34, 0xe0,
    0xf2, 0x0, 0x72, 0x6, 0xf0, 0x30, 0x7, 0xe2,
    0xd, 0xd6, 0x0, 0x3f, 0x30, 0x8b, 0x3e, 0x20,
    0x2, 0x2a, 0xd1, 0x8, 0xe5, 0x0, 0x49, 0x10,
    0x0, 0x67,

    /* U+6B8B "残" */
    0x0, 0x0, 0x0, 0x0, 0x0, 0x0, 0xbf, 0xff,
    0x15, 0xb7, 0xb0, 0x0, 0xb6, 0xc, 0xff, 0xcb,
    0x10, 0xe, 0xfe, 0x48, 0xe9, 0xa0, 0x5, 0xd1,
    0xd5, 0x8f, 0x55, 0x10, 0xdf, 0xaa, 0xbe, 0xfd,
    0xd4, 0x3, 0x2e, 0x52, 0xd, 0x7e, 0x10, 0x1,
    0xe0, 0x0, 0xaf, 0x40, 0x0, 0xb8, 0x4, 0xbd,
    0xe3, 0x90, 0x4c, 0x3, 0xc5, 0x8, 0xf6, 0x0,
    0x0, 0x0, 0x0, 0x0, 0x0,

    /* U+6BCF "每" */
    0x0, 0x65, 0x0, 0x0, 0x0, 0x1, 0xec, 0x99,
    0x99, 0x92, 0xa, 0xb6, 0x66, 0x66, 0x61, 0x5e,
    0xef, 0xff, 0xff, 0x40, 0x1, 0xf1, 0xa9, 0xd,
    0x30, 0x8d, 0xfc, 0xcf, 0xcf, 0xd8, 0x15, 0xd3,
    0xe5, 0x2e, 0x41, 0x6, 0xc3, 0x6e, 0x3f, 0x40,
    0x8, 0xec, 0xcc, 0xcf, 0xc2, 0x1, 0x10, 0x6,
    0xd9, 0x0,

    /* U+6BD4 "比" */
    0x6, 0xb0, 0xc, 0x50, 0x0, 0x6, 0xb0, 0xc,
    0x50, 0x0, 0x6, 0xc3, 0x3c, 0x56, 0xd1, 0x6,
    0xfd, 0xac, 0xfb, 0x40, 0x6, 0xb0, 0xc, 0x60,
    0x0, 0x6, 0xb0, 0xc, 0x50, 0x0, 0x6, 0xb0,
    0xc, 0x50, 0x53, 0x29, 0xed, 0xfc, 0x60, 0x97,
    0x7c, 0x84, 0x17, 0xff, 0xe2,

    /* U+6C14 "气" */
    0x0, 0x82, 0x0, 0x0, 0x0, 0x2, 0xfb, 0xaa,
    0xaa, 0xa0, 0xb, 0xb7, 0x77, 0x77, 0x50, 0x7d,
    0x7a, 0xaa, 0xaa, 0x40, 0x28, 0xbb, 0xbb, 0xb9,
    0x0, 0x1, 0x33, 0x33, 0x7d, 0x0, 0x0, 0x0,
    0x0, 0x3e, 0x0, 0x0, 0x0, 0x0, 0x1f, 0x10,
    0x0, 0x0, 0x0, 0xe, 0x86, 0x0, 0x0, 0x0,
    0x6, 0xf3,

    /* U+6C17 "気" */
    0x0, 0x82, 0x0, 0x0, 0x0, 0x2, 0xfc, 0xbb,
    0xbb, 0xb0, 0xb, 0xc7, 0x77, 0x77, 0x40, 0x6e,
    0x7a, 0xaa, 0xaa, 0x30, 0xa, 0xcc, 0xcc, 0xcc,
    0x0, 0x2, 0x42, 0x59, 0x4f, 0x0, 0x5, 0xf8,
    0xd6, 0x1f, 0x0, 0x0, 0x3f, 0xf1, 0xf, 0x30,
    0x3, 0xda, 0xae, 0x2d, 0x96, 0x1e, 0x70, 0x6,
    0x6, 0xf3, 0x0, 0x0, 0x0, 0x0, 0x0,

    /* U+6C34 "水" */
    0x0, 0x0, 0x5d, 0x0, 0x0, 0x0, 0x0, 0x5e,
    0x0, 0x84, 0x7f, 0xff, 0x8f, 0x27, 0xe2, 0x1,
    0x6f, 0x5f, 0xdd, 0x20, 0x0, 0xaa, 0x5e, 0xf3,
    0x0, 0x2, 0xf4, 0x5d, 0x8c, 0x0, 0x1d, 0xa0,
    0x5d, 0xd, 0xb1, 0x6c, 0x12, 0x7c, 0x1, 0xca,
    0x0, 0x1f, 0xe7, 0x0, 0x0,

    /* U+6CA1 "没" */
    0x1, 0x0, 0x0, 0x0, 0x0, 0xc, 0xc1, 0xff,
    0xff, 0x0, 0x0, 0x50, 0xf0, 0x1f, 0x12, 0x35,
    0x6, 0xc0, 0x1f, 0x89, 0x3c, 0x8a, 0x40, 0x7,
    0x82, 0x0, 0x8, 0xff, 0xff, 0xc0, 0x0, 0xc1,
    0xd5, 0xd, 0x50, 0x6, 0xd0, 0x3e, 0xda, 0x0,
    0x1e, 0x54, 0x9f, 0xec, 0x61, 0x18, 0xc, 0x82,
    0x6, 0xc5,

    /* U+6CC1 "況" */
    0x3, 0x10, 0x0, 0x0, 0x0, 0x9, 0xe4, 0xff,
    0xff, 0xf4, 0x0, 0x21, 0xe0, 0x0, 0xd4, 0x37,
    0x11, 0xe0, 0x0, 0xd4, 0x2a, 0xa1, 0xfc, 0xcc,
    0xf4, 0x0, 0x0, 0x6e, 0x5f, 0x30, 0x0, 0x95,
    0x5c, 0x2e, 0x0, 0x2, 0xf1, 0x8a, 0x2e, 0x3,
    0xb, 0x83, 0xf3, 0x2e, 0x1d, 0x1b, 0x1d, 0x60,
    0xe, 0xf9, 0x0, 0x0, 0x0, 0x0, 0x0,

    /* U+6D77 "海" */
    0x0, 0x0, 0x20, 0x0, 0x0, 0xe, 0x80, 0xe4,
    0x11, 0x10, 0x1, 0x67, 0xfe, 0xee, 0xe7, 0x47,
    0x1d, 0xca, 0xaa, 0xa0, 0x19, 0x40, 0xf3, 0xe3,
    0xf0, 0x0, 0x2d, 0xfd, 0xfd, 0xfa, 0x4, 0xb6,
    0xc5, 0xc3, 0xe1, 0xb, 0x76, 0xc9, 0xd8, 0xe4,
    0x2f, 0x19, 0xa7, 0x7a, 0xd4, 0x38, 0x0, 0x0,
    0xae, 0x50, 0x0, 0x0, 0x0, 0x0, 0x0,

    /* U+6E08 "済" */
    0xb, 0xa7, 0x8a, 0xe8, 0x84, 0x0, 0x45, 0xdc,
    0x7f, 0x83, 0x47, 0x0, 0x2f, 0xfa, 0x0, 0x2b,
    0x8b, 0xe9, 0x6b, 0xf6, 0x0, 0x2, 0xf7, 0x7b,
    0x80, 0x0, 0xd1, 0xf6, 0x6b, 0x80, 0x7, 0xb2,
    0xfe, 0xef, 0x80, 0x1e, 0x37, 0xa0, 0x8, 0x80,
    0x18, 0xd, 0x20, 0x8, 0x80, 0x0, 0x0, 0x0,
    0x0, 0x0,

    /* U+6E29 "温" */
    0x2, 0x0, 0x0, 0x0, 0x0, 0x1b, 0xb7, 0xfe,
    0xef, 0x90, 0x0, 0x17, 0xdb, 0xbe, 0x90, 0x76,
    0x7, 0xa2, 0x2a, 0x90, 0x4e, 0x57, 0xff, 0xff,
    0x90, 0x1, 0x2, 0x33, 0x33, 0x30, 0x3, 0x7c,
    0xdd, 0xfb, 0xe0, 0xa, 0x7c, 0x68, 0xd1, 0xe0,
    0x3f, 0x5e, 0xbc, 0xe8, 0xf4, 0x68, 0x9f, 0xff,
    0xff, 0xf8, 0x0, 0x0, 0x0, 0x0, 0x0,

    /* U+6E32 "渲" */
    0xb, 0x97, 0x9b, 0xf9, 0x94, 0x0, 0x2c, 0x75,
    0x55, 0xb7, 0x47, 0x3, 0xde, 0xee, 0x92, 0x1a,
    0x50, 0xcc, 0xcc, 0x80, 0x0, 0x10, 0xf4, 0x48,
    0xa0, 0x1, 0xe0, 0xf8, 0x8a, 0xa0, 0x8, 0xa0,
    0xfc, 0xcd, 0xa0, 0xe, 0x30, 0x0, 0x0, 0x0,
    0x2b, 0x1f, 0xff, 0xff, 0xfa, 0x0, 0x0, 0x0,
    0x0, 0x0,

    /* U+6E7F "湿" */
    0x2, 0x0, 0x0, 0x0, 0x0, 0xb, 0xd4, 0xfe,
    0xee, 0xf4, 0x0, 0x52, 0xe6, 0x66, 0xe4, 0x47,
    0x2, 0xe6, 0x66, 0xd4, 0x2b, 0x82, 0xfe, 0xee,
    0xf4, 0x0, 0x1, 0x1a, 0x3b, 0x13, 0x3, 0xb6,
    0x9d, 0x4e, 0x79, 0xa, 0x80, 0xed, 0x4e, 0xd1,
    0x1f, 0x58, 0x9e, 0xaf, 0x98, 0x3a, 0x5f, 0xff,
    0xff, 0xff, 0x0, 0x0, 0x0, 0x0, 0x0,

    /* U+6ED1 "滑" */
    0x2, 0x0, 0x0, 0x0, 0x0, 0xb, 0xc1, 0xfd,
    0xdd, 0x90, 0x0, 0x40, 0xf1, 0xbc, 0x90, 0x37,
    0x6, 0xf8, 0xe9, 0xc4, 0x3c, 0x8f, 0x66, 0x66,
    0xa9, 0x0, 0x7, 0xfd, 0xde, 0xc4, 0x0, 0xd1,
    0xfb, 0xab, 0x90, 0x6, 0xb0, 0xfb, 0xac, 0x90,
    0x1e, 0x30, 0xf3, 0x15, 0x90, 0x18, 0x0, 0xf1,
    0x2d, 0x70,

    /* U+6EDA "滚" */
    0x1c, 0x76, 0x7d, 0xa7, 0x73, 0x0, 0x32, 0x69,
    0xa8, 0x31, 0x47, 0x7, 0xb8, 0x6d, 0x81, 0x2b,
    0x6a, 0x87, 0x87, 0xa4, 0x0, 0x6, 0xfe, 0xde,
    0x60, 0x3, 0xa1, 0x9e, 0x83, 0xa1, 0xa, 0x8e,
    0xf3, 0xed, 0x50, 0x2f, 0x3, 0xe9, 0x9e, 0x81,
    0x25, 0x5, 0x96, 0x22, 0xa4,

    /* U+6F14 "演" */
    0xb, 0x95, 0x67, 0xf6, 0x63, 0x0, 0x4c, 0x83,
    0x43, 0x98, 0x47, 0x12, 0xac, 0xfb, 0x91, 0x29,
    0x51, 0xdd, 0xfd, 0xd1, 0x0, 0x2, 0xe6, 0xf5,
    0xf1, 0x1, 0xd2, 0xe8, 0xf7, 0xf1, 0x9, 0x91,
    0xed, 0xfd, 0xe1, 0x2f, 0x22, 0xaa, 0xc, 0x90,
    0x17, 0xa, 0x70, 0x0, 0x94,

    /* U+706B "火" */
    0x0, 0x0, 0xd5, 0x0, 0x0, 0x0, 0x0, 0xd5,
    0x0, 0x0, 0x8, 0x90, 0xd5, 0x7, 0xb0, 0xd,
    0x60, 0xe5, 0xe, 0x50, 0x5e, 0x11, 0xf8, 0x4b,
    0x0, 0x1, 0x8, 0xbe, 0x10, 0x0, 0x0, 0x3f,
    0x29, 0xb0, 0x0, 0x6, 0xf5, 0x0, 0xcc, 0x30,
    0x8e, 0x40, 0x0, 0x9, 0xf2, 0x0, 0x0, 0x0,
    0x0, 0x0,

    /* U+70B9 "点" */
    0x0, 0x0, 0x6e, 0xcc, 0xc7, 0x0, 0x0, 0x6,
    0xc4, 0x44, 0x20, 0x1, 0x88, 0xbd, 0x88, 0x70,
    0x0, 0x3e, 0x88, 0x88, 0x9e, 0x0, 0x3, 0xd0,
    0x0, 0x3, 0xe0, 0x0, 0x3f, 0xff, 0xff, 0xfd,
    0x0, 0x3, 0x52, 0x21, 0x40, 0x80, 0x0, 0xb7,
    0x6a, 0x1f, 0x1a, 0x80, 0x2a, 0x4, 0x80, 0x93,
    0x29, 0x0,

    /* U+7121 "無" */
    0x0, 0x31, 0x0, 0x0, 0x0, 0x2, 0xf7, 0x55,
    0x55, 0x50, 0x2d, 0xfc, 0xce, 0xaf, 0xa0, 0x28,
    0xd5, 0x7c, 0x2e, 0x10, 0x6f, 0xff, 0xff, 0xff,
    0xf6, 0x1, 0xd5, 0x7c, 0x2e, 0x10, 0x3b, 0xfc,
    0xde, 0xbf, 0xb3, 0x17, 0x76, 0x56, 0x57, 0x71,
    0xc, 0x58, 0x69, 0x84, 0xe1, 0x3a, 0x5, 0x54,
    0x80, 0x94,

    /* U+7248 "版" */
    0x1e, 0x4b, 0x3f, 0xff, 0xf6, 0x1e, 0x4b, 0x3c,
    0x0, 0x0, 0x1f, 0xdf, 0x8e, 0x77, 0x72, 0x1e,
    0x22, 0x4f, 0xd7, 0xe4, 0x1f, 0xdc, 0x3d, 0xe1,
    0xf1, 0x2d, 0x2e, 0x5a, 0xbc, 0xb0, 0x3b, 0x1e,
    0x78, 0x5f, 0x50, 0x78, 0x1e, 0xb7, 0xce, 0xd2,
    0x83, 0x1e, 0xb6, 0xa0, 0xa7, 0x0, 0x0, 0x0,
    0x0, 0x0,

    /* U+72B6 "状" */
    0x0, 0x0, 0x0, 0x0, 0x0, 0x0, 0xe2, 0x3,
    0xd4, 0x70, 0x87, 0xe2, 0x3, 0xd0, 0xa1, 0x1c,
    0xf7, 0xde, 0xfd, 0xd7, 0x0, 0xe3, 0x37, 0xf4,
    0x31, 0x7, 0xf2, 0x7, 0xf5, 0x0, 0x8d, 0xf2,
    0xc, 0xcc, 0x0, 0x61, 0xe2, 0x4f, 0x2e, 0x50,
    0x0, 0xe4, 0xe8, 0x5, 0xf3, 0x0, 0xea, 0xa0,
    0x0, 0x86, 0x0, 0x0, 0x0, 0x0, 0x0,

    /* U+7387 "率" */
    0x27, 0x77, 0xea, 0x77, 0x70, 0x39, 0x89, 0xe8,
    0x88, 0xa0, 0x2d, 0x7d, 0x5b, 0x3b, 0x80, 0x2,
    0x46, 0xfa, 0x26, 0x0, 0x5c, 0xdb, 0xec, 0xfd,
    0x90, 0x43, 0x25, 0xc6, 0x71, 0x60, 0xbf, 0xff,
    0xff, 0xff, 0xf4, 0x0, 0x0, 0xc4, 0x0, 0x0,
    0x0, 0x0, 0xc4, 0x0, 0x0,

    /* U+7528 "用" */
    0x0, 0x0, 0x0, 0x0, 0x0, 0x8, 0xff, 0xff,
    0xff, 0xf1, 0x8, 0x80, 0x4d, 0x0, 0xf1, 0x8,
    0xa4, 0x7e, 0x44, 0xf1, 0x8, 0xec, 0xcf, 0xcc,
    0xf1, 0x9, 0x81, 0x4d, 0x11, 0xf1, 0xa, 0xff,
    0xff, 0xff, 0xf1, 0xd, 0x40, 0x3d, 0x0, 0xf1,
    0x2f, 0x0, 0x3d, 0x0, 0xf0, 0x78, 0x0, 0x3c,
    0x7f, 0xc0, 0x0, 0x0, 0x0, 0x0, 0x0,

    /* U+753B "画" */
    0xbf, 0xff, 0xff, 0xff, 0xf4, 0x4, 0x0, 0xc4,
    0x0, 0x40, 0x2e, 0x7e, 0xfe, 0xe2, 0xf3, 0x2e,
    0x75, 0xb3, 0xc2, 0xf3, 0x2e, 0x7e, 0xfd, 0xf2,
    0xf3, 0x2e, 0x78, 0xc6, 0xd2, 0xf3, 0x2e, 0x49,
    0x99, 0x91, 0xf3, 0x2f, 0xff, 0xff, 0xff, 0xf3,
    0x2e, 0x11, 0x11, 0x11, 0xf2,

    /* U+7559 "留" */
    0x0, 0x4, 0x0, 0x0, 0x0, 0xd, 0xda, 0x2e,
    0xfe, 0xf4, 0xe, 0x28, 0x4, 0xe0, 0xd3, 0xe,
    0x5e, 0x89, 0xa0, 0xf1, 0x7f, 0xd9, 0xef, 0x5c,
    0xe0, 0x23, 0x55, 0x77, 0x68, 0x30, 0x5, 0xd8,
    0xea, 0x8d, 0x60, 0x5, 0xeb, 0xec, 0xbe, 0x60,
    0x5, 0xd7, 0xda, 0x7d, 0x60, 0x5, 0xc6, 0x66,
    0x6d, 0x60, 0x0, 0x0, 0x0, 0x0, 0x0,

    /* U+767A "発" */
    0x0, 0x0, 0x3, 0x1, 0x0, 0xd, 0xef, 0x9a,
    0x9d, 0x20, 0xa, 0x5f, 0x32, 0xf7, 0xb5, 0x6,
    0xf7, 0x0, 0x6f, 0x90, 0x6e, 0xff, 0xff, 0xff,
    0xf8, 0x21, 0xe, 0x24, 0xe0, 0x11, 0x1f, 0xff,
    0xff, 0xff, 0xf1, 0x0, 0x3f, 0x14, 0xe0, 0x20,
    0x2, 0xc9, 0x3, 0xe0, 0x95, 0x1e, 0x80, 0x1,
    0xef, 0xe1, 0x0, 0x0, 0x0, 0x0, 0x0,

    /* U+767E "百" */
    0x9f, 0xff, 0xff, 0xff, 0xf3, 0x0, 0x1, 0xf4,
    0x0, 0x0, 0x5, 0xee, 0xfe, 0xee, 0x60, 0x5,
    0xc1, 0x11, 0x1b, 0x70, 0x5, 0xc0, 0x0, 0xb,
    0x70, 0x5, 0xfe, 0xee, 0xef, 0x70, 0x5, 0xb0,
    0x0, 0xb, 0x70, 0x5, 0xff, 0xff, 0xff, 0x70,
    0x5, 0xc0, 0x0, 0xb, 0x70,

    /* U+7684 "的" */
    0x0, 0x62, 0x1, 0x60, 0x0, 0x0, 0xf1, 0x6,
    0xa0, 0x0, 0x3f, 0xff, 0x6c, 0xff, 0xf6, 0x3c,
    0x8, 0xbe, 0x0, 0xa5, 0x3c, 0x8, 0xb7, 0x30,
    0xa5, 0x3f, 0xff, 0x74, 0xd0, 0xb4, 0x3c, 0x8,
    0x70, 0xa8, 0xc3, 0x3c, 0x8, 0x70, 0x10, 0xd2,
    0x3f, 0xff, 0x60, 0x1, 0xf0, 0x3c, 0x0, 0x0,
    0xdf, 0x90, 0x0, 0x0, 0x0, 0x0, 0x0,

    /* U+770B "看" */
    0x0, 0x0, 0x1, 0x24, 0x20, 0x7, 0xdd, 0xfc,
    0xb9, 0x50, 0x5, 0xab, 0xfa, 0xaa, 0x90, 0x5,
    0x7d, 0xb7, 0x77, 0x61, 0x2a, 0xcf, 0xaa, 0xaa,
    0xa7, 0x0, 0xde, 0xbb, 0xbd, 0x60, 0x2c, 0xfe,
    0xbb, 0xbe, 0x70, 0x28, 0x7c, 0x77, 0x7c, 0x70,
    0x0, 0x7c, 0x66, 0x6c, 0x70, 0x0, 0x7e, 0xbb,
    0xbe, 0x70,

    /* U+78BA "確" */
    0x0, 0x0, 0x0, 0x63, 0x0, 0x8f, 0xff, 0xaa,
    0xfc, 0xa7, 0x9, 0x60, 0xf9, 0xc7, 0x9b, 0xc,
    0x30, 0x4e, 0x8c, 0x83, 0x1f, 0xde, 0xdd, 0x8f,
    0x84, 0x7f, 0xe, 0x7f, 0xdf, 0xd3, 0xaf, 0xe,
    0x4c, 0x3e, 0x20, 0xe, 0x6e, 0x4e, 0xbf, 0xb3,
    0xe, 0xa9, 0x4d, 0x7f, 0x75, 0x5, 0x0, 0x4d,
    0x77, 0x75,

    /* U+793A "示" */
    0xb, 0xff, 0xff, 0xff, 0x50, 0x1, 0x11, 0x11,
    0x11, 0x0, 0x26, 0x66, 0x66, 0x66, 0x62, 0x4b,
    0xbb, 0xfd, 0xbb, 0xb5, 0x1, 0x50, 0xc6, 0x15,
    0x0, 0x7, 0xb0, 0xc6, 0x2f, 0x40, 0x1e, 0x30,
    0xc6, 0x8, 0xd0, 0x78, 0x11, 0xd6, 0x1, 0xe3,
    0x0, 0x4f, 0xe3, 0x0, 0x0,

    /* U+79BB "离" */
    0x7a, 0xaa, 0xec, 0xaa, 0xa2, 0x26, 0x87, 0x79,
    0x7a, 0x50, 0x5, 0xa7, 0xff, 0x4e, 0x20, 0x5,
    0xdd, 0x89, 0x9f, 0x20, 0x2, 0x67, 0xf7, 0x66,
    0x10, 0xf, 0xee, 0xfe, 0xef, 0xb0, 0xf, 0x26,
    0x94, 0xc6, 0xb0, 0xf, 0xad, 0xca, 0xc8, 0xb0,
    0xf, 0x20, 0x0, 0x4f, 0x80, 0x0, 0x0, 0x0,
    0x0, 0x0,

    /* U+79D2 "秒" */
    0x0, 0x35, 0x0, 0x0, 0x0, 0x6e, 0xf7, 0x0,
    0xe3, 0x0, 0x1, 0xf0, 0x48, 0xe6, 0xb0, 0x7e,
    0xfe, 0x97, 0xe3, 0xe2, 0x17, 0xf3, 0xe2, 0xe3,
    0x97, 0xc, 0xfc, 0x61, 0xe3, 0x70, 0x4c, 0xf7,
    0x19, 0xd7, 0xc0, 0x94, 0xf0, 0x0, 0x2e, 0x40,
    0x1, 0xf0, 0x28, 0xf6, 0x0, 0x1, 0xf0, 0xca,
    0x20, 0x0, 0x0, 0x0, 0x0, 0x0, 0x0,

    /* U+7A0B "程" */
    0x0, 0x2, 0x0, 0x0, 0x0, 0x5c, 0xfa, 0x3f,
    0xee, 0xf1, 0x13, 0xf0, 0x3d, 0x0, 0xe1, 0x7e,
    0xfd, 0x4f, 0xee, 0xf1, 0x17, 0xf3, 0x11, 0x11,
    0x10, 0xb, 0xfb, 0xad, 0xee, 0xd6, 0x3c, 0xfa,
    0x10, 0x86, 0x0, 0x95, 0xf0, 0x7e, 0xff, 0xe2,
    0x11, 0xf0, 0x11, 0x97, 0x11, 0x1, 0xf2, 0xff,
    0xff, 0xfb,

    /* U+7A93 "窓" */
    0x6, 0x66, 0xaf, 0x66, 0x65, 0x2, 0xe4, 0xda,
    0x7e, 0x49, 0xd0, 0x7, 0xbc, 0x52, 0xed, 0xd0,
    0x0, 0x43, 0x6c, 0x3, 0xa1, 0x0, 0x5, 0xcf,
    0xee, 0xef, 0xd1, 0x0, 0x2, 0x1b, 0x60, 0x8,
    0x20, 0x3, 0x68, 0x3d, 0x63, 0xb0, 0x0, 0xc5,
    0xe1, 0x12, 0x8b, 0x90, 0x3a, 0xb, 0xee, 0xe7,
    0x1b, 0x0,

    /* U+7A97 "窗" */
    0x18, 0x88, 0x9f, 0x88, 0x85, 0x2e, 0x2b, 0xa5,
    0xd2, 0xa9, 0x19, 0xdb, 0x54, 0xec, 0xe0, 0xa,
    0x86, 0xe9, 0x66, 0x60, 0xc, 0xb7, 0x8b, 0x77,
    0xf0, 0xc, 0x89, 0xd9, 0xe2, 0xf0, 0xc, 0x9a,
    0x6f, 0xc0, 0xf0, 0xc, 0x85, 0xc5, 0x73, 0xf0,
    0xc, 0xeb, 0xbb, 0xbb, 0xf0, 0x0, 0x0, 0x0,
    0x0, 0x0,

    /* U+7B2C "第" */
    0x3, 0x60, 0x3, 0x70, 0x0, 0xc, 0xed, 0xcc,
    0xfd, 0xd8, 0x7c, 0x97, 0x6c, 0x2e, 0x0, 0x9,
    0xcc, 0xbc, 0xbd, 0x80, 0x2, 0x33, 0x9a, 0x37,
    0xb0, 0x5, 0xfe, 0xff, 0xee, 0xa0, 0xa, 0xc8,
    0xcc, 0x88, 0x82, 0x6, 0x6d, 0xfb, 0x44, 0xe3,
    0x2a, 0xf8, 0x89, 0x4b, 0xf0, 0x19, 0x20, 0x89,
    0x3, 0x10,

    /* U+7B54 "答" */
    0x3, 0x80, 0x3, 0x90, 0x0, 0xb, 0xfe, 0xdc,
    0xfe, 0xe8, 0x5e, 0x99, 0x6d, 0x3f, 0x20, 0x13,
    0x16, 0xef, 0x34, 0x10, 0x0, 0x4e, 0x86, 0xf6,
    0x0, 0x2a, 0xef, 0xdd, 0xfe, 0xc5, 0x38, 0x33,
    0x33, 0x33, 0x65, 0x0, 0xfc, 0xcc, 0xcf, 0x10,
    0x0, 0xf1, 0x0, 0xf, 0x10, 0x0, 0xff, 0xee,
    0xef, 0x10, 0x0, 0x0, 0x0, 0x0, 0x0,

    /* U+7D04 "約" */
    0x2, 0x50, 0x7, 0x30, 0x0, 0xa, 0x65, 0xf,
    0x30, 0x0, 0x7d, 0x79, 0x6f, 0xff, 0xf7, 0x1d,
    0xd5, 0xe5, 0x11, 0x97, 0xb, 0x6e, 0x64, 0x0,
    0xa6, 0x9d, 0xfd, 0x6a, 0x80, 0xa5, 0x26, 0xe8,
    0x2, 0xf1, 0xb5, 0x69, 0xeb, 0x30, 0x20, 0xd3,
    0xa5, 0xe4, 0x20, 0x1, 0xf1, 0x11, 0xe0, 0x0,
    0xdf, 0xa0, 0x0, 0x0, 0x0, 0x0, 0x0,

    /* U+7D30 "細" */
    0x0, 0x10, 0x0, 0x0, 0x0, 0x6, 0x90, 0x37,
    0x77, 0x73, 0x4d, 0x5b, 0x7b, 0xcb, 0xd6, 0x4e,
    0xd3, 0x77, 0x96, 0x96, 0xa, 0x8c, 0x88, 0x96,
    0xa6, 0x9f, 0xfd, 0xef, 0xff, 0xf6, 0x25, 0xe7,
    0x97, 0x96, 0x96, 0x69, 0xeb, 0xb7, 0x96, 0x96,
    0x95, 0xe3, 0xae, 0xee, 0xe6, 0x1, 0xe0, 0x79,
    0x33, 0xb6, 0x0, 0x0, 0x0, 0x0, 0x0,

    /* U+7D42 "終" */
    0x2, 0x60, 0x3, 0x70, 0x0, 0x9, 0x74, 0xc,
    0xdb, 0xb1, 0x7e, 0x78, 0x8f, 0x58, 0xd0, 0x1d,
    0xd4, 0xc7, 0xde, 0x30, 0xb, 0x7d, 0x4, 0xfd,
    0x20, 0x8d, 0xfd, 0xce, 0x47, 0xf7, 0x26, 0xd8,
    0x32, 0xd8, 0x33, 0x5a, 0xdb, 0x23, 0x18, 0x10,
    0x96, 0xd3, 0x3b, 0xe8, 0x10, 0x1, 0xd0, 0x0,
    0x29, 0xb0, 0x0, 0x0, 0x0, 0x0, 0x0,

    /* U+7D9A "続" */
    0x0, 0x0, 0x0, 0x0, 0x0, 0x0, 0x4a, 0x4,
    0x5e, 0x75, 0x40, 0x3d, 0x6a, 0x67, 0xe9, 0x76,
    0x2, 0xed, 0x38, 0xee, 0xee, 0x10, 0x9, 0x8b,
    0x89, 0x99, 0x98, 0x8, 0xff, 0xef, 0x55, 0x65,
    0xf0, 0x27, 0xd8, 0x3b, 0x3e, 0x43, 0x4, 0xad,
    0xb0, 0xd2, 0xe4, 0x10, 0x86, 0xd3, 0x6d, 0xe,
    0x4e, 0x11, 0x1d, 0x2d, 0x20, 0xbf, 0xd0, 0x0,
    0x10, 0x0, 0x0, 0x0, 0x0,

    /* U+7F51 "网" */
    0x1f, 0xff, 0xff, 0xff, 0xf5, 0x1e, 0x25, 0xc2,
    0xe3, 0xc5, 0x1e, 0x25, 0xa4, 0xe0, 0xb5, 0x1e,
    0x8e, 0x9c, 0xf0, 0xb5, 0x1e, 0xb, 0xb2, 0xf6,
    0xb5, 0x1e, 0xc, 0xc7, 0xbc, 0xb5, 0x1e, 0x3e,
    0xa, 0x50, 0xb5, 0x1e, 0xa6, 0xc, 0x0, 0xb5,
    0x1e, 0x0, 0x0, 0xf, 0xe2,

    /* U+7F6E "置" */
    0xb, 0xdd, 0xdc, 0xfb, 0xf3, 0xb, 0xdd, 0xec,
    0xfc, 0xf3, 0x19, 0x99, 0xbe, 0x99, 0x95, 0x3,
    0x37, 0xcd, 0x88, 0x72, 0x9, 0x6c, 0xba, 0xab,
    0xd0, 0xa, 0x7c, 0xba, 0xab, 0xd0, 0xa, 0x7c,
    0x87, 0x78, 0xd0, 0xa, 0x85, 0x66, 0x66, 0x50,
    0xa, 0xdb, 0xbb, 0xbb, 0xb6,

    /* U+7F8E "美" */
    0x0, 0x32, 0x0, 0x34, 0x0, 0x3, 0x8c, 0x33,
    0xd8, 0x30, 0xa, 0xaa, 0xdd, 0xaa, 0xa0, 0x8,
    0xee, 0xff, 0xee, 0x90, 0x15, 0x66, 0xbb, 0x66,
    0x62, 0x29, 0x99, 0xec, 0x99, 0x94, 0x3b, 0xbb,
    0xfc, 0xbb, 0xb8, 0x14, 0x4a, 0xed, 0xb4, 0x43,
    0x28, 0xcd, 0x32, 0xdd, 0x85, 0x28, 0x40, 0x0,
    0x5, 0x83,

    /* U+80FD "能" */
    0x0, 0x0, 0x0, 0x0, 0x0, 0x5, 0xb3, 0x14,
    0xc0, 0x60, 0x2c, 0x9b, 0xc5, 0xfc, 0x91, 0x69,
    0x87, 0xc8, 0xc0, 0x19, 0xe, 0xef, 0x82, 0xef,
    0xf8, 0x1f, 0x4a, 0x93, 0x70, 0x10, 0x1f, 0x7b,
    0x94, 0xd9, 0xe3, 0x1f, 0xde, 0x94, 0xe5, 0x2,
    0x1e, 0x8, 0x94, 0xc0, 0x1e, 0x1e, 0x5f, 0x51,
    0xdf, 0xe8,

    /* U+81EA "自" */
    0x0, 0x4, 0x20, 0x0, 0x1, 0x1d, 0x61, 0x10,
    0x8f, 0xff, 0xff, 0xfa, 0x89, 0x0, 0x0, 0x7a,
    0x8f, 0xff, 0xff, 0xfa, 0x89, 0x0, 0x0, 0x8a,
    0x8f, 0xee, 0xee, 0xfa, 0x89, 0x0, 0x0, 0x8a,
    0x8f, 0xee, 0xee, 0xfa, 0x8a, 0x22, 0x22, 0x8a,
    0x0, 0x0, 0x0, 0x0,

    /* U+884C "行" */
    0x0, 0x52, 0x0, 0x0, 0x0, 0x6, 0xe2, 0xcf,
    0xff, 0xf2, 0x6e, 0x32, 0x0, 0x0, 0x0, 0x22,
    0x9a, 0x22, 0x22, 0x21, 0x6, 0xf1, 0xee, 0xef,
    0xe8, 0x6f, 0xe0, 0x0, 0x2f, 0x0, 0x36, 0xe0,
    0x0, 0x2f, 0x0, 0x2, 0xe0, 0x0, 0x2f, 0x0,
    0x2, 0xe0, 0x0, 0x2f, 0x0, 0x2, 0xe0, 0xa,
    0xfb, 0x0, 0x0, 0x0, 0x0, 0x0, 0x0,

    /* U+8868 "表" */
    0xe, 0xee, 0xff, 0xee, 0xe1, 0x3, 0x55, 0xac,
    0x55, 0x40, 0x5, 0x88, 0xbd, 0x88, 0x60, 0x5c,
    0xcc, 0xde, 0xcc, 0xc5, 0x12, 0x4c, 0xdc, 0x73,
    0x91, 0x39, 0xff, 0x5, 0xdd, 0x90, 0x37, 0x3e,
    0x1, 0xda, 0x0, 0x2, 0x7f, 0xde, 0x4e, 0xb3,
    0x6, 0xa6, 0x20, 0x1, 0x94,

    /* U+88FD "製" */
    0x1, 0x0, 0x0, 0x0, 0x0, 0x1e, 0xde, 0xb2,
    0xf0, 0xe1, 0x6d, 0xce, 0xa5, 0xf0, 0xe1, 0xa,
    0xce, 0xb4, 0xf0, 0xe1, 0xd, 0x59, 0x96, 0x51,
    0xe1, 0x6, 0x36, 0xa6, 0x9, 0x90, 0x6d, 0xde,
    0xff, 0xdd, 0xe6, 0x26, 0xbe, 0x4a, 0x8a, 0xa0,
    0x28, 0x8d, 0x68, 0xcd, 0x30, 0x2, 0xb9, 0x63,
    0x7, 0xc5,

    /* U+8981 "要" */
    0x4c, 0xce, 0xdd, 0xec, 0xc4, 0xa, 0xbe, 0xdd,
    0xeb, 0xb0, 0xe, 0x3c, 0x68, 0xa3, 0xf0, 0xe,
    0xae, 0xbc, 0xda, 0xf0, 0x3, 0x3b, 0xb3, 0x33,
    0x30, 0x4e, 0xff, 0xee, 0xff, 0xeb, 0x0, 0xdc,
    0x43, 0xe4, 0x0, 0x1, 0x7c, 0xff, 0xe8, 0x30,
    0x2d, 0xb9, 0x50, 0x38, 0xc0,

    /* U+89D2 "角" */
    0x0, 0x8, 0x20, 0x0, 0x0, 0x7, 0xfe, 0xed,
    0x0, 0x5, 0xf6, 0x3a, 0x93, 0x23, 0xff, 0xcc,
    0xfc, 0xda, 0x5, 0xe0, 0x1e, 0x6, 0xa0, 0x2f,
    0xee, 0xfe, 0xfa, 0x3, 0xd0, 0x1e, 0x6, 0xa0,
    0x6f, 0xee, 0xee, 0xfa, 0x1e, 0x40, 0x0, 0x6,
    0xa6, 0x90, 0x0, 0xe, 0xf6, 0x0, 0x0, 0x0,
    0x0, 0x0,

    /* U+89E3 "解" */
    0x2, 0x40, 0x0, 0x0, 0x0, 0x9, 0xeb, 0x1b,
    0xfc, 0xe6, 0x1e, 0x4e, 0x1, 0xe0, 0x95, 0x8f,
    0xee, 0xec, 0x97, 0xe3, 0xd, 0x75, 0xda, 0x3c,
    0x30, 0xf, 0xdd, 0xda, 0xbf, 0x84, 0xe, 0xba,
    0xdb, 0x5f, 0x42, 0x1d, 0x34, 0xde, 0xff, 0xea,
    0x49, 0x1, 0xd0, 0x1f, 0x0, 0x74, 0xd, 0xa0,
    0x1f, 0x0, 0x0, 0x0, 0x0, 0x0, 0x0,

    /* U+89E6 "触" */
    0x0, 0x0, 0x0, 0x0, 0x0, 0x8, 0xeb, 0x0,
    0x67, 0x0, 0xe, 0x5a, 0x8, 0xcc, 0x91, 0x8f,
    0xee, 0x9e, 0xbb, 0xe1, 0x1d, 0xb8, 0x9e, 0x67,
    0xd1, 0xe, 0xdb, 0x9e, 0xaa, 0xe1, 0x1e, 0xdc,
    0x98, 0xbc, 0x80, 0x2c, 0x36, 0x90, 0x68, 0xd0,
    0x58, 0x4, 0xa7, 0xcd, 0xe4, 0x73, 0x3e, 0x8a,
    0x86, 0x86, 0x0, 0x0, 0x0, 0x0, 0x0,

    /* U+8A2D "設" */
    0x3d, 0xd9, 0x4f, 0xff, 0x0, 0x9b, 0xbb, 0x6b,
    0xf, 0x33, 0x3a, 0xa8, 0xc7, 0xe, 0xd6, 0x27,
    0x75, 0x96, 0x56, 0x70, 0x39, 0x96, 0x7d, 0xac,
    0xd0, 0x5e, 0xe9, 0x1e, 0x3d, 0x70, 0x58, 0x3b,
    0x8, 0xfe, 0x0, 0x5e, 0xcc, 0x8f, 0xff, 0xa3,
    0x59, 0x11, 0xda, 0x16, 0xe3, 0x0, 0x0, 0x0,
    0x0, 0x0,

    /* U+8A3C "証" */
    0x1d, 0xd8, 0xaf, 0xff, 0xf8, 0x9d, 0xdd, 0x0,
    0x6a, 0x0, 0x25, 0x54, 0x1, 0x6a, 0x0, 0x2b,
    0xb7, 0x4b, 0x6b, 0x31, 0x2a, 0xa6, 0x4b, 0x6d,
    0x94, 0x2c, 0xc9, 0x4b, 0x6a, 0x0, 0x3b, 0x4b,
    0x4b, 0x6a, 0x0, 0x3c, 0x5b, 0x8c, 0x9c, 0x53,
    0x3e, 0xa7, 0xab, 0xbb, 0xb8,

    /* U+8A66 "試" */
    0x2d, 0xd8, 0x0, 0xf, 0x95, 0x7b, 0xba, 0x78,
    0x8f, 0x96, 0x2a, 0xa7, 0x34, 0x4f, 0x42, 0x17,
    0x75, 0x89, 0x8e, 0x10, 0x29, 0x96, 0x4f, 0x4d,
    0x20, 0x3e, 0xe9, 0xf, 0xc, 0x30, 0x3a, 0x3b,
    0xf, 0x5b, 0x57, 0x3e, 0xcb, 0xfe, 0xc8, 0xbb,
    0x3b, 0x11, 0x0, 0x1, 0xe5,

    /* U+8A73 "詳" */
    0x0, 0x0, 0x1, 0x1, 0x20, 0x4d, 0xd6, 0x4c,
    0x7, 0x90, 0x9b, 0xbb, 0x8f, 0x9e, 0xa2, 0x3a,
    0xa5, 0x33, 0xf5, 0x30, 0x27, 0x74, 0x8c, 0xfc,
    0xc0, 0x39, 0x95, 0x23, 0xf5, 0x30, 0x5e, 0xe9,
    0xaa, 0xfb, 0xa4, 0x67, 0x59, 0x55, 0xf6, 0x52,
    0x6d, 0xd8, 0x0, 0xe2, 0x0, 0x68, 0x10, 0x0,
    0xe2, 0x0,

    /* U+8A8D "認" */
    0x1, 0x10, 0x0, 0x0, 0x0, 0x2b, 0xb7, 0x8e,
    0xfd, 0xf5, 0x8c, 0xcb, 0x7c, 0xa0, 0xb4, 0x2a,
    0xa6, 0x1e, 0xd5, 0xd3, 0x17, 0x75, 0xb9, 0x3e,
    0xd0, 0x29, 0x96, 0x14, 0xe6, 0x0, 0x3e, 0xe9,
    0x4b, 0x47, 0x80, 0x3a, 0x3b, 0xcd, 0x22, 0xb5,
    0x3e, 0xcc, 0xad, 0x29, 0xaa, 0x3a, 0x11, 0x9,
    0xfe, 0x21,

    /* U+8AAC "説" */
    0x0, 0x0, 0x1, 0x0, 0x30, 0x1d, 0xd8, 0x3e,
    0x3, 0xe0, 0x69, 0x99, 0x4e, 0x8b, 0xc2, 0x36,
    0x65, 0x9b, 0x88, 0xe5, 0x2b, 0xb7, 0x97, 0x11,
    0xc5, 0x2b, 0xb7, 0x6e, 0xdf, 0xb3, 0x2c, 0xc9,
    0xb, 0x5f, 0x10, 0x3b, 0x4c, 0xe, 0x2f, 0x26,
    0x3c, 0x5c, 0x7c, 0xe, 0x3c, 0x3e, 0xa9, 0xd2,
    0xc, 0xf7, 0x0, 0x0, 0x0, 0x0, 0x0,

    /* U+8AAD "読" */
    0x2d, 0xd7, 0xee, 0xff, 0xeb, 0x7, 0xdd, 0xc3,
    0x5e, 0x85, 0x0, 0x2a, 0xa6, 0x8c, 0xcc, 0xc2,
    0x1, 0x44, 0x3d, 0xdd, 0xdd, 0xb0, 0x3f, 0xfa,
    0xe4, 0x34, 0x5d, 0x3, 0xed, 0x82, 0xc3, 0xd5,
    0x20, 0x4a, 0x4a, 0xe, 0x1d, 0x56, 0x4, 0xed,
    0xa8, 0xc0, 0xd5, 0xf1, 0x4a, 0x13, 0xd2, 0xa,
    0xfc, 0x0, 0x0, 0x0, 0x0, 0x0, 0x0,

    /* U+8B70 "議" */
    0x0, 0x0, 0x2, 0x1, 0x20, 0x2d, 0xd5, 0xcf,
    0xcd, 0xd4, 0xcd, 0xd5, 0x68, 0xf9, 0x80, 0x2a,
    0xa6, 0x78, 0xf9, 0x83, 0x14, 0x44, 0x79, 0x99,
    0x94, 0x2b, 0xb6, 0xae, 0x7a, 0xa3, 0x4e, 0xd9,
    0xcf, 0xcf, 0xc6, 0x48, 0x8b, 0xaf, 0x8d, 0xc0,
    0x4e, 0xe7, 0x4d, 0x2f, 0x67, 0x49, 0x11, 0xbb,
    0xb8, 0xe7, 0x0, 0x0, 0x0, 0x0, 0x0,

    /* U+8CC7 "資" */
    0x2, 0x0, 0x24, 0x0, 0x0, 0x8, 0xe4, 0xce,
    0xcc, 0xc2, 0x0, 0x46, 0x78, 0xf5, 0x90, 0x4e,
    0xb6, 0xca, 0x4d, 0xb3, 0x2, 0xda, 0xba, 0xad,
    0x80, 0x2, 0xf9, 0x99, 0x9e, 0x50, 0x2, 0xf8,
    0x88, 0x8e, 0x50, 0x2, 0xfa, 0xaa, 0xae, 0x50,
    0x4, 0x9c, 0x11, 0xc9, 0x30, 0x8, 0x50, 0x0,
    0x5, 0x81,

    /* U+8ECA "車" */
    0x8d, 0xdd, 0xfe, 0xdd, 0xc0, 0x15, 0x77, 0xf9,
    0x77, 0x20, 0xb, 0xb9, 0xfa, 0x9f, 0x20, 0xb,
    0xcb, 0xfc, 0xbf, 0x20, 0xb, 0x62, 0xf4, 0x2e,
    0x20, 0xb, 0xff, 0xff, 0xff, 0x20, 0x34, 0x44,
    0xf6, 0x44, 0x41, 0x9b, 0xbb, 0xfc, 0xbb, 0xb2,
    0x0, 0x0, 0xe3, 0x0, 0x0,

    /* U+8F66 "车" */
    0x0, 0x3, 0x50, 0x0, 0x0, 0x0, 0xb, 0xa0,
    0x0, 0x0, 0x1f, 0xff, 0xff, 0xff, 0xf8, 0x0,
    0xa9, 0x7, 0x0, 0x0, 0x5, 0xf2, 0x1f, 0x31,
    0x0, 0x8, 0xff, 0xff, 0xff, 0x90, 0x0, 0x0,
    0xf, 0x20, 0x0, 0x7f, 0xff, 0xff, 0xff, 0xf7,
    0x1, 0x11, 0x2f, 0x31, 0x10, 0x0, 0x0, 0xf,
    0x20, 0x0,

    /* U+8FBC "込" */
    0x1, 0x0, 0x0, 0x0, 0x0, 0x1, 0xe6, 0x8,
    0xff, 0x20, 0x0, 0x2, 0xb0, 0x0, 0xb4, 0x0,
    0x0, 0x0, 0x0, 0x3f, 0x70, 0x0, 0x4c, 0xb0,
    0x8, 0xfc, 0x0, 0x1, 0x5e, 0x1, 0xe5, 0xf3,
    0x0, 0x2, 0xe0, 0xbc, 0x7, 0xe2, 0x0, 0x3f,
    0x6d, 0x10, 0x9, 0xa0, 0x2e, 0xfb, 0x30, 0x0,
    0x2, 0x4, 0xa1, 0x9e, 0xff, 0xff, 0xe0, 0x0,
    0x0, 0x0, 0x0, 0x0, 0x0,

    /* U+8FD4 "返" */
    0x0, 0x0, 0x0, 0x0, 0x0, 0x1e, 0x50, 0xff,
    0xff, 0xf7, 0x2, 0xb0, 0xf0, 0x0, 0x0, 0x0,
    0x0, 0xff, 0xdc, 0xf1, 0x4c, 0xa1, 0xfb, 0x55,
    0xd0, 0x15, 0xe3, 0xd4, 0xee, 0x50, 0x2, 0xe8,
    0x93, 0xff, 0x30, 0x4, 0xfb, 0x7f, 0x99, 0xf8,
    0x2e, 0xfa, 0x23, 0x0, 0x33, 0x4a, 0x1a, 0xef,
    0xff, 0xfa, 0x0, 0x0, 0x0, 0x0, 0x0,

    /* U+8FF0 "述" */
    0x0, 0x0, 0x0, 0x0, 0x0, 0x1b, 0x30, 0x0,
    0xf3, 0xd2, 0x4, 0xc6, 0x99, 0xf9, 0xc6, 0x0,
    0x2, 0x65, 0xf4, 0x62, 0x4c, 0xb0, 0xd4, 0xf4,
    0xd0, 0x15, 0xe2, 0xe1, 0xf0, 0xd4, 0x2, 0xe9,
    0x80, 0xf0, 0x79, 0x3, 0xf1, 0x0, 0xf0, 0x0,
    0x2e, 0xfa, 0x20, 0x40, 0x1, 0x4a, 0x19, 0xef,
    0xff, 0xfb, 0x0, 0x0, 0x0, 0x0, 0x0,

    /* U+9031 "週" */
    0x0, 0x0, 0x0, 0x0, 0x0, 0x8a, 0x9, 0xfe,
    0xfe, 0xf0, 0x9, 0x29, 0x9c, 0xe9, 0xf0, 0x0,
    0x9, 0x77, 0xc3, 0xf0, 0x79, 0x29, 0x88, 0x86,
    0xf0, 0x6d, 0x4b, 0x6e, 0xc9, 0xf0, 0xb, 0x4f,
    0x3e, 0xb9, 0xf0, 0xc, 0x9a, 0x17, 0xb, 0xe0,
    0x6e, 0xd2, 0x0, 0x1, 0x0, 0xa2, 0x5d, 0xfe,
    0xef, 0xf6, 0x0, 0x0, 0x0, 0x0, 0x0,

    /* U+90E8 "部" */
    0x0, 0x0, 0x0, 0x0, 0x0, 0x39, 0xcc, 0x99,
    0xff, 0xf3, 0x2b, 0x77, 0xc7, 0xb1, 0xf1, 0x9,
    0x65, 0x95, 0xb6, 0xa0, 0xad, 0xcc, 0xd9, 0xbb,
    0x50, 0x34, 0x44, 0x46, 0xb2, 0xe0, 0xf, 0xff,
    0xf6, 0xb0, 0xd3, 0xf, 0x0, 0xf6, 0xb7, 0xf2,
    0xf, 0xcc, 0xf6, 0xb5, 0x30, 0xf, 0x22, 0xf6,
    0xb0, 0x0,

    /* U+914D "配" */
    0x1, 0x11, 0x10, 0x0, 0x0, 0x7d, 0xff, 0xd8,
    0xff, 0xf5, 0x15, 0xbc, 0x30, 0x0, 0xb5, 0x5d,
    0xdd, 0xd0, 0x0, 0xb5, 0x58, 0x88, 0xd7, 0xff,
    0xf5, 0x5b, 0x6c, 0xd8, 0x90, 0x83, 0x5b, 0x44,
    0xd8, 0x90, 0x0, 0x5b, 0x66, 0xd8, 0x90, 0x37,
    0x5e, 0xdd, 0xd7, 0x90, 0x59, 0x58, 0x0, 0xc4,
    0xff, 0xf4, 0x0, 0x0, 0x0, 0x0, 0x0,

    /* U+9192 "醒" */
    0x0, 0x0, 0x0, 0x0, 0x0, 0x6d, 0xef, 0x9d,
    0xdd, 0xf1, 0x16, 0x9c, 0x1d, 0xaa, 0xf1, 0x5e,
    0xee, 0xad, 0x76, 0xe1, 0x59, 0x89, 0xaa, 0x9a,
    0x50, 0x5d, 0x4b, 0xae, 0xee, 0xc5, 0x5b, 0x66,
    0xd8, 0x7b, 0x30, 0x5b, 0x67, 0xa8, 0xce, 0xb0,
    0x5e, 0xdd, 0xb6, 0x9c, 0x64, 0x57, 0x0, 0xcf,
    0xff, 0xfa,

    /* U+91CD "重" */
    0x0, 0x0, 0x1, 0x24, 0x30, 0x3, 0xcc, 0xdf,
    0xa9, 0x60, 0xb, 0xbb, 0xcf, 0xbb, 0xba, 0x2,
    0xaa, 0xbf, 0xaa, 0x90, 0x3, 0xe6, 0x8f, 0x68,
    0xe0, 0x3, 0xe7, 0x8f, 0x78, 0xe0, 0x2, 0xcb,
    0xcf, 0xbb, 0xb0, 0x4, 0xcc, 0xcf, 0xcc, 0xc3,
    0x7, 0x77, 0x8f, 0x77, 0x76, 0x1f, 0xff, 0xff,
    0xff, 0xff,

    /* U+91CF "量" */
    0x4, 0xe9, 0x99, 0x9f, 0x40, 0x4, 0xe9, 0x99,
    0x9e, 0x40, 0x5, 0xbb, 0xbb, 0xbb, 0x42, 0x29,
    0xbb, 0xbb, 0xbb, 0x96, 0x7, 0xc8, 0xcc, 0x8c,
    0x80, 0x7, 0xc8, 0xcc, 0x8c, 0x80, 0x4, 0x99,
    0xdd, 0x99, 0x50, 0x6, 0x99, 0xdc, 0x99, 0x60,
    0x5f, 0xff, 0xff, 0xff, 0xfc,

    /* U+91D1 "金" */
    0x0, 0x4, 0xeb, 0x0, 0x0, 0x0, 0x5e, 0x28,
    0xc1, 0x0, 0x1a, 0xf8, 0x66, 0xce, 0x70, 0xa9,
    0x79, 0xfb, 0x96, 0xc3, 0x3, 0x33, 0xe7, 0x33,
    0x10, 0xb, 0xdb, 0xfd, 0xcc, 0x50, 0x1, 0xd2,
    0xd4, 0x98, 0x0, 0x37, 0xb9, 0xea, 0xe7, 0x70,
    0x7f, 0xff, 0xff, 0xff, 0xf0,

    /* U+9577 "長" */
    0x0, 0xee, 0xee, 0xee, 0x50, 0x0, 0xed, 0xdd,
    0xdd, 0x10, 0x0, 0xe7, 0x55, 0x55, 0x0, 0x0,
    0xea, 0x99, 0x99, 0x0, 0x7b, 0xfc, 0xbb, 0xbb,
    0xb4, 0x23, 0xf5, 0x8d, 0x39, 0xc1, 0x0, 0xe2,
    0xd, 0xdb, 0x20, 0x4, 0xfa, 0xb8, 0xdc, 0x51,
    0xb, 0x96, 0x41, 0x6, 0xc2,

    /* U+9589 "閉" */
    0x3f, 0xcd, 0x9a, 0xdc, 0xf3, 0x3f, 0xbd, 0x9a,
    0xdb, 0xf3, 0x3f, 0x6a, 0x9a, 0x96, 0xe3, 0x3e,
    0x44, 0x2a, 0x55, 0xe3, 0x3e, 0x6b, 0xbf, 0xb5,
    0xd3, 0x3e, 0x13, 0xbf, 0x41, 0xd3, 0x3e, 0x7,
    0xbe, 0x10, 0xd3, 0x3e, 0x8b, 0xe, 0x21, 0xd3,
    0x3e, 0x0, 0xad, 0x6f, 0xd1,

    /* U+958B "開" */
    0x3f, 0xce, 0x6e, 0xcc, 0xf3, 0x3f, 0xbe, 0x6e,
    0xcb, 0xf3, 0x3e, 0x5b, 0x6e, 0x75, 0xe3, 0x3f,
    0x77, 0x36, 0x77, 0xe3, 0x3e, 0x8f, 0xdf, 0xd2,
    0xd3, 0x3e, 0x1b, 0x4c, 0x40, 0xd3, 0x3e, 0xaf,
    0xdf, 0xd5, 0xd3, 0x3e, 0x1e, 0xb, 0x30, 0xd3,
    0x3e, 0x76, 0xb, 0x6f, 0xd1, 0x0, 0x0, 0x0,
    0x0, 0x0,

    /* U+9593 "間" */
    0x3f, 0xcd, 0x99, 0xec, 0xf3, 0x3f, 0x9c, 0x99,
    0xc9, 0xf3, 0x3e, 0x49, 0x99, 0x94, 0xe3, 0x3f,
    0xbb, 0x76, 0xbb, 0xf3, 0x3e, 0xa, 0xaa, 0xa0,
    0xd3, 0x3e, 0xf, 0x55, 0xf0, 0xd3, 0x3e, 0xf,
    0xaa, 0xf0, 0xd3, 0x3e, 0xf, 0xcc, 0xf3, 0xe3,
    0x3e, 0x8, 0x0, 0x1f, 0xd1,

    /* U+964D "降" */
    0x0, 0x0, 0x0, 0x50, 0x0, 0x1f, 0xfd, 0x9,
    0xfd, 0xc0, 0x1e, 0x69, 0xaf, 0x67, 0x90, 0x1e,
    0xa3, 0x42, 0xfe, 0x10, 0x1e, 0x87, 0x7d, 0xac,
    0xe6, 0x1e, 0x2c, 0x98, 0x7f, 0x93, 0x1e, 0x6d,
    0x5f, 0x8f, 0x82, 0x1e, 0x75, 0x7f, 0x8f, 0x74,
    0x1e, 0x1, 0x77, 0x8f, 0x74, 0x1e, 0x0, 0x0,
    0x1f, 0x0,

    /* U+9650 "限" */
    0x0, 0x0, 0x0, 0x0, 0x0, 0x1f, 0xff, 0xaf,
    0xee, 0xf2, 0x1e, 0x3c, 0x97, 0x0, 0xe2, 0x1e,
    0x87, 0x9f, 0xee, 0xf2, 0x1e, 0xa7, 0x98, 0x22,
    0xe2, 0x1e, 0x1e, 0x9e, 0xfe, 0xd2, 0x1e, 0x2f,
    0xa7, 0x79, 0xc5, 0x1e, 0xb8, 0x97, 0x1f, 0x80,
    0x1e, 0x1, 0xbc, 0xb9, 0xc1, 0x1e, 0x4, 0xb8,
    0x50, 0x88,

    /* U+9664 "除" */
    0x0, 0x0, 0x0, 0x0, 0x0, 0x1f, 0xfa, 0x5,
    0xe7, 0x0, 0x1e, 0x78, 0x5c, 0x1b, 0x90, 0x1e,
    0xb8, 0xe8, 0x77, 0xe9, 0x1e, 0xb3, 0x26, 0xf7,
    0x30, 0x1e, 0x4a, 0x88, 0xf9, 0x82, 0x1e, 0x5b,
    0x66, 0xf7, 0x71, 0x1e, 0xb4, 0xc3, 0xe4, 0xd0,
    0x1e, 0x7, 0xb0, 0xe1, 0xa7, 0x1e, 0x1, 0x1c,
    0xd0, 0x11,

    /* U+969B "際" */
    0x0, 0x0, 0x31, 0x10, 0x0, 0x1f, 0xf5, 0xdc,
    0xeb, 0xc7, 0x1d, 0x9a, 0xeb, 0x9a, 0x96, 0x1d,
    0xcc, 0x9d, 0xd, 0xd0, 0x1d, 0xc1, 0xe6, 0x37,
    0xd2, 0x1d, 0x8b, 0x5a, 0xaa, 0x79, 0x1d, 0x87,
    0xee, 0xee, 0xe2, 0x1d, 0xc2, 0x70, 0xe1, 0x60,
    0x1d, 0x5, 0xc0, 0xe0, 0xc5, 0x1d, 0x6, 0x1c,
    0xb0, 0x34,

    /* U+96C6 "集" */
    0x0, 0x4, 0x20, 0x60, 0x0, 0x0, 0x3, 0xf8,
    0x9e, 0x55, 0x50, 0x2, 0xed, 0x8c, 0xc8, 0x87,
    0x0, 0xac, 0xeb, 0xde, 0xbb, 0x50, 0x0, 0x5e,
    0xbd, 0xdb, 0xb5, 0x0, 0x5, 0xe9, 0xdd, 0x99,
    0x92, 0x1, 0x37, 0x7e, 0x97, 0x77, 0x10, 0x8c,
    0xcf, 0xff, 0xdc, 0xc3, 0x1, 0x6c, 0xbd, 0x9d,
    0x94, 0x0, 0x9a, 0x30, 0xc4, 0x5, 0xb3,

    /* U+96E8 "雨" */
    0xbf, 0xff, 0xff, 0xff, 0xf4, 0x0, 0x0, 0xc4,
    0x0, 0x0, 0xf, 0xff, 0xff, 0xff, 0xf1, 0x1f,
    0x51, 0xc6, 0x51, 0xf2, 0x1f, 0x7d, 0xc6, 0xc9,
    0xf2, 0x1f, 0x32, 0xc6, 0x22, 0xf2, 0x1f, 0xaa,
    0xc8, 0xe6, 0xf2, 0x1f, 0x5, 0xc4, 0x13, 0xf2,
    0x1f, 0x0, 0xc4, 0x5d, 0xe0, 0x0, 0x0, 0x0,
    0x1, 0x0,

    /* U+96EA "雪" */
    0x3, 0xbb, 0xcf, 0xbb, 0xb1, 0x1d, 0xdd, 0xdf,
    0xdd, 0xda, 0x2d, 0x78, 0x6e, 0x68, 0x8c, 0x15,
    0x44, 0x4e, 0x34, 0x45, 0x1, 0xcc, 0x8a, 0xac,
    0x60, 0x2, 0xaa, 0xaa, 0xac, 0x90, 0x0, 0xdd,
    0xdd, 0xde, 0x90, 0x0, 0x0, 0x0, 0x7, 0x90,
    0x3, 0xdd, 0xdd, 0xde, 0x90,

    /* U+96F7 "雷" */
    0x3, 0xbb, 0xcf, 0xbb, 0xb1, 0x1d, 0xcc, 0xcf,
    0xcc, 0xca, 0x2d, 0x8b, 0x7e, 0x8b, 0x9c, 0x16,
    0x66, 0x5e, 0x46, 0x55, 0x1, 0x88, 0x6b, 0x68,
    0x30, 0x7, 0xfa, 0xbf, 0xad, 0x80, 0x7, 0xfc,
    0xcf, 0xce, 0x80, 0x7, 0xe6, 0x8f, 0x6b, 0x80,
    0x7, 0xff, 0xff, 0xff, 0x80, 0x0, 0x10, 0x0,
    0x0, 0x0,

    /* U+9727 "霧" */
    0x6, 0xaa, 0xdd, 0xaa, 0x60, 0x1f, 0xaa, 0xde,
    0xaa, 0xd6, 0x1a, 0xbb, 0x89, 0xab, 0x84, 0x3,
    0x99, 0x65, 0xc6, 0x10, 0x8, 0xce, 0x6c, 0xcd,
    0xd3, 0x48, 0xde, 0x89, 0xee, 0x72, 0x8, 0xf8,
    0x9b, 0xdb, 0xb1, 0x5d, 0xa7, 0x4, 0xe2, 0xc0,
    0x4, 0xd5, 0x6c, 0x3a, 0xb0, 0x0, 0x0, 0x0,
    0x0, 0x0,

    /* U+9762 "面" */
    0x7f, 0xff, 0xff, 0xff, 0xf9, 0x0, 0x0, 0xe8,
    0x0, 0x0, 0xd, 0xdd, 0xfe, 0xdd, 0xd1, 0xf,
    0x2f, 0x22, 0xf2, 0xf1, 0xf, 0xf, 0xdd, 0xf0,
    0xf1, 0xf, 0xf, 0x55, 0xf0, 0xf1, 0xf, 0xf,
    0x88, 0xf0, 0xf1, 0xf, 0xaf, 0xaa, 0xfa, 0xf1,
    0xf, 0x55, 0x55, 0x55, 0xf1,

    /* U+97F3 "音" */
    0x9, 0xaa, 0xdd, 0xaa, 0xa0, 0x4, 0xab, 0x55,
    0xac, 0x50, 0x1, 0x5e, 0x11, 0xc7, 0x11, 0x3d,
    0xdd, 0xdd, 0xdd, 0xd9, 0x0, 0x88, 0x88, 0x88,
    0x10, 0x0, 0xf4, 0x44, 0x4e, 0x30, 0x0, 0xfd,
    0xdd, 0xdf, 0x30, 0x0, 0xf2, 0x22, 0x2e, 0x30,
    0x0, 0xfc, 0xcc, 0xcf, 0x30, 0x0, 0x0, 0x0,
    0x0, 0x0,

    /* U+984C "題" */
    0x1f, 0xbe, 0x4c, 0xde, 0xc5, 0x1f, 0x9e, 0x39,
    0xdc, 0xb0, 0x1f, 0xbe, 0x3e, 0xa9, 0xf1, 0x36,
    0x66, 0x6e, 0x77, 0xf1, 0x38, 0xc7, 0x5e, 0x77,
    0xf1, 0x1c, 0xab, 0x8a, 0xbb, 0xb0, 0x2e, 0xb2,
    0x2c, 0x84, 0xd1, 0x5c, 0xf2, 0x5a, 0x0, 0x74,
    0x94, 0x4c, 0xdd, 0xdd, 0xe6, 0x0, 0x0, 0x0,
    0x0, 0x0,

    /* U+9875 "页" */
    0x1f, 0xff, 0xff, 0xff, 0xf9, 0x0, 0x0, 0xb6,
    0x0, 0x0, 0x3, 0xff, 0xff, 0xff, 0xc0, 0x3,
    0xe0, 0x26, 0x5, 0xd0, 0x3, 0xe0, 0x5d, 0x5,
    0xd0, 0x3, 0xe0, 0x5c, 0x5, 0xd0, 0x2, 0x90,
    0xca, 0x96, 0x80, 0x2, 0x7e, 0xa1, 0x7e, 0xa1,
    0x1b, 0x93, 0x0, 0x0, 0x85,

    /* U+9AD8 "高" */
    0x39, 0x99, 0xdc, 0x99, 0x93, 0x15, 0x79, 0x99,
    0x98, 0x51, 0x0, 0xba, 0x77, 0xac, 0x0, 0x0,
    0xac, 0xbb, 0xcb, 0x0, 0x8, 0x88, 0x88, 0x88,
    0x90, 0xf, 0x77, 0x77, 0x77, 0xf1, 0xf, 0x1f,
    0xbb, 0xe0, 0xf1, 0xf, 0x1f, 0xbb, 0xe2, 0xf1,
    0xf, 0x17, 0x0, 0x3f, 0xc0,

    /* U+FF0C "，" */
    0x7, 0x32, 0xfb, 0x6, 0x93, 0xc1, 0x0, 0x0,

    /* U+FF1B "；" */
    0x0, 0x0, 0xb, 0xb0, 0x8, 0x80, 0x0, 0x0,
    0x0, 0x0, 0x7, 0x80, 0xa, 0xf0, 0x0, 0xd0,
    0xc, 0x50, 0x1, 0x0
};


/*---------------------
 *  GLYPH DESCRIPTION
 *--------------------*/

static const lv_font_fmt_txt_glyph_dsc_t glyph_dsc[] = {
    {.bitmap_index = 0, .adv_w = 0, .box_w = 0, .box_h = 0, .ofs_x = 0, .ofs_y = 0} /* id = 0 reserved */,
    {.bitmap_index = 0, .adv_w = 36, .box_w = 0, .box_h = 0, .ofs_x = 0, .ofs_y = 0},
    {.bitmap_index = 0, .adv_w = 57, .box_w = 3, .box_h = 8, .ofs_x = 0, .ofs_y = 0},
    {.bitmap_index = 12, .adv_w = 87, .box_w = 5, .box_h = 4, .ofs_x = 0, .ofs_y = 4},
    {.bitmap_index = 22, .adv_w = 93, .box_w = 6, .box_h = 8, .ofs_x = 0, .ofs_y = 0},
    {.bitmap_index = 46, .adv_w = 93, .box_w = 6, .box_h = 11, .ofs_x = 0, .ofs_y = -1},
    {.bitmap_index = 79, .adv_w = 152, .box_w = 10, .box_h = 8, .ofs_x = 0, .ofs_y = 0},
    {.bitmap_index = 119, .adv_w = 116, .box_w = 8, .box_h = 8, .ofs_x = 0, .ofs_y = 0},
    {.bitmap_index = 151, .adv_w = 50, .box_w = 3, .box_h = 4, .ofs_x = 0, .ofs_y = 4},
    {.bitmap_index = 157, .adv_w = 59, .box_w = 4, .box_h = 12, .ofs_x = 0, .ofs_y = -3},
    {.bitmap_index = 181, .adv_w = 59, .box_w = 3, .box_h = 12, .ofs_x = 0, .ofs_y = -3},
    {.bitmap_index = 199, .adv_w = 79, .box_w = 5, .box_h = 4, .ofs_x = 0, .ofs_y = 4},
    {.bitmap_index = 209, .adv_w = 93, .box_w = 6, .box_h = 6, .ofs_x = 0, .ofs_y = 1},
    {.bitmap_index = 227, .adv_w = 50, .box_w = 3, .box_h = 5, .ofs_x = 0, .ofs_y = -3},
    {.bitmap_index = 235, .adv_w = 58, .box_w = 4, .box_h = 1, .ofs_x = 0, .ofs_y = 3},
    {.bitmap_index = 237, .adv_w = 50, .box_w = 3, .box_h = 2, .ofs_x = 0, .ofs_y = 0},
    {.bitmap_index = 240, .adv_w = 62, .box_w = 4, .box_h = 11, .ofs_x = 0, .ofs_y = -3},
    {.bitmap_index = 262, .adv_w = 93, .box_w = 6, .box_h = 8, .ofs_x = 0, .ofs_y = 0},
    {.bitmap_index = 286, .adv_w = 93, .box_w = 6, .box_h = 8, .ofs_x = 0, .ofs_y = 0},
    {.bitmap_index = 310, .adv_w = 93, .box_w = 6, .box_h = 8, .ofs_x = 0, .ofs_y = 0},
    {.bitmap_index = 334, .adv_w = 93, .box_w = 6, .box_h = 8, .ofs_x = 0, .ofs_y = 0},
    {.bitmap_index = 358, .adv_w = 93, .box_w = 6, .box_h = 8, .ofs_x = 0, .ofs_y = 0},
    {.bitmap_index = 382, .adv_w = 93, .box_w = 6, .box_h = 8, .ofs_x = 0, .ofs_y = 0},
    {.bitmap_index = 406, .adv_w = 93, .box_w = 6, .box_h = 8, .ofs_x = 0, .ofs_y = 0},
    {.bitmap_index = 430, .adv_w = 93, .box_w = 6, .box_h = 8, .ofs_x = 0, .ofs_y = 0},
    {.bitmap_index = 454, .adv_w = 93, .box_w = 6, .box_h = 8, .ofs_x = 0, .ofs_y = 0},
    {.bitmap_index = 478, .adv_w = 93, .box_w = 6, .box_h = 8, .ofs_x = 0, .ofs_y = 0},
    {.bitmap_index = 502, .adv_w = 50, .box_w = 3, .box_h = 6, .ofs_x = 0, .ofs_y = 0},
    {.bitmap_index = 511, .adv_w = 50, .box_w = 3, .box_h = 9, .ofs_x = 0, .ofs_y = -3},
    {.bitmap_index = 525, .adv_w = 93, .box_w = 6, .box_h = 6, .ofs_x = 0, .ofs_y = 1},
    {.bitmap_index = 543, .adv_w = 93, .box_w = 6, .box_h = 5, .ofs_x = 0, .ofs_y = 1},
    {.bitmap_index = 558, .adv_w = 93, .box_w = 6, .box_h = 6, .ofs_x = 0, .ofs_y = 1},
    {.bitmap_index = 576, .adv_w = 80, .box_w = 5, .box_h = 8, .ofs_x = 0, .ofs_y = 0},
    {.bitmap_index = 596, .adv_w = 158, .box_w = 10, .box_h = 10, .ofs_x = 0, .ofs_y = -2},
    {.bitmap_index = 646, .adv_w = 101, .box_w = 8, .box_h = 8, .ofs_x = -1, .ofs_y = 0},
    {.bitmap_index = 678, .adv_w = 108, .box_w = 7, .box_h = 8, .ofs_x = 0, .ofs_y = 0},
    {.bitmap_index = 706, .adv_w = 104, .box_w = 7, .box_h = 8, .ofs_x = 0, .ofs_y = 0},
    {.bitmap_index = 734, .adv_w = 113, .box_w = 7, .box_h = 8, .ofs_x = 0, .ofs_y = 0},
    {.bitmap_index = 762, .adv_w = 97, .box_w = 6, .box_h = 8, .ofs_x = 0, .ofs_y = 0},
    {.bitmap_index = 786, .adv_w = 92, .box_w = 6, .box_h = 8, .ofs_x = 0, .ofs_y = 0},
    {.bitmap_index = 810, .adv_w = 113, .box_w = 7, .box_h = 8, .ofs_x = 0, .ofs_y = 0},
    {.bitmap_index = 838, .adv_w = 120, .box_w = 7, .box_h = 8, .ofs_x = 0, .ofs_y = 0},
    {.bitmap_index = 866, .adv_w = 51, .box_w = 3, .box_h = 8, .ofs_x = 0, .ofs_y = 0},
    {.bitmap_index = 878, .adv_w = 89, .box_w = 5, .box_h = 8, .ofs_x = 0, .ofs_y = 0},
    {.bitmap_index = 898, .adv_w = 108, .box_w = 7, .box_h = 8, .ofs_x = 0, .ofs_y = 0},
    {.bitmap_index = 926, .adv_w = 91, .box_w = 6, .box_h = 8, .ofs_x = 0, .ofs_y = 0},
    {.bitmap_index = 950, .adv_w = 135, .box_w = 8, .box_h = 8, .ofs_x = 0, .ofs_y = 0},
    {.bitmap_index = 982, .adv_w = 119, .box_w = 7, .box_h = 8, .ofs_x = 0, .ofs_y = 0},
    {.bitmap_index = 1010, .adv_w = 122, .box_w = 8, .box_h = 8, .ofs_x = 0, .ofs_y = 0},
    {.bitmap_index = 1042, .adv_w = 105, .box_w = 7, .box_h = 8, .ofs_x = 0, .ofs_y = 0},
    {.bitmap_index = 1070, .adv_w = 122, .box_w = 8, .box_h = 10, .ofs_x = 0, .ofs_y = -2},
    {.bitmap_index = 1110, .adv_w = 107, .box_w = 7, .box_h = 8, .ofs_x = 0, .ofs_y = 0},
    {.bitmap_index = 1138, .adv_w = 99, .box_w = 6, .box_h = 8, .ofs_x = 0, .ofs_y = 0},
    {.bitmap_index = 1162, .adv_w = 99, .box_w = 6, .box_h = 8, .ofs_x = 0, .ofs_y = 0},
    {.bitmap_index = 1186, .adv_w = 118, .box_w = 7, .box_h = 8, .ofs_x = 0, .ofs_y = 0},
    {.bitmap_index = 1214, .adv_w = 97, .box_w = 8, .box_h = 8, .ofs_x = -1, .ofs_y = 0},
    {.bitmap_index = 1246, .adv_w = 145, .box_w = 9, .box_h = 8, .ofs_x = 0, .ofs_y = 0},
    {.bitmap_index = 1282, .adv_w = 98, .box_w = 6, .box_h = 8, .ofs_x = 0, .ofs_y = 0},
    {.bitmap_index = 1306, .adv_w = 91, .box_w = 7, .box_h = 8, .ofs_x = -1, .ofs_y = 0},
    {.bitmap_index = 1334, .adv_w = 98, .box_w = 6, .box_h = 8, .ofs_x = 0, .ofs_y = 0},
    {.bitmap_index = 1358, .adv_w = 59, .box_w = 3, .box_h = 10, .ofs_x = 1, .ofs_y = -2},
    {.bitmap_index = 1373, .adv_w = 62, .box_w = 4, .box_h = 11, .ofs_x = 0, .ofs_y = -3},
    {.bitmap_index = 1395, .adv_w = 59, .box_w = 3, .box_h = 10, .ofs_x = 0, .ofs_y = -2},
    {.bitmap_index = 1410, .adv_w = 93, .box_w = 6, .box_h = 5, .ofs_x = 0, .ofs_y = 3},
    {.bitmap_index = 1425, .adv_w = 90, .box_w = 6, .box_h = 1, .ofs_x = 0, .ofs_y = -2},
    {.bitmap_index = 1428, .adv_w = 99, .box_w = 3, .box_h = 4, .ofs_x = 1, .ofs_y = 6},
    {.bitmap_index = 1434, .adv_w = 93, .box_w = 6, .box_h = 6, .ofs_x = 0, .ofs_y = 0},
    {.bitmap_index = 1452, .adv_w = 102, .box_w = 6, .box_h = 8, .ofs_x = 0, .ofs_y = 0},
    {.bitmap_index = 1476, .adv_w = 84, .box_w = 5, .box_h = 6, .ofs_x = 0, .ofs_y = 0},
    {.bitmap_index = 1491, .adv_w = 102, .box_w = 6, .box_h = 8, .ofs_x = 0, .ofs_y = 0},
    {.bitmap_index = 1515, .adv_w = 92, .box_w = 6, .box_h = 6, .ofs_x = 0, .ofs_y = 0},
    {.bitmap_index = 1533, .adv_w = 57, .box_w = 4, .box_h = 8, .ofs_x = 0, .ofs_y = 0},
    {.bitmap_index = 1549, .adv_w = 94, .box_w = 6, .box_h = 8, .ofs_x = 0, .ofs_y = -2},
    {.bitmap_index = 1573, .adv_w = 101, .box_w = 6, .box_h = 8, .ofs_x = 0, .ofs_y = 0},
    {.bitmap_index = 1597, .adv_w = 47, .box_w = 3, .box_h = 8, .ofs_x = 0, .ofs_y = 0},
    {.bitmap_index = 1609, .adv_w = 48, .box_w = 4, .box_h = 10, .ofs_x = -1, .ofs_y = -2},
    {.bitmap_index = 1629, .adv_w = 94, .box_w = 6, .box_h = 8, .ofs_x = 0, .ofs_y = 0},
    {.bitmap_index = 1653, .adv_w = 49, .box_w = 3, .box_h = 8, .ofs_x = 0, .ofs_y = 0},
    {.bitmap_index = 1665, .adv_w = 152, .box_w = 9, .box_h = 6, .ofs_x = 0, .ofs_y = 0},
    {.bitmap_index = 1692, .adv_w = 101, .box_w = 6, .box_h = 6, .ofs_x = 0, .ofs_y = 0},
    {.bitmap_index = 1710, .adv_w = 99, .box_w = 6, .box_h = 6, .ofs_x = 0, .ofs_y = 0},
    {.bitmap_index = 1728, .adv_w = 102, .box_w = 6, .box_h = 8, .ofs_x = 0, .ofs_y = -2},
    {.bitmap_index = 1752, .adv_w = 102, .box_w = 6, .box_h = 8, .ofs_x = 0, .ofs_y = -2},
    {.bitmap_index = 1776, .adv_w = 68, .box_w = 5, .box_h = 7, .ofs_x = 0, .ofs_y = 0},
    {.bitmap_index = 1794, .adv_w = 78, .box_w = 5, .box_h = 6, .ofs_x = 0, .ofs_y = 0},
    {.bitmap_index = 1809, .adv_w = 65, .box_w = 4, .box_h = 8, .ofs_x = 0, .ofs_y = 0},
    {.bitmap_index = 1825, .adv_w = 101, .box_w = 6, .box_h = 6, .ofs_x = 0, .ofs_y = 0},
    {.bitmap_index = 1843, .adv_w = 90, .box_w = 6, .box_h = 6, .ofs_x = 0, .ofs_y = 0},
    {.bitmap_index = 1861, .adv_w = 135, .box_w = 9, .box_h = 6, .ofs_x = 0, .ofs_y = 0},
    {.bitmap_index = 1888, .adv_w = 87, .box_w = 6, .box_h = 6, .ofs_x = 0, .ofs_y = 0},
    {.bitmap_index = 1906, .adv_w = 89, .box_w = 6, .box_h = 8, .ofs_x = 0, .ofs_y = -2},
    {.bitmap_index = 1930, .adv_w = 80, .box_w = 5, .box_h = 6, .ofs_x = 0, .ofs_y = 0},
    {.bitmap_index = 1945, .adv_w = 59, .box_w = 4, .box_h = 10, .ofs_x = 0, .ofs_y = -2},
    {.bitmap_index = 1965, .adv_w = 46, .box_w = 1, .box_h = 12, .ofs_x = 1, .ofs_y = -3},
    {.bitmap_index = 1971, .adv_w = 59, .box_w = 4, .box_h = 10, .ofs_x = 0, .ofs_y = -2},
    {.bitmap_index = 1991, .adv_w = 93, .box_w = 6, .box_h = 2, .ofs_x = 0, .ofs_y = 3},
    {.bitmap_index = 1997, .adv_w = 63, .box_w = 4, .box_h = 4, .ofs_x = 0, .ofs_y = 5},
    {.bitmap_index = 2005, .adv_w = 93, .box_w = 2, .box_h = 2, .ofs_x = 2, .ofs_y = 3},
    {.bitmap_index = 2007, .adv_w = 160, .box_w = 8, .box_h = 8, .ofs_x = 1, .ofs_y = 0},
    {.bitmap_index = 2039, .adv_w = 160, .box_w = 8, .box_h = 7, .ofs_x = 1, .ofs_y = 0},
    {.bitmap_index = 2067, .adv_w = 87, .box_w = 5, .box_h = 1, .ofs_x = 0, .ofs_y = 3},
    {.bitmap_index = 2070, .adv_w = 160, .box_w = 10, .box_h = 2, .ofs_x = 0, .ofs_y = 3},
    {.bitmap_index = 2080, .adv_w = 160, .box_w = 6, .box_h = 10, .ofs_x = 2, .ofs_y = -1},
    {.bitmap_index = 2110, .adv_w = 160, .box_w = 6, .box_h = 10, .ofs_x = 2, .ofs_y = -2},
    {.bitmap_index = 2140, .adv_w = 160, .box_w = 10, .box_h = 5, .ofs_x = 0, .ofs_y = 1},
    {.bitmap_index = 2165, .adv_w = 160, .box_w = 0, .box_h = 0, .ofs_x = 0, .ofs_y = 0},
    {.bitmap_index = 2165, .adv_w = 160, .box_w = 4, .box_h = 4, .ofs_x = 0, .ofs_y = -1},
    {.bitmap_index = 2173, .adv_w = 160, .box_w = 4, .box_h = 4, .ofs_x = 0, .ofs_y = -1},
    {.bitmap_index = 2181, .adv_w = 160, .box_w = 4, .box_h = 7, .ofs_x = 6, .ofs_y = 1},
    {.bitmap_index = 2195, .adv_w = 160, .box_w = 4, .box_h = 7, .ofs_x = 0, .ofs_y = -1},
    {.bitmap_index = 2209, .adv_w = 160, .box_w = 9, .box_h = 9, .ofs_x = 1, .ofs_y = -1},
    {.bitmap_index = 2250, .adv_w = 160, .box_w = 10, .box_h = 10, .ofs_x = 0, .ofs_y = -1},
    {.bitmap_index = 2300, .adv_w = 160, .box_w = 10, .box_h = 10, .ofs_x = 0, .ofs_y = -1},
    {.bitmap_index = 2350, .adv_w = 160, .box_w = 8, .box_h = 10, .ofs_x = 1, .ofs_y = -1},
    {.bitmap_index = 2390, .adv_w = 160, .box_w = 7, .box_h = 10, .ofs_x = 1, .ofs_y = -1},
    {.bitmap_index = 2425, .adv_w = 160, .box_w = 9, .box_h = 10, .ofs_x = 1, .ofs_y = -1},
    {.bitmap_index = 2470, .adv_w = 160, .box_w = 8, .box_h = 9, .ofs_x = 1, .ofs_y = -1},
    {.bitmap_index = 2506, .adv_w = 160, .box_w = 7, .box_h = 10, .ofs_x = 2, .ofs_y = -1},
    {.bitmap_index = 2541, .adv_w = 160, .box_w = 7, .box_h = 9, .ofs_x = 2, .ofs_y = -1},
    {.bitmap_index = 2573, .adv_w = 160, .box_w = 10, .box_h = 9, .ofs_x = 0, .ofs_y = -1},
    {.bitmap_index = 2618, .adv_w = 160, .box_w = 10, .box_h = 9, .ofs_x = 0, .ofs_y = -1},
    {.bitmap_index = 2663, .adv_w = 160, .box_w = 10, .box_h = 9, .ofs_x = 0, .ofs_y = -1},
    {.bitmap_index = 2708, .adv_w = 160, .box_w = 10, .box_h = 7, .ofs_x = 0, .ofs_y = 0},
    {.bitmap_index = 2743, .adv_w = 160, .box_w = 9, .box_h = 9, .ofs_x = 0, .ofs_y = -1},
    {.bitmap_index = 2784, .adv_w = 160, .box_w = 10, .box_h = 9, .ofs_x = 0, .ofs_y = -1},
    {.bitmap_index = 2829, .adv_w = 160, .box_w = 8, .box_h = 9, .ofs_x = 1, .ofs_y = -1},
    {.bitmap_index = 2865, .adv_w = 160, .box_w = 10, .box_h = 9, .ofs_x = 0, .ofs_y = -1},
    {.bitmap_index = 2910, .adv_w = 160, .box_w = 9, .box_h = 9, .ofs_x = 1, .ofs_y = -1},
    {.bitmap_index = 2951, .adv_w = 160, .box_w = 10, .box_h = 9, .ofs_x = 0, .ofs_y = -1},
    {.bitmap_index = 2996, .adv_w = 160, .box_w = 9, .box_h = 9, .ofs_x = 1, .ofs_y = -1},
    {.bitmap_index = 3037, .adv_w = 160, .box_w = 10, .box_h = 7, .ofs_x = 0, .ofs_y = 0},
    {.bitmap_index = 3072, .adv_w = 160, .box_w = 8, .box_h = 9, .ofs_x = 1, .ofs_y = -1},
    {.bitmap_index = 3108, .adv_w = 160, .box_w = 10, .box_h = 9, .ofs_x = 0, .ofs_y = -1},
    {.bitmap_index = 3153, .adv_w = 160, .box_w = 10, .box_h = 9, .ofs_x = 0, .ofs_y = -1},
    {.bitmap_index = 3198, .adv_w = 160, .box_w = 10, .box_h = 9, .ofs_x = 0, .ofs_y = -1},
    {.bitmap_index = 3243, .adv_w = 160, .box_w = 9, .box_h = 10, .ofs_x = 0, .ofs_y = -1},
    {.bitmap_index = 3288, .adv_w = 160, .box_w = 8, .box_h = 10, .ofs_x = 1, .ofs_y = -1},
    {.bitmap_index = 3328, .adv_w = 160, .box_w = 9, .box_h = 9, .ofs_x = 0, .ofs_y = -1},
    {.bitmap_index = 3369, .adv_w = 160, .box_w = 10, .box_h = 10, .ofs_x = 0, .ofs_y = -1},
    {.bitmap_index = 3419, .adv_w = 160, .box_w = 10, .box_h = 10, .ofs_x = 0, .ofs_y = -1},
    {.bitmap_index = 3469, .adv_w = 160, .box_w = 9, .box_h = 10, .ofs_x = 0, .ofs_y = -1},
    {.bitmap_index = 3514, .adv_w = 160, .box_w = 10, .box_h = 9, .ofs_x = 0, .ofs_y = -1},
    {.bitmap_index = 3559, .adv_w = 160, .box_w = 9, .box_h = 10, .ofs_x = 0, .ofs_y = -1},
    {.bitmap_index = 3604, .adv_w = 160, .box_w = 10, .box_h = 9, .ofs_x = 0, .ofs_y = -1},
    {.bitmap_index = 3649, .adv_w = 160, .box_w = 9, .box_h = 9, .ofs_x = 0, .ofs_y = -1},
    {.bitmap_index = 3690, .adv_w = 160, .box_w = 10, .box_h = 10, .ofs_x = 0, .ofs_y = -1},
    {.bitmap_index = 3740, .adv_w = 160, .box_w = 9, .box_h = 10, .ofs_x = 0, .ofs_y = -1},
    {.bitmap_index = 3785, .adv_w = 160, .box_w = 10, .box_h = 9, .ofs_x = 0, .ofs_y = -1},
    {.bitmap_index = 3830, .adv_w = 160, .box_w = 10, .box_h = 10, .ofs_x = 0, .ofs_y = -1},
    {.bitmap_index = 3880, .adv_w = 160, .box_w = 10, .box_h = 9, .ofs_x = 0, .ofs_y = -1},
    {.bitmap_index = 3925, .adv_w = 160, .box_w = 10, .box_h = 9, .ofs_x = 0, .ofs_y = -1},
    {.bitmap_index = 3970, .adv_w = 160, .box_w = 9, .box_h = 10, .ofs_x = 0, .ofs_y = -1},
    {.bitmap_index = 4015, .adv_w = 160, .box_w = 10, .box_h = 10, .ofs_x = 0, .ofs_y = -1},
    {.bitmap_index = 4065, .adv_w = 160, .box_w = 10, .box_h = 9, .ofs_x = 0, .ofs_y = -1},
    {.bitmap_index = 4110, .adv_w = 160, .box_w = 8, .box_h = 7, .ofs_x = 1, .ofs_y = -1},
    {.bitmap_index = 4138, .adv_w = 160, .box_w = 10, .box_h = 10, .ofs_x = 0, .ofs_y = -1},
    {.bitmap_index = 4188, .adv_w = 160, .box_w = 6, .box_h = 9, .ofs_x = 3, .ofs_y = -1},
    {.bitmap_index = 4215, .adv_w = 160, .box_w = 7, .box_h = 9, .ofs_x = 2, .ofs_y = -1},
    {.bitmap_index = 4247, .adv_w = 160, .box_w = 10, .box_h = 9, .ofs_x = 0, .ofs_y = -1},
    {.bitmap_index = 4292, .adv_w = 160, .box_w = 10, .box_h = 9, .ofs_x = 0, .ofs_y = -1},
    {.bitmap_index = 4337, .adv_w = 160, .box_w = 9, .box_h = 10, .ofs_x = 1, .ofs_y = -1},
    {.bitmap_index = 4382, .adv_w = 160, .box_w = 9, .box_h = 9, .ofs_x = 1, .ofs_y = -1},
    {.bitmap_index = 4423, .adv_w = 160, .box_w = 10, .box_h = 9, .ofs_x = 0, .ofs_y = -1},
    {.bitmap_index = 4468, .adv_w = 160, .box_w = 10, .box_h = 9, .ofs_x = 0, .ofs_y = -1},
    {.bitmap_index = 4513, .adv_w = 160, .box_w = 9, .box_h = 9, .ofs_x = 1, .ofs_y = -1},
    {.bitmap_index = 4554, .adv_w = 160, .box_w = 8, .box_h = 8, .ofs_x = 1, .ofs_y = -1},
    {.bitmap_index = 4586, .adv_w = 160, .box_w = 8, .box_h = 7, .ofs_x = 1, .ofs_y = -1},
    {.bitmap_index = 4614, .adv_w = 160, .box_w = 8, .box_h = 9, .ofs_x = 1, .ofs_y = -1},
    {.bitmap_index = 4650, .adv_w = 160, .box_w = 6, .box_h = 9, .ofs_x = 2, .ofs_y = -1},
    {.bitmap_index = 4677, .adv_w = 160, .box_w = 10, .box_h = 9, .ofs_x = 0, .ofs_y = -1},
    {.bitmap_index = 4722, .adv_w = 160, .box_w = 9, .box_h = 9, .ofs_x = 1, .ofs_y = -1},
    {.bitmap_index = 4763, .adv_w = 160, .box_w = 8, .box_h = 9, .ofs_x = 1, .ofs_y = -1},
    {.bitmap_index = 4799, .adv_w = 160, .box_w = 9, .box_h = 9, .ofs_x = 1, .ofs_y = -1},
    {.bitmap_index = 4840, .adv_w = 160, .box_w = 4, .box_h = 3, .ofs_x = 3, .ofs_y = 3},
    {.bitmap_index = 4846, .adv_w = 160, .box_w = 10, .box_h = 2, .ofs_x = 0, .ofs_y = 3},
    {.bitmap_index = 4856, .adv_w = 160, .box_w = 10, .box_h = 2, .ofs_x = 0, .ofs_y = 3},
    {.bitmap_index = 4866, .adv_w = 160, .box_w = 10, .box_h = 9, .ofs_x = 0, .ofs_y = -1},
    {.bitmap_index = 4911, .adv_w = 160, .box_w = 10, .box_h = 9, .ofs_x = 0, .ofs_y = -1},
    {.bitmap_index = 4956, .adv_w = 160, .box_w = 10, .box_h = 9, .ofs_x = 0, .ofs_y = -1},
    {.bitmap_index = 5001, .adv_w = 160, .box_w = 10, .box_h = 9, .ofs_x = 0, .ofs_y = -1},
    {.bitmap_index = 5046, .adv_w = 160, .box_w = 10, .box_h = 9, .ofs_x = 0, .ofs_y = -1},
    {.bitmap_index = 5091, .adv_w = 160, .box_w = 10, .box_h = 11, .ofs_x = 0, .ofs_y = -2},
    {.bitmap_index = 5146, .adv_w = 160, .box_w = 11, .box_h = 9, .ofs_x = 0, .ofs_y = -1},
    {.bitmap_index = 5196, .adv_w = 160, .box_w = 10, .box_h = 10, .ofs_x = 0, .ofs_y = -2},
    {.bitmap_index = 5246, .adv_w = 160, .box_w = 10, .box_h = 10, .ofs_x = 0, .ofs_y = -2},
    {.bitmap_index = 5296, .adv_w = 160, .box_w = 10, .box_h = 10, .ofs_x = 0, .ofs_y = -1},
    {.bitmap_index = 5346, .adv_w = 160, .box_w = 10, .box_h = 9, .ofs_x = 0, .ofs_y = -1},
    {.bitmap_index = 5391, .adv_w = 160, .box_w = 10, .box_h = 10, .ofs_x = 0, .ofs_y = -1},
    {.bitmap_index = 5441, .adv_w = 160, .box_w = 11, .box_h = 10, .ofs_x = -1, .ofs_y = -1},
    {.bitmap_index = 5496, .adv_w = 160, .box_w = 11, .box_h = 10, .ofs_x = -1, .ofs_y = -1},
    {.bitmap_index = 5551, .adv_w = 160, .box_w = 10, .box_h = 9, .ofs_x = 0, .ofs_y = -1},
    {.bitmap_index = 5596, .adv_w = 160, .box_w = 10, .box_h = 10, .ofs_x = 0, .ofs_y = -1},
    {.bitmap_index = 5646, .adv_w = 160, .box_w = 11, .box_h = 10, .ofs_x = 0, .ofs_y = -1},
    {.bitmap_index = 5701, .adv_w = 160, .box_w = 11, .box_h = 10, .ofs_x = -1, .ofs_y = -1},
    {.bitmap_index = 5756, .adv_w = 160, .box_w = 11, .box_h = 11, .ofs_x = -1, .ofs_y = -2},
    {.bitmap_index = 5817, .adv_w = 160, .box_w = 11, .box_h = 10, .ofs_x = 0, .ofs_y = -1},
    {.bitmap_index = 5872, .adv_w = 160, .box_w = 10, .box_h = 11, .ofs_x = 0, .ofs_y = -2},
    {.bitmap_index = 5927, .adv_w = 160, .box_w = 11, .box_h = 10, .ofs_x = -1, .ofs_y = -1},
    {.bitmap_index = 5982, .adv_w = 160, .box_w = 10, .box_h = 10, .ofs_x = 0, .ofs_y = -2},
    {.bitmap_index = 6032, .adv_w = 160, .box_w = 10, .box_h = 9, .ofs_x = 0, .ofs_y = -1},
    {.bitmap_index = 6077, .adv_w = 160, .box_w = 10, .box_h = 9, .ofs_x = 0, .ofs_y = -1},
    {.bitmap_index = 6122, .adv_w = 160, .box_w = 10, .box_h = 9, .ofs_x = 0, .ofs_y = -1},
    {.bitmap_index = 6167, .adv_w = 160, .box_w = 10, .box_h = 9, .ofs_x = 0, .ofs_y = -1},
    {.bitmap_index = 6212, .adv_w = 160, .box_w = 10, .box_h = 9, .ofs_x = 0, .ofs_y = -1},
    {.bitmap_index = 6257, .adv_w = 160, .box_w = 10, .box_h = 10, .ofs_x = 0, .ofs_y = -2},
    {.bitmap_index = 6307, .adv_w = 160, .box_w = 10, .box_h = 11, .ofs_x = 0, .ofs_y = -2},
    {.bitmap_index = 6362, .adv_w = 160, .box_w = 10, .box_h = 11, .ofs_x = 0, .ofs_y = -2},
    {.bitmap_index = 6417, .adv_w = 160, .box_w = 10, .box_h = 10, .ofs_x = 0, .ofs_y = -2},
    {.bitmap_index = 6467, .adv_w = 160, .box_w = 10, .box_h = 10, .ofs_x = 0, .ofs_y = -2},
    {.bitmap_index = 6517, .adv_w = 160, .box_w = 10, .box_h = 11, .ofs_x = 0, .ofs_y = -2},
    {.bitmap_index = 6572, .adv_w = 160, .box_w = 10, .box_h = 10, .ofs_x = 0, .ofs_y = -2},
    {.bitmap_index = 6622, .adv_w = 160, .box_w = 10, .box_h = 11, .ofs_x = 0, .ofs_y = -2},
    {.bitmap_index = 6677, .adv_w = 160, .box_w = 10, .box_h = 9, .ofs_x = 0, .ofs_y = -1},
    {.bitmap_index = 6722, .adv_w = 160, .box_w = 10, .box_h = 10, .ofs_x = 0, .ofs_y = -2},
    {.bitmap_index = 6772, .adv_w = 160, .box_w = 10, .box_h = 10, .ofs_x = 0, .ofs_y = -1},
    {.bitmap_index = 6822, .adv_w = 160, .box_w = 10, .box_h = 10, .ofs_x = 0, .ofs_y = -2},
    {.bitmap_index = 6872, .adv_w = 160, .box_w = 10, .box_h = 11, .ofs_x = 0, .ofs_y = -2},
    {.bitmap_index = 6927, .adv_w = 160, .box_w = 10, .box_h = 10, .ofs_x = 0, .ofs_y = -1},
    {.bitmap_index = 6977, .adv_w = 160, .box_w = 10, .box_h = 9, .ofs_x = 0, .ofs_y = -1},
    {.bitmap_index = 7022, .adv_w = 160, .box_w = 10, .box_h = 10, .ofs_x = 0, .ofs_y = -1},
    {.bitmap_index = 7072, .adv_w = 160, .box_w = 10, .box_h = 10, .ofs_x = 0, .ofs_y = -2},
    {.bitmap_index = 7122, .adv_w = 160, .box_w = 10, .box_h = 9, .ofs_x = 0, .ofs_y = -1},
    {.bitmap_index = 7167, .adv_w = 160, .box_w = 10, .box_h = 9, .ofs_x = 0, .ofs_y = -1},
    {.bitmap_index = 7212, .adv_w = 160, .box_w = 9, .box_h = 10, .ofs_x = 0, .ofs_y = -2},
    {.bitmap_index = 7257, .adv_w = 160, .box_w = 10, .box_h = 11, .ofs_x = 0, .ofs_y = -2},
    {.bitmap_index = 7312, .adv_w = 160, .box_w = 10, .box_h = 11, .ofs_x = 0, .ofs_y = -2},
    {.bitmap_index = 7367, .adv_w = 160, .box_w = 10, .box_h = 10, .ofs_x = 0, .ofs_y = -2},
    {.bitmap_index = 7417, .adv_w = 160, .box_w = 10, .box_h = 9, .ofs_x = 0, .ofs_y = -1},
    {.bitmap_index = 7462, .adv_w = 160, .box_w = 10, .box_h = 9, .ofs_x = 0, .ofs_y = -1},
    {.bitmap_index = 7507, .adv_w = 160, .box_w = 10, .box_h = 10, .ofs_x = 0, .ofs_y = -1},
    {.bitmap_index = 7557, .adv_w = 160, .box_w = 10, .box_h = 10, .ofs_x = 0, .ofs_y = -2},
    {.bitmap_index = 7607, .adv_w = 160, .box_w = 10, .box_h = 9, .ofs_x = 0, .ofs_y = -1},
    {.bitmap_index = 7652, .adv_w = 160, .box_w = 10, .box_h = 9, .ofs_x = 0, .ofs_y = -1},
    {.bitmap_index = 7697, .adv_w = 160, .box_w = 10, .box_h = 10, .ofs_x = 0, .ofs_y = -1},
    {.bitmap_index = 7747, .adv_w = 160, .box_w = 10, .box_h = 9, .ofs_x = 0, .ofs_y = -1},
    {.bitmap_index = 7792, .adv_w = 160, .box_w = 10, .box_h = 10, .ofs_x = 0, .ofs_y = -1},
    {.bitmap_index = 7842, .adv_w = 160, .box_w = 10, .box_h = 9, .ofs_x = 0, .ofs_y = -1},
    {.bitmap_index = 7887, .adv_w = 160, .box_w = 10, .box_h = 10, .ofs_x = 0, .ofs_y = -2},
    {.bitmap_index = 7937, .adv_w = 160, .box_w = 10, .box_h = 10, .ofs_x = 0, .ofs_y = -2},
    {.bitmap_index = 7987, .adv_w = 160, .box_w = 10, .box_h = 9, .ofs_x = 0, .ofs_y = -1},
    {.bitmap_index = 8032, .adv_w = 160, .box_w = 10, .box_h = 10, .ofs_x = 0, .ofs_y = -1},
    {.bitmap_index = 8082, .adv_w = 160, .box_w = 10, .box_h = 9, .ofs_x = 0, .ofs_y = -1},
    {.bitmap_index = 8127, .adv_w = 160, .box_w = 11, .box_h = 9, .ofs_x = 0, .ofs_y = -1},
    {.bitmap_index = 8177, .adv_w = 160, .box_w = 10, .box_h = 11, .ofs_x = 0, .ofs_y = -2},
    {.bitmap_index = 8232, .adv_w = 160, .box_w = 10, .box_h = 10, .ofs_x = 0, .ofs_y = -2},
    {.bitmap_index = 8282, .adv_w = 160, .box_w = 10, .box_h = 9, .ofs_x = 0, .ofs_y = -1},
    {.bitmap_index = 8327, .adv_w = 160, .box_w = 10, .box_h = 10, .ofs_x = 0, .ofs_y = -2},
    {.bitmap_index = 8377, .adv_w = 160, .box_w = 10, .box_h = 9, .ofs_x = 0, .ofs_y = -1},
    {.bitmap_index = 8422, .adv_w = 160, .box_w = 10, .box_h = 9, .ofs_x = 0, .ofs_y = -1},
    {.bitmap_index = 8467, .adv_w = 160, .box_w = 10, .box_h = 10, .ofs_x = 0, .ofs_y = -2},
    {.bitmap_index = 8517, .adv_w = 160, .box_w = 10, .box_h = 10, .ofs_x = 0, .ofs_y = -2},
    {.bitmap_index = 8567, .adv_w = 160, .box_w = 10, .box_h = 9, .ofs_x = 0, .ofs_y = -1},
    {.bitmap_index = 8612, .adv_w = 160, .box_w = 10, .box_h = 10, .ofs_x = 0, .ofs_y = -1},
    {.bitmap_index = 8662, .adv_w = 160, .box_w = 10, .box_h = 9, .ofs_x = 0, .ofs_y = -1},
    {.bitmap_index = 8707, .adv_w = 160, .box_w = 10, .box_h = 10, .ofs_x = 0, .ofs_y = -1},
    {.bitmap_index = 8757, .adv_w = 160, .box_w = 10, .box_h = 10, .ofs_x = 0, .ofs_y = -2},
    {.bitmap_index = 8807, .adv_w = 160, .box_w = 10, .box_h = 9, .ofs_x = 0, .ofs_y = -1},
    {.bitmap_index = 8852, .adv_w = 160, .box_w = 9, .box_h = 9, .ofs_x = 0, .ofs_y = -1},
    {.bitmap_index = 8893, .adv_w = 160, .box_w = 10, .box_h = 11, .ofs_x = 0, .ofs_y = -2},
    {.bitmap_index = 8948, .adv_w = 160, .box_w = 10, .box_h = 11, .ofs_x = 0, .ofs_y = -2},
    {.bitmap_index = 9003, .adv_w = 160, .box_w = 10, .box_h = 11, .ofs_x = 0, .ofs_y = -2},
    {.bitmap_index = 9058, .adv_w = 160, .box_w = 10, .box_h = 10, .ofs_x = 0, .ofs_y = -1},
    {.bitmap_index = 9108, .adv_w = 160, .box_w = 10, .box_h = 9, .ofs_x = 0, .ofs_y = -1},
    {.bitmap_index = 9153, .adv_w = 160, .box_w = 10, .box_h = 10, .ofs_x = 0, .ofs_y = -2},
    {.bitmap_index = 9203, .adv_w = 160, .box_w = 10, .box_h = 10, .ofs_x = 0, .ofs_y = -1},
    {.bitmap_index = 9253, .adv_w = 160, .box_w = 11, .box_h = 9, .ofs_x = -1, .ofs_y = -1},
    {.bitmap_index = 9303, .adv_w = 160, .box_w = 10, .box_h = 10, .ofs_x = 0, .ofs_y = -1},
    {.bitmap_index = 9353, .adv_w = 160, .box_w = 10, .box_h = 10, .ofs_x = 0, .ofs_y = -1},
    {.bitmap_index = 9403, .adv_w = 160, .box_w = 10, .box_h = 11, .ofs_x = 0, .ofs_y = -2},
    {.bitmap_index = 9458, .adv_w = 160, .box_w = 10, .box_h = 10, .ofs_x = 0, .ofs_y = -1},
    {.bitmap_index = 9508, .adv_w = 160, .box_w = 10, .box_h = 10, .ofs_x = 0, .ofs_y = -1},
    {.bitmap_index = 9558, .adv_w = 160, .box_w = 10, .box_h = 11, .ofs_x = 0, .ofs_y = -2},
    {.bitmap_index = 9613, .adv_w = 160, .box_w = 11, .box_h = 9, .ofs_x = 0, .ofs_y = -1},
    {.bitmap_index = 9663, .adv_w = 160, .box_w = 10, .box_h = 10, .ofs_x = 0, .ofs_y = -2},
    {.bitmap_index = 9713, .adv_w = 160, .box_w = 10, .box_h = 10, .ofs_x = 0, .ofs_y = -2},
    {.bitmap_index = 9763, .adv_w = 160, .box_w = 10, .box_h = 9, .ofs_x = 0, .ofs_y = -1},
    {.bitmap_index = 9808, .adv_w = 160, .box_w = 10, .box_h = 10, .ofs_x = 0, .ofs_y = -2},
    {.bitmap_index = 9858, .adv_w = 160, .box_w = 10, .box_h = 10, .ofs_x = 0, .ofs_y = -2},
    {.bitmap_index = 9908, .adv_w = 160, .box_w = 10, .box_h = 9, .ofs_x = 0, .ofs_y = -1},
    {.bitmap_index = 9953, .adv_w = 160, .box_w = 10, .box_h = 9, .ofs_x = 0, .ofs_y = -1},
    {.bitmap_index = 9998, .adv_w = 160, .box_w = 11, .box_h = 10, .ofs_x = 0, .ofs_y = -1},
    {.bitmap_index = 10053, .adv_w = 160, .box_w = 10, .box_h = 11, .ofs_x = 0, .ofs_y = -2},
    {.bitmap_index = 10108, .adv_w = 160, .box_w = 10, .box_h = 11, .ofs_x = 0, .ofs_y = -2},
    {.bitmap_index = 10163, .adv_w = 160, .box_w = 10, .box_h = 11, .ofs_x = 0, .ofs_y = -2},
    {.bitmap_index = 10218, .adv_w = 160, .box_w = 11, .box_h = 11, .ofs_x = -1, .ofs_y = -2},
    {.bitmap_index = 10279, .adv_w = 160, .box_w = 10, .box_h = 10, .ofs_x = 0, .ofs_y = -2},
    {.bitmap_index = 10329, .adv_w = 160, .box_w = 8, .box_h = 10, .ofs_x = 1, .ofs_y = -2},
    {.bitmap_index = 10369, .adv_w = 160, .box_w = 9, .box_h = 10, .ofs_x = 0, .ofs_y = -2},
    {.bitmap_index = 10414, .adv_w = 160, .box_w = 10, .box_h = 10, .ofs_x = 0, .ofs_y = -2},
    {.bitmap_index = 10464, .adv_w = 160, .box_w = 10, .box_h = 9, .ofs_x = 0, .ofs_y = -1},
    {.bitmap_index = 10509, .adv_w = 160, .box_w = 10, .box_h = 9, .ofs_x = 0, .ofs_y = -1},
    {.bitmap_index = 10554, .adv_w = 160, .box_w = 10, .box_h = 10, .ofs_x = 0, .ofs_y = -2},
    {.bitmap_index = 10604, .adv_w = 160, .box_w = 11, .box_h = 10, .ofs_x = 0, .ofs_y = -2},
    {.bitmap_index = 10659, .adv_w = 160, .box_w = 10, .box_h = 9, .ofs_x = 0, .ofs_y = -1},
    {.bitmap_index = 10704, .adv_w = 160, .box_w = 9, .box_h = 10, .ofs_x = 0, .ofs_y = -2},
    {.bitmap_index = 10749, .adv_w = 160, .box_w = 10, .box_h = 10, .ofs_x = 0, .ofs_y = -1},
    {.bitmap_index = 10799, .adv_w = 160, .box_w = 10, .box_h = 9, .ofs_x = 0, .ofs_y = -1},
    {.bitmap_index = 10844, .adv_w = 160, .box_w = 10, .box_h = 10, .ofs_x = 0, .ofs_y = -2},
    {.bitmap_index = 10894, .adv_w = 160, .box_w = 11, .box_h = 9, .ofs_x = -1, .ofs_y = -1},
    {.bitmap_index = 10944, .adv_w = 160, .box_w = 10, .box_h = 9, .ofs_x = 0, .ofs_y = -1},
    {.bitmap_index = 10989, .adv_w = 160, .box_w = 10, .box_h = 9, .ofs_x = 0, .ofs_y = -1},
    {.bitmap_index = 11034, .adv_w = 160, .box_w = 10, .box_h = 10, .ofs_x = 0, .ofs_y = -2},
    {.bitmap_index = 11084, .adv_w = 160, .box_w = 10, .box_h = 10, .ofs_x = 0, .ofs_y = -1},
    {.bitmap_index = 11134, .adv_w = 160, .box_w = 10, .box_h = 9, .ofs_x = 0, .ofs_y = -1},
    {.bitmap_index = 11179, .adv_w = 160, .box_w = 11, .box_h = 9, .ofs_x = -1, .ofs_y = -1},
    {.bitmap_index = 11229, .adv_w = 160, .box_w = 11, .box_h = 9, .ofs_x = 0, .ofs_y = -1},
    {.bitmap_index = 11279, .adv_w = 160, .box_w = 10, .box_h = 10, .ofs_x = 0, .ofs_y = -1},
    {.bitmap_index = 11329, .adv_w = 160, .box_w = 10, .box_h = 9, .ofs_x = 0, .ofs_y = -1},
    {.bitmap_index = 11374, .adv_w = 160, .box_w = 10, .box_h = 10, .ofs_x = 0, .ofs_y = -2},
    {.bitmap_index = 11424, .adv_w = 160, .box_w = 11, .box_h = 10, .ofs_x = 0, .ofs_y = -1},
    {.bitmap_index = 11479, .adv_w = 160, .box_w = 10, .box_h = 10, .ofs_x = 0, .ofs_y = -1},
    {.bitmap_index = 11529, .adv_w = 160, .box_w = 11, .box_h = 11, .ofs_x = -1, .ofs_y = -2},
    {.bitmap_index = 11590, .adv_w = 160, .box_w = 10, .box_h = 10, .ofs_x = 0, .ofs_y = -1},
    {.bitmap_index = 11640, .adv_w = 160, .box_w = 10, .box_h = 9, .ofs_x = 0, .ofs_y = -1},
    {.bitmap_index = 11685, .adv_w = 160, .box_w = 10, .box_h = 10, .ofs_x = 0, .ofs_y = -1},
    {.bitmap_index = 11735, .adv_w = 160, .box_w = 10, .box_h = 11, .ofs_x = 0, .ofs_y = -2},
    {.bitmap_index = 11790, .adv_w = 160, .box_w = 10, .box_h = 9, .ofs_x = 0, .ofs_y = -1},
    {.bitmap_index = 11835, .adv_w = 160, .box_w = 10, .box_h = 10, .ofs_x = 0, .ofs_y = -1},
    {.bitmap_index = 11885, .adv_w = 160, .box_w = 10, .box_h = 11, .ofs_x = 0, .ofs_y = -2},
    {.bitmap_index = 11940, .adv_w = 160, .box_w = 10, .box_h = 11, .ofs_x = 0, .ofs_y = -2},
    {.bitmap_index = 11995, .adv_w = 160, .box_w = 10, .box_h = 10, .ofs_x = 0, .ofs_y = -2},
    {.bitmap_index = 12045, .adv_w = 160, .box_w = 10, .box_h = 11, .ofs_x = 0, .ofs_y = -2},
    {.bitmap_index = 12100, .adv_w = 160, .box_w = 10, .box_h = 10, .ofs_x = 0, .ofs_y = -2},
    {.bitmap_index = 12150, .adv_w = 160, .box_w = 10, .box_h = 11, .ofs_x = 0, .ofs_y = -2},
    {.bitmap_index = 12205, .adv_w = 160, .box_w = 10, .box_h = 10, .ofs_x = 0, .ofs_y = -1},
    {.bitmap_index = 12255, .adv_w = 160, .box_w = 10, .box_h = 9, .ofs_x = 0, .ofs_y = -1},
    {.bitmap_index = 12300, .adv_w = 160, .box_w = 10, .box_h = 9, .ofs_x = 0, .ofs_y = -1},
    {.bitmap_index = 12345, .adv_w = 160, .box_w = 10, .box_h = 10, .ofs_x = 0, .ofs_y = -2},
    {.bitmap_index = 12395, .adv_w = 160, .box_w = 11, .box_h = 9, .ofs_x = 0, .ofs_y = -1},
    {.bitmap_index = 12445, .adv_w = 160, .box_w = 10, .box_h = 10, .ofs_x = 0, .ofs_y = -1},
    {.bitmap_index = 12495, .adv_w = 160, .box_w = 10, .box_h = 10, .ofs_x = 0, .ofs_y = -2},
    {.bitmap_index = 12545, .adv_w = 160, .box_w = 10, .box_h = 11, .ofs_x = 0, .ofs_y = -2},
    {.bitmap_index = 12600, .adv_w = 160, .box_w = 10, .box_h = 9, .ofs_x = 0, .ofs_y = -1},
    {.bitmap_index = 12645, .adv_w = 160, .box_w = 10, .box_h = 11, .ofs_x = 0, .ofs_y = -2},
    {.bitmap_index = 12700, .adv_w = 160, .box_w = 10, .box_h = 9, .ofs_x = 0, .ofs_y = -1},
    {.bitmap_index = 12745, .adv_w = 160, .box_w = 10, .box_h = 11, .ofs_x = 0, .ofs_y = -2},
    {.bitmap_index = 12800, .adv_w = 160, .box_w = 10, .box_h = 11, .ofs_x = 0, .ofs_y = -2},
    {.bitmap_index = 12855, .adv_w = 160, .box_w = 10, .box_h = 9, .ofs_x = 0, .ofs_y = -1},
    {.bitmap_index = 12900, .adv_w = 160, .box_w = 10, .box_h = 11, .ofs_x = 0, .ofs_y = -2},
    {.bitmap_index = 12955, .adv_w = 160, .box_w = 10, .box_h = 10, .ofs_x = 0, .ofs_y = -1},
    {.bitmap_index = 13005, .adv_w = 160, .box_w = 10, .box_h = 10, .ofs_x = 0, .ofs_y = -1},
    {.bitmap_index = 13055, .adv_w = 160, .box_w = 10, .box_h = 9, .ofs_x = 0, .ofs_y = -1},
    {.bitmap_index = 13100, .adv_w = 160, .box_w = 10, .box_h = 10, .ofs_x = 0, .ofs_y = -2},
    {.bitmap_index = 13150, .adv_w = 160, .box_w = 10, .box_h = 11, .ofs_x = 0, .ofs_y = -2},
    {.bitmap_index = 13205, .adv_w = 160, .box_w = 10, .box_h = 10, .ofs_x = 0, .ofs_y = -1},
    {.bitmap_index = 13255, .adv_w = 160, .box_w = 11, .box_h = 9, .ofs_x = 0, .ofs_y = -1},
    {.bitmap_index = 13305, .adv_w = 160, .box_w = 10, .box_h = 10, .ofs_x = 0, .ofs_y = -2},
    {.bitmap_index = 13355, .adv_w = 160, .box_w = 10, .box_h = 10, .ofs_x = 0, .ofs_y = -1},
    {.bitmap_index = 13405, .adv_w = 160, .box_w = 10, .box_h = 11, .ofs_x = 0, .ofs_y = -2},
    {.bitmap_index = 13460, .adv_w = 160, .box_w = 10, .box_h = 11, .ofs_x = 0, .ofs_y = -2},
    {.bitmap_index = 13515, .adv_w = 160, .box_w = 10, .box_h = 11, .ofs_x = 0, .ofs_y = -2},
    {.bitmap_index = 13570, .adv_w = 160, .box_w = 10, .box_h = 11, .ofs_x = 0, .ofs_y = -2},
    {.bitmap_index = 13625, .adv_w = 160, .box_w = 11, .box_h = 11, .ofs_x = 0, .ofs_y = -2},
    {.bitmap_index = 13686, .adv_w = 160, .box_w = 10, .box_h = 9, .ofs_x = 0, .ofs_y = -1},
    {.bitmap_index = 13731, .adv_w = 160, .box_w = 10, .box_h = 9, .ofs_x = 0, .ofs_y = -1},
    {.bitmap_index = 13776, .adv_w = 160, .box_w = 10, .box_h = 10, .ofs_x = 0, .ofs_y = -1},
    {.bitmap_index = 13826, .adv_w = 160, .box_w = 10, .box_h = 10, .ofs_x = 0, .ofs_y = -1},
    {.bitmap_index = 13876, .adv_w = 160, .box_w = 8, .box_h = 11, .ofs_x = 1, .ofs_y = -2},
    {.bitmap_index = 13920, .adv_w = 160, .box_w = 10, .box_h = 11, .ofs_x = 0, .ofs_y = -2},
    {.bitmap_index = 13975, .adv_w = 160, .box_w = 10, .box_h = 9, .ofs_x = 0, .ofs_y = -1},
    {.bitmap_index = 14020, .adv_w = 160, .box_w = 10, .box_h = 10, .ofs_x = 0, .ofs_y = -1},
    {.bitmap_index = 14070, .adv_w = 160, .box_w = 10, .box_h = 9, .ofs_x = 0, .ofs_y = -1},
    {.bitmap_index = 14115, .adv_w = 160, .box_w = 9, .box_h = 11, .ofs_x = 0, .ofs_y = -2},
    {.bitmap_index = 14165, .adv_w = 160, .box_w = 10, .box_h = 11, .ofs_x = 0, .ofs_y = -2},
    {.bitmap_index = 14220, .adv_w = 160, .box_w = 10, .box_h = 11, .ofs_x = 0, .ofs_y = -2},
    {.bitmap_index = 14275, .adv_w = 160, .box_w = 10, .box_h = 10, .ofs_x = 0, .ofs_y = -2},
    {.bitmap_index = 14325, .adv_w = 160, .box_w = 10, .box_h = 9, .ofs_x = 0, .ofs_y = -1},
    {.bitmap_index = 14370, .adv_w = 160, .box_w = 10, .box_h = 9, .ofs_x = 0, .ofs_y = -1},
    {.bitmap_index = 14415, .adv_w = 160, .box_w = 10, .box_h = 10, .ofs_x = 0, .ofs_y = -1},
    {.bitmap_index = 14465, .adv_w = 160, .box_w = 10, .box_h = 10, .ofs_x = 0, .ofs_y = -1},
    {.bitmap_index = 14515, .adv_w = 160, .box_w = 10, .box_h = 11, .ofs_x = 0, .ofs_y = -2},
    {.bitmap_index = 14570, .adv_w = 160, .box_w = 11, .box_h = 10, .ofs_x = 0, .ofs_y = -2},
    {.bitmap_index = 14625, .adv_w = 160, .box_w = 10, .box_h = 11, .ofs_x = 0, .ofs_y = -2},
    {.bitmap_index = 14680, .adv_w = 160, .box_w = 10, .box_h = 10, .ofs_x = 0, .ofs_y = -1},
    {.bitmap_index = 14730, .adv_w = 160, .box_w = 10, .box_h = 9, .ofs_x = 0, .ofs_y = -1},
    {.bitmap_index = 14775, .adv_w = 160, .box_w = 10, .box_h = 10, .ofs_x = 0, .ofs_y = -1},
    {.bitmap_index = 14825, .adv_w = 160, .box_w = 11, .box_h = 11, .ofs_x = 0, .ofs_y = -2},
    {.bitmap_index = 14886, .adv_w = 160, .box_w = 10, .box_h = 11, .ofs_x = 0, .ofs_y = -2},
    {.bitmap_index = 14941, .adv_w = 160, .box_w = 10, .box_h = 11, .ofs_x = 0, .ofs_y = -2},
    {.bitmap_index = 14996, .adv_w = 160, .box_w = 10, .box_h = 11, .ofs_x = 0, .ofs_y = -2},
    {.bitmap_index = 15051, .adv_w = 160, .box_w = 10, .box_h = 10, .ofs_x = 0, .ofs_y = -1},
    {.bitmap_index = 15101, .adv_w = 160, .box_w = 10, .box_h = 11, .ofs_x = 0, .ofs_y = -2},
    {.bitmap_index = 15156, .adv_w = 160, .box_w = 10, .box_h = 10, .ofs_x = 0, .ofs_y = -1},
    {.bitmap_index = 15206, .adv_w = 160, .box_w = 10, .box_h = 10, .ofs_x = 0, .ofs_y = -1},
    {.bitmap_index = 15256, .adv_w = 160, .box_w = 10, .box_h = 9, .ofs_x = 0, .ofs_y = -1},
    {.bitmap_index = 15301, .adv_w = 160, .box_w = 10, .box_h = 9, .ofs_x = 0, .ofs_y = -1},
    {.bitmap_index = 15346, .adv_w = 160, .box_w = 10, .box_h = 9, .ofs_x = 0, .ofs_y = -1},
    {.bitmap_index = 15391, .adv_w = 160, .box_w = 10, .box_h = 9, .ofs_x = 0, .ofs_y = -1},
    {.bitmap_index = 15436, .adv_w = 160, .box_w = 10, .box_h = 10, .ofs_x = 0, .ofs_y = -2},
    {.bitmap_index = 15486, .adv_w = 160, .box_w = 10, .box_h = 9, .ofs_x = 0, .ofs_y = -1},
    {.bitmap_index = 15531, .adv_w = 160, .box_w = 10, .box_h = 10, .ofs_x = 0, .ofs_y = -1},
    {.bitmap_index = 15581, .adv_w = 160, .box_w = 10, .box_h = 10, .ofs_x = 0, .ofs_y = -1},
    {.bitmap_index = 15631, .adv_w = 160, .box_w = 10, .box_h = 10, .ofs_x = 0, .ofs_y = -1},
    {.bitmap_index = 15681, .adv_w = 160, .box_w = 10, .box_h = 10, .ofs_x = 0, .ofs_y = -1},
    {.bitmap_index = 15731, .adv_w = 160, .box_w = 11, .box_h = 10, .ofs_x = -1, .ofs_y = -1},
    {.bitmap_index = 15786, .adv_w = 160, .box_w = 10, .box_h = 10, .ofs_x = 0, .ofs_y = -2},
    {.bitmap_index = 15836, .adv_w = 160, .box_w = 10, .box_h = 9, .ofs_x = 0, .ofs_y = -1},
    {.bitmap_index = 15881, .adv_w = 160, .box_w = 10, .box_h = 10, .ofs_x = 0, .ofs_y = -2},
    {.bitmap_index = 15931, .adv_w = 160, .box_w = 10, .box_h = 10, .ofs_x = 0, .ofs_y = -2},
    {.bitmap_index = 15981, .adv_w = 160, .box_w = 10, .box_h = 9, .ofs_x = 0, .ofs_y = -1},
    {.bitmap_index = 16026, .adv_w = 160, .box_w = 10, .box_h = 10, .ofs_x = 0, .ofs_y = -2},
    {.bitmap_index = 16076, .adv_w = 160, .box_w = 10, .box_h = 10, .ofs_x = 0, .ofs_y = -2},
    {.bitmap_index = 16126, .adv_w = 160, .box_w = 10, .box_h = 9, .ofs_x = 0, .ofs_y = -1},
    {.bitmap_index = 16171, .adv_w = 160, .box_w = 10, .box_h = 9, .ofs_x = 0, .ofs_y = -1},
    {.bitmap_index = 16216, .adv_w = 160, .box_w = 3, .box_h = 5, .ofs_x = 1, .ofs_y = -2},
    {.bitmap_index = 16224, .adv_w = 160, .box_w = 4, .box_h = 10, .ofs_x = 3, .ofs_y = -2}
};

/*---------------------
 *  CHARACTER MAPPING
 *--------------------*/

static const uint16_t unicode_list_1[] = {
    0x0, 0x7, 0x27, 0x47, 0x1f63, 0x1f76, 0x20e1, 0x20e3,
    0x216e, 0x2f50, 0x2f51, 0x2f52, 0x2f5c, 0x2f5d, 0x2f94, 0x2f9b,
    0x2f9c, 0x2f9d, 0x2f9f, 0x2fa4, 0x2fa5, 0x2fa7, 0x2fa8, 0x2fa9,
    0x2fab, 0x2fb0, 0x2fb4, 0x2fb6, 0x2fb7, 0x2fb8, 0x2fba, 0x2fbb,
    0x2fbe, 0x2fbf, 0x2fc8, 0x2fce, 0x2fcf, 0x2fd0, 0x2fd1, 0x2fd2,
    0x2fda, 0x2fdb, 0x2fdc, 0x2fdf, 0x2fe2, 0x2fe3, 0x2ff4, 0x2ffa,
    0x2ffb, 0x2ffd, 0x2fff, 0x3005, 0x3006, 0x3009, 0x300b, 0x300f,
    0x3010, 0x3011, 0x3013, 0x3017, 0x3018, 0x3019, 0x301d, 0x3021,
    0x3023, 0x3027, 0x302b, 0x3030, 0x3032, 0x3033, 0x3035, 0x3039,
    0x303a, 0x303b, 0x303c, 0x303f, 0x3043, 0x304b, 0x304c, 0x4d50,
    0x4d5a, 0x4d5b, 0x4d5d, 0x4d74, 0x4d7d, 0x4dd8, 0x4ddb, 0x4dfc,
    0x4e1a, 0x4e46, 0x4e6a, 0x4e9d, 0x4e9e, 0x4ea3, 0x4ea9, 0x4eac,
    0x4ecf, 0x4edb, 0x4eeb, 0x4f2d, 0x4f31, 0x4f74, 0x5093, 0x50b5,
    0x50b8, 0x50bd, 0x50c1, 0x50d5, 0x50dd, 0x513d, 0x5156, 0x5157,
    0x5167, 0x5179, 0x517b, 0x5186, 0x518b, 0x519a, 0x519d, 0x51f0,
    0x5225, 0x5255, 0x528a, 0x52a8, 0x52ef, 0x531c, 0x5326, 0x5333,
    0x533f, 0x5343, 0x5347, 0x535c, 0x537b, 0x53dc, 0x5411, 0x562e,
    0x566f, 0x5678, 0x5680, 0x5697, 0x572f, 0x5781, 0x5784, 0x5840,
    0x586a, 0x5879, 0x5881, 0x5aa8, 0x5aea, 0x5aef, 0x5af2, 0x5af4,
    0x5b4e, 0x5b52, 0x5b9f, 0x5bc1, 0x5d36, 0x5d42, 0x5dc4, 0x5de5,
    0x5df6, 0x5ea3, 0x5eb2, 0x5ed5, 0x5ee7, 0x5f15, 0x5f28, 0x5f2c,
    0x5fbf, 0x6015, 0x606f, 0x609b, 0x6166, 0x6190, 0x6226, 0x6251,
    0x6259, 0x62be, 0x62f5, 0x62f7, 0x631f, 0x6320, 0x641d, 0x647f,
    0x64a7, 0x64c0, 0x64e9, 0x64fd, 0x6500, 0x6509, 0x6535, 0x6537,
    0x655e, 0x6592, 0x65c4, 0x6617, 0x6644, 0x6650, 0x6658, 0x6659,
    0x665d, 0x666f, 0x6678, 0x667a, 0x667c, 0x668a, 0x66b1, 0x66b5,
    0x66c1, 0x66ec, 0x6723, 0x6798, 0x686c, 0x69af, 0x6a71, 0x6adb,
    0x6b1f, 0x6b24, 0x6b64, 0x6b67, 0x6b84, 0x6bf1, 0x6c11, 0x6cc7,
    0x6d58, 0x6d79, 0x6d82, 0x6dcf, 0x6e21, 0x6e2a, 0x6e64, 0x6fbb,
    0x7009, 0x7071, 0x7198, 0x7206, 0x72d7, 0x7478, 0x748b, 0x74a9,
    0x75ca, 0x75ce, 0x75d4, 0x765b, 0x780a, 0x788a, 0x790b, 0x7922,
    0x795b, 0x79e3, 0x79e7, 0x7a7c, 0x7aa4, 0x7c54, 0x7c80, 0x7c92,
    0x7cea, 0x7ea1, 0x7ebe, 0x7ede, 0x804d, 0x813a, 0x879c, 0x87b8,
    0x884d, 0x88d1, 0x8922, 0x8933, 0x8936, 0x897d, 0x898c, 0x89b6,
    0x89c3, 0x89dd, 0x89fc, 0x89fd, 0x8ac0, 0x8c17, 0x8e1a, 0x8eb6,
    0x8f0c, 0x8f24, 0x8f40, 0x8f81, 0x9038, 0x909d, 0x90e2, 0x911d,
    0x911f, 0x9121, 0x94c7, 0x94d9, 0x94db, 0x94e3, 0x959d, 0x95a0,
    0x95b4, 0x95eb, 0x9616, 0x9638, 0x963a, 0x9647, 0x9677, 0x96b2,
    0x9743, 0x979c, 0x97c5, 0x9a28, 0xfe5c, 0xfe6b
};

/*Collect the unicode lists and glyph_id offsets*/
static const lv_font_fmt_txt_cmap_t cmaps[] =
{
    {
        .range_start = 32, .range_length = 95, .glyph_id_start = 1,
        .unicode_list = NULL, .glyph_id_ofs_list = NULL, .list_length = 0, .type = LV_FONT_FMT_TXT_CMAP_FORMAT0_TINY
    },
    {
        .range_start = 176, .range_length = 65132, .glyph_id_start = 96,
        .unicode_list = unicode_list_1, .glyph_id_ofs_list = NULL, .list_length = 310, .type = LV_FONT_FMT_TXT_CMAP_SPARSE_TINY
    }
};

/*-----------------
 *    KERNING
 *----------------*/


/*Pair left and right glyphs for kerning*/
static const uint16_t kern_pair_glyph_ids[] =
{
    3, 13,
    3, 15,
    3, 34,
    3, 43,
    3, 52,
    3, 57,
    3, 68,
    3, 69,
    3, 70,
    3, 80,
    3, 82,
    3, 84,
    8, 13,
    8, 15,
    8, 34,
    8, 43,
    8, 52,
    8, 57,
    8, 68,
    8, 69,
    8, 70,
    8, 80,
    8, 82,
    8, 84,
    9, 43,
    9, 75,
    13, 3,
    13, 8,
    13, 11,
    13, 53,
    13, 54,
    13, 55,
    13, 56,
    13, 58,
    13, 68,
    13, 69,
    13, 70,
    13, 75,
    13, 80,
    13, 82,
    13, 85,
    13, 87,
    13, 88,
    13, 90,
    14, 43,
    14, 52,
    14, 53,
    14, 55,
    14, 56,
    14, 57,
    14, 58,
    14, 59,
    14, 85,
    14, 87,
    14, 89,
    15, 3,
    15, 8,
    15, 11,
    15, 53,
    15, 54,
    15, 55,
    15, 56,
    15, 58,
    15, 68,
    15, 69,
    15, 70,
    15, 75,
    15, 80,
    15, 82,
    15, 85,
    15, 87,
    15, 88,
    15, 90,
    16, 34,
    16, 36,
    16, 40,
    16, 43,
    16, 48,
    16, 50,
    16, 66,
    16, 68,
    16, 69,
    16, 70,
    16, 72,
    16, 74,
    16, 75,
    16, 80,
    16, 82,
    16, 85,
    16, 86,
    27, 11,
    27, 58,
    27, 75,
    28, 11,
    28, 58,
    28, 75,
    34, 3,
    34, 8,
    34, 11,
    34, 32,
    34, 34,
    34, 36,
    34, 40,
    34, 48,
    34, 50,
    34, 53,
    34, 54,
    34, 55,
    34, 57,
    34, 58,
    34, 59,
    34, 61,
    34, 66,
    34, 71,
    34, 84,
    34, 85,
    34, 86,
    34, 87,
    34, 88,
    34, 89,
    34, 90,
    34, 97,
    35, 11,
    35, 43,
    35, 52,
    35, 53,
    35, 55,
    35, 56,
    35, 57,
    35, 58,
    35, 59,
    35, 85,
    35, 87,
    35, 88,
    35, 89,
    35, 90,
    35, 97,
    36, 14,
    36, 36,
    36, 40,
    36, 43,
    36, 48,
    36, 50,
    36, 52,
    36, 53,
    36, 54,
    36, 55,
    36, 56,
    36, 57,
    36, 58,
    36, 59,
    36, 72,
    36, 85,
    36, 86,
    36, 87,
    36, 88,
    36, 90,
    36, 97,
    36, 100,
    37, 11,
    37, 16,
    37, 34,
    37, 43,
    37, 53,
    37, 55,
    37, 56,
    37, 57,
    37, 58,
    37, 59,
    37, 89,
    37, 91,
    38, 68,
    38, 69,
    38, 70,
    38, 80,
    38, 82,
    38, 85,
    38, 87,
    38, 89,
    38, 90,
    39, 13,
    39, 15,
    39, 16,
    39, 34,
    39, 36,
    39, 40,
    39, 43,
    39, 48,
    39, 50,
    39, 52,
    39, 55,
    39, 56,
    39, 57,
    39, 58,
    39, 59,
    39, 66,
    39, 68,
    39, 69,
    39, 70,
    39, 72,
    39, 78,
    39, 79,
    39, 80,
    39, 81,
    39, 82,
    39, 83,
    39, 84,
    39, 85,
    39, 86,
    39, 87,
    39, 88,
    39, 89,
    39, 90,
    39, 91,
    39, 97,
    40, 11,
    40, 34,
    40, 53,
    40, 55,
    40, 56,
    43, 13,
    43, 15,
    43, 43,
    44, 3,
    44, 8,
    44, 11,
    44, 14,
    44, 32,
    44, 34,
    44, 36,
    44, 40,
    44, 48,
    44, 50,
    44, 52,
    44, 53,
    44, 54,
    44, 55,
    44, 56,
    44, 58,
    44, 68,
    44, 69,
    44, 70,
    44, 75,
    44, 80,
    44, 82,
    44, 85,
    44, 86,
    44, 87,
    44, 88,
    44, 89,
    44, 90,
    44, 91,
    44, 97,
    44, 100,
    45, 3,
    45, 8,
    45, 11,
    45, 14,
    45, 32,
    45, 34,
    45, 36,
    45, 40,
    45, 48,
    45, 50,
    45, 52,
    45, 53,
    45, 54,
    45, 55,
    45, 56,
    45, 58,
    45, 61,
    45, 68,
    45, 69,
    45, 70,
    45, 71,
    45, 72,
    45, 80,
    45, 82,
    45, 85,
    45, 86,
    45, 87,
    45, 88,
    45, 90,
    45, 97,
    45, 100,
    48, 11,
    48, 16,
    48, 34,
    48, 43,
    48, 53,
    48, 55,
    48, 56,
    48, 57,
    48, 58,
    48, 59,
    48, 89,
    48, 91,
    49, 13,
    49, 14,
    49, 15,
    49, 16,
    49, 34,
    49, 43,
    49, 52,
    49, 53,
    49, 57,
    49, 58,
    49, 59,
    49, 66,
    49, 68,
    49, 69,
    49, 70,
    49, 72,
    49, 80,
    49, 82,
    49, 84,
    49, 89,
    49, 91,
    49, 97,
    49, 100,
    50, 11,
    50, 16,
    50, 34,
    50, 43,
    50, 53,
    50, 55,
    50, 56,
    50, 57,
    50, 58,
    50, 59,
    50, 89,
    50, 91,
    51, 11,
    51, 14,
    51, 34,
    51, 43,
    51, 52,
    51, 53,
    51, 55,
    51, 56,
    51, 57,
    51, 58,
    51, 59,
    51, 66,
    51, 68,
    51, 69,
    51, 70,
    51, 72,
    51, 80,
    51, 82,
    51, 89,
    51, 91,
    51, 97,
    51, 100,
    52, 11,
    52, 14,
    52, 43,
    52, 52,
    52, 53,
    52, 58,
    52, 85,
    52, 91,
    52, 97,
    52, 100,
    53, 13,
    53, 14,
    53, 15,
    53, 16,
    53, 27,
    53, 28,
    53, 34,
    53, 36,
    53, 40,
    53, 43,
    53, 48,
    53, 50,
    53, 52,
    53, 57,
    53, 58,
    53, 59,
    53, 66,
    53, 68,
    53, 69,
    53, 70,
    53, 71,
    53, 72,
    53, 78,
    53, 79,
    53, 80,
    53, 81,
    53, 82,
    53, 83,
    53, 84,
    53, 85,
    53, 86,
    53, 87,
    53, 88,
    53, 89,
    53, 90,
    53, 91,
    53, 97,
    53, 100,
    54, 13,
    54, 15,
    54, 16,
    54, 34,
    54, 43,
    54, 52,
    54, 55,
    54, 57,
    54, 58,
    54, 66,
    54, 72,
    54, 84,
    54, 89,
    55, 13,
    55, 14,
    55, 15,
    55, 16,
    55, 34,
    55, 36,
    55, 40,
    55, 43,
    55, 48,
    55, 50,
    55, 52,
    55, 54,
    55, 55,
    55, 59,
    55, 66,
    55, 68,
    55, 69,
    55, 70,
    55, 72,
    55, 78,
    55, 79,
    55, 80,
    55, 81,
    55, 82,
    55, 83,
    55, 84,
    55, 86,
    55, 87,
    55, 88,
    55, 89,
    55, 90,
    55, 91,
    55, 97,
    55, 100,
    56, 13,
    56, 14,
    56, 15,
    56, 16,
    56, 36,
    56, 40,
    56, 43,
    56, 48,
    56, 50,
    56, 52,
    56, 59,
    56, 66,
    56, 72,
    56, 91,
    56, 100,
    57, 3,
    57, 8,
    57, 11,
    57, 14,
    57, 34,
    57, 36,
    57, 40,
    57, 43,
    57, 48,
    57, 50,
    57, 52,
    57, 53,
    57, 54,
    57, 66,
    57, 68,
    57, 69,
    57, 70,
    57, 71,
    57, 80,
    57, 82,
    57, 85,
    57, 86,
    57, 87,
    57, 88,
    57, 89,
    57, 90,
    57, 91,
    57, 97,
    57, 100,
    58, 13,
    58, 14,
    58, 15,
    58, 16,
    58, 27,
    58, 28,
    58, 32,
    58, 34,
    58, 36,
    58, 40,
    58, 43,
    58, 48,
    58, 50,
    58, 52,
    58, 53,
    58, 54,
    58, 59,
    58, 66,
    58, 68,
    58, 69,
    58, 70,
    58, 72,
    58, 78,
    58, 79,
    58, 80,
    58, 81,
    58, 82,
    58, 83,
    58, 84,
    58, 85,
    58, 86,
    58, 87,
    58, 88,
    58, 89,
    58, 90,
    58, 91,
    58, 97,
    58, 100,
    59, 14,
    59, 34,
    59, 36,
    59, 40,
    59, 43,
    59, 48,
    59, 50,
    59, 52,
    59, 54,
    59, 55,
    59, 56,
    59, 58,
    59, 59,
    59, 66,
    59, 68,
    59, 69,
    59, 70,
    59, 71,
    59, 72,
    59, 80,
    59, 82,
    59, 85,
    59, 86,
    59, 87,
    59, 88,
    59, 89,
    59, 90,
    59, 97,
    59, 100,
    60, 43,
    60, 75,
    61, 53,
    61, 54,
    61, 55,
    61, 56,
    61, 58,
    61, 72,
    61, 75,
    61, 87,
    61, 88,
    61, 90,
    66, 11,
    66, 32,
    66, 53,
    66, 55,
    66, 56,
    66, 58,
    66, 85,
    67, 3,
    67, 8,
    67, 11,
    67, 13,
    67, 14,
    67, 15,
    67, 32,
    67, 53,
    67, 55,
    67, 57,
    67, 58,
    67, 61,
    67, 66,
    67, 71,
    67, 84,
    67, 85,
    67, 87,
    67, 88,
    67, 89,
    67, 90,
    67, 91,
    67, 100,
    68, 14,
    68, 53,
    68, 55,
    68, 58,
    68, 66,
    68, 68,
    68, 69,
    68, 70,
    68, 72,
    68, 80,
    68, 82,
    68, 85,
    68, 87,
    68, 88,
    68, 89,
    68, 90,
    68, 97,
    68, 100,
    70, 11,
    70, 14,
    70, 32,
    70, 43,
    70, 52,
    70, 53,
    70, 55,
    70, 56,
    70, 58,
    70, 61,
    70, 66,
    70, 71,
    70, 72,
    70, 85,
    70, 87,
    70, 88,
    70, 89,
    70, 90,
    70, 91,
    70, 97,
    70, 100,
    71, 2,
    71, 3,
    71, 8,
    71, 10,
    71, 13,
    71, 14,
    71, 15,
    71, 16,
    71, 32,
    71, 53,
    71, 55,
    71, 56,
    71, 57,
    71, 58,
    71, 61,
    71, 62,
    71, 66,
    71, 68,
    71, 69,
    71, 70,
    71, 72,
    71, 75,
    71, 80,
    71, 82,
    71, 84,
    71, 87,
    71, 89,
    71, 91,
    71, 94,
    71, 97,
    71, 100,
    72, 10,
    72, 11,
    72, 16,
    72, 32,
    72, 53,
    72, 58,
    72, 62,
    72, 66,
    72, 68,
    72, 69,
    72, 70,
    72, 75,
    72, 80,
    72, 82,
    72, 87,
    72, 88,
    72, 90,
    72, 91,
    72, 94,
    72, 97,
    73, 11,
    73, 32,
    73, 53,
    73, 55,
    73, 58,
    76, 11,
    76, 13,
    76, 14,
    76, 15,
    76, 27,
    76, 28,
    76, 32,
    76, 53,
    76, 58,
    76, 66,
    76, 68,
    76, 69,
    76, 70,
    76, 72,
    76, 75,
    76, 80,
    76, 82,
    76, 85,
    76, 86,
    76, 89,
    76, 91,
    76, 97,
    76, 100,
    77, 75,
    78, 11,
    78, 32,
    78, 53,
    78, 55,
    78, 58,
    79, 11,
    79, 32,
    79, 53,
    79, 55,
    79, 58,
    80, 3,
    80, 8,
    80, 11,
    80, 13,
    80, 14,
    80, 15,
    80, 32,
    80, 53,
    80, 55,
    80, 57,
    80, 58,
    80, 61,
    80, 66,
    80, 71,
    80, 84,
    80, 85,
    80, 87,
    80, 88,
    80, 89,
    80, 90,
    80, 91,
    80, 100,
    81, 3,
    81, 8,
    81, 11,
    81, 13,
    81, 14,
    81, 15,
    81, 32,
    81, 53,
    81, 55,
    81, 57,
    81, 58,
    81, 61,
    81, 66,
    81, 71,
    81, 84,
    81, 85,
    81, 87,
    81, 88,
    81, 89,
    81, 90,
    81, 91,
    81, 100,
    82, 11,
    82, 53,
    82, 55,
    82, 58,
    83, 13,
    83, 14,
    83, 15,
    83, 16,
    83, 27,
    83, 28,
    83, 34,
    83, 43,
    83, 59,
    83, 61,
    83, 66,
    83, 68,
    83, 69,
    83, 70,
    83, 72,
    83, 80,
    83, 82,
    83, 84,
    83, 87,
    83, 88,
    83, 90,
    83, 91,
    83, 97,
    83, 100,
    84, 11,
    84, 14,
    84, 32,
    84, 53,
    84, 55,
    84, 58,
    84, 85,
    84, 100,
    85, 13,
    85, 14,
    85, 15,
    85, 16,
    85, 27,
    85, 28,
    85, 32,
    85, 53,
    85, 58,
    85, 66,
    85, 68,
    85, 69,
    85, 70,
    85, 72,
    85, 80,
    85, 82,
    85, 84,
    85, 85,
    85, 89,
    85, 97,
    85, 100,
    86, 11,
    86, 53,
    86, 55,
    86, 58,
    87, 11,
    87, 13,
    87, 14,
    87, 15,
    87, 16,
    87, 34,
    87, 43,
    87, 53,
    87, 55,
    87, 58,
    87, 59,
    87, 66,
    87, 68,
    87, 69,
    87, 70,
    87, 75,
    87, 80,
    87, 82,
    87, 91,
    87, 100,
    88, 11,
    88, 13,
    88, 15,
    88, 16,
    88, 34,
    88, 43,
    88, 53,
    88, 55,
    88, 57,
    88, 58,
    88, 66,
    88, 68,
    88, 69,
    88, 70,
    88, 75,
    88, 80,
    88, 82,
    88, 91,
    89, 2,
    89, 11,
    89, 13,
    89, 14,
    89, 15,
    89, 28,
    89, 36,
    89, 40,
    89, 48,
    89, 50,
    89, 52,
    89, 53,
    89, 55,
    89, 57,
    89, 58,
    89, 66,
    89, 68,
    89, 69,
    89, 70,
    89, 80,
    89, 82,
    89, 85,
    89, 90,
    89, 97,
    89, 100,
    90, 13,
    90, 15,
    90, 16,
    90, 43,
    90, 53,
    90, 55,
    90, 57,
    90, 58,
    90, 66,
    90, 68,
    90, 69,
    90, 70,
    90, 75,
    90, 80,
    90, 82,
    90, 89,
    90, 91,
    91, 14,
    91, 53,
    91, 58,
    91, 66,
    91, 68,
    91, 69,
    91, 70,
    91, 72,
    91, 80,
    91, 82,
    91, 86,
    91, 87,
    91, 90,
    91, 97,
    91, 100,
    92, 43,
    92, 75,
    97, 34,
    97, 52,
    97, 53,
    97, 55,
    97, 57,
    97, 58,
    97, 59,
    97, 89,
    100, 43,
    100, 52,
    100, 53,
    100, 55,
    100, 56,
    100, 57,
    100, 58,
    100, 59,
    100, 85,
    100, 87,
    100, 89,
    110, 123,
    110, 124,
    111, 106,
    111, 107,
    111, 129,
    111, 404,
    112, 106,
    112, 107,
    112, 404,
    113, 106,
    113, 107,
    113, 137,
    113, 404,
    114, 123,
    114, 124,
    114, 132,
    114, 137,
    114, 404,
    115, 119,
    115, 123,
    115, 124,
    115, 404,
    117, 119,
    117, 122,
    117, 123,
    117, 124,
    117, 147,
    119, 106,
    119, 107,
    119, 123,
    119, 124,
    119, 130,
    119, 146,
    119, 404,
    121, 106,
    121, 107,
    121, 131,
    121, 404,
    122, 106,
    122, 107,
    122, 404,
    123, 106,
    123, 107,
    123, 113,
    123, 114,
    123, 122,
    123, 129,
    123, 131,
    123, 135,
    123, 140,
    123, 404,
    124, 106,
    124, 107,
    124, 404,
    125, 106,
    125, 114,
    125, 119,
    125, 122,
    125, 123,
    125, 124,
    125, 126,
    125, 128,
    125, 130,
    125, 404,
    127, 106,
    127, 112,
    127, 114,
    127, 115,
    127, 116,
    127, 119,
    127, 404,
    128, 113,
    128, 404,
    129, 121,
    130, 123,
    130, 124,
    130, 125,
    130, 404,
    131, 106,
    131, 107,
    131, 120,
    131, 404,
    132, 404,
    134, 404,
    135, 106,
    135, 110,
    135, 122,
    135, 123,
    135, 124,
    135, 125,
    135, 404,
    136, 106,
    136, 107,
    136, 122,
    136, 404,
    137, 122,
    138, 106,
    138, 107,
    138, 122,
    138, 123,
    138, 124,
    139, 138,
    141, 119,
    141, 123,
    141, 124,
    142, 106,
    142, 107,
    142, 146,
    142, 149,
    142, 151,
    142, 152,
    142, 159,
    142, 163,
    143, 106,
    143, 107,
    143, 146,
    143, 163,
    143, 404,
    144, 106,
    144, 404,
    145, 106,
    145, 107,
    145, 149,
    145, 172,
    145, 404,
    146, 106,
    146, 107,
    146, 146,
    146, 149,
    146, 151,
    146, 152,
    146, 159,
    146, 163,
    146, 169,
    146, 173,
    146, 404,
    147, 106,
    147, 107,
    147, 149,
    147, 159,
    147, 163,
    147, 404,
    148, 106,
    148, 107,
    148, 149,
    148, 163,
    148, 404,
    151, 106,
    151, 107,
    151, 404,
    152, 106,
    152, 107,
    152, 404,
    153, 106,
    153, 107,
    153, 163,
    153, 165,
    153, 404,
    154, 106,
    154, 107,
    154, 404,
    155, 106,
    155, 107,
    155, 163,
    155, 404,
    156, 106,
    156, 107,
    156, 404,
    157, 106,
    157, 107,
    157, 404,
    159, 156,
    159, 157,
    159, 172,
    161, 106,
    161, 107,
    161, 166,
    161, 404,
    163, 161,
    163, 167,
    165, 106,
    165, 107,
    166, 106,
    166, 170,
    167, 106,
    167, 107,
    167, 149,
    167, 159,
    167, 163,
    167, 404,
    168, 106,
    168, 107,
    168, 404,
    169, 144,
    169, 163,
    169, 172,
    170, 163,
    171, 106,
    171, 107,
    171, 159,
    171, 404,
    172, 106,
    172, 107,
    172, 149,
    172, 158,
    172, 161,
    172, 163,
    172, 404,
    174, 106,
    174, 107,
    174, 123,
    174, 124,
    174, 147,
    174, 148,
    174, 149,
    174, 159,
    174, 161,
    174, 163,
    174, 172
};

/* Kerning between the respective left and right glyphs
 * 4.4 format which needs to scaled with `kern_scale`*/
static const int8_t kern_pair_values[] =
{
    -23, -23, -12, -20, -3, -3, -5, -5,
    -5, -5, -5, -4, -23, -23, -12, -20,
    -3, -3, -5, -5, -5, -5, -5, -4,
    -4, 14, -21, -21, -28, -19, -5, -13,
    -7, -19, -3, -3, -3, 5, -3, -3,
    -11, -9, -6, -4, -4, -5, -10, -4,
    -3, -7, -14, -4, -5, -3, -4, -21,
    -21, -28, -19, -5, -13, -7, -19, -3,
    -3, -3, 5, -3, -3, -11, -9, -6,
    -4, -8, -3, -3, -15, -3, -3, -5,
    -5, -5, -5, -3, 2, 2, -5, -5,
    0, -4, -8, -6, 0, -8, -6, 0,
    -12, -12, -17, -6, -1, -3, -3, -3,
    -3, -12, -3, -4, -1, -4, -1, -8,
    3, -3, 3, -4, -1, -3, -2, -2,
    -3, -5, -6, -4, -4, -5, -2, -2,
    -2, -4, -2, -3, -4, -3, -3, -4,
    -4, -6, -7, -7, -3, -7, -7, -5,
    -3, -4, -2, -2, -2, -3, -3, -4,
    -7, -3, -4, -3, -4, -12, -6, -6,
    -3, -3, -9, -5, -3, -1, -5, -4,
    -4, -4, -3, -3, -3, -3, -3, -3,
    -5, -3, -8, -3, -16, -16, -12, -8,
    -3, -3, -25, -3, -3, -5, -1, -1,
    -5, -2, -6, -7, -4, -4, -4, -5,
    -4, -4, -4, -4, -4, -4, -5, -3,
    -4, -6, -5, -6, -5, -8, -4, -5,
    -2, -4, -4, -2, -5, -5, -8, -6,
    -6, -8, -8, -3, -3, -5, -5, -5,
    -5, -3, -5, -4, -4, -3, -5, -3,
    -3, -3, -3, -3, -3, -8, -3, -6,
    -5, -5, -6, -4, -10, -8, -21, -21,
    -30, -10, -8, -1, -6, -6, -6, -6,
    -5, -22, -7, -15, -11, -15, -15, -3,
    -3, -3, -4, -2, -3, -3, -5, -3,
    -9, -7, -9, -19, -10, -6, -3, -3,
    -9, -5, -3, -1, -5, -4, -4, -4,
    -3, -23, -6, -23, -13, -10, -27, -3,
    -4, -5, -3, -13, -8, -5, -5, -5,
    -5, -5, -5, -3, -4, -4, -1, -6,
    -6, -3, -3, -9, -5, -3, -1, -5,
    -4, -4, -4, -3, -3, -6, -2, -3,
    -3, -4, -1, 0, -2, -2, -3, -2,
    -3, -3, -3, -2, -3, -3, -3, -3,
    -3, -6, -3, 2, -4, -4, -4, -4,
    -5, -2, -3, 2, -21, -13, -21, -15,
    -4, -4, -8, -5, -5, -23, -5, -5,
    -7, -4, -4, -10, -13, -14, -14, -14,
    -3, -13, -9, -9, -14, -9, -14, -9,
    -11, -3, -9, -6, -6, -7, -6, -13,
    -13, -13, -5, -5, -5, -3, -10, -3,
    -2, -3, -4, -2, -3, -2, -3, -13,
    -4, -13, -8, -4, -3, -3, -13, -3,
    -3, -3, -3, 1, -4, -6, -4, -4,
    -4, -5, -4, -4, -4, -4, -4, -4,
    -4, -6, -3, -3, -4, -3, -5, -2,
    -4, -7, -3, -7, -4, -1, -1, -11,
    -1, -1, -1, -1, -3, -2, -3, -3,
    -3, -3, -3, -7, -1, -5, -5, -2,
    -5, -5, -4, -4, -3, -3, -3, -3,
    -3, -5, -3, -3, -5, -3, -5, -4,
    -3, -5, -4, -8, -7, -19, -14, -19,
    -11, -6, -6, -3, -4, -4, -4, -19,
    -4, -4, -4, -4, -3, -5, -14, -9,
    -9, -9, -12, -8, -8, -9, -8, -9,
    -8, -9, -8, -7, -4, -5, -7, -4,
    -10, -10, -14, -6, -1, -4, -4, -6,
    -4, -4, -6, -3, -1, -1, -4, -3,
    -3, -4, -4, -4, -4, -3, -4, -4,
    -4, -4, -3, -3, -5, -3, -12, -6,
    -4, 14, -15, -5, -9, -5, -13, 4,
    12, -4, -3, 1, -10, -5, -5, -5,
    -2, -5, -4, -5, -5, -4, -3, 0,
    -3, -5, -11, -4, -2, -10, -6, -3,
    -1, -1, -5, -2, -2, -5, -2, -2,
    0, -6, -4, -4, -5, -3, -5, -5,
    -5, -3, -5, -5, -3, 0, 0, 0,
    0, -4, -6, -6, 1, -3, -4, -4,
    -5, -5, -3, -6, -6, -3, -1, -3,
    -3, -1, -1, -3, -1, -1, -2, 1,
    1, 6, 6, 7, -11, -4, -11, -2,
    4, 7, 11, 7, 4, 9, 8, 7,
    -4, -3, -3, -3, -3, -3, -3, -3,
    -2, 1, -2, -4, 7, -4, -4, 1,
    -6, 6, -8, -6, -4, 1, -4, -4,
    -4, -4, 7, -4, -4, -2, -2, 1,
    -4, 1, -1, -6, -3, -5, -3, -5,
    -5, 1, -12, 1, 1, 1, -5, -9,
    -3, -3, -5, -5, -5, -3, -3, -5,
    -5, -6, -4, -3, -3, -6, -12, 1,
    -6, -3, -5, -3, -5, -6, -3, -5,
    -3, -5, -5, -5, -4, -3, 0, -3,
    -5, -11, -4, -2, -10, -6, -3, -1,
    -1, -5, -2, -2, -5, -2, -2, 0,
    -5, -5, -4, -3, 0, -3, -5, -11,
    -4, -2, -10, -6, -3, -1, -1, -5,
    -2, -2, -5, -2, -2, 0, -4, -4,
    -4, -6, -14, -5, -14, -6, 2, 2,
    -4, -12, -3, 1, -5, -3, -3, -3,
    -3, -3, -3, -2, 2, 1, 2, -2,
    -3, -5, -8, 1, -4, -5, -3, -4,
    -4, 1, -1, -6, -1, 0, 1, 1,
    -6, -4, -2, -5, -4, -4, -4, -3,
    -4, -4, -3, -4, -3, -4, -6, -4,
    -4, -4, -6, -3, -9, -3, -9, -4,
    -3, -8, -4, -3, -4, -3, -4, -2,
    -2, -2, -3, -2, -2, -5, -3, -3,
    -11, -11, -1, -2, -6, -5, -3, -4,
    -5, -3, -2, -2, -2, -3, -2, -2,
    -5, -4, -5, 1, -4, -3, 1, -3,
    -3, -3, -3, -2, -6, -4, -3, -7,
    -3, -5, -5, -5, -5, -5, -5, -2,
    -4, -4, -9, -9, -2, -8, -4, -2,
    -2, -3, -4, -2, -2, -2, -3, -2,
    -2, -4, -5, -5, -5, -5, -4, -3,
    -3, -3, -1, -3, -3, -3, -2, -2,
    -3, -5, -4, 14, -5, -5, -13, -6,
    -6, -14, -7, -4, -4, -5, -10, -4,
    -3, -7, -14, -4, -5, -3, -4, -5,
    -5, -3, -3, -6, -10, -3, -3, -10,
    -11, -8, -3, -5, -5, -5, 6, -3,
    -5, 2, 2, 2, 2, -3, -10, -5,
    -5, -3, -13, -16, 2, 2, -11, -5,
    -6, -5, -5, -3, -8, -6, -6, -8,
    -8, -5, -5, -5, -3, -3, -8, -8,
    -3, -11, -6, -6, -6, -6, -5, -5,
    -6, -5, -5, -5, -2, -8, -6, -5,
    -3, -3, -3, -3, 2, -8, -5, -10,
    -3, -11, -11, -8, -5, -6, -6, -5,
    -8, -6, -8, -5, -3, -6, -6, -6,
    -3, -6, -6, -3, 2, -11, -6, 2,
    2, -3, -5, -5, -8, -3, -8, -8,
    -3, -3, -3, -5, -6, -6, -3, -3,
    -10, -10, -3, -5, -8, -3, -5, -6,
    -6, -5, -5, -5, -14, -13, -6, -5,
    -6, -6, -8, -13, -5, -3, -14, -14,
    -14, -3, -6, -3, -11, -13, -11, -2,
    -3, -10, -5, -5, -8, -8, -5, -8,
    -10, -8, -3, -2, -5, -2, -2, -8,
    -5, -5, -3, -8, -3, -3, -5, -6,
    -3, -3, 5, 5, 8, -5, -5, -3,
    -8, -10, -8, -3, -3, -3, -3, -3,
    -3, -3, -2, -5, -8, -10, -6, -5,
    -5, -3, -3, -3, -10, -10, -3, -8,
    -10, -10, -3, -3, -5, -3, -8, -2,
    -2, -10, -10, -3, -3, -8, -2, -10,
    -5, -8
};

/*Collect the kern pair's data in one place*/
static const lv_font_fmt_txt_kern_pair_t kern_pairs =
{
    .glyph_ids = kern_pair_glyph_ids,
    .values = kern_pair_values,
    .pair_cnt = 1170,
    .glyph_ids_size = 1
};

/*--------------------
 *  ALL CUSTOM DATA
 *--------------------*/

#if LVGL_VERSION_MAJOR == 8
/*Store all the custom data of the font*/
static  lv_font_fmt_txt_glyph_cache_t cache;
#endif

#if LVGL_VERSION_MAJOR >= 8
static const lv_font_fmt_txt_dsc_t font_dsc = {
#else
static lv_font_fmt_txt_dsc_t font_dsc = {
#endif
    .glyph_bitmap = glyph_bitmap,
    .glyph_dsc = glyph_dsc,
    .cmaps = cmaps,
    .kern_dsc = &kern_pairs,
    .kern_scale = 16,
    .cmap_num = 2,
    .bpp = 4,
    .kern_classes = 0,
    .bitmap_format = 0,
#if LVGL_VERSION_MAJOR == 8
    .cache = &cache
#endif
};



/*-----------------
 *  PUBLIC FONT
 *----------------*/

/*Initialize a public general font descriptor*/
#if LVGL_VERSION_MAJOR >= 8
const lv_font_t sh_font_10_600 = {
#else
lv_font_t sh_font_10_600 = {
#endif
    .get_glyph_dsc = lv_font_get_glyph_dsc_fmt_txt,    /*Function pointer to get glyph's data*/
    .get_glyph_bitmap = lv_font_get_bitmap_fmt_txt,    /*Function pointer to get glyph's bitmap*/
    .line_height = 13,          /*The maximum line height required by the font*/
    .base_line = 3,             /*Baseline measured from the bottom of the line*/
#if !(LVGL_VERSION_MAJOR == 6 && LVGL_VERSION_MINOR == 0)
    .subpx = LV_FONT_SUBPX_NONE,
#endif
#if LV_VERSION_CHECK(7, 4, 0) || LVGL_VERSION_MAJOR >= 8
    .underline_position = -1,
    .underline_thickness = 1,
#endif
    .dsc = &font_dsc,          /*The custom font data. Will be accessed by `get_glyph_bitmap/dsc` */
#if LV_VERSION_CHECK(8, 2, 0) || LVGL_VERSION_MAJOR >= 9
    .fallback = NULL,
#endif
    .user_data = NULL,
};



#endif /*#if SH_FONT_10_600*/

