/*******************************************************************************
 * Size: 16 px
 * Bpp: 4
 * Opts: --font /Users/kongweilu/Development/EchoEar Token&Weather/SHANHAI_EchoEar_Demo/assets/firmware/NotoSansJP-500.ttf --symbols °·×÷–…↑↓∞　、。「」いかがきくごさしじすせだつてでとなにのはへまみむめもりるれわをんイオカキクサザスセタダチッデトドネパビプホムモャュラリルレワン・ー一上下不两中为予事京仅今件会位低体余作使例供保信値元入全六共内再凭击分切列利别制刻削前加务动動包区单単历原双取口可右号同含和品唤回图圆土在地均域報場声备多天失存定实実客室对対専屏山左已帐年应底度当形待得必忘応态总息情感態或户所拖持按换据接控描提操支敗数料断新方日旧时明显時晴曇更最月有服期木未本机条来東果染查标样案检検機次残每比气気水没況海済温渲湿滑滚演火点無版状率环用画留発百的看確示离秒程窓窗第答約細終続约线结络网置美能自获行表製要览角解触設証試詳認説読議认讨论设证详说读資败車车轮轻载込过返进述週部配醒重量金钮長閉開間间阅降限除際集雨雪雷霧面音題页题额高，； !"#$%&'()*+,-./0123456789:;<=>?@ABCDEFGHIJKLMNOPQRSTUVWXYZ[\]^_`abcdefghijklmnopqrstuvwxyz{|}~°↑↓ --size 16 --bpp 4 --format lvgl --lv-include lvgl.h --no-compress --lv-font-name sh_font_16_500 -o /Users/kongweilu/Development/EchoEar Token&Weather/SHANHAI_EchoEar_Demo/main/fonts/sh_font_16_500.c
 ******************************************************************************/

#ifdef LV_LVGL_H_INCLUDE_SIMPLE
#include "lvgl.h"
#else
#include "lvgl.h"
#endif

#ifndef SH_FONT_16_500
#define SH_FONT_16_500 1
#endif

#if SH_FONT_16_500

/*-----------------
 *    BITMAPS
 *----------------*/

/*Store the image of the glyphs*/
static LV_ATTRIBUTE_LARGE_CONST const uint8_t glyph_bitmap[] = {
    /* U+0020 " " */

    /* U+0021 "!" */
    0x2f, 0xa2, 0xfa, 0x1f, 0x91, 0xf8, 0xf, 0x80,
    0xf7, 0xf, 0x60, 0xe6, 0x3, 0x10, 0x84, 0x7f,
    0xf3, 0xea,

    /* U+0022 "\"" */
    0x9f, 0x51, 0xfd, 0x8f, 0x40, 0xfc, 0x7f, 0x30,
    0xfb, 0x5f, 0x10, 0xd9, 0x3f, 0x0, 0xb8, 0x0,
    0x0, 0x0,

    /* U+0023 "#" */
    0x0, 0xf, 0x10, 0xa7, 0x0, 0x2, 0xf0, 0xc,
    0x50, 0x0, 0x4d, 0x0, 0xe3, 0x0, 0xff, 0xff,
    0xff, 0xf9, 0x4, 0xaa, 0x46, 0xf4, 0x20, 0xa,
    0x70, 0x4d, 0x0, 0x0, 0xc6, 0x6, 0xc0, 0x6,
    0xff, 0xff, 0xff, 0xf3, 0x13, 0xf5, 0x3b, 0x93,
    0x0, 0x1f, 0x0, 0xc6, 0x0, 0x3, 0xe0, 0xe,
    0x40, 0x0, 0x5c, 0x0, 0xf2, 0x0,

    /* U+0024 "$" */
    0x0, 0x0, 0x82, 0x0, 0x0, 0x0, 0xf, 0x40,
    0x0, 0x0, 0x5d, 0xfe, 0x90, 0x0, 0x3f, 0xe8,
    0xaf, 0x90, 0x9, 0xf3, 0x0, 0x30, 0x0, 0xaf,
    0x20, 0x0, 0x0, 0x5, 0xfd, 0x30, 0x0, 0x0,
    0x8, 0xff, 0xb2, 0x0, 0x0, 0x2, 0xbf, 0xf3,
    0x0, 0x0, 0x0, 0x5f, 0xd0, 0x0, 0x0, 0x0,
    0xcf, 0x0, 0x52, 0x0, 0xe, 0xe0, 0xe, 0xfa,
    0x8c, 0xf8, 0x0, 0x19, 0xef, 0xe7, 0x0, 0x0,
    0x0, 0xf4, 0x0, 0x0, 0x0, 0x8, 0x20, 0x0,

    /* U+0025 "%" */
    0x4, 0xdf, 0xb1, 0x0, 0x2, 0xe1, 0x0, 0x1,
    0xf8, 0x2c, 0xa0, 0x0, 0xa8, 0x0, 0x0, 0x5f,
    0x0, 0x5f, 0x0, 0x3e, 0x0, 0x0, 0x6, 0xe0,
    0x4, 0xf1, 0xb, 0x60, 0x0, 0x0, 0x5f, 0x0,
    0x5f, 0x4, 0xd0, 0x0, 0x0, 0x1, 0xf6, 0xb,
    0xb0, 0xc5, 0xa, 0xec, 0x40, 0x5, 0xff, 0xd2,
    0x5c, 0xa, 0xc2, 0x7f, 0x10, 0x0, 0x10, 0xd,
    0x40, 0xf6, 0x0, 0xf5, 0x0, 0x0, 0x6, 0xb0,
    0xf, 0x40, 0xe, 0x70, 0x0, 0x0, 0xe3, 0x0,
    0xf6, 0x0, 0xf5, 0x0, 0x0, 0x7a, 0x0, 0xa,
    0xd2, 0x8f, 0x10, 0x0, 0x1e, 0x20, 0x0, 0x1b,
    0xfd, 0x40,

    /* U+0026 "&" */
    0x0, 0xa, 0xfe, 0x80, 0x0, 0x0, 0x0, 0x9f,
    0x68, 0xf4, 0x0, 0x0, 0x0, 0xea, 0x1, 0xf6,
    0x0, 0x0, 0x0, 0xeb, 0x7, 0xf2, 0x0, 0x0,
    0x0, 0x9f, 0xaf, 0x60, 0x0, 0x0, 0x0, 0x7f,
    0xf4, 0x0, 0x7, 0x60, 0x7, 0xfe, 0xf6, 0x0,
    0x2f, 0x80, 0x3f, 0xb0, 0xcf, 0x50, 0xaf, 0x10,
    0x6f, 0x50, 0x1d, 0xfa, 0xf8, 0x0, 0x5f, 0x80,
    0x1, 0xdf, 0xf2, 0x0, 0xd, 0xfa, 0x7a, 0xfe,
    0xff, 0xa0, 0x1, 0xaf, 0xfd, 0x70, 0x2a, 0xa0,

    /* U+0027 "'" */
    0x9f, 0x58, 0xf4, 0x7f, 0x35, 0xf1, 0x3f, 0x0,
    0x0,

    /* U+0028 "(" */
    0x0, 0x0, 0x0, 0x9a, 0x2, 0xf5, 0x8, 0xe0,
    0xe, 0x90, 0x2f, 0x50, 0x6f, 0x20, 0x8f, 0x0,
    0x9f, 0x0, 0x9f, 0x0, 0x8f, 0x0, 0x6f, 0x20,
    0x2f, 0x50, 0xe, 0x90, 0x8, 0xe0, 0x2, 0xf5,
    0x0, 0x9b, 0x0, 0x0,

    /* U+0029 ")" */
    0x0, 0x0, 0x1, 0xe4, 0x0, 0xa, 0xc0, 0x0,
    0x3f, 0x30, 0x0, 0xe9, 0x0, 0xa, 0xd0, 0x0,
    0x7f, 0x10, 0x5, 0xf3, 0x0, 0x4f, 0x40, 0x4,
    0xf4, 0x0, 0x5f, 0x30, 0x7, 0xf1, 0x0, 0xad,
    0x0, 0xe, 0x90, 0x3, 0xf3, 0x0, 0xac, 0x0,
    0x1e, 0x40, 0x0, 0x0, 0x0,

    /* U+002A "*" */
    0x0, 0xb, 0x60, 0x0, 0x52, 0xc8, 0x33, 0xc,
    0xff, 0xff, 0x80, 0x8, 0xff, 0x30, 0x1, 0xe8,
    0xbb, 0x0, 0x6, 0x1, 0x50,

    /* U+002B "+" */
    0x0, 0x0, 0x41, 0x0, 0x0, 0x0, 0x2f, 0x40,
    0x0, 0x0, 0x2, 0xf4, 0x0, 0x0, 0x11, 0x3f,
    0x51, 0x10, 0x6f, 0xff, 0xff, 0xff, 0x81, 0x44,
    0x5f, 0x74, 0x42, 0x0, 0x2, 0xf4, 0x0, 0x0,
    0x0, 0x2f, 0x40, 0x0, 0x0, 0x2, 0xf4, 0x0,
    0x0,

    /* U+002C "," */
    0x1, 0x50, 0xb, 0xfa, 0x8, 0xfe, 0x0, 0x8c,
    0x3, 0xe5, 0xe, 0x70, 0x0, 0x0,

    /* U+002D "-" */
    0x1, 0x11, 0x14, 0xff, 0xff, 0x14, 0x44, 0x40,

    /* U+002E "." */
    0x38, 0x1c, 0xf9, 0x8f, 0x50,

    /* U+002F "/" */
    0x0, 0x0, 0x8c, 0x0, 0x0, 0xc7, 0x0, 0x1,
    0xf3, 0x0, 0x5, 0xe0, 0x0, 0xa, 0xa0, 0x0,
    0xe, 0x50, 0x0, 0x3f, 0x10, 0x0, 0x8c, 0x0,
    0x0, 0xc7, 0x0, 0x1, 0xf3, 0x0, 0x6, 0xe0,
    0x0, 0xa, 0xa0, 0x0, 0xf, 0x50, 0x0, 0x3f,
    0x10, 0x0, 0x8c, 0x0, 0x0, 0x54, 0x0, 0x0,

    /* U+0030 "0" */
    0x0, 0x4d, 0xfd, 0x50, 0x0, 0x3f, 0xd7, 0xcf,
    0x50, 0xb, 0xf2, 0x0, 0xed, 0x0, 0xfc, 0x0,
    0x9, 0xf2, 0x2f, 0x90, 0x0, 0x7f, 0x43, 0xf8,
    0x0, 0x6, 0xf5, 0x3f, 0x80, 0x0, 0x6f, 0x52,
    0xf9, 0x0, 0x7, 0xf4, 0xf, 0xc0, 0x0, 0xaf,
    0x10, 0xbf, 0x20, 0xe, 0xd0, 0x3, 0xfe, 0x8c,
    0xf4, 0x0, 0x4, 0xcf, 0xd5, 0x0,

    /* U+0031 "1" */
    0x3, 0x8f, 0xd0, 0x0, 0x2f, 0xff, 0xd0, 0x0,
    0x2, 0x2f, 0xd0, 0x0, 0x0, 0xf, 0xd0, 0x0,
    0x0, 0xf, 0xd0, 0x0, 0x0, 0xf, 0xd0, 0x0,
    0x0, 0xf, 0xd0, 0x0, 0x0, 0xf, 0xd0, 0x0,
    0x0, 0xf, 0xd0, 0x0, 0x0, 0xf, 0xd0, 0x0,
    0x58, 0x8f, 0xe8, 0x80, 0xaf, 0xff, 0xff, 0xf1,

    /* U+0032 "2" */
    0x2, 0xaf, 0xfc, 0x40, 0x2, 0xee, 0x88, 0xff,
    0x30, 0x8, 0x10, 0x4, 0xfa, 0x0, 0x0, 0x0,
    0x1f, 0xc0, 0x0, 0x0, 0x2, 0xfa, 0x0, 0x0,
    0x0, 0x8f, 0x50, 0x0, 0x0, 0x2f, 0xd0, 0x0,
    0x0, 0xd, 0xf3, 0x0, 0x0, 0xb, 0xf6, 0x0,
    0x0, 0xb, 0xf7, 0x0, 0x0, 0xc, 0xfd, 0x89,
    0x99, 0x24, 0xff, 0xff, 0xff, 0xf5,

    /* U+0033 "3" */
    0x2, 0xae, 0xfd, 0x60, 0x0, 0xde, 0x98, 0xdf,
    0x70, 0x2, 0x10, 0x2, 0xfc, 0x0, 0x0, 0x0,
    0x1f, 0xc0, 0x0, 0x1, 0x4c, 0xf4, 0x0, 0x2,
    0xff, 0xf5, 0x0, 0x0, 0x4, 0x7d, 0xf6, 0x0,
    0x0, 0x0, 0xd, 0xf0, 0x0, 0x0, 0x0, 0xaf,
    0x30, 0x91, 0x0, 0xe, 0xf1, 0x4f, 0xe9, 0x9d,
    0xf9, 0x0, 0x3b, 0xff, 0xd7, 0x0,

    /* U+0034 "4" */
    0x0, 0x0, 0x4f, 0xf2, 0x0, 0x0, 0xd, 0xff,
    0x20, 0x0, 0x7, 0xfb, 0xf2, 0x0, 0x1, 0xfb,
    0x9f, 0x20, 0x0, 0x9f, 0x39, 0xf2, 0x0, 0x3f,
    0x90, 0x9f, 0x20, 0xc, 0xe1, 0x9, 0xf2, 0x5,
    0xf8, 0x22, 0xaf, 0x41, 0xbf, 0xff, 0xff, 0xff,
    0xa3, 0x55, 0x55, 0xbf, 0x63, 0x0, 0x0, 0x9,
    0xf2, 0x0, 0x0, 0x0, 0x9f, 0x20,

    /* U+0035 "5" */
    0x4, 0xff, 0xff, 0xfb, 0x0, 0x5f, 0xb9, 0x99,
    0x60, 0x6, 0xf3, 0x0, 0x0, 0x0, 0x8f, 0x20,
    0x0, 0x0, 0x9, 0xfe, 0xff, 0xa0, 0x0, 0x5c,
    0x54, 0xbf, 0xb0, 0x0, 0x0, 0x0, 0xdf, 0x10,
    0x0, 0x0, 0xa, 0xf3, 0x0, 0x0, 0x0, 0xaf,
    0x30, 0x80, 0x0, 0x2f, 0xe0, 0x5f, 0xe9, 0x9e,
    0xf6, 0x0, 0x3b, 0xef, 0xc5, 0x0,

    /* U+0036 "6" */
    0x0, 0x9, 0xef, 0xd5, 0x0, 0xc, 0xfb, 0x8d,
    0xe0, 0x7, 0xf7, 0x0, 0x2, 0x0, 0xde, 0x0,
    0x0, 0x0, 0xf, 0xb0, 0x0, 0x0, 0x2, 0xf9,
    0x8f, 0xfd, 0x30, 0x2f, 0xfa, 0x46, 0xef, 0x11,
    0xfc, 0x0, 0x6, 0xf5, 0xe, 0xd0, 0x0, 0x4f,
    0x70, 0x9f, 0x30, 0x8, 0xf4, 0x1, 0xee, 0x78,
    0xfc, 0x0, 0x2, 0xbf, 0xfa, 0x10,

    /* U+0037 "7" */
    0x3f, 0xff, 0xff, 0xff, 0x61, 0x99, 0x99, 0x9e,
    0xf2, 0x0, 0x0, 0x4, 0xf6, 0x0, 0x0, 0x0,
    0xdc, 0x0, 0x0, 0x0, 0x6f, 0x40, 0x0, 0x0,
    0xc, 0xe0, 0x0, 0x0, 0x1, 0xfa, 0x0, 0x0,
    0x0, 0x5f, 0x60, 0x0, 0x0, 0x9, 0xf4, 0x0,
    0x0, 0x0, 0xbf, 0x20, 0x0, 0x0, 0xc, 0xf0,
    0x0, 0x0, 0x0, 0xef, 0x0, 0x0,

    /* U+0038 "8" */
    0x0, 0x6d, 0xfe, 0x80, 0x0, 0x5f, 0xb5, 0x9f,
    0x80, 0xa, 0xf0, 0x0, 0xbe, 0x0, 0xaf, 0x0,
    0xa, 0xe0, 0x4, 0xfa, 0x0, 0xe8, 0x0, 0x7,
    0xfe, 0xdb, 0x0, 0x3, 0xe8, 0x9f, 0xf4, 0x0,
    0xeb, 0x0, 0x2e, 0xf1, 0x3f, 0x60, 0x0, 0x6f,
    0x52, 0xf9, 0x0, 0x8, 0xf5, 0xb, 0xf9, 0x58,
    0xfd, 0x0, 0x8, 0xef, 0xe9, 0x10,

    /* U+0039 "9" */
    0x0, 0x8e, 0xfc, 0x30, 0x0, 0xaf, 0x97, 0xdf,
    0x30, 0x2f, 0xa0, 0x1, 0xfb, 0x5, 0xf6, 0x0,
    0xa, 0xf0, 0x4f, 0x80, 0x0, 0x9f, 0x30, 0xee,
    0x41, 0x7f, 0xf4, 0x4, 0xef, 0xfc, 0x9f, 0x30,
    0x0, 0x32, 0x9, 0xf2, 0x0, 0x0, 0x0, 0xde,
    0x0, 0x20, 0x0, 0x5f, 0x80, 0xd, 0xe9, 0xaf,
    0xd0, 0x0, 0x3c, 0xff, 0xa1, 0x0,

    /* U+003A ":" */
    0x8f, 0x5c, 0xf9, 0x38, 0x10, 0x0, 0x0, 0x0,
    0x0, 0x38, 0x1c, 0xf9, 0x8f, 0x50,

    /* U+003B ";" */
    0x8, 0xf5, 0xc, 0xf9, 0x3, 0x81, 0x0, 0x0,
    0x0, 0x0, 0x0, 0x0, 0x1, 0x50, 0xb, 0xfa,
    0x8, 0xfe, 0x0, 0x8c, 0x3, 0xe5, 0xe, 0x70,
    0x0, 0x0,

    /* U+003C "<" */
    0x0, 0x0, 0x0, 0x5, 0x50, 0x0, 0x2, 0x8e,
    0xf7, 0x0, 0x6c, 0xfe, 0x83, 0x4, 0xff, 0xa4,
    0x0, 0x0, 0x5f, 0xe8, 0x20, 0x0, 0x0, 0x17,
    0xdf, 0xd7, 0x10, 0x0, 0x0, 0x4a, 0xff, 0x60,
    0x0, 0x0, 0x1, 0x65,

    /* U+003D "=" */
    0x6f, 0xff, 0xff, 0xff, 0x82, 0x55, 0x55, 0x55,
    0x52, 0x0, 0x0, 0x0, 0x0, 0x0, 0x11, 0x11,
    0x11, 0x10, 0x6f, 0xff, 0xff, 0xff, 0x81, 0x44,
    0x44, 0x44, 0x42,

    /* U+003E ">" */
    0x35, 0x0, 0x0, 0x0, 0x5, 0xff, 0x93, 0x0,
    0x0, 0x2, 0x8d, 0xfd, 0x61, 0x0, 0x0, 0x3,
    0x9f, 0xf6, 0x0, 0x0, 0x28, 0xef, 0x60, 0x16,
    0xcf, 0xe8, 0x20, 0x5f, 0xfb, 0x40, 0x0, 0x4,
    0x71, 0x0, 0x0, 0x0,

    /* U+003F "?" */
    0x3, 0xbf, 0xfa, 0x10, 0x1f, 0xd8, 0xbf, 0xb0,
    0x2, 0x0, 0xd, 0xf0, 0x0, 0x0, 0xd, 0xe0,
    0x0, 0x0, 0x7f, 0x60, 0x0, 0x5, 0xf9, 0x0,
    0x0, 0xe, 0xd0, 0x0, 0x0, 0x2f, 0x70, 0x0,
    0x0, 0x1, 0x0, 0x0, 0x0, 0x18, 0x40, 0x0,
    0x0, 0x8f, 0xe0, 0x0, 0x0, 0x4f, 0x90, 0x0,

    /* U+0040 "@" */
    0x0, 0x0, 0x6, 0xbe, 0xfe, 0xb5, 0x0, 0x0,
    0x0, 0x2d, 0xe8, 0x42, 0x48, 0xfb, 0x0, 0x0,
    0x3f, 0xa0, 0x0, 0x0, 0x2, 0xe9, 0x0, 0xd,
    0xa0, 0x0, 0x0, 0x0, 0x3, 0xf2, 0x6, 0xf1,
    0x0, 0x8f, 0xea, 0xc0, 0xd, 0x70, 0xc9, 0x0,
    0x8f, 0x65, 0xf9, 0x0, 0xa9, 0xf, 0x40, 0x1f,
    0x60, 0xf, 0x60, 0x9, 0xa1, 0xf3, 0x6, 0xf1,
    0x1, 0xf3, 0x0, 0xb8, 0x1f, 0x30, 0x7f, 0x0,
    0x4f, 0x10, 0x1f, 0x40, 0xe6, 0x5, 0xf4, 0x1c,
    0xf3, 0x1b, 0xb0, 0x9, 0xd0, 0xb, 0xff, 0x5a,
    0xff, 0xb1, 0x0, 0x2f, 0x90, 0x2, 0x0, 0x2,
    0x10, 0x0, 0x0, 0x4f, 0xc5, 0x10, 0x14, 0x40,
    0x0, 0x0, 0x0, 0x2a, 0xff, 0xff, 0xd6, 0x0,
    0x0, 0x0, 0x0, 0x0, 0x22, 0x10, 0x0, 0x0,
    0x0,

    /* U+0041 "A" */
    0x0, 0x4, 0xff, 0x30, 0x0, 0x0, 0x9, 0xef,
    0x80, 0x0, 0x0, 0xe, 0xab, 0xd0, 0x0, 0x0,
    0x3f, 0x57, 0xf2, 0x0, 0x0, 0x8f, 0x13, 0xf8,
    0x0, 0x0, 0xec, 0x0, 0xed, 0x0, 0x3, 0xf9,
    0x22, 0xbf, 0x20, 0x8, 0xff, 0xff, 0xff, 0x70,
    0xd, 0xe5, 0x55, 0x5f, 0xd0, 0x2f, 0xa0, 0x0,
    0xb, 0xf2, 0x8f, 0x50, 0x0, 0x7, 0xf7, 0xdf,
    0x10, 0x0, 0x2, 0xfc,

    /* U+0042 "B" */
    0x7f, 0xff, 0xfe, 0xa2, 0x7, 0xfa, 0x77, 0xaf,
    0xe1, 0x7f, 0x60, 0x0, 0x9f, 0x57, 0xf6, 0x0,
    0x8, 0xf4, 0x7f, 0x71, 0x25, 0xfd, 0x7, 0xff,
    0xff, 0xff, 0x40, 0x7f, 0x94, 0x46, 0xdf, 0x57,
    0xf6, 0x0, 0x1, 0xfd, 0x7f, 0x60, 0x0, 0xd,
    0xf7, 0xf6, 0x0, 0x2, 0xfd, 0x7f, 0xa7, 0x79,
    0xff, 0x57, 0xff, 0xff, 0xeb, 0x40,

    /* U+0043 "C" */
    0x0, 0x3, 0xbf, 0xfc, 0x50, 0x0, 0x7f, 0xfb,
    0xae, 0xf5, 0x3, 0xfe, 0x20, 0x0, 0x60, 0xa,
    0xf5, 0x0, 0x0, 0x0, 0xf, 0xf0, 0x0, 0x0,
    0x0, 0x1f, 0xd0, 0x0, 0x0, 0x0, 0x1f, 0xd0,
    0x0, 0x0, 0x0, 0xf, 0xf0, 0x0, 0x0, 0x0,
    0xb, 0xf5, 0x0, 0x0, 0x0, 0x4, 0xfe, 0x20,
    0x0, 0x82, 0x0, 0x7f, 0xfb, 0xae, 0xf8, 0x0,
    0x4, 0xbf, 0xfd, 0x60,

    /* U+0044 "D" */
    0x7f, 0xff, 0xfc, 0x60, 0x0, 0x7f, 0xb8, 0x9e,
    0xfb, 0x0, 0x7f, 0x60, 0x0, 0xbf, 0x80, 0x7f,
    0x60, 0x0, 0x1f, 0xe0, 0x7f, 0x60, 0x0, 0xc,
    0xf2, 0x7f, 0x60, 0x0, 0xa, 0xf4, 0x7f, 0x60,
    0x0, 0xa, 0xf4, 0x7f, 0x60, 0x0, 0xc, 0xf2,
    0x7f, 0x60, 0x0, 0x2f, 0xe0, 0x7f, 0x60, 0x1,
    0xcf, 0x70, 0x7f, 0xb8, 0xae, 0xfb, 0x0, 0x7f,
    0xff, 0xfc, 0x60, 0x0,

    /* U+0045 "E" */
    0x7f, 0xff, 0xff, 0xf8, 0x7f, 0xb9, 0x99, 0x94,
    0x7f, 0x60, 0x0, 0x0, 0x7f, 0x60, 0x0, 0x0,
    0x7f, 0x60, 0x0, 0x0, 0x7f, 0xff, 0xff, 0xb0,
    0x7f, 0xb9, 0x99, 0x60, 0x7f, 0x60, 0x0, 0x0,
    0x7f, 0x60, 0x0, 0x0, 0x7f, 0x60, 0x0, 0x0,
    0x7f, 0xc9, 0x99, 0x96, 0x7f, 0xff, 0xff, 0xfb,

    /* U+0046 "F" */
    0x7f, 0xff, 0xff, 0xf8, 0x7f, 0xb9, 0x99, 0x94,
    0x7f, 0x60, 0x0, 0x0, 0x7f, 0x60, 0x0, 0x0,
    0x7f, 0x60, 0x0, 0x0, 0x7f, 0xb8, 0x88, 0x60,
    0x7f, 0xff, 0xff, 0xc0, 0x7f, 0x60, 0x0, 0x0,
    0x7f, 0x60, 0x0, 0x0, 0x7f, 0x60, 0x0, 0x0,
    0x7f, 0x60, 0x0, 0x0, 0x7f, 0x60, 0x0, 0x0,

    /* U+0047 "G" */
    0x0, 0x3, 0xae, 0xfe, 0x80, 0x0, 0x6, 0xff,
    0xb9, 0xcf, 0xa0, 0x3, 0xfe, 0x30, 0x0, 0x41,
    0x0, 0xaf, 0x50, 0x0, 0x0, 0x0, 0xf, 0xf0,
    0x0, 0x0, 0x0, 0x1, 0xfd, 0x0, 0x8, 0x88,
    0x80, 0x1f, 0xd0, 0x0, 0xff, 0xff, 0x10, 0xff,
    0x0, 0x0, 0x9, 0xf1, 0xb, 0xf5, 0x0, 0x0,
    0x9f, 0x10, 0x3f, 0xe3, 0x0, 0xa, 0xf1, 0x0,
    0x7f, 0xfc, 0xac, 0xff, 0x0, 0x0, 0x3b, 0xef,
    0xe9, 0x10,

    /* U+0048 "H" */
    0x7f, 0x60, 0x0, 0x8, 0xf4, 0x7f, 0x60, 0x0,
    0x8, 0xf4, 0x7f, 0x60, 0x0, 0x8, 0xf4, 0x7f,
    0x60, 0x0, 0x8, 0xf4, 0x7f, 0x60, 0x0, 0x8,
    0xf4, 0x7f, 0xff, 0xff, 0xff, 0xf4, 0x7f, 0xc9,
    0x99, 0x9d, 0xf4, 0x7f, 0x60, 0x0, 0x8, 0xf4,
    0x7f, 0x60, 0x0, 0x8, 0xf4, 0x7f, 0x60, 0x0,
    0x8, 0xf4, 0x7f, 0x60, 0x0, 0x8, 0xf4, 0x7f,
    0x60, 0x0, 0x8, 0xf4,

    /* U+0049 "I" */
    0x7f, 0x67, 0xf6, 0x7f, 0x67, 0xf6, 0x7f, 0x67,
    0xf6, 0x7f, 0x67, 0xf6, 0x7f, 0x67, 0xf6, 0x7f,
    0x67, 0xf6,

    /* U+004A "J" */
    0x0, 0x0, 0x9, 0xf5, 0x0, 0x0, 0x9, 0xf5,
    0x0, 0x0, 0x9, 0xf5, 0x0, 0x0, 0x9, 0xf5,
    0x0, 0x0, 0x9, 0xf5, 0x0, 0x0, 0x9, 0xf5,
    0x0, 0x0, 0x9, 0xf5, 0x0, 0x0, 0x9, 0xf5,
    0x0, 0x0, 0x9, 0xf4, 0x1a, 0x20, 0xd, 0xf2,
    0x3f, 0xfa, 0xcf, 0xb0, 0x3, 0xcf, 0xfa, 0x10,

    /* U+004B "K" */
    0x7f, 0x60, 0x0, 0x7f, 0x90, 0x7f, 0x60, 0x4,
    0xfc, 0x0, 0x7f, 0x60, 0x1e, 0xe1, 0x0, 0x7f,
    0x60, 0xcf, 0x40, 0x0, 0x7f, 0x69, 0xf9, 0x0,
    0x0, 0x7f, 0xcf, 0xfd, 0x0, 0x0, 0x7f, 0xfd,
    0xaf, 0x60, 0x0, 0x7f, 0xf2, 0x1e, 0xe1, 0x0,
    0x7f, 0x70, 0x6, 0xf9, 0x0, 0x7f, 0x60, 0x0,
    0xdf, 0x20, 0x7f, 0x60, 0x0, 0x4f, 0xb0, 0x7f,
    0x60, 0x0, 0xb, 0xf5,

    /* U+004C "L" */
    0x7f, 0x60, 0x0, 0x0, 0x7f, 0x60, 0x0, 0x0,
    0x7f, 0x60, 0x0, 0x0, 0x7f, 0x60, 0x0, 0x0,
    0x7f, 0x60, 0x0, 0x0, 0x7f, 0x60, 0x0, 0x0,
    0x7f, 0x60, 0x0, 0x0, 0x7f, 0x60, 0x0, 0x0,
    0x7f, 0x60, 0x0, 0x0, 0x7f, 0x60, 0x0, 0x0,
    0x7f, 0xc9, 0x99, 0x93, 0x7f, 0xff, 0xff, 0xf6,

    /* U+004D "M" */
    0x7f, 0xe0, 0x0, 0x0, 0x9f, 0xc7, 0xff, 0x30,
    0x0, 0xe, 0xfc, 0x7f, 0xe9, 0x0, 0x4, 0xfe,
    0xc7, 0xfa, 0xe0, 0x0, 0xac, 0xdc, 0x7f, 0x6f,
    0x40, 0xf, 0x7e, 0xc7, 0xf3, 0xea, 0x5, 0xf1,
    0xfc, 0x7f, 0x38, 0xf0, 0xac, 0xf, 0xc7, 0xf3,
    0x2f, 0x5f, 0x60, 0xfc, 0x7f, 0x30, 0xce, 0xf1,
    0xf, 0xc7, 0xf3, 0x7, 0xfa, 0x0, 0xfc, 0x7f,
    0x30, 0x1d, 0x40, 0xf, 0xc7, 0xf3, 0x0, 0x0,
    0x0, 0xfc,

    /* U+004E "N" */
    0x7f, 0xb0, 0x0, 0x9, 0xf3, 0x7f, 0xf4, 0x0,
    0x9, 0xf3, 0x7f, 0xed, 0x0, 0x9, 0xf3, 0x7f,
    0x7f, 0x60, 0x9, 0xf3, 0x7f, 0x3c, 0xe0, 0x9,
    0xf3, 0x7f, 0x44, 0xf7, 0x9, 0xf3, 0x7f, 0x50,
    0xbf, 0x18, 0xf3, 0x7f, 0x50, 0x3f, 0x98, 0xf3,
    0x7f, 0x50, 0xa, 0xf8, 0xf3, 0x7f, 0x50, 0x1,
    0xfe, 0xf3, 0x7f, 0x50, 0x0, 0x8f, 0xf3, 0x7f,
    0x50, 0x0, 0x1e, 0xf3,

    /* U+004F "O" */
    0x0, 0x5, 0xcf, 0xfc, 0x60, 0x0, 0x0, 0x8f,
    0xfa, 0xae, 0xf9, 0x0, 0x4, 0xfd, 0x10, 0x1,
    0xcf, 0x50, 0xb, 0xf4, 0x0, 0x0, 0x3f, 0xc0,
    0xf, 0xf0, 0x0, 0x0, 0xe, 0xf0, 0x1f, 0xd0,
    0x0, 0x0, 0xc, 0xf2, 0x1f, 0xd0, 0x0, 0x0,
    0xc, 0xf2, 0xf, 0xf0, 0x0, 0x0, 0xe, 0xf0,
    0xb, 0xf5, 0x0, 0x0, 0x3f, 0xc0, 0x4, 0xfe,
    0x20, 0x1, 0xdf, 0x50, 0x0, 0x8f, 0xfb, 0xaf,
    0xf9, 0x0, 0x0, 0x5, 0xcf, 0xfc, 0x50, 0x0,

    /* U+0050 "P" */
    0x7f, 0xff, 0xfe, 0x92, 0x7, 0xfb, 0x88, 0xbf,
    0xe1, 0x7f, 0x60, 0x0, 0x8f, 0x77, 0xf6, 0x0,
    0x3, 0xf9, 0x7f, 0x60, 0x0, 0x5f, 0x87, 0xf6,
    0x0, 0x4d, 0xf3, 0x7f, 0xff, 0xff, 0xf6, 0x7,
    0xfb, 0x87, 0x51, 0x0, 0x7f, 0x60, 0x0, 0x0,
    0x7, 0xf6, 0x0, 0x0, 0x0, 0x7f, 0x60, 0x0,
    0x0, 0x7, 0xf6, 0x0, 0x0, 0x0,

    /* U+0051 "Q" */
    0x0, 0x5, 0xcf, 0xfc, 0x60, 0x0, 0x0, 0x8f,
    0xfa, 0xae, 0xf9, 0x0, 0x4, 0xfd, 0x10, 0x1,
    0xcf, 0x50, 0xb, 0xf4, 0x0, 0x0, 0x3f, 0xc0,
    0xf, 0xf0, 0x0, 0x0, 0xe, 0xf0, 0x1f, 0xd0,
    0x0, 0x0, 0xc, 0xf2, 0x1f, 0xd0, 0x0, 0x0,
    0xc, 0xf2, 0xf, 0xf0, 0x0, 0x0, 0xe, 0xf0,
    0xb, 0xf4, 0x0, 0x0, 0x3f, 0xc0, 0x4, 0xfd,
    0x10, 0x0, 0xcf, 0x50, 0x0, 0x8f, 0xe9, 0x9e,
    0xf9, 0x0, 0x0, 0x5, 0xcf, 0xfd, 0x50, 0x0,
    0x0, 0x0, 0x8, 0xf9, 0x0, 0x0, 0x0, 0x0,
    0x0, 0xcf, 0xd9, 0x93, 0x0, 0x0, 0x0, 0x7,
    0xdf, 0xf5,

    /* U+0052 "R" */
    0x7f, 0xff, 0xfe, 0xa2, 0x0, 0x7f, 0xb8, 0x8a,
    0xff, 0x20, 0x7f, 0x60, 0x0, 0x6f, 0x80, 0x7f,
    0x60, 0x0, 0x3f, 0xa0, 0x7f, 0x60, 0x0, 0x5f,
    0x80, 0x7f, 0x72, 0x26, 0xef, 0x30, 0x7f, 0xff,
    0xff, 0xe5, 0x0, 0x7f, 0x95, 0xaf, 0x70, 0x0,
    0x7f, 0x60, 0x1e, 0xf1, 0x0, 0x7f, 0x60, 0x6,
    0xf9, 0x0, 0x7f, 0x60, 0x0, 0xdf, 0x30, 0x7f,
    0x60, 0x0, 0x4f, 0xc0,

    /* U+0053 "S" */
    0x0, 0x3b, 0xff, 0xc6, 0x0, 0x3, 0xff, 0xba,
    0xdf, 0x60, 0xa, 0xf5, 0x0, 0x6, 0x0, 0xb,
    0xf4, 0x0, 0x0, 0x0, 0x6, 0xfe, 0x60, 0x0,
    0x0, 0x0, 0x8f, 0xfe, 0x81, 0x0, 0x0, 0x2,
    0x9f, 0xff, 0x40, 0x0, 0x0, 0x0, 0x8f, 0xd0,
    0x0, 0x0, 0x0, 0xe, 0xf0, 0x9, 0x70, 0x0,
    0x2f, 0xe0, 0x1d, 0xfe, 0xaa, 0xff, 0x60, 0x0,
    0x7d, 0xff, 0xc5, 0x0,

    /* U+0054 "T" */
    0x8f, 0xff, 0xff, 0xff, 0xf4, 0x49, 0x99, 0xfe,
    0x99, 0x92, 0x0, 0x1, 0xfd, 0x0, 0x0, 0x0,
    0x1, 0xfd, 0x0, 0x0, 0x0, 0x1, 0xfd, 0x0,
    0x0, 0x0, 0x1, 0xfd, 0x0, 0x0, 0x0, 0x1,
    0xfd, 0x0, 0x0, 0x0, 0x1, 0xfd, 0x0, 0x0,
    0x0, 0x1, 0xfd, 0x0, 0x0, 0x0, 0x1, 0xfd,
    0x0, 0x0, 0x0, 0x1, 0xfd, 0x0, 0x0, 0x0,
    0x1, 0xfd, 0x0, 0x0,

    /* U+0055 "U" */
    0x8f, 0x50, 0x0, 0x8, 0xf3, 0x8f, 0x50, 0x0,
    0x8, 0xf3, 0x8f, 0x50, 0x0, 0x8, 0xf3, 0x8f,
    0x50, 0x0, 0x8, 0xf3, 0x8f, 0x50, 0x0, 0x8,
    0xf3, 0x8f, 0x50, 0x0, 0x8, 0xf3, 0x8f, 0x50,
    0x0, 0x8, 0xf3, 0x7f, 0x60, 0x0, 0x9, 0xf3,
    0x5f, 0x80, 0x0, 0xc, 0xf1, 0x1f, 0xe1, 0x0,
    0x4f, 0xc0, 0x8, 0xfe, 0xab, 0xff, 0x40, 0x0,
    0x6d, 0xff, 0xc4, 0x0,

    /* U+0056 "V" */
    0xe, 0xf1, 0x0, 0x0, 0x8f, 0x60, 0x9f, 0x50,
    0x0, 0xc, 0xf1, 0x4, 0xfa, 0x0, 0x1, 0xfc,
    0x0, 0xf, 0xe0, 0x0, 0x5f, 0x70, 0x0, 0xaf,
    0x30, 0x9, 0xf2, 0x0, 0x5, 0xf7, 0x0, 0xed,
    0x0, 0x0, 0xf, 0xc0, 0x2f, 0x80, 0x0, 0x0,
    0xbf, 0x7, 0xf3, 0x0, 0x0, 0x6, 0xf4, 0xbe,
    0x0, 0x0, 0x0, 0x1f, 0x9f, 0xa0, 0x0, 0x0,
    0x0, 0xcf, 0xf5, 0x0, 0x0, 0x0, 0x7, 0xff,
    0x0, 0x0,

    /* U+0057 "W" */
    0x8f, 0x50, 0x0, 0xbf, 0x20, 0x0, 0xfd, 0x5f,
    0x80, 0x0, 0xff, 0x60, 0x2, 0xfa, 0x2f, 0xb0,
    0x3, 0xff, 0xa0, 0x4, 0xf6, 0xe, 0xe0, 0x7,
    0xea, 0xe0, 0x7, 0xf3, 0xb, 0xf1, 0xb, 0xb7,
    0xf2, 0xa, 0xf0, 0x8, 0xf3, 0xf, 0x83, 0xf5,
    0xd, 0xd0, 0x5, 0xf6, 0x2f, 0x40, 0xf9, 0xf,
    0xa0, 0x2, 0xf9, 0x6f, 0x10, 0xcd, 0x2f, 0x70,
    0x0, 0xfc, 0x9d, 0x0, 0x8f, 0x5f, 0x40, 0x0,
    0xbe, 0xc9, 0x0, 0x4f, 0xbf, 0x10, 0x0, 0x8f,
    0xf5, 0x0, 0xf, 0xfe, 0x0, 0x0, 0x5f, 0xf2,
    0x0, 0xc, 0xfb, 0x0,

    /* U+0058 "X" */
    0x4f, 0xc0, 0x0, 0x2f, 0xc0, 0xb, 0xf4, 0x0,
    0x9f, 0x40, 0x2, 0xfc, 0x1, 0xfb, 0x0, 0x0,
    0xaf, 0x49, 0xf3, 0x0, 0x0, 0x1f, 0xdf, 0xa0,
    0x0, 0x0, 0x9, 0xff, 0x20, 0x0, 0x0, 0xc,
    0xff, 0x40, 0x0, 0x0, 0x4f, 0x8f, 0xc0, 0x0,
    0x0, 0xde, 0x9, 0xf5, 0x0, 0x6, 0xf7, 0x1,
    0xfe, 0x0, 0xe, 0xe0, 0x0, 0x8f, 0x70, 0x7f,
    0x70, 0x0, 0x1f, 0xf1,

    /* U+0059 "Y" */
    0xd, 0xf2, 0x0, 0x4, 0xfa, 0x5, 0xf9, 0x0,
    0xb, 0xf3, 0x0, 0xdf, 0x0, 0x2f, 0xb0, 0x0,
    0x6f, 0x60, 0x8f, 0x30, 0x0, 0xe, 0xd0, 0xec,
    0x0, 0x0, 0x7, 0xfa, 0xf4, 0x0, 0x0, 0x0,
    0xef, 0xc0, 0x0, 0x0, 0x0, 0x9f, 0x60, 0x0,
    0x0, 0x0, 0x8f, 0x50, 0x0, 0x0, 0x0, 0x8f,
    0x50, 0x0, 0x0, 0x0, 0x8f, 0x50, 0x0, 0x0,
    0x0, 0x8f, 0x50, 0x0,

    /* U+005A "Z" */
    0xb, 0xff, 0xff, 0xff, 0xf0, 0x6, 0x99, 0x99,
    0xcf, 0xa0, 0x0, 0x0, 0x0, 0xef, 0x10, 0x0,
    0x0, 0x9, 0xf6, 0x0, 0x0, 0x0, 0x3f, 0xc0,
    0x0, 0x0, 0x0, 0xdf, 0x30, 0x0, 0x0, 0x7,
    0xf8, 0x0, 0x0, 0x0, 0x2f, 0xd0, 0x0, 0x0,
    0x0, 0xbf, 0x40, 0x0, 0x0, 0x6, 0xfa, 0x0,
    0x0, 0x0, 0x1e, 0xfa, 0x99, 0x99, 0x90, 0x4f,
    0xff, 0xff, 0xff, 0xf0,

    /* U+005B "[" */
    0x5f, 0xff, 0x15, 0xf1, 0x0, 0x5f, 0x0, 0x5,
    0xf0, 0x0, 0x5f, 0x0, 0x5, 0xf0, 0x0, 0x5f,
    0x0, 0x5, 0xf0, 0x0, 0x5f, 0x0, 0x5, 0xf0,
    0x0, 0x5f, 0x0, 0x5, 0xf0, 0x0, 0x5f, 0x0,
    0x5, 0xf0, 0x0, 0x5f, 0xee, 0x0, 0x11, 0x10,

    /* U+005C "\\" */
    0x8b, 0x0, 0x0, 0x3, 0xf0, 0x0, 0x0, 0xe,
    0x50, 0x0, 0x0, 0xa9, 0x0, 0x0, 0x6, 0xe0,
    0x0, 0x0, 0x1f, 0x20, 0x0, 0x0, 0xc7, 0x0,
    0x0, 0x8, 0xb0, 0x0, 0x0, 0x3f, 0x0, 0x0,
    0x0, 0xe5, 0x0, 0x0, 0xa, 0x90, 0x0, 0x0,
    0x6e, 0x0, 0x0, 0x1, 0xf2, 0x0, 0x0, 0xc,
    0x70, 0x0, 0x0, 0x8b, 0x0, 0x0, 0x2, 0x70,

    /* U+005D "]" */
    0x5f, 0xff, 0x0, 0x5, 0xf0, 0x0, 0x5f, 0x0,
    0x5, 0xf0, 0x0, 0x5f, 0x0, 0x5, 0xf0, 0x0,
    0x5f, 0x0, 0x5, 0xf0, 0x0, 0x5f, 0x0, 0x5,
    0xf0, 0x0, 0x5f, 0x0, 0x5, 0xf0, 0x0, 0x5f,
    0x0, 0x5, 0xf0, 0x5e, 0xff, 0x0, 0x11, 0x10,

    /* U+005E "^" */
    0x0, 0x6f, 0x80, 0x0, 0x0, 0xcf, 0xe0, 0x0,
    0x3, 0xf5, 0xf5, 0x0, 0x9, 0xd0, 0xcb, 0x0,
    0xf, 0x80, 0x6f, 0x10, 0x6f, 0x20, 0x1f, 0x80,
    0xcc, 0x0, 0xa, 0xe0,

    /* U+005F "_" */
    0xcf, 0xff, 0xff, 0xff, 0xc1, 0x22, 0x22, 0x22,
    0x21,

    /* U+0060 "`" */
    0x0, 0x0, 0x7e, 0x10, 0x5f, 0xc0, 0x4, 0xfa,
    0x0, 0x44,

    /* U+0061 "a" */
    0x1, 0x7d, 0xfe, 0x90, 0x8, 0xfa, 0x8c, 0xf8,
    0x1, 0x10, 0x0, 0xfd, 0x0, 0x2, 0x69, 0xff,
    0x2, 0xcf, 0xc9, 0xef, 0xe, 0xe2, 0x0, 0xdf,
    0x1f, 0xb0, 0x1, 0xef, 0xe, 0xf9, 0x8e, 0xff,
    0x3, 0xdf, 0xd5, 0x9f,

    /* U+0062 "b" */
    0x9f, 0x30, 0x0, 0x0, 0x9, 0xf3, 0x0, 0x0,
    0x0, 0x9f, 0x30, 0x0, 0x0, 0x9, 0xf3, 0x0,
    0x0, 0x0, 0x9f, 0x5a, 0xfe, 0x80, 0x9, 0xff,
    0xb8, 0xdf, 0x90, 0x9f, 0x60, 0x1, 0xff, 0x9,
    0xf3, 0x0, 0xb, 0xf3, 0x9f, 0x30, 0x0, 0xaf,
    0x49, 0xf3, 0x0, 0xc, 0xf2, 0x9f, 0x40, 0x3,
    0xfe, 0x9, 0xff, 0xa9, 0xff, 0x50, 0x9e, 0x3c,
    0xfd, 0x50, 0x0,

    /* U+0063 "c" */
    0x0, 0x2b, 0xff, 0xb3, 0x3, 0xff, 0xa9, 0xe5,
    0xd, 0xf4, 0x0, 0x0, 0x2f, 0xc0, 0x0, 0x0,
    0x3f, 0xa0, 0x0, 0x0, 0x2f, 0xc0, 0x0, 0x0,
    0xd, 0xf4, 0x0, 0x0, 0x4, 0xff, 0xa9, 0xe9,
    0x0, 0x3c, 0xff, 0xb3,

    /* U+0064 "d" */
    0x0, 0x0, 0x0, 0x2f, 0xb0, 0x0, 0x0, 0x2,
    0xfb, 0x0, 0x0, 0x0, 0x2f, 0xb0, 0x0, 0x0,
    0x2, 0xfb, 0x0, 0x4c, 0xfd, 0x6f, 0xb0, 0x4f,
    0xf9, 0x9f, 0xfb, 0xd, 0xf4, 0x0, 0x3f, 0xb1,
    0xfd, 0x0, 0x2, 0xfb, 0x3f, 0xb0, 0x0, 0x2f,
    0xb2, 0xfc, 0x0, 0x2, 0xfb, 0xe, 0xf2, 0x0,
    0x4f, 0xb0, 0x6f, 0xe9, 0xaf, 0xfb, 0x0, 0x7e,
    0xfc, 0x3d, 0xb0,

    /* U+0065 "e" */
    0x0, 0x3b, 0xfe, 0x90, 0x0, 0x3f, 0xe8, 0x9f,
    0xa0, 0xd, 0xf1, 0x0, 0x8f, 0x22, 0xfa, 0x0,
    0x4, 0xf5, 0x3f, 0xff, 0xff, 0xff, 0x62, 0xfb,
    0x33, 0x33, 0x31, 0xd, 0xf2, 0x0, 0x0, 0x0,
    0x4f, 0xe8, 0x7a, 0xa0, 0x0, 0x3b, 0xff, 0xc5,
    0x0,

    /* U+0066 "f" */
    0x0, 0x4d, 0xfd, 0x0, 0xf, 0xf8, 0x60, 0x4,
    0xf9, 0x0, 0x0, 0x4f, 0x80, 0x0, 0x7f, 0xff,
    0xf5, 0x3, 0xaf, 0xc7, 0x20, 0x4, 0xf8, 0x0,
    0x0, 0x4f, 0x80, 0x0, 0x4, 0xf8, 0x0, 0x0,
    0x4f, 0x80, 0x0, 0x4, 0xf8, 0x0, 0x0, 0x4f,
    0x80, 0x0, 0x4, 0xf8, 0x0, 0x0,

    /* U+0067 "g" */
    0x0, 0x7d, 0xff, 0xff, 0xd0, 0x7, 0xfa, 0x5b,
    0xfb, 0x80, 0xd, 0xe0, 0x0, 0xfa, 0x0, 0xe,
    0xd0, 0x0, 0xeb, 0x0, 0x8, 0xf6, 0x7, 0xf7,
    0x0, 0x1, 0xff, 0xff, 0x90, 0x0, 0x9, 0xd0,
    0x21, 0x0, 0x0, 0xa, 0xf8, 0x77, 0x63, 0x0,
    0x3, 0xff, 0xff, 0xff, 0x90, 0xe, 0x90, 0x0,
    0x2e, 0xf0, 0x3f, 0x60, 0x0, 0xe, 0xe0, 0x1e,
    0xe6, 0x35, 0xcf, 0x50, 0x2, 0xbe, 0xfe, 0xa3,
    0x0,

    /* U+0068 "h" */
    0x9f, 0x30, 0x0, 0x0, 0x9f, 0x30, 0x0, 0x0,
    0x9f, 0x30, 0x0, 0x0, 0x9f, 0x30, 0x0, 0x0,
    0x9f, 0x49, 0xff, 0x90, 0x9f, 0xed, 0xae, 0xf5,
    0x9f, 0x80, 0x5, 0xfa, 0x9f, 0x30, 0x2, 0xfb,
    0x9f, 0x30, 0x2, 0xfb, 0x9f, 0x30, 0x2, 0xfb,
    0x9f, 0x30, 0x2, 0xfb, 0x9f, 0x30, 0x2, 0xfb,
    0x9f, 0x30, 0x2, 0xfb,

    /* U+0069 "i" */
    0x9f, 0x3b, 0xf5, 0x2, 0x0, 0x0, 0x9f, 0x39,
    0xf3, 0x9f, 0x39, 0xf3, 0x9f, 0x39, 0xf3, 0x9f,
    0x39, 0xf3, 0x9f, 0x30,

    /* U+006A "j" */
    0x0, 0x9f, 0x30, 0xb, 0xf5, 0x0, 0x2, 0x0,
    0x0, 0x0, 0x0, 0x9f, 0x40, 0x9, 0xf4, 0x0,
    0x9f, 0x40, 0x9, 0xf4, 0x0, 0x9f, 0x40, 0x9,
    0xf4, 0x0, 0x9f, 0x40, 0x9, 0xf4, 0x0, 0x9f,
    0x40, 0x9, 0xf4, 0x0, 0xaf, 0x34, 0x8f, 0xe0,
    0x9f, 0xd4, 0x0,

    /* U+006B "k" */
    0x9f, 0x30, 0x0, 0x0, 0x9, 0xf3, 0x0, 0x0,
    0x0, 0x9f, 0x30, 0x0, 0x0, 0x9, 0xf3, 0x0,
    0x0, 0x0, 0x9f, 0x30, 0xb, 0xf5, 0x9, 0xf3,
    0x8, 0xf8, 0x0, 0x9f, 0x34, 0xfb, 0x0, 0x9,
    0xf5, 0xee, 0x0, 0x0, 0x9f, 0xef, 0xf4, 0x0,
    0x9, 0xff, 0x4e, 0xd0, 0x0, 0x9f, 0x60, 0x6f,
    0x80, 0x9, 0xf3, 0x0, 0xcf, 0x20, 0x9f, 0x30,
    0x3, 0xfb, 0x0,

    /* U+006C "l" */
    0x9f, 0x30, 0x9f, 0x30, 0x9f, 0x30, 0x9f, 0x30,
    0x9f, 0x30, 0x9f, 0x30, 0x9f, 0x30, 0x9f, 0x30,
    0x9f, 0x30, 0x9f, 0x30, 0x9f, 0x30, 0x8f, 0xb0,
    0x2d, 0xf1,

    /* U+006D "m" */
    0x9f, 0x2b, 0xfe, 0x70, 0x8e, 0xfa, 0x9, 0xff,
    0x97, 0xef, 0xdb, 0x6c, 0xf7, 0x9f, 0x60, 0x7,
    0xfa, 0x0, 0x2f, 0xb9, 0xf3, 0x0, 0x5f, 0x80,
    0x0, 0xfc, 0x9f, 0x30, 0x5, 0xf8, 0x0, 0xf,
    0xd9, 0xf3, 0x0, 0x5f, 0x80, 0x0, 0xfd, 0x9f,
    0x30, 0x5, 0xf8, 0x0, 0xf, 0xd9, 0xf3, 0x0,
    0x5f, 0x80, 0x0, 0xfd, 0x9f, 0x30, 0x5, 0xf8,
    0x0, 0xf, 0xd0,

    /* U+006E "n" */
    0x9f, 0x2a, 0xff, 0x90, 0x9f, 0xf9, 0x6d, 0xf5,
    0x9f, 0x60, 0x4, 0xfa, 0x9f, 0x30, 0x2, 0xfb,
    0x9f, 0x30, 0x2, 0xfb, 0x9f, 0x30, 0x2, 0xfb,
    0x9f, 0x30, 0x2, 0xfb, 0x9f, 0x30, 0x2, 0xfb,
    0x9f, 0x30, 0x2, 0xfb,

    /* U+006F "o" */
    0x0, 0x3b, 0xff, 0xa2, 0x0, 0x4, 0xff, 0x99,
    0xfe, 0x20, 0xd, 0xf3, 0x0, 0x5f, 0xa0, 0x2f,
    0xc0, 0x0, 0xf, 0xf0, 0x3f, 0xa0, 0x0, 0xd,
    0xf0, 0x2f, 0xc0, 0x0, 0xe, 0xf0, 0xd, 0xf3,
    0x0, 0x5f, 0xa0, 0x4, 0xff, 0x9a, 0xfe, 0x20,
    0x0, 0x3b, 0xff, 0xa2, 0x0,

    /* U+0070 "p" */
    0x9f, 0x4b, 0xfe, 0x80, 0x9, 0xff, 0x85, 0xbf,
    0x90, 0x9f, 0x50, 0x0, 0xef, 0x9, 0xf3, 0x0,
    0xa, 0xf3, 0x9f, 0x30, 0x0, 0xaf, 0x49, 0xf3,
    0x0, 0xc, 0xf2, 0x9f, 0x40, 0x3, 0xfe, 0x9,
    0xff, 0xa9, 0xff, 0x50, 0x9f, 0x7c, 0xfd, 0x50,
    0x9, 0xf3, 0x0, 0x0, 0x0, 0x9f, 0x30, 0x0,
    0x0, 0x9, 0xf3, 0x0, 0x0, 0x0, 0x9f, 0x30,
    0x0, 0x0, 0x0,

    /* U+0071 "q" */
    0x0, 0x4c, 0xfd, 0x5d, 0xb0, 0x4f, 0xf9, 0x9f,
    0xfb, 0xd, 0xf4, 0x0, 0x3f, 0xb1, 0xfd, 0x0,
    0x2, 0xfb, 0x3f, 0xb0, 0x0, 0x2f, 0xb2, 0xfc,
    0x0, 0x2, 0xfb, 0xe, 0xf2, 0x0, 0x4f, 0xb0,
    0x6f, 0xe9, 0xaf, 0xfb, 0x0, 0x7e, 0xfc, 0x5f,
    0xb0, 0x0, 0x0, 0x2, 0xfb, 0x0, 0x0, 0x0,
    0x2f, 0xb0, 0x0, 0x0, 0x2, 0xfb, 0x0, 0x0,
    0x0, 0x2f, 0xb0,

    /* U+0072 "r" */
    0x0, 0x0, 0x0, 0x9f, 0x1b, 0xf7, 0x9f, 0xdb,
    0x72, 0x9f, 0xb0, 0x0, 0x9f, 0x40, 0x0, 0x9f,
    0x30, 0x0, 0x9f, 0x30, 0x0, 0x9f, 0x30, 0x0,
    0x9f, 0x30, 0x0, 0x9f, 0x30, 0x0,

    /* U+0073 "s" */
    0x1, 0xaf, 0xfc, 0x40, 0xc, 0xf8, 0x7c, 0x90,
    0xf, 0xc0, 0x0, 0x0, 0xc, 0xfa, 0x30, 0x0,
    0x0, 0x9f, 0xfc, 0x20, 0x0, 0x0, 0x7f, 0xe0,
    0x2, 0x0, 0xa, 0xf1, 0x4f, 0xb7, 0x8f, 0xd0,
    0x6, 0xcf, 0xfa, 0x10,

    /* U+0074 "t" */
    0x0, 0x84, 0x0, 0x0, 0x1f, 0x80, 0x0, 0x2,
    0xf8, 0x0, 0x8, 0xff, 0xff, 0xd0, 0x4a, 0xfc,
    0x76, 0x0, 0x5f, 0x80, 0x0, 0x5, 0xf8, 0x0,
    0x0, 0x5f, 0x80, 0x0, 0x5, 0xf8, 0x0, 0x0,
    0x4f, 0x90, 0x0, 0x1, 0xff, 0x87, 0x0, 0x5,
    0xef, 0xd0,

    /* U+0075 "u" */
    0xbf, 0x20, 0x4, 0xf9, 0xbf, 0x20, 0x4, 0xf9,
    0xbf, 0x20, 0x4, 0xf9, 0xbf, 0x20, 0x4, 0xf9,
    0xbf, 0x20, 0x4, 0xf9, 0xbf, 0x20, 0x4, 0xf9,
    0xaf, 0x40, 0xa, 0xf9, 0x6f, 0xe9, 0xdd, 0xf9,
    0x9, 0xff, 0x90, 0xf9,

    /* U+0076 "v" */
    0x9f, 0x30, 0x0, 0x7f, 0x54, 0xf8, 0x0, 0xc,
    0xf0, 0xe, 0xd0, 0x1, 0xfa, 0x0, 0x9f, 0x20,
    0x6f, 0x50, 0x3, 0xf7, 0xa, 0xf0, 0x0, 0xe,
    0xc0, 0xfa, 0x0, 0x0, 0x8f, 0x5f, 0x50, 0x0,
    0x3, 0xfe, 0xf0, 0x0, 0x0, 0xd, 0xfa, 0x0,
    0x0,

    /* U+0077 "w" */
    0x6f, 0x60, 0x4, 0xfa, 0x0, 0xf, 0xb2, 0xfa,
    0x0, 0x9f, 0xe0, 0x4, 0xf7, 0xe, 0xe0, 0xd,
    0xbf, 0x20, 0x7f, 0x30, 0xaf, 0x21, 0xf4, 0xf6,
    0xb, 0xe0, 0x6, 0xf5, 0x5f, 0xc, 0xb0, 0xfb,
    0x0, 0x2f, 0x99, 0xc0, 0x8e, 0x2f, 0x70, 0x0,
    0xdc, 0xc8, 0x4, 0xf8, 0xf2, 0x0, 0x9, 0xff,
    0x50, 0xf, 0xee, 0x0, 0x0, 0x5f, 0xf1, 0x0,
    0xcf, 0xa0, 0x0,

    /* U+0078 "x" */
    0x3f, 0xb0, 0x3, 0xfa, 0x0, 0xaf, 0x40, 0xbf,
    0x20, 0x1, 0xed, 0x4f, 0x80, 0x0, 0x6, 0xfe,
    0xe0, 0x0, 0x0, 0x1f, 0xf7, 0x0, 0x0, 0xa,
    0xfe, 0xe0, 0x0, 0x3, 0xf8, 0x4f, 0x90, 0x0,
    0xde, 0x0, 0xbf, 0x30, 0x7f, 0x70, 0x2, 0xfd,
    0x0,

    /* U+0079 "y" */
    0x9f, 0x40, 0x0, 0x6f, 0x53, 0xf9, 0x0, 0xb,
    0xf0, 0xd, 0xe0, 0x0, 0xfa, 0x0, 0x7f, 0x40,
    0x5f, 0x50, 0x1, 0xfa, 0xa, 0xf0, 0x0, 0xa,
    0xf0, 0xea, 0x0, 0x0, 0x4f, 0x7f, 0x50, 0x0,
    0x0, 0xef, 0xf0, 0x0, 0x0, 0x8, 0xfa, 0x0,
    0x0, 0x0, 0x6f, 0x50, 0x0, 0x0, 0xc, 0xe0,
    0x0, 0x0, 0x8b, 0xf6, 0x0, 0x0, 0x3f, 0xe7,
    0x0, 0x0, 0x0,

    /* U+007A "z" */
    0xe, 0xff, 0xff, 0xf4, 0x7, 0x77, 0x9f, 0xd0,
    0x0, 0x0, 0xbf, 0x30, 0x0, 0x6, 0xf9, 0x0,
    0x0, 0x2f, 0xd0, 0x0, 0x0, 0xbf, 0x40, 0x0,
    0x6, 0xf9, 0x0, 0x0, 0x1f, 0xf8, 0x77, 0x73,
    0x6f, 0xff, 0xff, 0xf6,

    /* U+007B "{" */
    0x0, 0x6e, 0xf1, 0x0, 0xeb, 0x0, 0x0, 0xf7,
    0x0, 0x0, 0xf8, 0x0, 0x0, 0xe8, 0x0, 0x0,
    0xe8, 0x0, 0x3, 0xf7, 0x0, 0x6f, 0xd0, 0x0,
    0x16, 0xf6, 0x0, 0x0, 0xe8, 0x0, 0x0, 0xe8,
    0x0, 0x0, 0xf8, 0x0, 0x0, 0xf7, 0x0, 0x0,
    0xfa, 0x0, 0x0, 0x8f, 0xe0, 0x0, 0x0, 0x10,

    /* U+007C "|" */
    0x6e, 0x6e, 0x6e, 0x6e, 0x6e, 0x6e, 0x6e, 0x6e,
    0x6e, 0x6e, 0x6e, 0x6e, 0x6e, 0x6e, 0x6e, 0x6e,
    0x6e, 0x6e,

    /* U+007D "}" */
    0x5f, 0xd3, 0x0, 0x1, 0xea, 0x0, 0x0, 0xcb,
    0x0, 0x0, 0xda, 0x0, 0x0, 0xd9, 0x0, 0x0,
    0xd8, 0x0, 0x0, 0xcd, 0x10, 0x0, 0x3f, 0xf1,
    0x0, 0xbe, 0x40, 0x0, 0xd9, 0x0, 0x0, 0xd9,
    0x0, 0x0, 0xda, 0x0, 0x0, 0xcb, 0x0, 0x0,
    0xea, 0x0, 0x5f, 0xe4, 0x0, 0x1, 0x0, 0x0,

    /* U+007E "~" */
    0x0, 0x0, 0x0, 0x0, 0x0, 0x9f, 0xfb, 0x42,
    0x92, 0x19, 0x11, 0xaf, 0xfc, 0x10, 0x0, 0x0,
    0x23, 0x0,

    /* U+00B0 "°" */
    0x5, 0xde, 0x70, 0x1f, 0x21, 0xd3, 0x4c, 0x0,
    0x96, 0x1f, 0x31, 0xd3, 0x5, 0xee, 0x70,

    /* U+00B7 "·" */
    0x28, 0x3a, 0xfc, 0x6f, 0x70,

    /* U+00D7 "×" */
    0x0, 0x0, 0x0, 0x0, 0x0, 0x0, 0xd, 0x70,
    0x0, 0x0, 0x7, 0xd0, 0x6, 0xf7, 0x0, 0x0,
    0x7f, 0x70, 0x0, 0x6f, 0x70, 0x7, 0xf6, 0x0,
    0x0, 0x6, 0xf7, 0x7f, 0x60, 0x0, 0x0, 0x0,
    0x6f, 0xf6, 0x0, 0x0, 0x0, 0x0, 0x7f, 0xf7,
    0x0, 0x0, 0x0, 0x7, 0xf6, 0x6f, 0x70, 0x0,
    0x0, 0x7f, 0x60, 0x6, 0xf7, 0x0, 0x7, 0xf6,
    0x0, 0x0, 0x6f, 0x70, 0xd, 0x60, 0x0, 0x0,
    0x6, 0xd0, 0x0, 0x0, 0x0, 0x0, 0x0, 0x0,

    /* U+00F7 "÷" */
    0x0, 0x0, 0x5, 0x50, 0x0, 0x0, 0x0, 0x0,
    0x3f, 0xf3, 0x0, 0x0, 0x0, 0x0, 0x1d, 0xd1,
    0x0, 0x0, 0x0, 0x0, 0x0, 0x0, 0x0, 0x0,
    0x1, 0x11, 0x11, 0x11, 0x11, 0x10, 0xcf, 0xff,
    0xff, 0xff, 0xff, 0xfc, 0x34, 0x44, 0x44, 0x44,
    0x44, 0x43, 0x0, 0x0, 0x0, 0x0, 0x0, 0x0,
    0x0, 0x0, 0x5, 0x50, 0x0, 0x0, 0x0, 0x0,
    0x3f, 0xf3, 0x0, 0x0, 0x0, 0x0, 0x1d, 0xd1,
    0x0, 0x0,

    /* U+2013 "–" */
    0x0, 0x0, 0x0, 0x0, 0x4f, 0xff, 0xff, 0xfe,
    0x3, 0x33, 0x33, 0x32,

    /* U+2026 "…" */
    0x4, 0x10, 0x0, 0x22, 0x0, 0x1, 0x40, 0x6f,
    0xb0, 0x1, 0xff, 0x10, 0xb, 0xf6, 0x3f, 0x80,
    0x0, 0xdd, 0x0, 0x8, 0xf3,

    /* U+2191 "↑" */
    0x0, 0x5, 0x10, 0x0, 0x0, 0x3f, 0xb0, 0x0,
    0x2, 0xef, 0xf9, 0x0, 0x2e, 0xce, 0xbf, 0x90,
    0xcc, 0x1e, 0x75, 0xf5, 0x30, 0xe, 0x70, 0x30,
    0x0, 0xe, 0x70, 0x0, 0x0, 0xe, 0x70, 0x0,
    0x0, 0xe, 0x70, 0x0, 0x0, 0xe, 0x70, 0x0,
    0x0, 0xe, 0x70, 0x0, 0x0, 0xe, 0x70, 0x0,
    0x0, 0xe, 0x70, 0x0, 0x0, 0xe, 0x70, 0x0,
    0x0, 0xe, 0x70, 0x0,

    /* U+2193 "↓" */
    0x0, 0xe, 0x70, 0x0, 0x0, 0xe, 0x70, 0x0,
    0x0, 0xe, 0x70, 0x0, 0x0, 0xe, 0x70, 0x0,
    0x0, 0xe, 0x70, 0x0, 0x0, 0xe, 0x70, 0x0,
    0x0, 0xe, 0x70, 0x0, 0x0, 0xe, 0x70, 0x0,
    0x0, 0xe, 0x70, 0x0, 0x30, 0xe, 0x70, 0x30,
    0xcc, 0x1e, 0x75, 0xf5, 0x2e, 0xce, 0xbf, 0x90,
    0x2, 0xef, 0xf9, 0x0, 0x0, 0x3f, 0xb0, 0x0,
    0x0, 0x5, 0x10, 0x0,

    /* U+221E "∞" */
    0x0, 0x4, 0x30, 0x0, 0x0, 0x3, 0x40, 0x0,
    0x6, 0xff, 0xfe, 0x60, 0x6, 0xef, 0xff, 0x60,
    0x2f, 0x81, 0x18, 0xf9, 0x9f, 0x81, 0x18, 0xf2,
    0x7e, 0x0, 0x0, 0x4f, 0xf4, 0x0, 0x0, 0xe7,
    0x6e, 0x0, 0x0, 0x5f, 0xf5, 0x0, 0x0, 0xe6,
    0x2f, 0x92, 0x29, 0xf8, 0x8f, 0x92, 0x29, 0xf2,
    0x5, 0xef, 0xfe, 0x50, 0x5, 0xef, 0xfe, 0x50,
    0x0, 0x3, 0x20, 0x0, 0x0, 0x2, 0x30, 0x0,

    /* U+3000 "　" */

    /* U+3001 "、" */
    0x4, 0x50, 0x0, 0xe, 0xf6, 0x0, 0x2, 0xef,
    0x60, 0x0, 0x2e, 0xf4, 0x0, 0x3, 0xb1,

    /* U+3002 "。" */
    0x3, 0xce, 0x90, 0xe, 0x41, 0xa8, 0x3c, 0x0,
    0x3b, 0xe, 0x30, 0x98, 0x4, 0xdf, 0xa0,

    /* U+300C "「" */
    0x9f, 0xff, 0xf9, 0x9f, 0x66, 0x63, 0x9e, 0x0,
    0x0, 0x9e, 0x0, 0x0, 0x9e, 0x0, 0x0, 0x9e,
    0x0, 0x0, 0x9e, 0x0, 0x0, 0x9e, 0x0, 0x0,
    0x9e, 0x0, 0x0, 0x9e, 0x0, 0x0, 0x24, 0x0,
    0x0,

    /* U+300D "」" */
    0x0, 0x0, 0x42, 0x0, 0x0, 0xe9, 0x0, 0x0,
    0xe9, 0x0, 0x0, 0xe9, 0x0, 0x0, 0xe9, 0x0,
    0x0, 0xe9, 0x0, 0x0, 0xe9, 0x0, 0x0, 0xe9,
    0x0, 0x0, 0xe9, 0x36, 0x66, 0xf9, 0x9f, 0xff,
    0xf9,

    /* U+3044 "い" */
    0x6, 0x40, 0x0, 0x0, 0x0, 0x0, 0x0, 0xf,
    0xb0, 0x0, 0x0, 0x3, 0xc5, 0x0, 0xf, 0xa0,
    0x0, 0x0, 0x0, 0xee, 0x0, 0xf, 0xa0, 0x0,
    0x0, 0x0, 0x6f, 0x60, 0xf, 0xb0, 0x0, 0x0,
    0x0, 0xf, 0xc0, 0xe, 0xc0, 0x0, 0x0, 0x0,
    0xa, 0xf2, 0xd, 0xd0, 0x0, 0x0, 0x0, 0x5,
    0xf6, 0xa, 0xf0, 0x0, 0x72, 0x0, 0x1, 0xfa,
    0x7, 0xf4, 0x0, 0xeb, 0x0, 0x0, 0xec, 0x2,
    0xfb, 0x6, 0xf7, 0x0, 0x0, 0x84, 0x0, 0xbf,
    0xef, 0xe0, 0x0, 0x0, 0x0, 0x0, 0x1c, 0xfe,
    0x30, 0x0, 0x0, 0x0, 0x0, 0x0, 0x10, 0x0,
    0x0, 0x0, 0x0,

    /* U+304B "か" */
    0x0, 0x0, 0x89, 0x10, 0x0, 0x0, 0x0, 0x0,
    0x0, 0xc, 0xf0, 0x0, 0x0, 0x0, 0x0, 0x0,
    0x0, 0xdc, 0x0, 0x0, 0x5c, 0x10, 0x1, 0x22,
    0x4f, 0xc7, 0x74, 0x4, 0xf9, 0x0, 0xdf, 0xff,
    0xff, 0xef, 0xf6, 0xa, 0xf1, 0x6, 0x64, 0xaf,
    0x10, 0x1e, 0xc0, 0x3f, 0x90, 0x0, 0xc, 0xd0,
    0x0, 0xad, 0x0, 0xcf, 0x0, 0x2, 0xf8, 0x0,
    0xb, 0xd0, 0x6, 0xf6, 0x0, 0x7f, 0x30, 0x0,
    0xcc, 0x0, 0x16, 0x0, 0xd, 0xd0, 0x0, 0xe,
    0xa0, 0x0, 0x0, 0x5, 0xf7, 0x0, 0x2, 0xf8,
    0x0, 0x0, 0x0, 0xdf, 0x12, 0x11, 0x9f, 0x30,
    0x0, 0x0, 0x6f, 0x80, 0x8f, 0xff, 0xc0, 0x0,
    0x0, 0x1, 0x70, 0x2, 0x78, 0x60, 0x0, 0x0,
    0x0,

    /* U+304C "が" */
    0x0, 0x0, 0x0, 0x0, 0x0, 0x0, 0x4, 0x50,
    0x0, 0x0, 0x8, 0x80, 0x0, 0x4, 0xc4, 0xf1,
    0x0, 0x0, 0xe, 0xc0, 0x0, 0x0, 0xd6, 0x95,
    0x0, 0x0, 0xf, 0x90, 0x0, 0x4, 0xb4, 0x0,
    0x0, 0x11, 0x5f, 0xa6, 0x62, 0x9, 0xf4, 0x0,
    0xf, 0xff, 0xff, 0xff, 0xff, 0x30, 0xed, 0x0,
    0x9, 0x75, 0xcf, 0x0, 0x3f, 0xa0, 0x7f, 0x50,
    0x0, 0x0, 0xea, 0x0, 0xd, 0xb0, 0xf, 0xc0,
    0x0, 0x4, 0xf6, 0x0, 0xd, 0xb0, 0x9, 0xf3,
    0x0, 0x9, 0xf1, 0x0, 0xf, 0xa0, 0x3, 0x70,
    0x0, 0xf, 0xb0, 0x0, 0x1f, 0x80, 0x0, 0x0,
    0x0, 0x7f, 0x40, 0x0, 0x4f, 0x50, 0x0, 0x0,
    0x0, 0xed, 0x2, 0x0, 0xbf, 0x10, 0x0, 0x0,
    0x8, 0xf6, 0xb, 0xff, 0xfa, 0x0, 0x0, 0x0,
    0x3, 0x80, 0x4, 0x9a, 0x70, 0x0, 0x0, 0x0,

    /* U+304D "き" */
    0x0, 0x0, 0x6, 0xd2, 0x0, 0x0, 0x1, 0x0,
    0x3, 0xf6, 0x47, 0x80, 0x3f, 0xff, 0xff, 0xff,
    0xff, 0xa0, 0x5, 0x66, 0x76, 0xce, 0x20, 0x0,
    0x0, 0x0, 0x0, 0x5f, 0x30, 0x34, 0x5a, 0x98,
    0x88, 0x9f, 0xef, 0xfb, 0x5d, 0xee, 0xee, 0xdd,
    0xf9, 0x52, 0x0, 0x0, 0x0, 0x1, 0xf9, 0x0,
    0x3, 0x40, 0x0, 0x35, 0xbf, 0x30, 0xd, 0xb0,
    0x0, 0x8e, 0xff, 0x60, 0x1f, 0x70, 0x0, 0x0,
    0x2, 0x0, 0xf, 0xc0, 0x0, 0x0, 0x0, 0x0,
    0x9, 0xfe, 0xa9, 0x89, 0xba, 0x0, 0x0, 0x6b,
    0xef, 0xff, 0xd9, 0x0,

    /* U+304F "く" */
    0x0, 0x0, 0x0, 0x0, 0x0, 0x0, 0x0, 0x0,
    0x6, 0x80, 0x0, 0x0, 0x0, 0x6f, 0xf2, 0x0,
    0x0, 0x8, 0xfd, 0x20, 0x0, 0x0, 0xaf, 0xb1,
    0x0, 0x0, 0x1c, 0xf8, 0x0, 0x0, 0x2, 0xef,
    0x50, 0x0, 0x0, 0xc, 0xf5, 0x0, 0x0, 0x0,
    0xa, 0xfa, 0x0, 0x0, 0x0, 0x0, 0xbf, 0xb1,
    0x0, 0x0, 0x0, 0x9, 0xfd, 0x20, 0x0, 0x0,
    0x0, 0x7f, 0xf4, 0x0, 0x0, 0x0, 0x5, 0xff,
    0x60, 0x0, 0x0, 0x0, 0x4f, 0xf6, 0x0, 0x0,
    0x0, 0x4, 0xe2, 0x0, 0x0, 0x0, 0x0, 0x0,

    /* U+3054 "ご" */
    0x0, 0x0, 0x0, 0x0, 0x0, 0x3, 0x50, 0x0,
    0x0, 0x0, 0x0, 0x4, 0xb4, 0xf1, 0x2, 0x21,
    0x0, 0x11, 0x23, 0xe6, 0x95, 0xa, 0xff, 0xff,
    0xff, 0xff, 0x55, 0x0, 0x4, 0x88, 0x99, 0x99,
    0x87, 0x0, 0x0, 0x0, 0x0, 0x0, 0x0, 0x0,
    0x0, 0x0, 0x0, 0x0, 0x0, 0x0, 0x0, 0x0,
    0x0, 0x0, 0x0, 0x0, 0x0, 0x0, 0x0, 0x0,
    0x0, 0x0, 0x0, 0x0, 0x0, 0x0, 0x0, 0x5b,
    0x20, 0x0, 0x0, 0x0, 0x0, 0x0, 0xaf, 0x0,
    0x0, 0x0, 0x0, 0x0, 0x0, 0xbf, 0x10, 0x0,
    0x0, 0x0, 0x0, 0x0, 0x8f, 0xc4, 0x0, 0x0,
    0x24, 0x70, 0x0, 0xb, 0xff, 0xff, 0xff, 0xff,
    0xf1, 0x0, 0x0, 0x38, 0xab, 0xba, 0x96, 0x40,
    0x0,

    /* U+3055 "さ" */
    0x0, 0x0, 0x0, 0xc8, 0x0, 0x0, 0x0, 0x0,
    0x0, 0xcd, 0x0, 0x0, 0x23, 0x21, 0x11, 0x8f,
    0x68, 0xbb, 0x9f, 0xff, 0xff, 0xff, 0xff, 0xd9,
    0x25, 0x67, 0x76, 0x6c, 0xe1, 0x0, 0x0, 0x0,
    0x0, 0x3, 0xf6, 0x0, 0x0, 0x0, 0x0, 0x0,
    0xbe, 0x10, 0x3, 0x40, 0x0, 0x57, 0x8f, 0xb0,
    0xc, 0xd0, 0x0, 0x7d, 0xff, 0xd0, 0x1f, 0x80,
    0x0, 0x0, 0x1, 0x10, 0x2f, 0x80, 0x0, 0x0,
    0x0, 0x0, 0xe, 0xf5, 0x0, 0x0, 0x1, 0x0,
    0x4, 0xef, 0xfe, 0xde, 0xff, 0x30, 0x0, 0x6,
    0x9b, 0xba, 0x97, 0x10,

    /* U+3057 "し" */
    0x0, 0x0, 0x0, 0x0, 0x0, 0x0, 0x1f, 0xc0,
    0x0, 0x0, 0x0, 0x0, 0xf, 0xb0, 0x0, 0x0,
    0x0, 0x0, 0xf, 0xa0, 0x0, 0x0, 0x0, 0x0,
    0xf, 0xa0, 0x0, 0x0, 0x0, 0x0, 0xf, 0x90,
    0x0, 0x0, 0x0, 0x0, 0x1f, 0x90, 0x0, 0x0,
    0x0, 0x0, 0x1f, 0x80, 0x0, 0x0, 0x0, 0x0,
    0x2f, 0x80, 0x0, 0x0, 0x0, 0x0, 0x2f, 0x80,
    0x0, 0x0, 0x0, 0x0, 0x2f, 0x80, 0x0, 0x0,
    0x0, 0xc1, 0x2f, 0x80, 0x0, 0x0, 0xb, 0xf7,
    0xf, 0xe1, 0x0, 0x4, 0xcf, 0xb0, 0x8, 0xff,
    0xbb, 0xdf, 0xf9, 0x0, 0x0, 0x7d, 0xff, 0xd9,
    0x20, 0x0,

    /* U+3058 "じ" */
    0x58, 0x20, 0x0, 0x0, 0x0, 0x0, 0x9f, 0x30,
    0x0, 0x12, 0xd2, 0x0, 0x8f, 0x20, 0x3, 0xf2,
    0xac, 0x0, 0x8f, 0x20, 0x0, 0xbb, 0x1d, 0x10,
    0x9f, 0x10, 0x0, 0x3a, 0x0, 0x0, 0x9f, 0x10,
    0x0, 0x0, 0x0, 0x0, 0x9f, 0x0, 0x0, 0x0,
    0x0, 0x0, 0xaf, 0x0, 0x0, 0x0, 0x0, 0x0,
    0xaf, 0x0, 0x0, 0x0, 0x0, 0x0, 0xaf, 0x0,
    0x0, 0x0, 0x5, 0x70, 0xaf, 0x0, 0x0, 0x0,
    0x4f, 0xe0, 0x8f, 0x70, 0x0, 0x18, 0xff, 0x40,
    0x2f, 0xfd, 0xbc, 0xff, 0xd3, 0x0, 0x3, 0xbe,
    0xfe, 0xb6, 0x0, 0x0,

    /* U+3059 "す" */
    0x0, 0x0, 0x0, 0x0, 0x10, 0x0, 0x0, 0x0,
    0x0, 0x0, 0x9, 0xf1, 0x0, 0x0, 0x0, 0x0,
    0x0, 0x8, 0xf1, 0x0, 0x0, 0x37, 0x77, 0x88,
    0x8c, 0xf9, 0x99, 0x97, 0x8f, 0xff, 0xee, 0xde,
    0xfd, 0xdd, 0xec, 0x0, 0x0, 0x0, 0x18, 0xf0,
    0x0, 0x0, 0x0, 0x0, 0x3d, 0xff, 0xf1, 0x0,
    0x0, 0x0, 0x0, 0xec, 0x49, 0xf4, 0x0, 0x0,
    0x0, 0x4, 0xf4, 0x1, 0xf8, 0x0, 0x0, 0x0,
    0x2, 0xf7, 0x5, 0xf9, 0x0, 0x0, 0x0, 0x0,
    0xbf, 0xef, 0xf7, 0x0, 0x0, 0x0, 0x0, 0x5,
    0x8e, 0xf2, 0x0, 0x0, 0x0, 0x0, 0x1, 0xaf,
    0x90, 0x0, 0x0, 0x0, 0x3, 0xaf, 0xf9, 0x0,
    0x0, 0x0, 0x0, 0x0, 0xbb, 0x40, 0x0, 0x0,
    0x0,

    /* U+305B "せ" */
    0x0, 0x0, 0x0, 0x0, 0x0, 0x47, 0x0, 0x0,
    0x0, 0xe, 0x90, 0x0, 0x9, 0xf0, 0x0, 0x0,
    0x0, 0xf9, 0x0, 0x0, 0x8f, 0x0, 0x0, 0x0,
    0xf, 0x90, 0x0, 0x8, 0xf3, 0x44, 0x13, 0x56,
    0xfd, 0xbc, 0xef, 0xff, 0xff, 0xd4, 0xff, 0xff,
    0xfc, 0xa9, 0x7c, 0xe4, 0x32, 0x15, 0x31, 0xf9,
    0x0, 0x0, 0xad, 0x0, 0x0, 0x0, 0xf, 0x90,
    0x0, 0xb, 0xc0, 0x0, 0x0, 0x0, 0xf9, 0x0,
    0xcc, 0xfa, 0x0, 0x0, 0x0, 0xf, 0x90, 0x5,
    0x88, 0x20, 0x0, 0x0, 0x0, 0xea, 0x0, 0x0,
    0x0, 0x0, 0x0, 0x0, 0xc, 0xe4, 0x11, 0x22,
    0x46, 0x0, 0x0, 0x0, 0x5f, 0xff, 0xff, 0xff,
    0xf1, 0x0, 0x0, 0x0, 0x26, 0x78, 0x76, 0x54,
    0x0,

    /* U+3060 "だ" */
    0x0, 0x1, 0x75, 0x0, 0x0, 0x0, 0x61, 0x0,
    0x0, 0x2f, 0x90, 0x0, 0x8, 0x69, 0xa0, 0x0,
    0x4, 0xf7, 0x47, 0x10, 0x4e, 0x2d, 0x1d, 0xdd,
    0xef, 0xff, 0xf2, 0x0, 0x82, 0x0, 0x9a, 0xae,
    0xf6, 0x41, 0x0, 0x0, 0x0, 0x0, 0x0, 0xeb,
    0x0, 0x8a, 0xaa, 0xa8, 0x0, 0x0, 0x3f, 0x70,
    0xe, 0xdd, 0xde, 0xc0, 0x0, 0x7, 0xf3, 0x0,
    0x0, 0x0, 0x0, 0x0, 0x0, 0xce, 0x0, 0x0,
    0x0, 0x0, 0x0, 0x0, 0x2f, 0x90, 0xa, 0x50,
    0x0, 0x0, 0x0, 0x8, 0xf4, 0x1, 0xf7, 0x0,
    0x0, 0x0, 0x0, 0xee, 0x0, 0x1f, 0xb0, 0x0,
    0x1, 0x0, 0x6f, 0x80, 0x0, 0xaf, 0xfe, 0xef,
    0xf1, 0x5, 0xb2, 0x0, 0x0, 0x48, 0xaa, 0x97,
    0x0,

    /* U+3064 "つ" */
    0x0, 0x0, 0x1, 0x57, 0x88, 0x40, 0x0, 0x0,
    0x38, 0xdf, 0xff, 0xff, 0xfd, 0x30, 0x9e, 0xff,
    0xd8, 0x40, 0x0, 0x6f, 0xe1, 0x8e, 0x82, 0x0,
    0x0, 0x0, 0x7, 0xf7, 0x0, 0x0, 0x0, 0x0,
    0x0, 0x2, 0xfa, 0x0, 0x0, 0x0, 0x0, 0x0,
    0x3, 0xf9, 0x0, 0x0, 0x0, 0x0, 0x0, 0x9,
    0xf5, 0x0, 0x0, 0x0, 0x0, 0x0, 0x8f, 0xd0,
    0x0, 0x0, 0x0, 0x3, 0x7d, 0xfd, 0x20, 0x0,
    0x0, 0xad, 0xff, 0xff, 0x80, 0x0, 0x0, 0x0,
    0x6d, 0xb9, 0x50, 0x0, 0x0,

    /* U+3066 "て" */
    0x0, 0x0, 0x23, 0x46, 0x78, 0xab, 0xc1, 0x8d,
    0xef, 0xff, 0xff, 0xff, 0xfe, 0xd1, 0x8c, 0xa7,
    0x64, 0x4e, 0xd4, 0x0, 0x0, 0x0, 0x0, 0x0,
    0xdd, 0x10, 0x0, 0x0, 0x0, 0x0, 0x8, 0xf2,
    0x0, 0x0, 0x0, 0x0, 0x0, 0xe, 0xb0, 0x0,
    0x0, 0x0, 0x0, 0x0, 0x1f, 0x80, 0x0, 0x0,
    0x0, 0x0, 0x0, 0x2f, 0x80, 0x0, 0x0, 0x0,
    0x0, 0x0, 0xf, 0xd0, 0x0, 0x0, 0x0, 0x0,
    0x0, 0x9, 0xf9, 0x0, 0x0, 0x0, 0x0, 0x0,
    0x0, 0xcf, 0xe8, 0x42, 0x0, 0x0, 0x0, 0x0,
    0x8, 0xff, 0xfa, 0x0, 0x0, 0x0, 0x0, 0x0,
    0x5, 0x83, 0x0,

    /* U+3067 "で" */
    0x0, 0x0, 0x12, 0x45, 0x67, 0x9a, 0xb0, 0x9c,
    0xef, 0xff, 0xff, 0xff, 0xff, 0xe0, 0xad, 0xa8,
    0x64, 0x5e, 0xd5, 0x0, 0x0, 0x0, 0x0, 0x1,
    0xec, 0x10, 0x22, 0xc0, 0x0, 0x0, 0x8, 0xf2,
    0x0, 0xe4, 0xb8, 0x0, 0x0, 0xe, 0xa0, 0x0,
    0x5d, 0x25, 0x0, 0x0, 0x2f, 0x70, 0x0, 0x2,
    0x0, 0x0, 0x0, 0x3f, 0x70, 0x0, 0x0, 0x0,
    0x0, 0x0, 0x1f, 0xb0, 0x0, 0x0, 0x0, 0x0,
    0x0, 0xb, 0xf7, 0x0, 0x0, 0x0, 0x0, 0x0,
    0x1, 0xef, 0xc6, 0x31, 0x0, 0x0, 0x0, 0x0,
    0x1a, 0xff, 0xf9, 0x0, 0x0, 0x0, 0x0, 0x0,
    0x16, 0x93, 0x0,

    /* U+3068 "と" */
    0x5, 0x10, 0x0, 0x0, 0x0, 0x4, 0xf8, 0x0,
    0x0, 0x0, 0x0, 0xd, 0xe0, 0x0, 0x0, 0x57,
    0x0, 0x6f, 0x60, 0x4, 0xcf, 0xd0, 0x0, 0xed,
    0x3b, 0xfe, 0x70, 0x0, 0x7, 0xff, 0xe7, 0x0,
    0x0, 0x1, 0xcf, 0x90, 0x0, 0x0, 0x1, 0xdf,
    0x40, 0x0, 0x0, 0x0, 0x9f, 0x40, 0x0, 0x0,
    0x0, 0xe, 0xd0, 0x0, 0x0, 0x0, 0x0, 0xee,
    0x0, 0x0, 0x0, 0x0, 0xa, 0xfc, 0x42, 0x12,
    0x34, 0x74, 0x1b, 0xff, 0xff, 0xff, 0xff, 0x80,
    0x2, 0x68, 0x88, 0x76, 0x41,

    /* U+306A "な" */
    0x0, 0x0, 0x6d, 0x30, 0x0, 0x0, 0x0, 0x0,
    0x0, 0x9f, 0x0, 0x0, 0x0, 0x0, 0x12, 0x23,
    0xde, 0x9d, 0x1, 0x70, 0x0, 0x7f, 0xff, 0xff,
    0xda, 0x7, 0xfe, 0x70, 0x14, 0x49, 0xf3, 0x0,
    0x0, 0x3c, 0xfa, 0x0, 0xd, 0xc0, 0x0, 0x7d,
    0x0, 0x63, 0x0, 0x6f, 0x50, 0x0, 0x8f, 0x0,
    0x0, 0x0, 0xed, 0x0, 0x0, 0x7f, 0x0, 0x0,
    0x9, 0xf5, 0x0, 0x1, 0x7f, 0x0, 0x0, 0x4f,
    0xc0, 0x1b, 0xff, 0xff, 0x70, 0x0, 0x3b, 0x20,
    0xbd, 0x43, 0x8f, 0xfe, 0x40, 0x0, 0x0, 0xf8,
    0x0, 0x6f, 0x6d, 0xf3, 0x0, 0x0, 0xcf, 0x88,
    0xef, 0x1, 0x90, 0x0, 0x0, 0x1a, 0xef, 0xd4,
    0x0, 0x0,

    /* U+306B "に" */
    0x1, 0x31, 0x0, 0x0, 0x0, 0x0, 0x0, 0x6,
    0xf4, 0x0, 0x0, 0x0, 0x0, 0x0, 0x8, 0xf0,
    0x0, 0xbd, 0xdd, 0xde, 0xe0, 0xb, 0xd0, 0x0,
    0x7b, 0xbc, 0xbb, 0xa0, 0xd, 0xa0, 0x0, 0x0,
    0x0, 0x0, 0x0, 0xf, 0x80, 0x0, 0x0, 0x0,
    0x0, 0x0, 0x1f, 0x60, 0x0, 0x0, 0x0, 0x0,
    0x0, 0x2f, 0x50, 0x0, 0x0, 0x0, 0x0, 0x0,
    0x2f, 0x6d, 0x2, 0x60, 0x0, 0x0, 0x0, 0x2f,
    0xdb, 0x7, 0xf0, 0x0, 0x0, 0x0, 0x1f, 0xf6,
    0x8, 0xf1, 0x0, 0x0, 0x0, 0xf, 0xf1, 0x4,
    0xfe, 0xa9, 0x9b, 0xd6, 0xd, 0xe0, 0x0, 0x6c,
    0xff, 0xff, 0xd5, 0x5, 0x70, 0x0, 0x0, 0x0,
    0x0, 0x0,

    /* U+306E "の" */
    0x0, 0x0, 0x16, 0x9a, 0x85, 0x0, 0x0, 0x0,
    0x9, 0xff, 0xff, 0xff, 0xe5, 0x0, 0x1, 0xcf,
    0x81, 0xbf, 0x4, 0xdf, 0x50, 0xb, 0xf4, 0x0,
    0xdc, 0x0, 0xd, 0xf1, 0x4f, 0x80, 0x1, 0xf9,
    0x0, 0x5, 0xf6, 0x9f, 0x10, 0x5, 0xf5, 0x0,
    0x1, 0xf9, 0xbd, 0x0, 0xa, 0xf1, 0x0, 0x0,
    0xfa, 0xbe, 0x0, 0x1f, 0xb0, 0x0, 0x3, 0xf8,
    0x8f, 0x40, 0x9f, 0x40, 0x0, 0xa, 0xf4, 0x2f,
    0xfc, 0xfb, 0x0, 0x0, 0x8f, 0xc0, 0x6, 0xff,
    0xc1, 0x4, 0x7d, 0xfd, 0x10, 0x0, 0x12, 0x0,
    0xe, 0xfe, 0x80, 0x0, 0x0, 0x0, 0x0, 0x2,
    0x30, 0x0, 0x0,

    /* U+306F "は" */
    0x2, 0x40, 0x0, 0x0, 0x4, 0x60, 0x0, 0x0,
    0x8f, 0x10, 0x0, 0x0, 0x9f, 0x0, 0x0, 0xb,
    0xd0, 0x0, 0x0, 0x9, 0xf0, 0x0, 0x0, 0xda,
    0x0, 0x57, 0x76, 0xcf, 0x9b, 0x80, 0xf, 0x80,
    0xa, 0xff, 0xff, 0xfe, 0xc6, 0x1, 0xf6, 0x0,
    0x0, 0x0, 0x9f, 0x0, 0x0, 0x3f, 0x40, 0x0,
    0x0, 0x8, 0xf0, 0x0, 0x4, 0xf3, 0x0, 0x0,
    0x0, 0x8f, 0x10, 0x0, 0x4f, 0x4a, 0x0, 0x15,
    0x5a, 0xf1, 0x0, 0x4, 0xfc, 0xa0, 0x5f, 0xee,
    0xff, 0xb2, 0x0, 0x3f, 0xf4, 0xf, 0x90, 0x6,
    0xff, 0xf6, 0x1, 0xff, 0x1, 0xf8, 0x0, 0xaf,
    0x3b, 0xf1, 0xf, 0xc0, 0xa, 0xff, 0xef, 0xc0,
    0x4, 0x0, 0x87, 0x0, 0x5, 0x89, 0x60, 0x0,
    0x0,

    /* U+3078 "へ" */
    0x0, 0x0, 0x0, 0x51, 0x0, 0x0, 0x0, 0x0,
    0x0, 0x0, 0xc, 0xff, 0x30, 0x0, 0x0, 0x0,
    0x0, 0x0, 0xaf, 0xbf, 0xf3, 0x0, 0x0, 0x0,
    0x0, 0x7, 0xfa, 0x4, 0xfe, 0x10, 0x0, 0x0,
    0x0, 0x4f, 0xd0, 0x0, 0x6f, 0xc0, 0x0, 0x0,
    0x3, 0xff, 0x20, 0x0, 0x9, 0xfb, 0x0, 0x0,
    0xe, 0xf5, 0x0, 0x0, 0x0, 0xbf, 0xa0, 0x0,
    0x4, 0x90, 0x0, 0x0, 0x0, 0xc, 0xfa, 0x0,
    0x0, 0x0, 0x0, 0x0, 0x0, 0x1, 0xdf, 0xb0,
    0x0, 0x0, 0x0, 0x0, 0x0, 0x0, 0x2e, 0xd1,
    0x0, 0x0, 0x0, 0x0, 0x0, 0x0, 0x2, 0x20,

    /* U+307E "ま" */
    0x0, 0x0, 0x2, 0xf7, 0x0, 0x0, 0x0, 0x10,
    0x0, 0x2f, 0x60, 0x2, 0x20, 0xd, 0xfe, 0xdd,
    0xff, 0xff, 0xf9, 0x0, 0x46, 0x89, 0xaf, 0xa7,
    0x64, 0x10, 0x0, 0x0, 0x2, 0xf5, 0x0, 0x0,
    0x0, 0xa9, 0x87, 0x8f, 0xb9, 0xac, 0xa0, 0xb,
    0xee, 0xff, 0xff, 0xed, 0xb7, 0x0, 0x0, 0x0,
    0x1f, 0x60, 0x0, 0x0, 0x0, 0x1, 0x33, 0xf7,
    0x0, 0x0, 0x0, 0x3d, 0xff, 0xff, 0xd7, 0x10,
    0x0, 0xf, 0xb3, 0x12, 0xff, 0xfe, 0x60, 0x3,
    0xf5, 0x0, 0xf, 0x93, 0xdf, 0xb0, 0xe, 0xe8,
    0x7b, 0xf6, 0x0, 0x99, 0x0, 0x2a, 0xef, 0xe8,
    0x0, 0x0, 0x0,

    /* U+307F "み" */
    0x0, 0x0, 0x0, 0x1, 0x10, 0x0, 0x0, 0x0,
    0x7, 0xee, 0xff, 0xfe, 0x0, 0x0, 0x0, 0x0,
    0x49, 0x87, 0x9f, 0x80, 0x0, 0x0, 0x0, 0x0,
    0x0, 0x9, 0xf1, 0x0, 0x0, 0x0, 0x0, 0x0,
    0x1, 0xf9, 0x0, 0x6, 0x30, 0x0, 0x0, 0x2,
    0x9f, 0x30, 0x0, 0xeb, 0x0, 0x0, 0x8e, 0xff,
    0xff, 0xd8, 0x2f, 0x90, 0x1, 0xdf, 0x89, 0xf6,
    0x6b, 0xff, 0xf8, 0x0, 0x9e, 0x20, 0xdd, 0x0,
    0x1, 0xbf, 0xf8, 0xe, 0x80, 0x4f, 0x60, 0x0,
    0xb, 0xfd, 0xf0, 0xfb, 0x3d, 0xe0, 0x0, 0x4,
    0xf8, 0x5, 0x9, 0xff, 0xf4, 0x0, 0x4, 0xfd,
    0x0, 0x0, 0x6, 0x73, 0x0, 0x18, 0xfe, 0x20,
    0x0, 0x0, 0x0, 0x0, 0x1, 0xca, 0x10, 0x0,
    0x0, 0x0, 0x0, 0x0, 0x0, 0x0, 0x0, 0x0,
    0x0,

    /* U+3080 "む" */
    0x0, 0x8, 0xf1, 0x0, 0x0, 0x0, 0x0, 0x0,
    0x0, 0x7f, 0x0, 0x20, 0x1, 0x0, 0x0, 0x7a,
    0x8c, 0xfc, 0xef, 0x1, 0xda, 0x0, 0x6, 0xde,
    0xff, 0xb9, 0x60, 0x7, 0xfc, 0x10, 0x0, 0x7,
    0xf0, 0x0, 0x0, 0x5, 0xfc, 0x0, 0x3b, 0xef,
    0x0, 0x0, 0x0, 0x5, 0x40, 0x1e, 0xb9, 0xf4,
    0x0, 0x0, 0x0, 0x0, 0x6, 0xe0, 0xf, 0x60,
    0x0, 0x0, 0x0, 0x0, 0x8d, 0x2, 0xf5, 0x0,
    0x0, 0x16, 0x10, 0x5, 0xf8, 0xbf, 0x10, 0x0,
    0x1, 0xf9, 0x0, 0xb, 0xff, 0xa0, 0x0, 0x0,
    0x1f, 0x90, 0x0, 0x1, 0xfa, 0x0, 0x0, 0x7,
    0xf7, 0x0, 0x0, 0xd, 0xfb, 0x9a, 0xbe, 0xfe,
    0x10, 0x0, 0x0, 0x2a, 0xde, 0xed, 0xb7, 0x10,
    0x0,

    /* U+3081 "め" */
    0x0, 0x0, 0x0, 0x0, 0x77, 0x0, 0x0, 0x1,
    0x94, 0x0, 0x0, 0xeb, 0x0, 0x0, 0x1, 0xf9,
    0x0, 0x14, 0xf8, 0x0, 0x0, 0x0, 0xbd, 0x7e,
    0xff, 0xff, 0xd4, 0x0, 0x0, 0x8f, 0xf9, 0x4b,
    0xe6, 0xdf, 0x50, 0x3, 0xff, 0x90, 0xf, 0x90,
    0xc, 0xf1, 0xd, 0xdb, 0xe0, 0x6f, 0x30, 0x3,
    0xf7, 0x5f, 0x33, 0xf7, 0xdc, 0x0, 0x0, 0xf9,
    0xad, 0x0, 0xbf, 0xf5, 0x0, 0x0, 0xfa, 0xcb,
    0x0, 0x5f, 0xe0, 0x0, 0x3, 0xf7, 0xae, 0x13,
    0xef, 0xf6, 0x0, 0xc, 0xf2, 0x4f, 0xff, 0xe2,
    0x50, 0x4, 0xdf, 0x70, 0x5, 0xa7, 0x10, 0x9,
    0xef, 0xf7, 0x0, 0x0, 0x0, 0x0, 0x4, 0xb6,
    0x10, 0x0,

    /* U+3082 "も" */
    0x0, 0x0, 0x0, 0x0, 0x0, 0x0, 0x0, 0x0,
    0x0, 0x6f, 0x40, 0x0, 0x0, 0x0, 0x0, 0x0,
    0x7f, 0x20, 0x0, 0x0, 0x0, 0x8, 0x42, 0x8f,
    0x0, 0x10, 0x0, 0x0, 0xf, 0xff, 0xff, 0xff,
    0xf0, 0x0, 0x0, 0x0, 0x25, 0xed, 0x76, 0x50,
    0x0, 0x0, 0x0, 0x0, 0xea, 0x0, 0x0, 0x0,
    0x0, 0x36, 0x31, 0xf8, 0x0, 0x10, 0x9b, 0x0,
    0x6f, 0xff, 0xff, 0xff, 0xe0, 0x4f, 0x80, 0x1,
    0x48, 0xfa, 0x87, 0x50, 0xb, 0xf0, 0x0, 0x5,
    0xf3, 0x0, 0x0, 0x8, 0xf2, 0x0, 0x5, 0xf4,
    0x0, 0x0, 0x9, 0xf2, 0x0, 0x2, 0xfa, 0x0,
    0x0, 0x5f, 0xd0, 0x0, 0x0, 0xbf, 0xda, 0xad,
    0xfe, 0x30, 0x0, 0x0, 0x8, 0xdf, 0xfd, 0x81,
    0x0,

    /* U+308A "り" */
    0x0, 0x0, 0x0, 0x0, 0x0, 0x3f, 0x70, 0x0,
    0x0, 0x0, 0x4f, 0x40, 0x8d, 0xe9, 0x0, 0x6f,
    0x2d, 0xe9, 0xbf, 0xb0, 0x8f, 0xac, 0x0, 0x9,
    0xf4, 0xaf, 0xe1, 0x0, 0x1, 0xf9, 0xbf, 0x70,
    0x0, 0x0, 0xec, 0xcf, 0x10, 0x0, 0x0, 0xdd,
    0xce, 0x0, 0x0, 0x0, 0xec, 0xbe, 0x0, 0x0,
    0x1, 0xfa, 0x46, 0x0, 0x0, 0x7, 0xf5, 0x0,
    0x0, 0x0, 0x4f, 0xd0, 0x0, 0x0, 0x29, 0xfe,
    0x20, 0x0, 0x8d, 0xff, 0xb1, 0x0, 0x0, 0x4c,
    0x83, 0x0, 0x0,

    /* U+308B "る" */
    0x0, 0x0, 0x0, 0x0, 0x1, 0x10, 0x0, 0x4,
    0xee, 0xef, 0xff, 0xfd, 0x0, 0x0, 0x39, 0x87,
    0x77, 0xff, 0x60, 0x0, 0x0, 0x0, 0x1, 0xde,
    0x30, 0x0, 0x0, 0x0, 0x3, 0xec, 0x10, 0x0,
    0x0, 0x0, 0x6, 0xfd, 0x66, 0x40, 0x0, 0x0,
    0x8, 0xff, 0xfd, 0xef, 0xe4, 0x0, 0xb, 0xfb,
    0x30, 0x0, 0x3c, 0xf4, 0x1d, 0xf6, 0x0, 0x0,
    0x0, 0x1f, 0xb0, 0xb5, 0x5, 0xcd, 0xa2, 0x0,
    0xdd, 0x0, 0x3, 0xf8, 0x5d, 0xe1, 0xf, 0xb0,
    0x0, 0x6f, 0x10, 0x2f, 0x7b, 0xf5, 0x0, 0x2,
    0xfe, 0x99, 0xff, 0xf8, 0x0, 0x0, 0x2, 0x9c,
    0xdc, 0x93, 0x0,

    /* U+308C "れ" */
    0x0, 0x0, 0x0, 0x0, 0x0, 0x0, 0x0, 0x0,
    0x0, 0x0, 0x5f, 0x50, 0x0, 0x0, 0x0, 0x0,
    0x0, 0x0, 0x5f, 0x30, 0x0, 0x0, 0x0, 0x0,
    0x0, 0x0, 0x7f, 0x30, 0x4, 0x76, 0x0, 0x0,
    0x9, 0xef, 0xff, 0x73, 0xdf, 0xff, 0xb0, 0x0,
    0x6, 0x97, 0xbf, 0x7f, 0xa2, 0xb, 0xf0, 0x0,
    0x0, 0x0, 0xaf, 0xf5, 0x0, 0x8, 0xf0, 0x0,
    0x0, 0x2, 0xff, 0x40, 0x0, 0xa, 0xe0, 0x0,
    0x0, 0xd, 0xfb, 0x0, 0x0, 0xc, 0xc0, 0x0,
    0x0, 0x9f, 0xeb, 0x0, 0x0, 0xe, 0xa0, 0x0,
    0x6, 0xf8, 0xcb, 0x0, 0x0, 0xf, 0x80, 0x0,
    0xe, 0xc0, 0xcb, 0x0, 0x0, 0x1f, 0x80, 0x15,
    0x4, 0x20, 0xcc, 0x0, 0x0, 0x1f, 0xea, 0xfa,
    0x0, 0x0, 0xcd, 0x0, 0x0, 0x9, 0xff, 0xb1,
    0x0, 0x0, 0x66, 0x0, 0x0, 0x0, 0x11, 0x0,

    /* U+308F "わ" */
    0x0, 0x0, 0x0, 0x0, 0x0, 0x0, 0x0, 0x0,
    0x0, 0x7, 0xf3, 0x0, 0x0, 0x0, 0x0, 0x0,
    0x0, 0x7f, 0x10, 0x0, 0x0, 0x0, 0x0, 0x0,
    0x8, 0xf1, 0x0, 0x0, 0x0, 0x0, 0xa, 0xdf,
    0xff, 0x50, 0x48, 0x98, 0x40, 0x0, 0x8a, 0x8d,
    0xd5, 0xdf, 0xfe, 0xff, 0xa0, 0x0, 0x0, 0xbf,
    0xfa, 0x30, 0x0, 0xaf, 0x70, 0x0, 0x4f, 0xf4,
    0x0, 0x0, 0x0, 0xed, 0x0, 0x1e, 0xf9, 0x0,
    0x0, 0x0, 0xb, 0xf0, 0xb, 0xee, 0x90, 0x0,
    0x0, 0x0, 0xde, 0x8, 0xf5, 0xe9, 0x0, 0x0,
    0x0, 0x5f, 0x90, 0xfa, 0xe, 0x90, 0x0, 0x0,
    0x7f, 0xe1, 0x4, 0x0, 0xea, 0x0, 0x4b, 0xff,
    0xc2, 0x0, 0x0, 0xe, 0xb0, 0x3, 0xea, 0x40,
    0x0, 0x0, 0x0, 0x75, 0x0, 0x0, 0x0, 0x0,
    0x0,

    /* U+3092 "を" */
    0x0, 0x0, 0xd, 0x60, 0x0, 0x0, 0x0, 0x0,
    0x0, 0x3f, 0x61, 0x24, 0x50, 0x0, 0x1f, 0xff,
    0xff, 0xff, 0xff, 0xe0, 0x0, 0x6, 0x78, 0xfb,
    0x65, 0x42, 0x10, 0x0, 0x0, 0x8, 0xf2, 0x0,
    0x0, 0x0, 0x30, 0x0, 0x3f, 0xdd, 0xeb, 0x10,
    0x7e, 0xf0, 0x1, 0xef, 0xa5, 0x7f, 0xdf, 0xfb,
    0x50, 0x1d, 0xf4, 0x0, 0x7f, 0xf8, 0x20, 0x0,
    0x3e, 0x50, 0x1c, 0xfe, 0xc0, 0x0, 0x0, 0x0,
    0x0, 0xde, 0x2a, 0xc0, 0x0, 0x0, 0x0, 0x6,
    0xf3, 0x9, 0xa0, 0x0, 0x0, 0x0, 0x8, 0xf3,
    0x0, 0x0, 0x0, 0x0, 0x0, 0x3, 0xff, 0xa9,
    0x9a, 0xce, 0x10, 0x0, 0x0, 0x4a, 0xde, 0xed,
    0xca, 0x0,

    /* U+3093 "ん" */
    0x0, 0x0, 0x0, 0x61, 0x0, 0x0, 0x0, 0x0,
    0x0, 0x0, 0x5f, 0xa0, 0x0, 0x0, 0x0, 0x0,
    0x0, 0xd, 0xf1, 0x0, 0x0, 0x0, 0x0, 0x0,
    0x6, 0xf7, 0x0, 0x0, 0x0, 0x0, 0x0, 0x0,
    0xed, 0x0, 0x0, 0x0, 0x0, 0x0, 0x0, 0x6f,
    0x50, 0x0, 0x0, 0x0, 0x0, 0x0, 0xe, 0xea,
    0xdb, 0x10, 0x0, 0x0, 0x0, 0x6, 0xff, 0xbc,
    0xf8, 0x0, 0x0, 0x0, 0x0, 0xef, 0x40, 0xf,
    0xa0, 0x0, 0x26, 0x0, 0x6f, 0x70, 0x0, 0xea,
    0x0, 0x8, 0xf1, 0xd, 0xe0, 0x0, 0xe, 0xb0,
    0x1, 0xec, 0x4, 0xf8, 0x0, 0x0, 0xde, 0x12,
    0xcf, 0x30, 0xbf, 0x30, 0x0, 0x9, 0xff, 0xff,
    0x60, 0x4, 0x80, 0x0, 0x0, 0x7, 0xa9, 0x30,
    0x0,

    /* U+30A4 "イ" */
    0x0, 0x0, 0x0, 0x0, 0x0, 0x6, 0x10, 0x0,
    0x0, 0x0, 0x0, 0x0, 0x7f, 0xc0, 0x0, 0x0,
    0x0, 0x0, 0x9, 0xfe, 0x20, 0x0, 0x0, 0x0,
    0x2, 0xcf, 0xc1, 0x0, 0x0, 0x0, 0x0, 0x7f,
    0xf8, 0x0, 0x0, 0x0, 0x1, 0x7e, 0xff, 0xb0,
    0x0, 0x0, 0x5, 0xaf, 0xfd, 0x6f, 0xb0, 0x0,
    0x0, 0x8f, 0xfb, 0x40, 0x1f, 0xb0, 0x0, 0x0,
    0x17, 0x10, 0x0, 0x1f, 0xb0, 0x0, 0x0, 0x0,
    0x0, 0x0, 0x1f, 0xb0, 0x0, 0x0, 0x0, 0x0,
    0x0, 0x1f, 0xb0, 0x0, 0x0, 0x0, 0x0, 0x0,
    0x1f, 0xb0, 0x0, 0x0, 0x0, 0x0, 0x0, 0x1f,
    0xb0, 0x0, 0x0, 0x0, 0x0, 0x0, 0x19, 0x70,
    0x0, 0x0,

    /* U+30AA "オ" */
    0x0, 0x0, 0x0, 0x0, 0xfa, 0x0, 0x0, 0x0,
    0x0, 0x0, 0x0, 0xfa, 0x0, 0x0, 0x0, 0x0,
    0x0, 0x0, 0xea, 0x0, 0x0, 0x1d, 0xdd, 0xdd,
    0xdd, 0xff, 0xdd, 0xd6, 0x1c, 0xbb, 0xbb, 0xbe,
    0xfe, 0xbb, 0xb5, 0x0, 0x0, 0x0, 0x3f, 0xfb,
    0x0, 0x0, 0x0, 0x0, 0x2, 0xed, 0xeb, 0x0,
    0x0, 0x0, 0x0, 0x3e, 0xe2, 0xdb, 0x0, 0x0,
    0x0, 0x6, 0xfe, 0x20, 0xdc, 0x0, 0x0, 0x1,
    0xbf, 0xc1, 0x0, 0xdc, 0x0, 0x0, 0x6f, 0xf9,
    0x0, 0x0, 0xcc, 0x0, 0x0, 0x1b, 0x40, 0x1,
    0x10, 0xdc, 0x0, 0x0, 0x0, 0x0, 0x8, 0xff,
    0xfb, 0x0, 0x0, 0x0, 0x0, 0x3, 0x88, 0x82,
    0x0, 0x0,

    /* U+30AB "カ" */
    0x0, 0x0, 0xa, 0xf2, 0x0, 0x0, 0x0, 0x0,
    0x0, 0x9f, 0x10, 0x0, 0x0, 0x0, 0x0, 0x9,
    0xf0, 0x0, 0x0, 0x2, 0xfe, 0xee, 0xff, 0xee,
    0xee, 0xe6, 0x1a, 0x99, 0x9e, 0xe9, 0x99, 0xaf,
    0x90, 0x0, 0x0, 0xfb, 0x0, 0x1, 0xf8, 0x0,
    0x0, 0x2f, 0x70, 0x0, 0x1f, 0x70, 0x0, 0x7,
    0xf3, 0x0, 0x2, 0xf6, 0x0, 0x0, 0xee, 0x0,
    0x0, 0x4f, 0x50, 0x0, 0x7f, 0x70, 0x0, 0x6,
    0xf3, 0x0, 0x3f, 0xe0, 0x0, 0x0, 0x9f, 0x10,
    0x3e, 0xf3, 0x0, 0x42, 0x3e, 0xd0, 0x3f, 0xf5,
    0x0, 0xf, 0xff, 0xf8, 0x0, 0x54, 0x0, 0x0,
    0x56, 0x75, 0x0,

    /* U+30AD "キ" */
    0x0, 0x0, 0x1a, 0x70, 0x0, 0x0, 0x0, 0x0,
    0x0, 0xf, 0xc0, 0x0, 0x0, 0x0, 0x0, 0x0,
    0xb, 0xe1, 0x47, 0x9b, 0x0, 0x13, 0x57, 0xae,
    0xff, 0xff, 0xfd, 0x0, 0x3f, 0xff, 0xfd, 0xfa,
    0x42, 0x0, 0x0, 0x7, 0x41, 0x2, 0xf8, 0x0,
    0x0, 0x0, 0x0, 0x0, 0x0, 0xfb, 0x0, 0x3,
    0x61, 0x0, 0x0, 0x3, 0xdf, 0xbd, 0xff, 0xf5,
    0x39, 0xbe, 0xff, 0xff, 0xeb, 0x86, 0x30, 0x3f,
    0xeb, 0x85, 0x8f, 0x40, 0x0, 0x0, 0x1, 0x0,
    0x0, 0x3f, 0x70, 0x0, 0x0, 0x0, 0x0, 0x0,
    0xf, 0xb0, 0x0, 0x0, 0x0, 0x0, 0x0, 0xd,
    0xe0, 0x0, 0x0, 0x0, 0x0, 0x0, 0x8, 0xa1,
    0x0, 0x0,

    /* U+30AF "ク" */
    0x0, 0x0, 0x2, 0xc5, 0x0, 0x0, 0x0, 0x0,
    0x0, 0x9, 0xf5, 0x0, 0x0, 0x0, 0x0, 0x0,
    0x3f, 0xf7, 0x77, 0x78, 0x30, 0x0, 0x0, 0xdf,
    0xff, 0xff, 0xff, 0xe0, 0x0, 0xb, 0xf6, 0x0,
    0x0, 0x4f, 0x90, 0x1, 0xbf, 0x80, 0x0, 0x0,
    0xaf, 0x30, 0x3d, 0xf8, 0x0, 0x0, 0x2, 0xfc,
    0x0, 0xa, 0x50, 0x0, 0x0, 0xb, 0xf4, 0x0,
    0x0, 0x0, 0x0, 0x0, 0x7f, 0xa0, 0x0, 0x0,
    0x0, 0x0, 0x6, 0xfd, 0x10, 0x0, 0x0, 0x0,
    0x0, 0x8f, 0xe2, 0x0, 0x0, 0x0, 0x0, 0x4d,
    0xfd, 0x20, 0x0, 0x0, 0x0, 0x7d, 0xff, 0x80,
    0x0, 0x0, 0x0, 0x0, 0x2d, 0x91, 0x0, 0x0,
    0x0, 0x0,

    /* U+30B5 "サ" */
    0x0, 0xa, 0xd0, 0x0, 0xe, 0xc0, 0x0, 0x0,
    0xb, 0xe0, 0x0, 0xe, 0xc0, 0x0, 0x0, 0xb,
    0xe0, 0x0, 0xe, 0xc0, 0x0, 0x98, 0x8e, 0xf8,
    0x88, 0x8f, 0xe8, 0x87, 0xff, 0xff, 0xff, 0xff,
    0xff, 0xff, 0xfd, 0x0, 0xb, 0xe0, 0x0, 0xe,
    0xc0, 0x0, 0x0, 0xb, 0xe0, 0x0, 0xe, 0xb0,
    0x0, 0x0, 0xb, 0xe0, 0x0, 0xf, 0xa0, 0x0,
    0x0, 0xc, 0xe0, 0x0, 0x3f, 0x70, 0x0, 0x0,
    0x0, 0x0, 0x0, 0x9f, 0x30, 0x0, 0x0, 0x0,
    0x0, 0x4, 0xfc, 0x0, 0x0, 0x0, 0x0, 0x0,
    0x7f, 0xf2, 0x0, 0x0, 0x0, 0x0, 0xd, 0xfd,
    0x20, 0x0, 0x0, 0x0, 0x0, 0x2, 0x70, 0x0,
    0x0, 0x0,

    /* U+30B6 "ザ" */
    0x0, 0x0, 0x21, 0x0, 0x0, 0x42, 0x11, 0x90,
    0x0, 0x1, 0xf9, 0x0, 0x0, 0xf9, 0xa6, 0xc4,
    0x0, 0x0, 0xf9, 0x0, 0x0, 0xf9, 0x3c, 0x54,
    0x1, 0x1, 0xf9, 0x0, 0x1, 0xf9, 0x2, 0x10,
    0x4f, 0xff, 0xff, 0xff, 0xff, 0xff, 0xff, 0xb0,
    0x28, 0x88, 0xfc, 0x88, 0x88, 0xfc, 0x88, 0x60,
    0x0, 0x0, 0xf9, 0x0, 0x0, 0xf9, 0x0, 0x0,
    0x0, 0x0, 0xf9, 0x0, 0x1, 0xf8, 0x0, 0x0,
    0x0, 0x1, 0xf9, 0x0, 0x4, 0xf6, 0x0, 0x0,
    0x0, 0x0, 0x74, 0x0, 0x8, 0xf3, 0x0, 0x0,
    0x0, 0x0, 0x0, 0x0, 0x1f, 0xd0, 0x0, 0x0,
    0x0, 0x0, 0x0, 0x2, 0xdf, 0x50, 0x0, 0x0,
    0x0, 0x0, 0x2, 0x9f, 0xf7, 0x0, 0x0, 0x0,
    0x0, 0x0, 0x1, 0xdc, 0x30, 0x0, 0x0, 0x0,
    0x0, 0x0, 0x0, 0x0, 0x0, 0x0, 0x0, 0x0,

    /* U+30B9 "ス" */
    0x0, 0xa9, 0x99, 0x99, 0x99, 0xa5, 0x0, 0x1,
    0xff, 0xff, 0xff, 0xff, 0xfc, 0x0, 0x0, 0x10,
    0x0, 0x0, 0xa, 0xf4, 0x0, 0x0, 0x0, 0x0,
    0x0, 0x2f, 0xc0, 0x0, 0x0, 0x0, 0x0, 0x0,
    0xbf, 0x30, 0x0, 0x0, 0x0, 0x0, 0x6, 0xf9,
    0x0, 0x0, 0x0, 0x0, 0x0, 0x4f, 0xf3, 0x0,
    0x0, 0x0, 0x0, 0x4, 0xfe, 0xfe, 0x30, 0x0,
    0x0, 0x0, 0x7f, 0xe2, 0x4f, 0xf3, 0x0, 0x0,
    0x1b, 0xfd, 0x20, 0x5, 0xfe, 0x20, 0x18, 0xff,
    0xa0, 0x0, 0x0, 0x6f, 0xe1, 0x2e, 0xd5, 0x0,
    0x0, 0x0, 0x8, 0xe2, 0x1, 0x0, 0x0, 0x0,
    0x0, 0x0, 0x10,

    /* U+30BB "セ" */
    0x0, 0x1, 0xfa, 0x0, 0x0, 0x0, 0x0, 0x0,
    0x1, 0xf9, 0x0, 0x0, 0x0, 0x0, 0x0, 0x1,
    0xf9, 0x0, 0x0, 0x1, 0x30, 0x0, 0x1, 0xf9,
    0x14, 0x7a, 0xef, 0xf5, 0x2, 0x58, 0xff, 0xff,
    0xfd, 0xaf, 0xe1, 0xdf, 0xff, 0xfd, 0x84, 0x10,
    0x6f, 0x60, 0x89, 0x53, 0xf9, 0x0, 0x2, 0xfc,
    0x0, 0x0, 0x1, 0xf9, 0x0, 0xd, 0xf2, 0x0,
    0x0, 0x1, 0xf9, 0x0, 0x3d, 0x50, 0x0, 0x0,
    0x1, 0xf9, 0x0, 0x0, 0x0, 0x0, 0x0, 0x1,
    0xf9, 0x0, 0x0, 0x0, 0x0, 0x0, 0x0, 0xfe,
    0x31, 0x12, 0x35, 0x60, 0x0, 0x0, 0x9f, 0xff,
    0xff, 0xff, 0xc0, 0x0, 0x0, 0x3, 0x67, 0x77,
    0x64, 0x20,

    /* U+30BF "タ" */
    0x0, 0x0, 0x0, 0x10, 0x0, 0x0, 0x0, 0x0,
    0x0, 0x4, 0xf8, 0x0, 0x0, 0x0, 0x0, 0x0,
    0xd, 0xf1, 0x0, 0x0, 0x0, 0x0, 0x0, 0x7f,
    0xff, 0xff, 0xff, 0xb0, 0x0, 0x3, 0xfc, 0x77,
    0x77, 0x9f, 0xc0, 0x0, 0x2e, 0xe1, 0x0, 0x0,
    0x7f, 0x60, 0x4, 0xee, 0x33, 0x10, 0x0, 0xef,
    0x0, 0x6f, 0xe2, 0x1f, 0xf6, 0x7, 0xf7, 0x0,
    0x7, 0x10, 0x3, 0xdf, 0xbf, 0xd0, 0x0, 0x0,
    0x0, 0x0, 0xa, 0xff, 0x80, 0x0, 0x0, 0x0,
    0x0, 0x1d, 0xff, 0xf9, 0x0, 0x0, 0x0, 0x4,
    0xef, 0x72, 0xd8, 0x0, 0x0, 0x2, 0xaf, 0xf5,
    0x0, 0x10, 0x0, 0x0, 0xbf, 0xfb, 0x20, 0x0,
    0x0, 0x0, 0x0, 0x39, 0x30, 0x0, 0x0, 0x0,
    0x0,

    /* U+30C0 "ダ" */
    0x0, 0x0, 0x0, 0x0, 0x0, 0x0, 0x5, 0x40,
    0x0, 0x0, 0x0, 0x67, 0x10, 0x6, 0xa6, 0xd0,
    0x0, 0x0, 0x1, 0xfd, 0x0, 0x1, 0xf4, 0xb3,
    0x0, 0x0, 0x9, 0xfb, 0x77, 0x78, 0xd4, 0x0,
    0x0, 0x0, 0x4f, 0xff, 0xff, 0xff, 0xf8, 0x0,
    0x0, 0x2, 0xfe, 0x10, 0x0, 0xb, 0xf2, 0x0,
    0x0, 0x2e, 0xe2, 0x0, 0x0, 0x2f, 0xc0, 0x0,
    0x5, 0xfe, 0x34, 0xd4, 0x0, 0x9f, 0x40, 0x0,
    0xa, 0xd2, 0x4, 0xef, 0x94, 0xfc, 0x0, 0x0,
    0x0, 0x0, 0x0, 0x1b, 0xff, 0xf2, 0x0, 0x0,
    0x0, 0x0, 0x0, 0x1, 0xef, 0xf8, 0x0, 0x0,
    0x0, 0x0, 0x0, 0x2d, 0xf9, 0xef, 0x50, 0x0,
    0x0, 0x0, 0x6, 0xff, 0x70, 0x17, 0x0, 0x0,
    0x0, 0x16, 0xdf, 0xe4, 0x0, 0x0, 0x0, 0x0,
    0x0, 0x3e, 0xe7, 0x0, 0x0, 0x0, 0x0, 0x0,
    0x0, 0x1, 0x0, 0x0, 0x0, 0x0, 0x0, 0x0,

    /* U+30C1 "チ" */
    0x0, 0x0, 0x0, 0x0, 0x0, 0x41, 0x0, 0x1,
    0x44, 0x56, 0x79, 0xcf, 0xfb, 0x0, 0x4, 0xff,
    0xff, 0xff, 0xb8, 0x41, 0x0, 0x0, 0x22, 0x10,
    0x9f, 0x10, 0x0, 0x0, 0x0, 0x0, 0x0, 0x9f,
    0x10, 0x0, 0x0, 0x57, 0x77, 0x77, 0xcf, 0x87,
    0x77, 0x75, 0xbf, 0xff, 0xff, 0xff, 0xff, 0xff,
    0xfa, 0x0, 0x0, 0x0, 0xbf, 0x0, 0x0, 0x0,
    0x0, 0x0, 0x0, 0xed, 0x0, 0x0, 0x0, 0x0,
    0x0, 0x4, 0xf8, 0x0, 0x0, 0x0, 0x0, 0x0,
    0xd, 0xf2, 0x0, 0x0, 0x0, 0x0, 0x1, 0xcf,
    0x70, 0x0, 0x0, 0x0, 0x0, 0x4f, 0xf8, 0x0,
    0x0, 0x0, 0x0, 0x0, 0x6, 0x40, 0x0, 0x0,
    0x0, 0x0,

    /* U+30C3 "ッ" */
    0x0, 0x0, 0x3, 0x0, 0x0, 0x0, 0x4, 0x20,
    0x6f, 0x30, 0x1, 0xb4, 0x2f, 0x90, 0x1f, 0x90,
    0x4, 0xf7, 0xb, 0xf0, 0xb, 0xe0, 0x8, 0xf2,
    0x5, 0xf6, 0x4, 0x50, 0xe, 0xd0, 0x0, 0x82,
    0x0, 0x0, 0x6f, 0x60, 0x0, 0x0, 0x0, 0x2,
    0xfd, 0x0, 0x0, 0x0, 0x0, 0x2e, 0xf2, 0x0,
    0x0, 0x0, 0x6, 0xff, 0x40, 0x0, 0x0, 0x5,
    0xcf, 0xe3, 0x0, 0x0, 0x0, 0x1d, 0xf9, 0x0,
    0x0, 0x0, 0x0, 0x1, 0x10, 0x0, 0x0, 0x0,

    /* U+30C7 "デ" */
    0x0, 0x0, 0x0, 0x0, 0x0, 0x1, 0x5a, 0x0,
    0x0, 0x0, 0x0, 0x0, 0x3, 0xf2, 0xe4, 0x0,
    0xef, 0xff, 0xff, 0xff, 0xaa, 0xa5, 0x40, 0x8,
    0x99, 0x99, 0x99, 0x96, 0x12, 0x0, 0x0, 0x0,
    0x0, 0x0, 0x0, 0x0, 0x0, 0x0, 0x0, 0x0,
    0x0, 0x0, 0x0, 0x0, 0x0, 0x9b, 0xbb, 0xbb,
    0xbb, 0xbb, 0xbb, 0xb6, 0x9, 0xdd, 0xdd, 0xdf,
    0xfd, 0xdd, 0xdd, 0x70, 0x0, 0x0, 0x0, 0xcf,
    0x0, 0x0, 0x0, 0x0, 0x0, 0x0, 0xe, 0xd0,
    0x0, 0x0, 0x0, 0x0, 0x0, 0x2, 0xf9, 0x0,
    0x0, 0x0, 0x0, 0x0, 0x0, 0xaf, 0x40, 0x0,
    0x0, 0x0, 0x0, 0x0, 0x7f, 0xb0, 0x0, 0x0,
    0x0, 0x0, 0x2, 0xaf, 0xd1, 0x0, 0x0, 0x0,
    0x0, 0x0, 0x2c, 0xa1, 0x0, 0x0, 0x0, 0x0,
    0x0, 0x0, 0x0, 0x0, 0x0, 0x0, 0x0, 0x0,

    /* U+30C8 "ト" */
    0xdf, 0x0, 0x0, 0x0, 0xc, 0xf0, 0x0, 0x0,
    0x0, 0xcf, 0x0, 0x0, 0x0, 0xc, 0xf0, 0x0,
    0x0, 0x0, 0xcf, 0x83, 0x0, 0x0, 0xc, 0xff,
    0xfd, 0x81, 0x0, 0xcf, 0x4a, 0xff, 0xfb, 0x3c,
    0xf0, 0x0, 0x7d, 0xf7, 0xcf, 0x0, 0x0, 0x5,
    0x1c, 0xf0, 0x0, 0x0, 0x0, 0xcf, 0x0, 0x0,
    0x0, 0xc, 0xf0, 0x0, 0x0, 0x0, 0xdf, 0x0,
    0x0, 0x0, 0x1, 0x10, 0x0, 0x0, 0x0,

    /* U+30C9 "ド" */
    0x2, 0x10, 0x0, 0x0, 0x20, 0x5, 0xf8, 0x0,
    0x5, 0x2f, 0x40, 0x4f, 0x70, 0x1, 0xf5, 0x7d,
    0x4, 0xf7, 0x0, 0x7, 0xe0, 0x50, 0x4f, 0x70,
    0x0, 0x2, 0x0, 0x4, 0xfe, 0x82, 0x0, 0x0,
    0x0, 0x4f, 0xff, 0xfd, 0x71, 0x0, 0x4, 0xf7,
    0x5b, 0xff, 0xf9, 0x0, 0x4f, 0x70, 0x1, 0x8e,
    0xd0, 0x4, 0xf7, 0x0, 0x0, 0x3, 0x0, 0x4f,
    0x70, 0x0, 0x0, 0x0, 0x4, 0xf7, 0x0, 0x0,
    0x0, 0x0, 0x4f, 0x70, 0x0, 0x0, 0x0, 0x5,
    0xf8, 0x0, 0x0, 0x0, 0x0,

    /* U+30CD "ネ" */
    0x0, 0x0, 0x0, 0xbf, 0x0, 0x0, 0x0, 0x0,
    0x0, 0x0, 0xb, 0xe0, 0x0, 0x0, 0x0, 0x8,
    0xbb, 0xbb, 0xef, 0xbb, 0xba, 0x0, 0x0, 0x9c,
    0xcc, 0xcc, 0xcc, 0xef, 0xf2, 0x0, 0x0, 0x0,
    0x0, 0x0, 0x1e, 0xf4, 0x0, 0x0, 0x0, 0x0,
    0x0, 0x3e, 0xf4, 0x0, 0x0, 0x0, 0x0, 0x0,
    0x7f, 0xe4, 0x0, 0x0, 0x0, 0x0, 0x5, 0xdf,
    0xf2, 0x2a, 0x20, 0x0, 0x3, 0x8e, 0xfe, 0xee,
    0x7, 0xff, 0x80, 0x9, 0xff, 0xd6, 0xb, 0xe0,
    0x2, 0xcf, 0xc0, 0x18, 0x30, 0x0, 0xbe, 0x0,
    0x0, 0x74, 0x0, 0x0, 0x0, 0xb, 0xe0, 0x0,
    0x0, 0x0, 0x0, 0x0, 0x0, 0xce, 0x0, 0x0,
    0x0, 0x0, 0x0, 0x0, 0x7, 0x90, 0x0, 0x0,
    0x0,

    /* U+30D1 "パ" */
    0x0, 0x0, 0x0, 0x0, 0x0, 0x0, 0x8e, 0xc1,
    0x0, 0x0, 0x0, 0x0, 0x0, 0x1, 0xc0, 0x58,
    0x0, 0x0, 0x28, 0x30, 0x8, 0x91, 0xd2, 0x87,
    0x0, 0x0, 0x5f, 0x70, 0xb, 0xf3, 0x4b, 0x80,
    0x0, 0x0, 0x8f, 0x30, 0x3, 0xfb, 0x0, 0x0,
    0x0, 0x0, 0xcf, 0x0, 0x0, 0xcf, 0x20, 0x0,
    0x0, 0x1, 0xfb, 0x0, 0x0, 0x5f, 0x90, 0x0,
    0x0, 0x6, 0xf7, 0x0, 0x0, 0xe, 0xf1, 0x0,
    0x0, 0xc, 0xf1, 0x0, 0x0, 0x8, 0xf6, 0x0,
    0x0, 0x3f, 0xb0, 0x0, 0x0, 0x3, 0xfc, 0x0,
    0x0, 0xcf, 0x40, 0x0, 0x0, 0x0, 0xef, 0x20,
    0x5, 0xfc, 0x0, 0x0, 0x0, 0x0, 0x9f, 0x70,
    0xe, 0xf3, 0x0, 0x0, 0x0, 0x0, 0x4f, 0xb0,
    0x0, 0x40, 0x0, 0x0, 0x0, 0x0, 0x3, 0x0,

    /* U+30D3 "ビ" */
    0x0, 0x0, 0x0, 0x0, 0x0, 0x2, 0x0, 0x1,
    0x10, 0x0, 0x0, 0x7, 0x2e, 0x40, 0xf, 0xc0,
    0x0, 0x0, 0xa, 0x96, 0xc0, 0xf, 0xb0, 0x0,
    0x0, 0x1, 0xc1, 0x10, 0xf, 0xb0, 0x0, 0x0,
    0x19, 0x40, 0x0, 0xf, 0xb0, 0x0, 0x5b, 0xff,
    0x90, 0x0, 0xf, 0xd7, 0xbf, 0xff, 0xa4, 0x0,
    0x0, 0xf, 0xff, 0xe9, 0x40, 0x0, 0x0, 0x0,
    0xf, 0xd3, 0x0, 0x0, 0x0, 0x0, 0x0, 0xf,
    0xb0, 0x0, 0x0, 0x0, 0x0, 0x0, 0xf, 0xb0,
    0x0, 0x0, 0x0, 0x0, 0x0, 0xf, 0xb0, 0x0,
    0x0, 0x0, 0x0, 0x0, 0xe, 0xe5, 0x21, 0x12,
    0x35, 0x73, 0x0, 0x7, 0xff, 0xff, 0xff, 0xff,
    0xf5, 0x0, 0x0, 0x36, 0x88, 0x87, 0x76, 0x41,
    0x0,

    /* U+30D7 "プ" */
    0x0, 0x0, 0x0, 0x0, 0x0, 0x4, 0xdc, 0x10,
    0x0, 0x0, 0x0, 0x0, 0x0, 0xc1, 0x59, 0x0,
    0x0, 0x0, 0x0, 0x0, 0xd, 0x2, 0xb1, 0xff,
    0xff, 0xff, 0xff, 0xff, 0xf9, 0xb5, 0x1b, 0xaa,
    0xaa, 0xaa, 0xaa, 0xdf, 0xa4, 0x0, 0x0, 0x0,
    0x0, 0x0, 0xa, 0xf2, 0x0, 0x0, 0x0, 0x0,
    0x0, 0x0, 0xee, 0x0, 0x0, 0x0, 0x0, 0x0,
    0x0, 0x5f, 0x80, 0x0, 0x0, 0x0, 0x0, 0x0,
    0xc, 0xf2, 0x0, 0x0, 0x0, 0x0, 0x0, 0x7,
    0xfa, 0x0, 0x0, 0x0, 0x0, 0x0, 0x5, 0xfe,
    0x10, 0x0, 0x0, 0x0, 0x0, 0x7, 0xfe, 0x30,
    0x0, 0x0, 0x0, 0x0, 0x5d, 0xfe, 0x30, 0x0,
    0x0, 0x0, 0x5, 0xff, 0xf9, 0x10, 0x0, 0x0,
    0x0, 0x0, 0xa, 0x92, 0x0, 0x0, 0x0, 0x0,
    0x0,

    /* U+30DB "ホ" */
    0x0, 0x0, 0x0, 0xaf, 0x20, 0x0, 0x0, 0x0,
    0x0, 0x0, 0x9, 0xf1, 0x0, 0x0, 0x0, 0x0,
    0x0, 0x0, 0x9f, 0x10, 0x0, 0x0, 0x4, 0xff,
    0xff, 0xff, 0xff, 0xff, 0xff, 0x70, 0x39, 0x99,
    0x99, 0xdf, 0xa9, 0x99, 0x94, 0x0, 0x0, 0x0,
    0x9, 0xf1, 0x0, 0x0, 0x0, 0x0, 0x8, 0x10,
    0x9f, 0x10, 0x46, 0x0, 0x0, 0x8, 0xf4, 0x9,
    0xf1, 0xb, 0xf3, 0x0, 0x4, 0xfa, 0x0, 0x9f,
    0x10, 0x1e, 0xd0, 0x1, 0xee, 0x10, 0x9, 0xf1,
    0x0, 0x6f, 0x70, 0x9f, 0x30, 0x0, 0x9f, 0x10,
    0x0, 0xdc, 0x0, 0x20, 0x0, 0xa, 0xf1, 0x0,
    0x1, 0x0, 0x0, 0x0, 0xff, 0xff, 0x0, 0x0,
    0x0, 0x0, 0x0, 0x6, 0x99, 0x50, 0x0, 0x0,
    0x0,

    /* U+30E0 "ム" */
    0x0, 0x0, 0x2, 0x30, 0x0, 0x0, 0x0, 0x0,
    0x0, 0x0, 0x9f, 0x60, 0x0, 0x0, 0x0, 0x0,
    0x0, 0xd, 0xf0, 0x0, 0x0, 0x0, 0x0, 0x0,
    0x2, 0xfb, 0x0, 0x0, 0x0, 0x0, 0x0, 0x0,
    0x7f, 0x60, 0x0, 0x0, 0x0, 0x0, 0x0, 0xc,
    0xf1, 0x0, 0x0, 0x0, 0x0, 0x0, 0x1, 0xfb,
    0x0, 0x4, 0x70, 0x0, 0x0, 0x0, 0x6f, 0x60,
    0x0, 0x9f, 0x40, 0x0, 0x0, 0xc, 0xf1, 0x0,
    0x1, 0xfd, 0x0, 0x0, 0x1, 0xfb, 0x0, 0x0,
    0x7, 0xf7, 0x0, 0x0, 0x7f, 0x85, 0x68, 0xac,
    0xef, 0xe0, 0xc, 0xff, 0xff, 0xff, 0xff, 0xdb,
    0xcf, 0x70, 0x9b, 0x98, 0x64, 0x31, 0x0, 0x1,
    0xfe, 0x0, 0x0, 0x0, 0x0, 0x0, 0x0, 0x6,
    0x20,

    /* U+30E2 "モ" */
    0x1, 0x88, 0x88, 0x88, 0x88, 0x88, 0x30, 0x2,
    0xff, 0xff, 0xff, 0xff, 0xff, 0x50, 0x0, 0x0,
    0xb, 0xf0, 0x0, 0x0, 0x0, 0x0, 0x0, 0xb,
    0xf0, 0x0, 0x0, 0x0, 0x0, 0x0, 0xb, 0xf0,
    0x0, 0x0, 0x0, 0x3f, 0xff, 0xff, 0xff, 0xff,
    0xff, 0xf8, 0x29, 0x99, 0x9e, 0xf9, 0x99, 0x99,
    0x95, 0x0, 0x0, 0xb, 0xf0, 0x0, 0x0, 0x0,
    0x0, 0x0, 0xb, 0xf0, 0x0, 0x0, 0x0, 0x0,
    0x0, 0xb, 0xf0, 0x0, 0x0, 0x0, 0x0, 0x0,
    0xb, 0xf6, 0x0, 0x11, 0x30, 0x0, 0x0, 0x5,
    0xff, 0xff, 0xff, 0xf0, 0x0, 0x0, 0x0, 0x38,
    0x99, 0x98, 0x70,

    /* U+30E3 "ャ" */
    0x0, 0x3c, 0x50, 0x0, 0x0, 0x0, 0x0, 0xf,
    0x90, 0x0, 0x0, 0x31, 0x0, 0xb, 0xe3, 0x69,
    0xcf, 0xfb, 0x37, 0xae, 0xff, 0xfc, 0x9b, 0xf4,
    0x8f, 0xda, 0xf8, 0x0, 0x2f, 0xa0, 0x10, 0x0,
    0xeb, 0x1, 0xdd, 0x0, 0x0, 0x0, 0xaf, 0x7,
    0xf2, 0x0, 0x0, 0x0, 0x6f, 0x40, 0x0, 0x0,
    0x0, 0x0, 0x2f, 0x80, 0x0, 0x0, 0x0, 0x0,
    0xd, 0xd0, 0x0, 0x0, 0x0, 0x0, 0x9, 0xf2,
    0x0, 0x0, 0x0, 0x0, 0x3, 0x50, 0x0, 0x0,

    /* U+30E5 "ュ" */
    0x0, 0x10, 0x0, 0x0, 0x10, 0x0, 0x0, 0xff,
    0xff, 0xff, 0xfd, 0x0, 0x0, 0x87, 0x77, 0x77,
    0xee, 0x0, 0x0, 0x0, 0x0, 0x0, 0xfc, 0x0,
    0x0, 0x0, 0x0, 0x1, 0xf9, 0x0, 0x0, 0x0,
    0x0, 0x3, 0xf7, 0x0, 0x0, 0x0, 0x0, 0x6,
    0xf5, 0x0, 0x49, 0x88, 0x88, 0x8c, 0xfa, 0x88,
    0x8f, 0xff, 0xff, 0xff, 0xff, 0xfe, 0x0, 0x0,
    0x0, 0x0, 0x0, 0x0,

    /* U+30E9 "ラ" */
    0x0, 0x0, 0x0, 0x0, 0x0, 0x0, 0x0, 0x5f,
    0xff, 0xff, 0xff, 0xff, 0x0, 0x3, 0x88, 0x88,
    0x88, 0x88, 0x80, 0x0, 0x0, 0x0, 0x0, 0x0,
    0x0, 0x0, 0x10, 0x0, 0x0, 0x0, 0x0, 0x10,
    0xd, 0xff, 0xff, 0xff, 0xff, 0xff, 0xe1, 0x67,
    0x77, 0x77, 0x77, 0x77, 0xfd, 0x0, 0x0, 0x0,
    0x0, 0x0, 0x5f, 0x70, 0x0, 0x0, 0x0, 0x0,
    0xd, 0xf1, 0x0, 0x0, 0x0, 0x0, 0xa, 0xf6,
    0x0, 0x0, 0x0, 0x0, 0x1a, 0xfa, 0x0, 0x0,
    0x0, 0x0, 0x7e, 0xf9, 0x0, 0x0, 0x0, 0x1b,
    0xff, 0xe5, 0x0, 0x0, 0x0, 0x0, 0x7c, 0x60,
    0x0, 0x0, 0x0,

    /* U+30EA "リ" */
    0x0, 0x0, 0x0, 0x0, 0x0, 0xae, 0x10, 0x0,
    0x1, 0xfb, 0xbf, 0x0, 0x0, 0x1, 0xfa, 0xbf,
    0x0, 0x0, 0x1, 0xfa, 0xbf, 0x0, 0x0, 0x1,
    0xfa, 0xbf, 0x0, 0x0, 0x1, 0xfa, 0xbf, 0x0,
    0x0, 0x1, 0xfa, 0xbf, 0x0, 0x0, 0x3, 0xf9,
    0xae, 0x10, 0x0, 0x5, 0xf7, 0x0, 0x0, 0x0,
    0xc, 0xf2, 0x0, 0x0, 0x0, 0x7f, 0xb0, 0x0,
    0x0, 0x1a, 0xfe, 0x10, 0x0, 0x2b, 0xff, 0xc1,
    0x0, 0x0, 0x8, 0xc5, 0x0, 0x0,

    /* U+30EB "ル" */
    0x0, 0x0, 0x10, 0x0, 0x11, 0x0, 0x0, 0x0,
    0x0, 0x0, 0xfc, 0x0, 0xaf, 0x0, 0x0, 0x0,
    0x0, 0x0, 0xec, 0x0, 0xaf, 0x0, 0x0, 0x0,
    0x0, 0x0, 0xeb, 0x0, 0xaf, 0x0, 0x0, 0x0,
    0x0, 0x0, 0xeb, 0x0, 0xaf, 0x0, 0x0, 0x0,
    0x0, 0x0, 0xfa, 0x0, 0xaf, 0x0, 0x0, 0x0,
    0x0, 0x0, 0xf9, 0x0, 0xaf, 0x0, 0x0, 0x0,
    0x0, 0x2, 0xf8, 0x0, 0xaf, 0x0, 0x0, 0x50,
    0x0, 0x5, 0xf5, 0x0, 0xaf, 0x0, 0x9, 0xf2,
    0x0, 0xb, 0xf1, 0x0, 0xaf, 0x0, 0x9f, 0xa0,
    0x0, 0x4f, 0xb0, 0x0, 0xaf, 0x4d, 0xfa, 0x0,
    0x1, 0xef, 0x20, 0x0, 0xaf, 0xff, 0x70, 0x0,
    0xc, 0xf6, 0x0, 0x0, 0xaf, 0xc3, 0x0, 0x0,
    0x0, 0x50, 0x0, 0x0, 0x5, 0x0, 0x0, 0x0,

    /* U+30EC "レ" */
    0x0, 0x0, 0x0, 0x0, 0x0, 0x0, 0xbf, 0x20,
    0x0, 0x0, 0x0, 0x0, 0xaf, 0x10, 0x0, 0x0,
    0x0, 0x0, 0xaf, 0x10, 0x0, 0x0, 0x0, 0x0,
    0xaf, 0x10, 0x0, 0x0, 0x0, 0x0, 0xaf, 0x10,
    0x0, 0x0, 0x0, 0x0, 0xaf, 0x10, 0x0, 0x0,
    0x0, 0xb0, 0xaf, 0x10, 0x0, 0x0, 0x1c, 0xf4,
    0xaf, 0x10, 0x0, 0x4, 0xef, 0x70, 0xaf, 0x10,
    0x1, 0x9f, 0xf5, 0x0, 0xaf, 0x12, 0x8f, 0xfb,
    0x20, 0x0, 0xaf, 0xdf, 0xfd, 0x50, 0x0, 0x0,
    0x9f, 0xfa, 0x40, 0x0, 0x0, 0x0, 0x4, 0x0,
    0x0, 0x0, 0x0, 0x0,

    /* U+30EF "ワ" */
    0x8, 0x88, 0x88, 0x88, 0x88, 0x88, 0x40, 0xf,
    0xff, 0xff, 0xff, 0xff, 0xff, 0xf1, 0xf, 0xc0,
    0x0, 0x0, 0x0, 0xf, 0xe0, 0xf, 0xc0, 0x0,
    0x0, 0x0, 0x1f, 0xb0, 0xf, 0xc0, 0x0, 0x0,
    0x0, 0x5f, 0x80, 0xf, 0xc0, 0x0, 0x0, 0x0,
    0xaf, 0x30, 0x2, 0x20, 0x0, 0x0, 0x1, 0xfe,
    0x0, 0x0, 0x0, 0x0, 0x0, 0xa, 0xf6, 0x0,
    0x0, 0x0, 0x0, 0x0, 0x8f, 0xc0, 0x0, 0x0,
    0x0, 0x0, 0x1a, 0xfd, 0x10, 0x0, 0x0, 0x0,
    0x28, 0xff, 0xc1, 0x0, 0x0, 0x0, 0x1, 0xdf,
    0xe6, 0x0, 0x0, 0x0, 0x0, 0x0, 0x16, 0x0,
    0x0, 0x0, 0x0,

    /* U+30F3 "ン" */
    0x9, 0x50, 0x0, 0x0, 0x0, 0x0, 0x2, 0xef,
    0x90, 0x0, 0x0, 0x0, 0x0, 0x1, 0xcf, 0xc1,
    0x0, 0x0, 0x1, 0x0, 0x0, 0xbf, 0x90, 0x0,
    0x0, 0x97, 0x0, 0x0, 0x70, 0x0, 0x0, 0x4f,
    0xb0, 0x0, 0x0, 0x0, 0x0, 0x2e, 0xf2, 0x0,
    0x0, 0x0, 0x0, 0x2e, 0xf5, 0x0, 0x0, 0x0,
    0x0, 0x4e, 0xf6, 0x0, 0x0, 0x0, 0x0, 0x8f,
    0xf6, 0x0, 0x0, 0x0, 0x17, 0xef, 0xd3, 0x0,
    0x0, 0x47, 0xcf, 0xff, 0x80, 0x0, 0x0, 0x7,
    0xff, 0xd7, 0x10, 0x0, 0x0, 0x0, 0x5, 0x10,
    0x0, 0x0, 0x0, 0x0, 0x0,

    /* U+30FB "・" */
    0x19, 0x91, 0xbf, 0xfb, 0xcf, 0xfc, 0x4e, 0xe4,

    /* U+30FC "ー" */
    0x0, 0x0, 0x0, 0x0, 0x0, 0x0, 0x0, 0xaf,
    0xff, 0xff, 0xff, 0xff, 0xff, 0xf3, 0x9d, 0xdd,
    0xdd, 0xdd, 0xdd, 0xdd, 0xd3,

    /* U+4E00 "一" */
    0x0, 0x0, 0x0, 0x0, 0x0, 0x0, 0x0, 0x0,
    0x1f, 0xff, 0xff, 0xff, 0xff, 0xff, 0xff, 0xf9,
    0x1a, 0xaa, 0xaa, 0xaa, 0xaa, 0xaa, 0xaa, 0xa6,

    /* U+4E0A "上" */
    0x0, 0x0, 0x0, 0x8f, 0x10, 0x0, 0x0, 0x0,
    0x0, 0x0, 0x0, 0x8f, 0x10, 0x0, 0x0, 0x0,
    0x0, 0x0, 0x0, 0x8f, 0x10, 0x0, 0x0, 0x0,
    0x0, 0x0, 0x0, 0x8f, 0x10, 0x0, 0x0, 0x0,
    0x0, 0x0, 0x0, 0x8f, 0x10, 0x0, 0x0, 0x0,
    0x0, 0x0, 0x0, 0x8f, 0x88, 0x88, 0x87, 0x0,
    0x0, 0x0, 0x0, 0x8f, 0xff, 0xff, 0xfe, 0x0,
    0x0, 0x0, 0x0, 0x8f, 0x10, 0x0, 0x0, 0x0,
    0x0, 0x0, 0x0, 0x8f, 0x10, 0x0, 0x0, 0x0,
    0x0, 0x0, 0x0, 0x8f, 0x10, 0x0, 0x0, 0x0,
    0x0, 0x0, 0x0, 0x8f, 0x10, 0x0, 0x0, 0x0,
    0x0, 0x0, 0x0, 0x8f, 0x10, 0x0, 0x0, 0x0,
    0x0, 0x0, 0x0, 0x8f, 0x10, 0x0, 0x0, 0x0,
    0x6f, 0xff, 0xff, 0xff, 0xff, 0xff, 0xff, 0xf0,
    0x49, 0x99, 0x99, 0x99, 0x99, 0x99, 0x99, 0x90,

    /* U+4E0B "下" */
    0x4, 0x44, 0x44, 0x44, 0x44, 0x44, 0x44, 0x41,
    0x1f, 0xff, 0xff, 0xff, 0xff, 0xff, 0xff, 0xf3,
    0x4, 0x44, 0x44, 0x4f, 0xa4, 0x44, 0x44, 0x40,
    0x0, 0x0, 0x0, 0x1f, 0x80, 0x0, 0x0, 0x0,
    0x0, 0x0, 0x0, 0x1f, 0xa1, 0x0, 0x0, 0x0,
    0x0, 0x0, 0x0, 0x1f, 0xff, 0x91, 0x0, 0x0,
    0x0, 0x0, 0x0, 0x1f, 0xaa, 0xff, 0x70, 0x0,
    0x0, 0x0, 0x0, 0x1f, 0x80, 0x3d, 0xfd, 0x20,
    0x0, 0x0, 0x0, 0x1f, 0x80, 0x0, 0x8d, 0x0,
    0x0, 0x0, 0x0, 0x1f, 0x80, 0x0, 0x0, 0x0,
    0x0, 0x0, 0x0, 0x1f, 0x80, 0x0, 0x0, 0x0,
    0x0, 0x0, 0x0, 0x1f, 0x80, 0x0, 0x0, 0x0,
    0x0, 0x0, 0x0, 0x1f, 0x80, 0x0, 0x0, 0x0,
    0x0, 0x0, 0x0, 0x1f, 0x80, 0x0, 0x0, 0x0,

    /* U+4E0D "不" */
    0x7, 0x88, 0x88, 0x88, 0x88, 0x88, 0x88, 0x70,
    0xe, 0xff, 0xff, 0xff, 0xff, 0xff, 0xff, 0xe0,
    0x0, 0x0, 0x0, 0x7, 0xf9, 0x0, 0x0, 0x0,
    0x0, 0x0, 0x0, 0x2f, 0xe0, 0x0, 0x0, 0x0,
    0x0, 0x0, 0x1, 0xdf, 0xd2, 0x30, 0x0, 0x0,
    0x0, 0x0, 0x1d, 0xff, 0xdc, 0xf8, 0x0, 0x0,
    0x0, 0x3, 0xef, 0x6d, 0xd0, 0x9f, 0xc1, 0x0,
    0x0, 0x7f, 0xf5, 0xd, 0xd0, 0x6, 0xfe, 0x40,
    0x1d, 0xfd, 0x30, 0xd, 0xd0, 0x0, 0x3e, 0xf3,
    0xa, 0x80, 0x0, 0xd, 0xd0, 0x0, 0x2, 0x80,
    0x0, 0x0, 0x0, 0xd, 0xd0, 0x0, 0x0, 0x0,
    0x0, 0x0, 0x0, 0xd, 0xd0, 0x0, 0x0, 0x0,
    0x0, 0x0, 0x0, 0xd, 0xd0, 0x0, 0x0, 0x0,
    0x0, 0x0, 0x0, 0xd, 0xd0, 0x0, 0x0, 0x0,

    /* U+4E24 "两" */
    0x7, 0x77, 0x77, 0x77, 0x77, 0x77, 0x77, 0x72,
    0xff, 0xff, 0xff, 0xff, 0xff, 0xff, 0xff, 0x0,
    0x0, 0xd, 0xa0, 0xd, 0xa0, 0x0, 0x0, 0x0,
    0x0, 0xda, 0x0, 0xda, 0x0, 0x0, 0x7, 0xff,
    0xff, 0xff, 0xff, 0xff, 0xff, 0x70, 0x7f, 0x76,
    0xfc, 0x66, 0xfc, 0x67, 0xf7, 0x7, 0xf1, 0xf,
    0x80, 0xf, 0x80, 0x1f, 0x70, 0x7f, 0x12, 0xfe,
    0x12, 0xfe, 0x21, 0xf7, 0x7, 0xf1, 0x6f, 0xdc,
    0x7f, 0xce, 0x2f, 0x70, 0x7f, 0x1d, 0xb2, 0x8d,
    0xb1, 0xdd, 0xf7, 0x7, 0xfa, 0xf3, 0x9, 0xf3,
    0x3, 0x7f, 0x70, 0x7f, 0x67, 0x0, 0x57, 0x0,
    0x1, 0xf7, 0x7, 0xf1, 0x0, 0x0, 0x0, 0x67,
    0x8f, 0x70, 0x7f, 0x10, 0x0, 0x0, 0x9, 0xff,
    0xc2,

    /* U+4E2D "中" */
    0x0, 0x0, 0x0, 0xea, 0x0, 0x0, 0x0, 0x0,
    0x0, 0x0, 0xea, 0x0, 0x0, 0x0, 0x0, 0x0,
    0x0, 0xea, 0x0, 0x0, 0x0, 0x48, 0x88, 0x88,
    0xfd, 0x88, 0x88, 0x84, 0x8f, 0xff, 0xff, 0xff,
    0xff, 0xff, 0xf9, 0x8f, 0x0, 0x0, 0xea, 0x0,
    0x0, 0xf9, 0x8f, 0x0, 0x0, 0xea, 0x0, 0x0,
    0xf9, 0x8f, 0x0, 0x0, 0xea, 0x0, 0x0, 0xf9,
    0x8f, 0x44, 0x44, 0xfc, 0x44, 0x44, 0xf9, 0x8f,
    0xff, 0xff, 0xff, 0xff, 0xff, 0xf9, 0x8f, 0x33,
    0x33, 0xfb, 0x33, 0x33, 0xf9, 0x12, 0x0, 0x0,
    0xea, 0x0, 0x0, 0x10, 0x0, 0x0, 0x0, 0xea,
    0x0, 0x0, 0x0, 0x0, 0x0, 0x0, 0xea, 0x0,
    0x0, 0x0, 0x0, 0x0, 0x0, 0xea, 0x0, 0x0,
    0x0,

    /* U+4E88 "予" */
    0x0, 0x0, 0x0, 0x0, 0x0, 0x0, 0x0, 0x0,
    0x0, 0x6f, 0xff, 0xff, 0xff, 0xff, 0xf7, 0x0,
    0x0, 0x26, 0x66, 0x66, 0x66, 0xaf, 0xe2, 0x0,
    0x0, 0x0, 0x7, 0x40, 0x7, 0xfd, 0x10, 0x0,
    0x0, 0x0, 0x1d, 0xfd, 0xcf, 0x90, 0x0, 0x0,
    0x0, 0x0, 0x0, 0x5d, 0xff, 0x70, 0x0, 0x0,
    0x17, 0x77, 0x77, 0x77, 0xcf, 0xf9, 0x77, 0x71,
    0x2f, 0xff, 0xff, 0xff, 0xff, 0xff, 0xff, 0xf4,
    0x0, 0x0, 0x0, 0xa, 0xe0, 0x0, 0x3f, 0xa0,
    0x0, 0x0, 0x0, 0xa, 0xe0, 0x1, 0xde, 0x10,
    0x0, 0x0, 0x0, 0xa, 0xe0, 0x1, 0xa3, 0x0,
    0x0, 0x0, 0x0, 0xa, 0xe0, 0x0, 0x0, 0x0,
    0x0, 0x0, 0x0, 0xa, 0xe0, 0x0, 0x0, 0x0,
    0x0, 0x0, 0x26, 0x6d, 0xe0, 0x0, 0x0, 0x0,
    0x0, 0x0, 0xf, 0xfe, 0x70, 0x0, 0x0, 0x0,
    0x0, 0x0, 0x0, 0x0, 0x0, 0x0, 0x0, 0x0,

    /* U+4E8B "事" */
    0x0, 0x0, 0x0, 0xe, 0x90, 0x0, 0x0, 0x0,
    0x4, 0x44, 0x44, 0x4f, 0xb4, 0x44, 0x44, 0x30,
    0xf, 0xff, 0xff, 0xff, 0xff, 0xff, 0xff, 0xe0,
    0x0, 0x1, 0x11, 0x1f, 0xa1, 0x11, 0x10, 0x0,
    0x0, 0x5f, 0xee, 0xef, 0xfe, 0xee, 0xf7, 0x0,
    0x0, 0x5f, 0x31, 0x1f, 0xa1, 0x12, 0xf7, 0x0,
    0x0, 0x4e, 0xee, 0xef, 0xfe, 0xee, 0xe6, 0x0,
    0x0, 0x12, 0x22, 0x2f, 0xa2, 0x22, 0x21, 0x0,
    0x0, 0xce, 0xee, 0xef, 0xfe, 0xee, 0xfb, 0x0,
    0x13, 0x33, 0x33, 0x3f, 0xb3, 0x33, 0xdc, 0x30,
    0x5f, 0xff, 0xff, 0xff, 0xff, 0xff, 0xff, 0xf3,
    0x0, 0x22, 0x22, 0x2f, 0xa2, 0x22, 0xdb, 0x0,
    0x0, 0xef, 0xff, 0xff, 0xff, 0xff, 0xfb, 0x0,
    0x0, 0x0, 0x2, 0x3f, 0x90, 0x0, 0x87, 0x0,
    0x0, 0x0, 0xf, 0xfe, 0x40, 0x0, 0x0, 0x0,
    0x0, 0x0, 0x0, 0x0, 0x0, 0x0, 0x0, 0x0,

    /* U+4EAC "京" */
    0x0, 0x0, 0x0, 0xb, 0xe0, 0x0, 0x0, 0x0,
    0x0, 0x0, 0x0, 0xb, 0xe0, 0x0, 0x0, 0x0,
    0xb, 0xcc, 0xcc, 0xcf, 0xfc, 0xcc, 0xcc, 0xc2,
    0x9, 0xaa, 0xaa, 0xaa, 0xaa, 0xaa, 0xaa, 0xa2,
    0x0, 0x0, 0x0, 0x0, 0x0, 0x0, 0x0, 0x0,
    0x0, 0x1f, 0xff, 0xff, 0xff, 0xff, 0xf1, 0x0,
    0x0, 0x1f, 0x94, 0x44, 0x44, 0x4a, 0xf1, 0x0,
    0x0, 0x1f, 0x70, 0x0, 0x0, 0x8, 0xf1, 0x0,
    0x0, 0x1f, 0xa6, 0x66, 0x66, 0x6b, 0xf1, 0x0,
    0x0, 0x1e, 0xee, 0xef, 0xfe, 0xee, 0xe1, 0x0,
    0x0, 0x3, 0x10, 0xa, 0xe0, 0x2, 0x10, 0x0,
    0x0, 0x1e, 0xc0, 0xa, 0xe0, 0x1e, 0xe2, 0x0,
    0x1, 0xde, 0x10, 0xa, 0xe0, 0x2, 0xee, 0x30,
    0xd, 0xe2, 0x16, 0x6c, 0xe0, 0x0, 0x3f, 0xf2,
    0x2, 0x10, 0xf, 0xfe, 0x80, 0x0, 0x4, 0x30,
    0x0, 0x0, 0x0, 0x0, 0x0, 0x0, 0x0, 0x0,

    /* U+4ECA "今" */
    0x0, 0x0, 0x0, 0x6f, 0xb0, 0x0, 0x0, 0x0,
    0x0, 0x0, 0x2, 0xff, 0xf8, 0x0, 0x0, 0x0,
    0x0, 0x0, 0xc, 0xf6, 0xbf, 0x50, 0x0, 0x0,
    0x0, 0x0, 0xbf, 0x90, 0x1d, 0xf5, 0x0, 0x0,
    0x0, 0xa, 0xfa, 0x0, 0x1, 0xdf, 0x70, 0x0,
    0x1, 0xcf, 0xe7, 0x77, 0x77, 0x8d, 0xfa, 0x10,
    0x3e, 0xf7, 0xaf, 0xff, 0xff, 0xf3, 0x8f, 0xe1,
    0xa, 0x30, 0x0, 0x0, 0x0, 0x0, 0x4, 0x70,
    0x0, 0x35, 0x55, 0x55, 0x55, 0x55, 0x30, 0x0,
    0x0, 0x9f, 0xff, 0xff, 0xff, 0xff, 0xd0, 0x0,
    0x0, 0x12, 0x22, 0x22, 0x22, 0x6f, 0x70, 0x0,
    0x0, 0x0, 0x0, 0x0, 0x0, 0xcf, 0x0, 0x0,
    0x0, 0x0, 0x0, 0x0, 0x3, 0xf8, 0x0, 0x0,
    0x0, 0x0, 0x0, 0x0, 0xb, 0xf1, 0x0, 0x0,
    0x0, 0x0, 0x0, 0x0, 0x3f, 0x90, 0x0, 0x0,
    0x0, 0x0, 0x0, 0x0, 0x3, 0x10, 0x0, 0x0,

    /* U+4EF6 "件" */
    0x0, 0x0, 0x0, 0x0, 0x0, 0x0, 0x0, 0x0,
    0x0, 0x1, 0xe5, 0x0, 0x7, 0xf1, 0x0, 0x0,
    0x0, 0x7, 0xf2, 0x5f, 0x27, 0xf1, 0x0, 0x0,
    0x0, 0xe, 0xb0, 0x8f, 0x7, 0xf1, 0x0, 0x0,
    0x0, 0x6f, 0x40, 0xcd, 0x4a, 0xf5, 0x44, 0x20,
    0x0, 0xef, 0x1, 0xff, 0xff, 0xff, 0xff, 0x90,
    0x9, 0xff, 0x7, 0xf4, 0x38, 0xf4, 0x33, 0x10,
    0x4f, 0xff, 0xe, 0xb0, 0x7, 0xf1, 0x0, 0x0,
    0x3e, 0x9f, 0x2, 0x20, 0x7, 0xf1, 0x0, 0x0,
    0x1, 0x8f, 0x8, 0x88, 0x8c, 0xf9, 0x88, 0x82,
    0x0, 0x8f, 0xe, 0xff, 0xff, 0xff, 0xff, 0xf5,
    0x0, 0x8f, 0x0, 0x0, 0x7, 0xf1, 0x0, 0x0,
    0x0, 0x8f, 0x0, 0x0, 0x7, 0xf1, 0x0, 0x0,
    0x0, 0x8f, 0x0, 0x0, 0x7, 0xf1, 0x0, 0x0,
    0x0, 0x8f, 0x0, 0x0, 0x7, 0xf1, 0x0, 0x0,
    0x0, 0x7f, 0x0, 0x0, 0x7, 0xf1, 0x0, 0x0,

    /* U+4F1A "会" */
    0x0, 0x0, 0x0, 0x1e, 0xf4, 0x0, 0x0, 0x0,
    0x0, 0x0, 0x0, 0xaf, 0xfe, 0x10, 0x0, 0x0,
    0x0, 0x0, 0x8, 0xfd, 0x8f, 0xd1, 0x0, 0x0,
    0x0, 0x0, 0x8f, 0xe1, 0x9, 0xfd, 0x10, 0x0,
    0x0, 0x9, 0xfd, 0x20, 0x0, 0x7f, 0xe5, 0x0,
    0x3, 0xdf, 0xe8, 0x77, 0x77, 0x7b, 0xef, 0xa2,
    0x1e, 0xe5, 0x9f, 0xff, 0xff, 0xff, 0x1a, 0xf6,
    0x3, 0x0, 0x0, 0x0, 0x0, 0x0, 0x0, 0x20,
    0x2, 0x77, 0x77, 0x77, 0x77, 0x77, 0x77, 0x60,
    0x5, 0xff, 0xff, 0xff, 0xff, 0xff, 0xff, 0xd0,
    0x0, 0x0, 0x9, 0xf3, 0x0, 0x53, 0x0, 0x0,
    0x0, 0x0, 0x1f, 0xb0, 0x1, 0xcf, 0x40, 0x0,
    0x0, 0x0, 0x8f, 0x20, 0x0, 0x1d, 0xf3, 0x0,
    0x2, 0xcd, 0xff, 0xef, 0xff, 0xff, 0xfe, 0x20,
    0x1, 0xba, 0xa9, 0x87, 0x76, 0x54, 0x5f, 0x60,
    0x0, 0x0, 0x0, 0x0, 0x0, 0x0, 0x1, 0x0,

    /* U+4F4D "位" */
    0x0, 0x0, 0x0, 0x0, 0x0, 0x0, 0x0, 0x0,
    0x0, 0x0, 0xe7, 0x0, 0x9, 0xe0, 0x0, 0x0,
    0x0, 0x6, 0xf4, 0x0, 0x9, 0xe0, 0x0, 0x0,
    0x0, 0xd, 0xc0, 0x0, 0x9, 0xe0, 0x0, 0x0,
    0x0, 0x7f, 0x46, 0xbb, 0xbe, 0xfb, 0xbb, 0xb2,
    0x2, 0xff, 0x17, 0xcc, 0xcc, 0xcc, 0xcc, 0xc2,
    0xd, 0xff, 0x10, 0x3, 0x0, 0x0, 0x43, 0x0,
    0x8f, 0xbf, 0x10, 0x3f, 0x30, 0x0, 0xec, 0x0,
    0x28, 0x5f, 0x10, 0xf, 0x70, 0x1, 0xf8, 0x0,
    0x0, 0x5f, 0x10, 0xc, 0xa0, 0x4, 0xf4, 0x0,
    0x0, 0x5f, 0x10, 0x9, 0xd0, 0x8, 0xf0, 0x0,
    0x0, 0x5f, 0x10, 0x7, 0xf0, 0xc, 0xb0, 0x0,
    0x0, 0x5f, 0x10, 0x5, 0xf2, 0x1f, 0x70, 0x0,
    0x0, 0x5f, 0x10, 0x1, 0x30, 0x5f, 0x10, 0x0,
    0x0, 0x5f, 0x1e, 0xff, 0xff, 0xff, 0xff, 0xf8,
    0x0, 0x5f, 0x17, 0x77, 0x77, 0x77, 0x77, 0x74,

    /* U+4F4E "低" */
    0x0, 0x0, 0x40, 0x0, 0x0, 0x0, 0x0, 0x0,
    0x0, 0x4, 0xf4, 0x0, 0x0, 0x37, 0xad, 0x30,
    0x0, 0xc, 0xd2, 0xcb, 0xef, 0xff, 0xb8, 0x30,
    0x0, 0x4f, 0x62, 0xfa, 0x64, 0xdc, 0x0, 0x0,
    0x0, 0xdf, 0x2, 0xf5, 0x0, 0xbc, 0x0, 0x0,
    0x9, 0xff, 0x2, 0xf5, 0x0, 0xad, 0x0, 0x0,
    0x7f, 0xff, 0x2, 0xff, 0xff, 0xff, 0xff, 0xf7,
    0x4c, 0x8f, 0x2, 0xf9, 0x66, 0xaf, 0x66, 0x62,
    0x1, 0x8f, 0x2, 0xf5, 0x0, 0x5f, 0x20, 0x0,
    0x0, 0x8f, 0x2, 0xf5, 0x0, 0x2f, 0x50, 0x0,
    0x0, 0x8f, 0x2, 0xf5, 0x14, 0x4f, 0x90, 0x0,
    0x0, 0x8f, 0x1b, 0xff, 0xff, 0xbb, 0xd0, 0x54,
    0x0, 0x8f, 0xd, 0xa8, 0x52, 0x5, 0xf4, 0x8b,
    0x0, 0x8f, 0x3, 0x55, 0x55, 0x55, 0xde, 0xe8,
    0x0, 0x8f, 0xa, 0xff, 0xff, 0xff, 0x2b, 0xc1,

    /* U+4F53 "体" */
    0x0, 0x5, 0xa0, 0x0, 0xe, 0x90, 0x0, 0x0,
    0x0, 0xb, 0xc0, 0x0, 0xe, 0x90, 0x0, 0x0,
    0x0, 0x2f, 0x60, 0x0, 0xe, 0x90, 0x0, 0x0,
    0x0, 0x9f, 0x27, 0x77, 0x7f, 0xc7, 0x77, 0x71,
    0x1, 0xfe, 0x4f, 0xff, 0xff, 0xff, 0xff, 0xf3,
    0xa, 0xfe, 0x0, 0x0, 0xef, 0xf9, 0x0, 0x0,
    0x5f, 0xee, 0x0, 0x4, 0xef, 0xdf, 0x10, 0x0,
    0x2c, 0x8e, 0x0, 0xc, 0x8e, 0x9e, 0x80, 0x0,
    0x0, 0x8e, 0x0, 0x5f, 0x1e, 0x96, 0xf2, 0x0,
    0x0, 0x8e, 0x1, 0xe8, 0xe, 0x90, 0xeb, 0x0,
    0x0, 0x8e, 0xb, 0xe0, 0xe, 0x90, 0x5f, 0x80,
    0x0, 0x8e, 0x8f, 0x9f, 0xff, 0xff, 0xea, 0xf4,
    0x0, 0x8e, 0x25, 0x26, 0x6f, 0xc6, 0x60, 0x60,
    0x0, 0x8e, 0x0, 0x0, 0xe, 0x90, 0x0, 0x0,
    0x0, 0x8e, 0x0, 0x0, 0xd, 0x80, 0x0, 0x0,

    /* U+4F59 "余" */
    0x0, 0x0, 0x0, 0x4f, 0xd1, 0x0, 0x0, 0x0,
    0x0, 0x0, 0x2, 0xef, 0xfc, 0x0, 0x0, 0x0,
    0x0, 0x0, 0x2e, 0xf7, 0xbf, 0xb0, 0x0, 0x0,
    0x0, 0x3, 0xef, 0x70, 0xa, 0xfd, 0x20, 0x0,
    0x0, 0x6f, 0xf6, 0x0, 0x0, 0x8f, 0xf6, 0x0,
    0x2b, 0xff, 0xc9, 0x99, 0x99, 0x9c, 0xdf, 0xc2,
    0x1d, 0x74, 0xcc, 0xcf, 0xfc, 0xcc, 0x8, 0xc0,
    0x0, 0x0, 0x0, 0xe, 0xa0, 0x0, 0x0, 0x0,
    0x3, 0x77, 0x77, 0x7f, 0xd7, 0x77, 0x77, 0x30,
    0x7, 0xff, 0xff, 0xff, 0xff, 0xff, 0xff, 0x70,
    0x0, 0x1, 0x30, 0xe, 0xa0, 0x3, 0x0, 0x0,
    0x0, 0xc, 0xf2, 0xe, 0xa0, 0x7f, 0xa0, 0x0,
    0x3, 0xde, 0x30, 0xe, 0xa0, 0x5, 0xfd, 0x20,
    0x2f, 0xd2, 0x16, 0x7f, 0xa0, 0x0, 0x3f, 0xc0,
    0x3, 0x0, 0xe, 0xfd, 0x40, 0x0, 0x2, 0x0,

    /* U+4F5C "作" */
    0x0, 0x0, 0x10, 0x0, 0x0, 0x0, 0x0, 0x0,
    0x0, 0x1, 0xf8, 0x0, 0xdb, 0x0, 0x0, 0x0,
    0x0, 0x8, 0xf3, 0x4, 0xf6, 0x0, 0x0, 0x0,
    0x0, 0x1f, 0xb0, 0xc, 0xfa, 0xaa, 0xaa, 0xa5,
    0x0, 0xbf, 0x30, 0x5f, 0xdf, 0xfd, 0xdd, 0xd7,
    0x7, 0xff, 0x12, 0xec, 0xc, 0xc0, 0x0, 0x0,
    0x4f, 0xff, 0x2d, 0xf2, 0xc, 0xe6, 0x66, 0x61,
    0x2e, 0x8f, 0x15, 0x50, 0xc, 0xff, 0xff, 0xf3,
    0x1, 0x7f, 0x10, 0x0, 0xc, 0xc0, 0x0, 0x0,
    0x0, 0x7f, 0x10, 0x0, 0xc, 0xc0, 0x0, 0x0,
    0x0, 0x7f, 0x10, 0x0, 0xc, 0xff, 0xff, 0xf6,
    0x0, 0x7f, 0x10, 0x0, 0xc, 0xe7, 0x77, 0x73,
    0x0, 0x7f, 0x10, 0x0, 0xc, 0xc0, 0x0, 0x0,
    0x0, 0x7f, 0x10, 0x0, 0xc, 0xc0, 0x0, 0x0,
    0x0, 0x6f, 0x10, 0x0, 0xc, 0xc0, 0x0, 0x0,

    /* U+4F7F "使" */
    0x0, 0x0, 0x0, 0x0, 0x0, 0x0, 0x0, 0x0,
    0x0, 0x0, 0xd6, 0x0, 0x8, 0xf0, 0x0, 0x0,
    0x0, 0x5, 0xf3, 0x0, 0x8, 0xf0, 0x0, 0x0,
    0x0, 0xd, 0xcb, 0xff, 0xff, 0xff, 0xff, 0xf6,
    0x0, 0x6f, 0x45, 0x77, 0x7b, 0xf7, 0x77, 0x73,
    0x1, 0xff, 0x10, 0x11, 0x19, 0xf1, 0x11, 0x10,
    0xc, 0xff, 0x16, 0xff, 0xff, 0xff, 0xff, 0xf0,
    0x8f, 0xbf, 0x16, 0xf3, 0x3a, 0xf3, 0x39, 0xf0,
    0x28, 0x5f, 0x16, 0xf0, 0x8, 0xf0, 0x8, 0xf0,
    0x0, 0x5f, 0x16, 0xff, 0xff, 0xff, 0xff, 0xf0,
    0x0, 0x5f, 0x12, 0xa5, 0x5d, 0xd5, 0x55, 0x40,
    0x0, 0x5f, 0x11, 0xe9, 0xf, 0x80, 0x0, 0x0,
    0x0, 0x5f, 0x10, 0x3f, 0xef, 0x20, 0x0, 0x0,
    0x0, 0x5f, 0x10, 0xa, 0xff, 0x93, 0x0, 0x0,
    0x0, 0x5f, 0x38, 0xef, 0x87, 0xef, 0xea, 0x83,
    0x0, 0x5f, 0x2b, 0x92, 0x0, 0x3, 0x8b, 0xd1,

    /* U+4F8B "例" */
    0x0, 0x0, 0x0, 0x0, 0x0, 0x0, 0x0, 0x0,
    0x0, 0xc7, 0x0, 0x0, 0x0, 0x0, 0x7e, 0x0,
    0x2f, 0xaf, 0xff, 0xff, 0x80, 0x7, 0xe0, 0x8,
    0xf2, 0x6f, 0x85, 0x59, 0xc0, 0x7e, 0x1, 0xf9,
    0x4, 0xf1, 0x0, 0x8d, 0x7, 0xe0, 0x8f, 0x70,
    0x7f, 0x9a, 0x88, 0xd0, 0x7e, 0x2f, 0xf7, 0xb,
    0xeb, 0xed, 0x8d, 0x7, 0xec, 0xff, 0x71, 0xf5,
    0xd, 0xb8, 0xd0, 0x7e, 0x85, 0xe7, 0x7f, 0x50,
    0xf7, 0x8d, 0x7, 0xe0, 0xe, 0x9f, 0xcf, 0xbf,
    0x38, 0xd0, 0x7e, 0x0, 0xe8, 0xa0, 0x6f, 0xe0,
    0x8d, 0x7, 0xe0, 0xe, 0x70, 0x1, 0xf8, 0x8,
    0xd0, 0x7e, 0x0, 0xe7, 0x0, 0x9f, 0x10, 0x35,
    0x7, 0xe0, 0xe, 0x70, 0x5f, 0x80, 0x0, 0x0,
    0x7e, 0x0, 0xe7, 0x4f, 0xc0, 0x0, 0x7, 0x7b,
    0xe0, 0xe, 0x72, 0xb1, 0x0, 0x0, 0xbf, 0xe6,
    0x0, 0x0, 0x0, 0x0, 0x0, 0x0, 0x0, 0x0,

    /* U+4F9B "供" */
    0x0, 0x0, 0x0, 0x0, 0x0, 0x0, 0x0, 0x0,
    0x0, 0x0, 0xe6, 0x9, 0xe0, 0x6, 0xf1, 0x0,
    0x0, 0x6, 0xf3, 0x9, 0xe0, 0x6, 0xf1, 0x0,
    0x0, 0xd, 0xc0, 0x9, 0xe0, 0x6, 0xf1, 0x0,
    0x0, 0x6f, 0x51, 0x3a, 0xf3, 0x38, 0xf4, 0x30,
    0x1, 0xef, 0x8, 0xff, 0xff, 0xff, 0xff, 0xf4,
    0xa, 0xff, 0x1, 0x3a, 0xf3, 0x38, 0xf4, 0x31,
    0x6f, 0xff, 0x0, 0x9, 0xe0, 0x6, 0xf1, 0x0,
    0x5d, 0x9f, 0x0, 0x9, 0xe0, 0x6, 0xf1, 0x0,
    0x1, 0x8f, 0x0, 0x9, 0xe0, 0x6, 0xf1, 0x0,
    0x0, 0x8f, 0xe, 0xff, 0xff, 0xff, 0xff, 0xf6,
    0x0, 0x8f, 0x6, 0x77, 0x77, 0x77, 0x77, 0x73,
    0x0, 0x8f, 0x0, 0x6, 0xa0, 0x3, 0x90, 0x0,
    0x0, 0x8f, 0x0, 0x4f, 0x90, 0x2, 0xec, 0x0,
    0x0, 0x8f, 0x5, 0xfb, 0x0, 0x0, 0x2f, 0xb0,
    0x0, 0x8f, 0x8, 0xa0, 0x0, 0x0, 0x5, 0xb1,
    0x0, 0x0, 0x0, 0x0, 0x0, 0x0, 0x0, 0x0,

    /* U+4FDD "保" */
    0x0, 0x0, 0x83, 0x0, 0x0, 0x0, 0x0, 0x0,
    0x0, 0x4, 0xf5, 0xef, 0xff, 0xff, 0xff, 0x70,
    0x0, 0xb, 0xd0, 0xea, 0x55, 0x55, 0x5f, 0x70,
    0x0, 0x4f, 0x60, 0xe8, 0x0, 0x0, 0xf, 0x70,
    0x0, 0xdf, 0x10, 0xe8, 0x0, 0x0, 0xf, 0x70,
    0x9, 0xff, 0x10, 0xee, 0xdd, 0xdd, 0xdf, 0x70,
    0x6f, 0xcf, 0x10, 0x78, 0x8c, 0xf8, 0x88, 0x40,
    0x2a, 0x5f, 0x10, 0x0, 0x8, 0xf0, 0x0, 0x0,
    0x0, 0x5f, 0x2f, 0xff, 0xff, 0xff, 0xff, 0xf5,
    0x0, 0x5f, 0x16, 0x66, 0xcf, 0xff, 0x76, 0x62,
    0x0, 0x5f, 0x10, 0x4, 0xfe, 0xfe, 0x90, 0x0,
    0x0, 0x5f, 0x10, 0x3f, 0xa8, 0xf4, 0xf8, 0x0,
    0x0, 0x5f, 0x16, 0xfc, 0x8, 0xf0, 0x7f, 0xa0,
    0x0, 0x5f, 0x4f, 0xa0, 0x8, 0xf0, 0x6, 0xf6,
    0x0, 0x5f, 0x12, 0x0, 0x8, 0xf0, 0x0, 0x20,

    /* U+4FE1 "信" */
    0x0, 0x0, 0x83, 0x0, 0x0, 0x0, 0x0, 0x0,
    0x0, 0x3, 0xf5, 0x6f, 0xff, 0xff, 0xff, 0x0,
    0x0, 0xb, 0xe0, 0x13, 0x33, 0x33, 0x33, 0x0,
    0x0, 0x4f, 0x65, 0x55, 0x55, 0x55, 0x55, 0x52,
    0x0, 0xdf, 0x2d, 0xee, 0xee, 0xee, 0xee, 0xe6,
    0xa, 0xff, 0x10, 0x24, 0x44, 0x44, 0x44, 0x10,
    0x7f, 0xdf, 0x10, 0x9f, 0xff, 0xff, 0xff, 0x40,
    0x4b, 0x5f, 0x10, 0x1, 0x11, 0x11, 0x11, 0x0,
    0x0, 0x5f, 0x10, 0xaf, 0xff, 0xff, 0xff, 0x40,
    0x0, 0x5f, 0x10, 0x1, 0x11, 0x11, 0x11, 0x0,
    0x0, 0x5f, 0x10, 0xcf, 0xff, 0xff, 0xff, 0x70,
    0x0, 0x5f, 0x10, 0xdb, 0x44, 0x44, 0x4f, 0x70,
    0x0, 0x5f, 0x10, 0xda, 0x0, 0x0, 0xf, 0x70,
    0x0, 0x5f, 0x10, 0xdc, 0x55, 0x55, 0x6f, 0x70,
    0x0, 0x5f, 0x10, 0xdf, 0xdd, 0xdd, 0xdf, 0x70,
    0x0, 0x0, 0x0, 0x0, 0x0, 0x0, 0x0, 0x0,

    /* U+5024 "値" */
    0x0, 0x0, 0x0, 0x0, 0x0, 0x0, 0x0, 0x0,
    0x0, 0x1, 0xa3, 0x0, 0x0, 0xbc, 0x0, 0x0,
    0x0, 0x6, 0xf2, 0x0, 0x0, 0xcb, 0x0, 0x0,
    0x0, 0xd, 0xb1, 0xff, 0xff, 0xff, 0xff, 0xf7,
    0x0, 0x6f, 0x40, 0x55, 0x55, 0xfa, 0x55, 0x52,
    0x0, 0xef, 0x0, 0x0, 0x7a, 0xfc, 0x99, 0x60,
    0x9, 0xff, 0x7, 0xd0, 0xbd, 0x77, 0x7d, 0xb0,
    0x5f, 0xff, 0x9, 0xf1, 0xbb, 0x11, 0x1c, 0xb0,
    0x5d, 0x8f, 0x9, 0xf1, 0xbf, 0xff, 0xff, 0xb0,
    0x1, 0x8f, 0x9, 0xf1, 0xbb, 0x11, 0x1c, 0xb0,
    0x0, 0x8f, 0x9, 0xf1, 0xbf, 0xff, 0xff, 0xb0,
    0x0, 0x8f, 0x9, 0xf1, 0xba, 0x0, 0xc, 0xb0,
    0x0, 0x8f, 0x9, 0xf1, 0xbf, 0xff, 0xff, 0xb0,
    0x0, 0x8f, 0x9, 0xf1, 0x0, 0x0, 0x0, 0x0,
    0x0, 0x8f, 0x9, 0xff, 0xff, 0xff, 0xff, 0xf9,
    0x0, 0x8f, 0x9, 0xf6, 0x66, 0x66, 0x66, 0x63,

    /* U+5143 "元" */
    0x0, 0x25, 0x55, 0x55, 0x55, 0x55, 0x54, 0x0,
    0x0, 0x7f, 0xff, 0xff, 0xff, 0xff, 0xfe, 0x0,
    0x0, 0x12, 0x22, 0x22, 0x22, 0x22, 0x22, 0x0,
    0x0, 0x0, 0x0, 0x0, 0x0, 0x0, 0x0, 0x0,
    0x0, 0x0, 0x0, 0x0, 0x0, 0x0, 0x0, 0x0,
    0x1e, 0xee, 0xee, 0xee, 0xee, 0xee, 0xee, 0xe2,
    0x19, 0x99, 0x9f, 0xd9, 0x9d, 0xf9, 0x99, 0x91,
    0x0, 0x0, 0x1f, 0x70, 0xa, 0xe0, 0x0, 0x0,
    0x0, 0x0, 0x4f, 0x50, 0xa, 0xe0, 0x0, 0x0,
    0x0, 0x0, 0x8f, 0x10, 0xa, 0xe0, 0x0, 0x0,
    0x0, 0x1, 0xec, 0x0, 0xa, 0xe0, 0x0, 0xc4,
    0x0, 0xc, 0xf3, 0x0, 0xa, 0xe0, 0x0, 0xf5,
    0x5, 0xdf, 0x60, 0x0, 0x9, 0xf7, 0x78, 0xf2,
    0x1d, 0xd4, 0x0, 0x0, 0x3, 0xef, 0xff, 0x90,
    0x1, 0x0, 0x0, 0x0, 0x0, 0x0, 0x0, 0x0,

    /* U+5165 "入" */
    0x0, 0x8, 0xff, 0xff, 0xc0, 0x0, 0x0, 0x0,
    0x0, 0x4, 0x88, 0x8d, 0xd0, 0x0, 0x0, 0x0,
    0x0, 0x0, 0x0, 0x9, 0xf0, 0x0, 0x0, 0x0,
    0x0, 0x0, 0x0, 0x4c, 0xf1, 0x0, 0x0, 0x0,
    0x0, 0x0, 0x0, 0x9f, 0xf4, 0x0, 0x0, 0x0,
    0x0, 0x0, 0x0, 0xee, 0xf9, 0x0, 0x0, 0x0,
    0x0, 0x0, 0x4, 0xf8, 0xbe, 0x0, 0x0, 0x0,
    0x0, 0x0, 0xb, 0xf2, 0x5f, 0x70, 0x0, 0x0,
    0x0, 0x0, 0x4f, 0xa0, 0xd, 0xe1, 0x0, 0x0,
    0x0, 0x0, 0xdf, 0x20, 0x5, 0xfb, 0x0, 0x0,
    0x0, 0xb, 0xf6, 0x0, 0x0, 0xaf, 0xa0, 0x0,
    0x1, 0xcf, 0x90, 0x0, 0x0, 0xc, 0xfb, 0x10,
    0x4e, 0xf9, 0x0, 0x0, 0x0, 0x0, 0xbf, 0xe1,
    0x9, 0x50, 0x0, 0x0, 0x0, 0x0, 0x7, 0x60,

    /* U+5168 "全" */
    0x0, 0x0, 0x0, 0x4f, 0xd0, 0x0, 0x0, 0x0,
    0x0, 0x0, 0x1, 0xef, 0xfa, 0x0, 0x0, 0x0,
    0x0, 0x0, 0xc, 0xf8, 0xcf, 0x80, 0x0, 0x0,
    0x0, 0x0, 0xbf, 0xa0, 0x1d, 0xf8, 0x0, 0x0,
    0x0, 0x1b, 0xfa, 0x0, 0x1, 0xcf, 0xa0, 0x0,
    0x2, 0xdf, 0x90, 0x0, 0x0, 0xa, 0xfd, 0x30,
    0x4f, 0xfd, 0x99, 0x99, 0x99, 0x99, 0xdf, 0xf3,
    0x8, 0x19, 0xcc, 0xcf, 0xec, 0xcc, 0x82, 0x60,
    0x0, 0x0, 0x0, 0xe, 0xa0, 0x0, 0x0, 0x0,
    0x0, 0x1, 0x11, 0x1f, 0xb1, 0x11, 0x10, 0x0,
    0x0, 0x8f, 0xff, 0xff, 0xff, 0xff, 0xf6, 0x0,
    0x0, 0x23, 0x33, 0x3f, 0xc3, 0x33, 0x31, 0x0,
    0x0, 0x0, 0x0, 0xe, 0xa0, 0x0, 0x0, 0x0,
    0x9, 0xaa, 0xaa, 0xaf, 0xea, 0xaa, 0xaa, 0x80,
    0xd, 0xff, 0xff, 0xff, 0xff, 0xff, 0xff, 0xc0,

    /* U+516D "六" */
    0x0, 0x0, 0x0, 0xe, 0xb0, 0x0, 0x0, 0x0,
    0x0, 0x0, 0x0, 0xe, 0xb0, 0x0, 0x0, 0x0,
    0x0, 0x0, 0x0, 0xe, 0xb0, 0x0, 0x0, 0x0,
    0x0, 0x0, 0x0, 0xe, 0xb0, 0x0, 0x0, 0x0,
    0x1d, 0xdd, 0xdd, 0xdf, 0xfd, 0xdd, 0xdd, 0xd0,
    0x1b, 0xbb, 0xbb, 0xbb, 0xbb, 0xbb, 0xbb, 0xb0,
    0x0, 0x0, 0x0, 0x0, 0x0, 0x0, 0x0, 0x0,
    0x0, 0x0, 0x20, 0x0, 0x0, 0x1, 0x0, 0x0,
    0x0, 0x0, 0xdf, 0x0, 0x1, 0xfb, 0x0, 0x0,
    0x0, 0x5, 0xf9, 0x0, 0x0, 0x8f, 0x60, 0x0,
    0x0, 0xd, 0xf2, 0x0, 0x0, 0xe, 0xf1, 0x0,
    0x0, 0x6f, 0x90, 0x0, 0x0, 0x5, 0xfa, 0x0,
    0x2, 0xfe, 0x10, 0x0, 0x0, 0x0, 0xcf, 0x30,
    0x1d, 0xf5, 0x0, 0x0, 0x0, 0x0, 0x4f, 0xb0,
    0x1c, 0x90, 0x0, 0x0, 0x0, 0x0, 0xd, 0xa0,
    0x0, 0x0, 0x0, 0x0, 0x0, 0x0, 0x0, 0x0,

    /* U+5171 "共" */
    0x0, 0x0, 0xae, 0x0, 0x0, 0xea, 0x0, 0x0,
    0x0, 0x0, 0xae, 0x0, 0x0, 0xea, 0x0, 0x0,
    0x0, 0x0, 0xae, 0x0, 0x0, 0xea, 0x0, 0x0,
    0x2, 0x44, 0xbf, 0x44, 0x44, 0xfb, 0x44, 0x30,
    0xa, 0xff, 0xff, 0xff, 0xff, 0xff, 0xff, 0xc0,
    0x2, 0x33, 0xbf, 0x33, 0x33, 0xfb, 0x33, 0x20,
    0x0, 0x0, 0xae, 0x0, 0x0, 0xea, 0x0, 0x0,
    0x0, 0x0, 0xae, 0x0, 0x0, 0xea, 0x0, 0x0,
    0x1, 0x11, 0xbf, 0x11, 0x11, 0xfb, 0x11, 0x10,
    0x4f, 0xff, 0xff, 0xff, 0xff, 0xff, 0xff, 0xf4,
    0x16, 0x66, 0x66, 0x66, 0x66, 0x66, 0x66, 0x61,
    0x0, 0x0, 0x3a, 0x30, 0x3, 0xb3, 0x0, 0x0,
    0x0, 0x4, 0xfe, 0x20, 0x2, 0xdf, 0x70, 0x0,
    0x0, 0x7f, 0xd2, 0x0, 0x0, 0xa, 0xfa, 0x0,
    0xb, 0xfa, 0x10, 0x0, 0x0, 0x0, 0x8f, 0xb0,
    0x1, 0x50, 0x0, 0x0, 0x0, 0x0, 0x5, 0x10,

    /* U+5185 "内" */
    0x0, 0x0, 0x0, 0xae, 0x0, 0x0, 0x0, 0x0,
    0x0, 0x0, 0xae, 0x0, 0x0, 0x0, 0x0, 0x0,
    0x0, 0xae, 0x0, 0x0, 0x0, 0x7f, 0xff, 0xff,
    0xff, 0xff, 0xff, 0xf8, 0x8f, 0x88, 0x88, 0xdf,
    0x88, 0x88, 0xf8, 0x8f, 0x0, 0x0, 0xcc, 0x0,
    0x0, 0xf8, 0x8f, 0x0, 0x0, 0xfc, 0x0, 0x0,
    0xf8, 0x8f, 0x0, 0x6, 0xff, 0xb0, 0x0, 0xf8,
    0x8f, 0x0, 0x1e, 0xc4, 0xfc, 0x0, 0xf8, 0x8f,
    0x1, 0xdf, 0x20, 0x4f, 0xc0, 0xf8, 0x8f, 0x5f,
    0xf3, 0x0, 0x4, 0xf8, 0xf8, 0x8f, 0x1a, 0x20,
    0x0, 0x0, 0x50, 0xf8, 0x8f, 0x0, 0x0, 0x0,
    0x0, 0x0, 0xf8, 0x8f, 0x0, 0x0, 0x0, 0x5,
    0x88, 0xf8, 0x8f, 0x0, 0x0, 0x0, 0x5, 0xfe,
    0xc2,

    /* U+518D "再" */
    0xe, 0xff, 0xff, 0xff, 0xff, 0xff, 0xff, 0xb0,
    0xe, 0xff, 0xff, 0xff, 0xff, 0xff, 0xff, 0xa0,
    0x0, 0x0, 0x0, 0xe, 0x90, 0x0, 0x0, 0x0,
    0x0, 0x8f, 0xff, 0xff, 0xff, 0xff, 0xf8, 0x0,
    0x0, 0x9f, 0x66, 0x6f, 0xc6, 0x66, 0xf8, 0x0,
    0x0, 0x9f, 0x0, 0xe, 0x90, 0x0, 0xf8, 0x0,
    0x0, 0x9f, 0xff, 0xff, 0xff, 0xff, 0xf8, 0x0,
    0x0, 0x9f, 0x55, 0x5f, 0xb5, 0x55, 0xf8, 0x0,
    0x0, 0x9f, 0x0, 0xe, 0x90, 0x0, 0xf8, 0x0,
    0x5d, 0xff, 0xdd, 0xdf, 0xfd, 0xdd, 0xfe, 0xd6,
    0x38, 0xcf, 0x88, 0x88, 0x88, 0x88, 0xfc, 0x83,
    0x0, 0x9f, 0x0, 0x0, 0x0, 0x0, 0xf8, 0x0,
    0x0, 0x9f, 0x0, 0x0, 0x3, 0x66, 0xf8, 0x0,
    0x0, 0x9f, 0x0, 0x0, 0x5, 0xff, 0xd3, 0x0,
    0x0, 0x0, 0x0, 0x0, 0x0, 0x0, 0x0, 0x0,

    /* U+51ED "凭" */
    0x0, 0x0, 0x52, 0x0, 0x0, 0x0, 0x24, 0x0,
    0x0, 0x4, 0xf7, 0x67, 0x9b, 0xdf, 0xff, 0x40,
    0x0, 0x1e, 0xb0, 0xcb, 0x9c, 0xf4, 0x10, 0x0,
    0x1, 0xdf, 0x20, 0x0, 0x9, 0xe0, 0x0, 0x0,
    0x3d, 0xff, 0x1e, 0xff, 0xff, 0xff, 0xff, 0xf5,
    0x2b, 0x8f, 0x14, 0x55, 0x5b, 0xf5, 0x55, 0x51,
    0x0, 0x6f, 0x10, 0x0, 0x9, 0xe0, 0x0, 0x0,
    0x0, 0x6f, 0x15, 0xff, 0xff, 0xff, 0xff, 0xf1,
    0x0, 0x4c, 0x11, 0x44, 0x44, 0x44, 0x44, 0x40,
    0x0, 0x0, 0x67, 0x66, 0x66, 0x75, 0x0, 0x0,
    0x0, 0x0, 0xff, 0xee, 0xee, 0xfc, 0x0, 0x0,
    0x0, 0x0, 0xfb, 0x0, 0x0, 0x9c, 0x0, 0x0,
    0x0, 0x9, 0xf6, 0x0, 0x0, 0x9c, 0x0, 0x97,
    0x5, 0xcf, 0xa0, 0x0, 0x0, 0x9d, 0x55, 0xe9,
    0x1e, 0xd6, 0x0, 0x0, 0x0, 0x4e, 0xff, 0xe3,
    0x1, 0x0, 0x0, 0x0, 0x0, 0x0, 0x0, 0x0,

    /* U+5206 "分" */
    0x0, 0x0, 0x1, 0x0, 0x0, 0x10, 0x0, 0x0,
    0x0, 0x0, 0x3f, 0x70, 0x5, 0xf4, 0x0, 0x0,
    0x0, 0x0, 0xcf, 0x10, 0x0, 0xee, 0x0, 0x0,
    0x0, 0x6, 0xf8, 0x0, 0x0, 0x5f, 0xa0, 0x0,
    0x0, 0x3f, 0xd0, 0x0, 0x0, 0x9, 0xf8, 0x0,
    0x3, 0xef, 0x20, 0x0, 0x0, 0x0, 0xcf, 0x70,
    0x4f, 0xfb, 0x88, 0x88, 0x88, 0x88, 0x9e, 0xf6,
    0x1c, 0x4e, 0xff, 0xff, 0xff, 0xff, 0xf2, 0x90,
    0x0, 0x0, 0x0, 0xf9, 0x0, 0x9, 0xf0, 0x0,
    0x0, 0x0, 0x4, 0xf6, 0x0, 0xa, 0xe0, 0x0,
    0x0, 0x0, 0xa, 0xf1, 0x0, 0xb, 0xd0, 0x0,
    0x0, 0x0, 0x4f, 0xa0, 0x0, 0xd, 0xc0, 0x0,
    0x0, 0x5, 0xfe, 0x10, 0x0, 0xf, 0xa0, 0x0,
    0x4, 0xbf, 0xe3, 0x1, 0x77, 0x9f, 0x70, 0x0,
    0x4, 0xf9, 0x10, 0x0, 0xdf, 0xfc, 0x0, 0x0,
    0x0, 0x0, 0x0, 0x0, 0x0, 0x0, 0x0, 0x0,

    /* U+5207 "切" */
    0x0, 0x9e, 0x0, 0x26, 0x66, 0x66, 0x67, 0x60,
    0x0, 0x9e, 0x0, 0x7f, 0xff, 0xff, 0xff, 0xf0,
    0x0, 0x9e, 0x0, 0x0, 0xd, 0xb0, 0x9, 0xf0,
    0x0, 0x9f, 0x7a, 0xd6, 0xd, 0xa0, 0x9, 0xf0,
    0x4d, 0xff, 0xfd, 0x94, 0xe, 0x90, 0x9, 0xf0,
    0x3a, 0xcf, 0x0, 0x0, 0xf, 0x80, 0xa, 0xe0,
    0x0, 0x9e, 0x0, 0x0, 0x1f, 0x60, 0xa, 0xe0,
    0x0, 0x9e, 0x0, 0x20, 0x4f, 0x40, 0xb, 0xd0,
    0x0, 0x9e, 0x0, 0xf4, 0x8f, 0x10, 0xc, 0xc0,
    0x0, 0x9f, 0x35, 0xf3, 0xdc, 0x0, 0xd, 0xb0,
    0x0, 0x5f, 0xff, 0xd6, 0xf6, 0x0, 0xe, 0xa0,
    0x0, 0x2, 0x43, 0x3e, 0xd0, 0x0, 0x1f, 0x80,
    0x0, 0x0, 0x4, 0xef, 0x30, 0x58, 0xbf, 0x50,
    0x0, 0x0, 0x6, 0xe3, 0x0, 0x7f, 0xfa, 0x0,
    0x0, 0x0, 0x0, 0x0, 0x0, 0x0, 0x0, 0x0,

    /* U+5217 "列" */
    0x0, 0x0, 0x0, 0x0, 0x0, 0x0, 0xe, 0x91,
    0xff, 0xff, 0xff, 0xfe, 0x0, 0x0, 0xe9, 0x6,
    0x6b, 0xf7, 0x66, 0x57, 0x90, 0xe, 0x90, 0x0,
    0xbd, 0x0, 0x0, 0x9d, 0x0, 0xe9, 0x0, 0x1f,
    0xc6, 0x67, 0x19, 0xd0, 0xe, 0x90, 0x6, 0xff,
    0xff, 0xf5, 0x9d, 0x0, 0xe9, 0x0, 0xeb, 0x0,
    0x5f, 0x29, 0xd0, 0xe, 0x90, 0x8f, 0x80, 0xa,
    0xd0, 0x9d, 0x0, 0xe9, 0x4f, 0xdf, 0xb2, 0xf8,
    0x9, 0xd0, 0xe, 0x93, 0xb0, 0x4e, 0xff, 0x20,
    0x9d, 0x0, 0xe9, 0x0, 0x0, 0x3f, 0xa0, 0x9,
    0xd0, 0xe, 0x90, 0x0, 0xb, 0xf2, 0x0, 0x0,
    0x0, 0xe9, 0x0, 0xa, 0xf5, 0x0, 0x0, 0x0,
    0xe, 0x90, 0x3c, 0xf7, 0x0, 0x0, 0x3, 0x78,
    0xf8, 0x2, 0xd5, 0x0, 0x0, 0x0, 0x3f, 0xfc,
    0x20, 0x0, 0x0, 0x0, 0x0, 0x0, 0x0, 0x0,

    /* U+5229 "利" */
    0x0, 0x0, 0x0, 0x54, 0x0, 0x0, 0xe, 0x90,
    0x14, 0x8b, 0xff, 0xd0, 0x0, 0x0, 0xe9, 0x2f,
    0xec, 0xfa, 0x20, 0x6, 0xb0, 0xe, 0x90, 0x10,
    0xf, 0x70, 0x0, 0x8e, 0x0, 0xe9, 0x0, 0x0,
    0xf7, 0x0, 0x8, 0xe0, 0xe, 0x93, 0xff, 0xff,
    0xff, 0xf6, 0x8e, 0x0, 0xe9, 0x17, 0x7b, 0xfb,
    0x77, 0x38, 0xe0, 0xe, 0x90, 0x0, 0xcf, 0x90,
    0x0, 0x8e, 0x0, 0xe9, 0x0, 0x5f, 0xff, 0xa0,
    0x8, 0xe0, 0xe, 0x90, 0x1e, 0x9f, 0xae, 0xc1,
    0x8e, 0x0, 0xe9, 0xb, 0xe1, 0xf7, 0x3d, 0x18,
    0xe0, 0xe, 0x96, 0xf5, 0xf, 0x70, 0x0, 0x1,
    0x0, 0xe9, 0x18, 0x0, 0xf7, 0x0, 0x0, 0x0,
    0xe, 0x90, 0x0, 0xf, 0x70, 0x0, 0x3, 0x78,
    0xf8, 0x0, 0x0, 0xf7, 0x0, 0x0, 0x2f, 0xfd,
    0x20, 0x0, 0x0, 0x0, 0x0, 0x0, 0x0, 0x0,

    /* U+522B "别" */
    0x0, 0x0, 0x0, 0x0, 0x0, 0x0, 0x9, 0xe0,
    0x7f, 0xff, 0xff, 0xf0, 0x0, 0x0, 0x9e, 0x7,
    0xf5, 0x55, 0x9f, 0x0, 0xc5, 0x9, 0xe0, 0x7e,
    0x0, 0x6, 0xf0, 0xf, 0x70, 0x9e, 0x7, 0xe0,
    0x0, 0x6f, 0x0, 0xf7, 0x9, 0xe0, 0x7f, 0xdd,
    0xde, 0xf0, 0xf, 0x70, 0x9e, 0x4, 0x99, 0x99,
    0x99, 0x0, 0xf7, 0x9, 0xe0, 0x0, 0x5f, 0x10,
    0x0, 0xf, 0x70, 0x9e, 0x1e, 0xef, 0xfe, 0xef,
    0x40, 0xf7, 0x9, 0xe0, 0x77, 0xcf, 0x78, 0xf5,
    0xf, 0x70, 0x9e, 0x0, 0xb, 0xb0, 0x3f, 0x40,
    0xf7, 0x9, 0xe0, 0x1, 0xf7, 0x4, 0xf3, 0x2,
    0x10, 0x9e, 0x0, 0xaf, 0x10, 0x6f, 0x20, 0x0,
    0x9, 0xe1, 0xaf, 0x63, 0x6c, 0xf0, 0x1, 0x88,
    0xde, 0x1d, 0x60, 0x4f, 0xf7, 0x0, 0xe, 0xfd,
    0x60, 0x0, 0x0, 0x0, 0x0, 0x0, 0x0, 0x0,

    /* U+5236 "制" */
    0x0, 0x0, 0x2, 0x0, 0x0, 0x0, 0x0, 0x0,
    0x0, 0x64, 0x5f, 0x20, 0x0, 0x0, 0x5, 0xf2,
    0x0, 0xf8, 0x5f, 0x20, 0x0, 0x0, 0x5, 0xf2,
    0x3, 0xf7, 0x7f, 0x53, 0x30, 0x3f, 0x35, 0xf2,
    0x8, 0xff, 0xff, 0xff, 0xf3, 0x3f, 0x35, 0xf2,
    0xe, 0xa2, 0x6f, 0x42, 0x20, 0x3f, 0x35, 0xf2,
    0x1c, 0x86, 0x9f, 0x76, 0x65, 0x3f, 0x35, 0xf2,
    0x2f, 0xff, 0xff, 0xff, 0xfd, 0x3f, 0x35, 0xf2,
    0x0, 0x0, 0x5f, 0x20, 0x0, 0x3f, 0x35, 0xf2,
    0x4, 0x99, 0xbf, 0xa9, 0xa3, 0x3f, 0x35, 0xf2,
    0x7, 0xfc, 0xdf, 0xcc, 0xf6, 0x3f, 0x35, 0xf2,
    0x7, 0xe0, 0x5f, 0x20, 0xf6, 0x2e, 0x35, 0xf2,
    0x7, 0xe0, 0x5f, 0x20, 0xf6, 0x0, 0x5, 0xf2,
    0x7, 0xe0, 0x5f, 0x33, 0xf5, 0x0, 0x5, 0xf2,
    0x7, 0xe0, 0x5f, 0x4f, 0xf3, 0x5, 0x8b, 0xf1,
    0x0, 0x0, 0x5f, 0x21, 0x0, 0x5, 0xfe, 0x90,
    0x0, 0x0, 0x0, 0x0, 0x0, 0x0, 0x0, 0x0,

    /* U+523B "刻" */
    0x0, 0x0, 0xe9, 0x0, 0x0, 0x0, 0x0, 0x0,
    0x0, 0xe, 0x90, 0x0, 0x0, 0x0, 0xe8, 0x3b,
    0xbb, 0xfe, 0xbb, 0xa5, 0xe1, 0xe, 0x84, 0xdd,
    0xef, 0xed, 0xdc, 0x5f, 0x10, 0xe8, 0x0, 0xe,
    0xc0, 0x0, 0x5, 0xf1, 0xe, 0x80, 0x6b, 0xe1,
    0xd, 0x70, 0x5f, 0x10, 0xe8, 0x2e, 0xf6, 0xa,
    0xf2, 0x5, 0xf1, 0xe, 0x80, 0x1c, 0xfb, 0xf4,
    0x0, 0x5f, 0x10, 0xe8, 0x0, 0x1e, 0xf5, 0xc,
    0x75, 0xf1, 0xe, 0x80, 0x3d, 0xf4, 0x9, 0xf3,
    0x5f, 0x10, 0xe8, 0x2f, 0xc2, 0x9, 0xf6, 0x5,
    0xf1, 0xe, 0x80, 0x20, 0x1b, 0xfc, 0x0, 0x0,
    0x0, 0xe8, 0x0, 0x5e, 0xfa, 0xfb, 0x0, 0x0,
    0xe, 0x84, 0xcf, 0xc2, 0x5, 0xfc, 0x2, 0x88,
    0xf8, 0x1c, 0x60, 0x0, 0x5, 0x60, 0xf, 0xfc,
    0x20,

    /* U+524A "削" */
    0x5, 0x20, 0xe9, 0x4, 0x80, 0x0, 0x9, 0xe0,
    0xd9, 0xe, 0x90, 0xae, 0x0, 0x0, 0x9e, 0x8,
    0xe0, 0xe9, 0xf, 0x91, 0xf6, 0x9, 0xe0, 0x3f,
    0x3e, 0x94, 0xf3, 0x1f, 0x60, 0x9e, 0x0, 0x71,
    0xe9, 0x27, 0x1, 0xf6, 0x9, 0xe0, 0x8f, 0xff,
    0xff, 0xf7, 0x1f, 0x60, 0x9e, 0x8, 0xf6, 0x66,
    0x6f, 0x71, 0xf6, 0x9, 0xe0, 0x8f, 0x55, 0x55,
    0xf7, 0x1f, 0x60, 0x9e, 0x8, 0xff, 0xff, 0xff,
    0x71, 0xf6, 0x9, 0xe0, 0x8e, 0x0, 0x0, 0xf7,
    0x1f, 0x60, 0x9e, 0x8, 0xfe, 0xee, 0xef, 0x71,
    0xf6, 0x9, 0xe0, 0x8f, 0x66, 0x66, 0xf7, 0x1,
    0x0, 0x9e, 0x8, 0xe0, 0x0, 0xf, 0x70, 0x0,
    0x9, 0xe0, 0x8e, 0x0, 0x55, 0xf7, 0x2, 0x88,
    0xde, 0x8, 0xe0, 0xe, 0xfd, 0x20, 0xe, 0xfd,
    0x60, 0x1, 0x0, 0x0, 0x0, 0x0, 0x0, 0x0,

    /* U+524D "前" */
    0x0, 0x2, 0x50, 0x0, 0x0, 0x5, 0x30, 0x0,
    0x0, 0x6, 0xf6, 0x0, 0x0, 0x2f, 0xa0, 0x0,
    0x0, 0x0, 0xce, 0x10, 0x0, 0xbe, 0x20, 0x0,
    0x3f, 0xff, 0xff, 0xff, 0xff, 0xff, 0xff, 0xf3,
    0x15, 0x55, 0x55, 0x55, 0x55, 0x55, 0x55, 0x51,
    0x0, 0x33, 0x33, 0x32, 0x0, 0x0, 0x29, 0x20,
    0x4, 0xff, 0xff, 0xfd, 0x7, 0xe0, 0x4f, 0x40,
    0x4, 0xf4, 0x11, 0xbd, 0x7, 0xe0, 0x4f, 0x40,
    0x4, 0xfa, 0x99, 0xdd, 0x7, 0xe0, 0x4f, 0x40,
    0x4, 0xfa, 0x88, 0xdd, 0x7, 0xe0, 0x4f, 0x40,
    0x4, 0xf4, 0x11, 0xad, 0x7, 0xe0, 0x4f, 0x40,
    0x4, 0xff, 0xff, 0xfd, 0x7, 0xe0, 0x4f, 0x40,
    0x4, 0xf4, 0x11, 0xad, 0x4, 0x70, 0x4f, 0x40,
    0x4, 0xf3, 0x24, 0xcd, 0x0, 0x36, 0x9f, 0x30,
    0x3, 0xf2, 0x3f, 0xe7, 0x0, 0x3f, 0xfb, 0x0,

    /* U+52A0 "加" */
    0x0, 0x1f, 0x60, 0x0, 0x0, 0x0, 0x0, 0x0,
    0x1, 0xf6, 0x0, 0x0, 0x0, 0x0, 0x0, 0x0,
    0x1f, 0x60, 0x0, 0x9, 0xdd, 0xdd, 0x91, 0x88,
    0xfb, 0x88, 0x70, 0xbf, 0xee, 0xfb, 0x2f, 0xff,
    0xff, 0xfe, 0xb, 0xb0, 0xd, 0xb0, 0x2, 0xf5,
    0x9, 0xe0, 0xbb, 0x0, 0xdb, 0x0, 0x3f, 0x40,
    0x9e, 0xb, 0xb0, 0xd, 0xb0, 0x4, 0xf2, 0x9,
    0xd0, 0xbb, 0x0, 0xdb, 0x0, 0x6f, 0x10, 0xad,
    0xb, 0xb0, 0xd, 0xb0, 0x8, 0xe0, 0xb, 0xc0,
    0xbb, 0x0, 0xdb, 0x0, 0xcb, 0x0, 0xbc, 0xb,
    0xb0, 0xd, 0xb0, 0x1f, 0x70, 0xc, 0xb0, 0xbb,
    0x0, 0xdb, 0x7, 0xf2, 0x0, 0xe9, 0xb, 0xd8,
    0x8e, 0xb1, 0xeb, 0x6, 0x7f, 0x70, 0xbf, 0xff,
    0xfb, 0x4f, 0x30, 0xcf, 0xe2, 0xb, 0xb0, 0xd,
    0xb0, 0x20, 0x1, 0x10, 0x0, 0x11, 0x0, 0x0,

    /* U+52D5 "動" */
    0x0, 0x13, 0x46, 0x89, 0x0, 0xac, 0x0, 0x2,
    0xff, 0xff, 0xff, 0xe2, 0xa, 0xc0, 0x0, 0x8,
    0x87, 0xf8, 0x10, 0x0, 0xac, 0x0, 0x4, 0xcc,
    0xcf, 0xdc, 0xc7, 0xb, 0xc0, 0x0, 0x26, 0x66,
    0xf9, 0x66, 0x9d, 0xff, 0xde, 0xb0, 0xbc, 0xcf,
    0xec, 0xc8, 0x9e, 0xe9, 0xdd, 0xe, 0x62, 0xf7,
    0x2e, 0x50, 0xd9, 0xa, 0xd0, 0xef, 0xff, 0xff,
    0xf5, 0xe, 0x80, 0xac, 0xe, 0x40, 0xf5, 0xe,
    0x51, 0xf6, 0xb, 0xb0, 0xef, 0xff, 0xff, 0xf5,
    0x4f, 0x30, 0xcb, 0x2, 0x23, 0xf7, 0x22, 0x9,
    0xe0, 0xd, 0xa0, 0xff, 0xff, 0xff, 0xf7, 0xf9,
    0x0, 0xe9, 0x0, 0x0, 0xf5, 0x12, 0xaf, 0x20,
    0xf, 0x83, 0xab, 0xdf, 0xfe, 0xff, 0x81, 0x68,
    0xf5, 0x26, 0x53, 0x10, 0x9, 0xa0, 0xf, 0xfc,
    0x0, 0x0, 0x0, 0x0, 0x0, 0x0, 0x0, 0x0,

    /* U+5305 "包" */
    0x0, 0x0, 0x30, 0x0, 0x0, 0x0, 0x0, 0x0,
    0x0, 0x3, 0xf8, 0x0, 0x0, 0x0, 0x0, 0x0,
    0x0, 0xc, 0xf9, 0x77, 0x77, 0x77, 0x77, 0x0,
    0x0, 0x7f, 0xff, 0xff, 0xff, 0xff, 0xff, 0x0,
    0x4, 0xfc, 0x0, 0x0, 0x0, 0x0, 0x8f, 0x0,
    0x4f, 0xef, 0xff, 0xff, 0xf8, 0x0, 0x8f, 0x0,
    0x3d, 0x36, 0x66, 0x66, 0xf9, 0x0, 0x9e, 0x0,
    0x0, 0x0, 0x0, 0x0, 0xf9, 0x0, 0xae, 0x0,
    0x0, 0x2, 0x21, 0x11, 0xf9, 0x0, 0xcc, 0x0,
    0x0, 0x5f, 0xff, 0xff, 0xf9, 0x0, 0xea, 0x0,
    0x0, 0x5f, 0x64, 0x44, 0x44, 0xff, 0xf6, 0x0,
    0x0, 0x5f, 0x20, 0x0, 0x0, 0x66, 0x41, 0x0,
    0x0, 0x5f, 0x20, 0x0, 0x0, 0x0, 0x8, 0xe0,
    0x0, 0x4f, 0xa6, 0x66, 0x66, 0x66, 0x7e, 0xb0,
    0x0, 0x9, 0xef, 0xff, 0xff, 0xff, 0xfc, 0x20,

    /* U+533A "区" */
    0x9f, 0xff, 0xff, 0xff, 0xff, 0xff, 0xfe, 0x9,
    0xf7, 0x77, 0x77, 0x77, 0x77, 0x77, 0x60, 0x9e,
    0x0, 0x0, 0x0, 0x2, 0xf5, 0x0, 0x9, 0xe0,
    0x3c, 0x40, 0x0, 0xbf, 0x10, 0x0, 0x9e, 0x2,
    0xcf, 0x80, 0x5f, 0x70, 0x0, 0x9, 0xe0, 0x0,
    0x9f, 0xcf, 0xc0, 0x0, 0x0, 0x9e, 0x0, 0x0,
    0x6f, 0xf5, 0x0, 0x0, 0x9, 0xe0, 0x0, 0x1c,
    0xfe, 0xf4, 0x0, 0x0, 0x9e, 0x0, 0x1d, 0xf5,
    0x2e, 0xf4, 0x0, 0x9, 0xe0, 0x4e, 0xf5, 0x0,
    0x2e, 0xf2, 0x0, 0x9e, 0xd, 0xe4, 0x0, 0x0,
    0x38, 0x0, 0x9, 0xe0, 0x21, 0x0, 0x0, 0x0,
    0x0, 0x0, 0x9f, 0xff, 0xff, 0xff, 0xff, 0xff,
    0xff, 0x49, 0xf8, 0x88, 0x88, 0x88, 0x88, 0x88,
    0x82,

    /* U+5358 "単" */
    0x0, 0x30, 0x1, 0x60, 0x0, 0x4, 0x20, 0x0,
    0x4f, 0x70, 0x3f, 0x70, 0x1, 0xfc, 0x0, 0x0,
    0x9f, 0x20, 0xaf, 0x0, 0xaf, 0x20, 0x0, 0x6c,
    0xeb, 0xbc, 0xdb, 0xbf, 0xeb, 0x0, 0x9, 0xf9,
    0x99, 0xdf, 0x99, 0x9c, 0xf0, 0x0, 0x9e, 0x0,
    0xa, 0xe0, 0x0, 0x8f, 0x0, 0x9, 0xff, 0xff,
    0xff, 0xff, 0xff, 0xf0, 0x0, 0x9f, 0x33, 0x3b,
    0xf3, 0x33, 0x9f, 0x0, 0x9, 0xf4, 0x44, 0xbf,
    0x44, 0x4a, 0xf0, 0x0, 0x8f, 0xff, 0xff, 0xff,
    0xff, 0xff, 0x0, 0x0, 0x0, 0x0, 0xae, 0x0,
    0x0, 0x0, 0xf, 0xff, 0xff, 0xff, 0xff, 0xff,
    0xff, 0xf6, 0x77, 0x77, 0x77, 0xcf, 0x77, 0x77,
    0x77, 0x20, 0x0, 0x0, 0xa, 0xe0, 0x0, 0x0,
    0x0, 0x0, 0x0, 0x0, 0xae, 0x0, 0x0, 0x0,
    0x0,

    /* U+539F "原" */
    0x0, 0xef, 0xff, 0xff, 0xff, 0xff, 0xff, 0xf5,
    0x0, 0xec, 0x66, 0x66, 0xcf, 0x76, 0x66, 0x61,
    0x0, 0xe9, 0x0, 0x0, 0xbf, 0x0, 0x0, 0x0,
    0x0, 0xe9, 0x1f, 0xff, 0xff, 0xff, 0xff, 0x0,
    0x0, 0xe9, 0x1f, 0x83, 0x33, 0x33, 0x9f, 0x10,
    0x0, 0xe9, 0x1f, 0xdc, 0xcc, 0xcc, 0xef, 0x10,
    0x0, 0xe9, 0x1f, 0x85, 0x55, 0x55, 0xaf, 0x10,
    0x0, 0xf8, 0x1f, 0x83, 0x33, 0x33, 0x9f, 0x10,
    0x1, 0xf6, 0x1f, 0xff, 0xff, 0xff, 0xff, 0x0,
    0x3, 0xf4, 0x1, 0x50, 0x5f, 0x20, 0x50, 0x0,
    0x6, 0xf1, 0xb, 0xf2, 0x5f, 0x24, 0xfa, 0x0,
    0xa, 0xe0, 0xaf, 0x40, 0x5f, 0x20, 0x4f, 0xb0,
    0x1f, 0x99, 0xf4, 0x24, 0x8f, 0x20, 0x4, 0xf4,
    0x1a, 0x30, 0x20, 0x3f, 0xfc, 0x0, 0x0, 0x10,
    0x0, 0x0, 0x0, 0x0, 0x0, 0x0, 0x0, 0x0,

    /* U+53CC "双" */
    0x3, 0x44, 0x44, 0x51, 0x44, 0x44, 0x44, 0x30,
    0xd, 0xff, 0xff, 0xf6, 0xff, 0xff, 0xff, 0xe0,
    0x2, 0x22, 0x25, 0xf4, 0xad, 0x22, 0x2c, 0xc0,
    0x0, 0x20, 0x5, 0xf2, 0x7f, 0x0, 0xe, 0x90,
    0x8, 0xe2, 0x9, 0xf0, 0x4f, 0x30, 0x2f, 0x60,
    0x1, 0xed, 0xd, 0xb0, 0xf, 0x70, 0x7f, 0x20,
    0x0, 0x3f, 0xbf, 0x70, 0xc, 0xc0, 0xdd, 0x0,
    0x0, 0x7, 0xff, 0x20, 0x7, 0xf5, 0xf7, 0x0,
    0x0, 0x0, 0xff, 0x30, 0x1, 0xff, 0xf0, 0x0,
    0x0, 0x5, 0xff, 0xd0, 0x0, 0xbf, 0x70, 0x0,
    0x0, 0xe, 0xd6, 0xf7, 0x3, 0xff, 0xa0, 0x0,
    0x0, 0xaf, 0x40, 0xc6, 0x3e, 0xea, 0xf8, 0x0,
    0x9, 0xf8, 0x0, 0x17, 0xfe, 0x20, 0xbf, 0xa1,
    0x1d, 0xa0, 0x0, 0x1e, 0xc1, 0x0, 0xa, 0xf3,
    0x1, 0x0, 0x0, 0x1, 0x0, 0x0, 0x0, 0x20,

    /* U+53D6 "取" */
    0xf, 0xff, 0xff, 0xff, 0xe0, 0x0, 0x0, 0x0,
    0xd, 0xff, 0xdd, 0xff, 0xe5, 0x55, 0x56, 0x50,
    0x0, 0xe9, 0x0, 0xac, 0x8f, 0xff, 0xff, 0xf0,
    0x0, 0xeb, 0x44, 0xcc, 0x3d, 0x31, 0x1b, 0xd0,
    0x0, 0xef, 0xff, 0xfc, 0x2f, 0x50, 0xd, 0xa0,
    0x0, 0xea, 0x11, 0xbc, 0xd, 0x90, 0x1f, 0x60,
    0x0, 0xe9, 0x0, 0xac, 0x9, 0xe0, 0x6f, 0x20,
    0x0, 0xef, 0xff, 0xfc, 0x3, 0xf5, 0xdc, 0x0,
    0x0, 0xec, 0x66, 0xcc, 0x0, 0xde, 0xf6, 0x0,
    0x0, 0xe9, 0x0, 0xac, 0x0, 0x5f, 0xe0, 0x0,
    0x3, 0xec, 0x9b, 0xfc, 0x0, 0xaf, 0xf2, 0x0,
    0x4f, 0xff, 0xda, 0xdc, 0x9, 0xf9, 0xee, 0x20,
    0x3, 0x10, 0x0, 0xad, 0xcf, 0x80, 0x3e, 0xf5,
    0x0, 0x0, 0x0, 0xac, 0x75, 0x0, 0x2, 0xa1,

    /* U+53E3 "口" */
    0xdf, 0xff, 0xff, 0xff, 0xff, 0xff, 0x7e, 0xd9,
    0x99, 0x99, 0x99, 0x9a, 0xf8, 0xea, 0x0, 0x0,
    0x0, 0x0, 0x2f, 0x8e, 0xa0, 0x0, 0x0, 0x0,
    0x2, 0xf8, 0xea, 0x0, 0x0, 0x0, 0x0, 0x2f,
    0x8e, 0xa0, 0x0, 0x0, 0x0, 0x2, 0xf8, 0xea,
    0x0, 0x0, 0x0, 0x0, 0x2f, 0x8e, 0xa0, 0x0,
    0x0, 0x0, 0x2, 0xf8, 0xea, 0x0, 0x0, 0x0,
    0x0, 0x2f, 0x8e, 0xa0, 0x0, 0x0, 0x0, 0x2,
    0xf8, 0xef, 0xff, 0xff, 0xff, 0xff, 0xff, 0x8e,
    0xe9, 0x99, 0x99, 0x99, 0x9a, 0xf8, 0xea, 0x0,
    0x0, 0x0, 0x0, 0x2f, 0x80, 0x0, 0x0, 0x0,
    0x0, 0x0, 0x0,

    /* U+53EF "可" */
    0x66, 0x66, 0x66, 0x66, 0x66, 0x66, 0x66, 0x2f,
    0xff, 0xff, 0xff, 0xff, 0xff, 0xff, 0xf6, 0x12,
    0x22, 0x22, 0x22, 0x22, 0x3f, 0x92, 0x0, 0x0,
    0x0, 0x0, 0x0, 0x1, 0xf8, 0x0, 0x8, 0xff,
    0xff, 0xff, 0x10, 0x1f, 0x80, 0x0, 0x9f, 0x77,
    0x7b, 0xf1, 0x1, 0xf8, 0x0, 0x9, 0xe0, 0x0,
    0x7f, 0x10, 0x1f, 0x80, 0x0, 0x9e, 0x0, 0x7,
    0xf1, 0x1, 0xf8, 0x0, 0x9, 0xe2, 0x22, 0x8f,
    0x10, 0x1f, 0x80, 0x0, 0x9f, 0xff, 0xff, 0xf1,
    0x1, 0xf8, 0x0, 0x9, 0xe5, 0x55, 0x55, 0x0,
    0x1f, 0x80, 0x0, 0x58, 0x0, 0x0, 0x0, 0x1,
    0xf8, 0x0, 0x0, 0x0, 0x0, 0x5, 0x88, 0xaf,
    0x70, 0x0, 0x0, 0x0, 0x0, 0x4f, 0xff, 0xb1,
    0x0, 0x0, 0x0, 0x0, 0x0, 0x0, 0x0, 0x0,
    0x0,

    /* U+53F3 "右" */
    0x0, 0x0, 0x0, 0x33, 0x0, 0x0, 0x0, 0x0,
    0x0, 0x0, 0x0, 0xdc, 0x0, 0x0, 0x0, 0x0,
    0x0, 0x0, 0x1, 0xf8, 0x0, 0x0, 0x0, 0x0,
    0x8, 0x88, 0x8a, 0xfa, 0x88, 0x88, 0x88, 0x80,
    0xf, 0xff, 0xff, 0xff, 0xff, 0xff, 0xff, 0xf0,
    0x0, 0x0, 0x2f, 0x80, 0x0, 0x0, 0x0, 0x0,
    0x0, 0x0, 0xaf, 0x10, 0x0, 0x0, 0x0, 0x0,
    0x0, 0x3, 0xfb, 0x44, 0x44, 0x44, 0x44, 0x0,
    0x0, 0xd, 0xff, 0xff, 0xff, 0xff, 0xff, 0x0,
    0x0, 0xbf, 0xfc, 0x33, 0x33, 0x33, 0xbf, 0x0,
    0x1b, 0xf7, 0xcb, 0x0, 0x0, 0x0, 0xaf, 0x0,
    0x3e, 0x60, 0xcb, 0x0, 0x0, 0x0, 0xaf, 0x0,
    0x1, 0x0, 0xcb, 0x0, 0x0, 0x0, 0xaf, 0x0,
    0x0, 0x0, 0xcf, 0xff, 0xff, 0xff, 0xff, 0x0,
    0x0, 0x0, 0xcd, 0x77, 0x77, 0x77, 0xdf, 0x0,
    0x0, 0x0, 0x10, 0x0, 0x0, 0x0, 0x0, 0x0,

    /* U+53F7 "号" */
    0x0, 0x1f, 0xff, 0xff, 0xff, 0xff, 0xf4, 0x0,
    0x0, 0x1f, 0x95, 0x55, 0x55, 0x58, 0xf4, 0x0,
    0x0, 0x1f, 0x60, 0x0, 0x0, 0x5, 0xf4, 0x0,
    0x0, 0x1f, 0x95, 0x55, 0x55, 0x58, 0xf4, 0x0,
    0x0, 0x1f, 0xff, 0xff, 0xff, 0xff, 0xf3, 0x0,
    0x0, 0x0, 0x0, 0x0, 0x0, 0x0, 0x0, 0x0,
    0x3f, 0xff, 0xff, 0xff, 0xff, 0xff, 0xff, 0xf2,
    0x16, 0x67, 0xfc, 0x66, 0x66, 0x66, 0x66, 0x61,
    0x0, 0x5, 0xfa, 0x66, 0x66, 0x66, 0x61, 0x0,
    0x0, 0xa, 0xff, 0xff, 0xff, 0xff, 0xf2, 0x0,
    0x0, 0xb, 0x90, 0x0, 0x0, 0x9, 0xf0, 0x0,
    0x0, 0x0, 0x0, 0x0, 0x0, 0xe, 0xc0, 0x0,
    0x0, 0x0, 0x0, 0x5, 0x65, 0x9f, 0x70, 0x0,
    0x0, 0x0, 0x0, 0x8, 0xff, 0xfb, 0x0, 0x0,
    0x0, 0x0, 0x0, 0x0, 0x0, 0x0, 0x0, 0x0,

    /* U+540C "同" */
    0x8f, 0xff, 0xff, 0xff, 0xff, 0xff, 0xfa, 0x8f,
    0x66, 0x66, 0x66, 0x66, 0x66, 0xea, 0x8e, 0x0,
    0x0, 0x0, 0x0, 0x0, 0xda, 0x8e, 0xe, 0xff,
    0xff, 0xff, 0xf2, 0xda, 0x8e, 0x5, 0x55, 0x55,
    0x55, 0x50, 0xda, 0x8e, 0x0, 0x11, 0x11, 0x11,
    0x0, 0xda, 0x8e, 0x3, 0xff, 0xff, 0xff, 0x50,
    0xda, 0x8e, 0x3, 0xf5, 0x33, 0x4f, 0x50, 0xda,
    0x8e, 0x3, 0xf2, 0x0, 0x1f, 0x50, 0xda, 0x8e,
    0x3, 0xf4, 0x22, 0x2f, 0x50, 0xda, 0x8e, 0x3,
    0xff, 0xff, 0xff, 0x50, 0xda, 0x8e, 0x3, 0xf4,
    0x22, 0x22, 0x0, 0xda, 0x8e, 0x1, 0x40, 0x0,
    0x0, 0x77, 0xe9, 0x8e, 0x0, 0x0, 0x0, 0x0,
    0xcf, 0xd3,

    /* U+542B "含" */
    0x0, 0x0, 0x0, 0x2e, 0xf4, 0x0, 0x0, 0x0,
    0x0, 0x0, 0x2, 0xef, 0xef, 0x50, 0x0, 0x0,
    0x0, 0x0, 0x5f, 0xe3, 0x2d, 0xf9, 0x0, 0x0,
    0x0, 0x2b, 0xfe, 0x53, 0x34, 0xcf, 0xe5, 0x0,
    0x19, 0xfe, 0x5d, 0xff, 0xff, 0xf9, 0xcf, 0xd3,
    0x9, 0x60, 0x0, 0x0, 0x0, 0x0, 0x4, 0x90,
    0x0, 0x1f, 0xff, 0xff, 0xff, 0xff, 0xa0, 0x0,
    0x0, 0x6, 0x66, 0x66, 0x66, 0x9f, 0x60, 0x0,
    0x0, 0x0, 0x0, 0x0, 0x0, 0xce, 0x0, 0x0,
    0x0, 0x4, 0x55, 0x55, 0x58, 0xfa, 0x51, 0x0,
    0x0, 0xd, 0xff, 0xff, 0xff, 0xff, 0xf3, 0x0,
    0x0, 0xd, 0xa0, 0x0, 0x0, 0x2, 0xf3, 0x0,
    0x0, 0xd, 0xa0, 0x0, 0x0, 0x2, 0xf3, 0x0,
    0x0, 0xd, 0xc5, 0x55, 0x55, 0x57, 0xf3, 0x0,
    0x0, 0xd, 0xff, 0xff, 0xff, 0xff, 0xf3, 0x0,

    /* U+548C "和" */
    0x0, 0x0, 0x0, 0x20, 0x0, 0x0, 0x0, 0x0,
    0x13, 0x6a, 0xef, 0xa0, 0x0, 0x0, 0x0, 0xc,
    0xfe, 0xfb, 0x40, 0x7f, 0xff, 0xff, 0xb0, 0x10,
    0x1f, 0x70, 0x7, 0xf7, 0x77, 0xeb, 0x0, 0x1,
    0xf7, 0x0, 0x7f, 0x0, 0xd, 0xb1, 0xff, 0xff,
    0xff, 0xf8, 0xf0, 0x0, 0xdb, 0x7, 0x7c, 0xfb,
    0x77, 0x7f, 0x0, 0xd, 0xb0, 0x0, 0xdf, 0xe2,
    0x7, 0xf0, 0x0, 0xdb, 0x0, 0x4f, 0xff, 0xd0,
    0x7f, 0x0, 0xd, 0xb0, 0xd, 0xaf, 0x8e, 0xb7,
    0xf0, 0x0, 0xdb, 0x7, 0xf3, 0xf7, 0x49, 0x7f,
    0x0, 0xd, 0xb3, 0xf8, 0x1f, 0x70, 0x7, 0xf2,
    0x22, 0xeb, 0x1c, 0x1, 0xf7, 0x0, 0x7f, 0xff,
    0xff, 0xb0, 0x0, 0x1f, 0x70, 0x7, 0xf4, 0x44,
    0xeb, 0x0, 0x1, 0xf7, 0x0, 0x49, 0x0, 0x6,
    0x50,

    /* U+54C1 "品" */
    0x0, 0x5f, 0xff, 0xff, 0xff, 0xfa, 0x0, 0x0,
    0x5f, 0x97, 0x77, 0x77, 0xfa, 0x0, 0x0, 0x5f,
    0x40, 0x0, 0x0, 0xea, 0x0, 0x0, 0x5f, 0x40,
    0x0, 0x0, 0xea, 0x0, 0x0, 0x5f, 0xff, 0xff,
    0xff, 0xfa, 0x0, 0x0, 0x28, 0x88, 0x88, 0x88,
    0x85, 0x0, 0x0, 0x0, 0x0, 0x0, 0x0, 0x0,
    0x0, 0x9f, 0xff, 0xff, 0x66, 0xff, 0xff, 0xfc,
    0xae, 0x88, 0x8f, 0x76, 0xf8, 0x88, 0xdd, 0xac,
    0x0, 0x1f, 0x76, 0xf0, 0x0, 0xad, 0xac, 0x0,
    0x1f, 0x76, 0xf0, 0x0, 0xad, 0xac, 0x0, 0x1f,
    0x76, 0xf0, 0x0, 0xad, 0xaf, 0xff, 0xff, 0x76,
    0xff, 0xff, 0xfd, 0xae, 0x88, 0x8f, 0x76, 0xf8,
    0x88, 0xdd, 0x11, 0x0, 0x0, 0x0, 0x10, 0x0,
    0x0,

    /* U+56DE "回" */
    0xcf, 0xff, 0xff, 0xff, 0xff, 0xff, 0xfc, 0xce,
    0x88, 0x88, 0x88, 0x88, 0x88, 0xfc, 0xcc, 0x0,
    0x0, 0x0, 0x0, 0x0, 0xdc, 0xcc, 0x0, 0x22,
    0x22, 0x22, 0x0, 0xdc, 0xcc, 0x3, 0xff, 0xff,
    0xff, 0x10, 0xdc, 0xcc, 0x3, 0xf5, 0x33, 0x8f,
    0x10, 0xdc, 0xcc, 0x3, 0xf3, 0x0, 0x7f, 0x10,
    0xdc, 0xcc, 0x3, 0xf3, 0x0, 0x7f, 0x10, 0xdc,
    0xcc, 0x3, 0xf8, 0x66, 0xaf, 0x10, 0xdc, 0xcc,
    0x3, 0xff, 0xff, 0xff, 0x10, 0xdc, 0xcc, 0x0,
    0x0, 0x0, 0x0, 0x0, 0xdc, 0xcc, 0x0, 0x0,
    0x0, 0x0, 0x0, 0xdc, 0xcf, 0xff, 0xff, 0xff,
    0xff, 0xff, 0xfc, 0xce, 0x77, 0x77, 0x77, 0x77,
    0x77, 0xec,

    /* U+571F "土" */
    0x0, 0x0, 0x0, 0xe, 0xb0, 0x0, 0x0, 0x0,
    0x0, 0x0, 0x0, 0xe, 0xb0, 0x0, 0x0, 0x0,
    0x0, 0x0, 0x0, 0xe, 0xb0, 0x0, 0x0, 0x0,
    0x0, 0x0, 0x0, 0xe, 0xb0, 0x0, 0x0, 0x0,
    0x0, 0x0, 0x0, 0xe, 0xb0, 0x0, 0x0, 0x0,
    0x1, 0x77, 0x77, 0x7f, 0xd7, 0x77, 0x77, 0x0,
    0x4, 0xff, 0xff, 0xff, 0xff, 0xff, 0xff, 0x10,
    0x0, 0x0, 0x0, 0xe, 0xb0, 0x0, 0x0, 0x0,
    0x0, 0x0, 0x0, 0xe, 0xb0, 0x0, 0x0, 0x0,
    0x0, 0x0, 0x0, 0xe, 0xb0, 0x0, 0x0, 0x0,
    0x0, 0x0, 0x0, 0xe, 0xb0, 0x0, 0x0, 0x0,
    0x0, 0x0, 0x0, 0xe, 0xb0, 0x0, 0x0, 0x0,
    0x0, 0x0, 0x0, 0xe, 0xb0, 0x0, 0x0, 0x0,
    0x4e, 0xee, 0xee, 0xef, 0xfe, 0xee, 0xee, 0xe2,
    0x28, 0x88, 0x88, 0x88, 0x88, 0x88, 0x88, 0x81,

    /* U+5728 "在" */
    0x0, 0x0, 0x0, 0x62, 0x0, 0x0, 0x0, 0x0,
    0x0, 0x0, 0x3, 0xf7, 0x0, 0x0, 0x0, 0x0,
    0x2, 0x22, 0x29, 0xf4, 0x22, 0x22, 0x22, 0x20,
    0x1f, 0xff, 0xff, 0xff, 0xff, 0xff, 0xff, 0xf1,
    0x5, 0x55, 0xbf, 0x75, 0x55, 0x55, 0x55, 0x50,
    0x0, 0x1, 0xfb, 0x0, 0x7, 0xe0, 0x0, 0x0,
    0x0, 0xb, 0xf2, 0x0, 0x8, 0xf0, 0x0, 0x0,
    0x0, 0x9f, 0x80, 0x0, 0x8, 0xf0, 0x0, 0x0,
    0x9, 0xff, 0x70, 0xff, 0xff, 0xff, 0xff, 0x70,
    0x4f, 0xaf, 0x70, 0x56, 0x6b, 0xf6, 0x66, 0x20,
    0x5, 0x1f, 0x70, 0x0, 0x8, 0xf0, 0x0, 0x0,
    0x0, 0x1f, 0x70, 0x0, 0x8, 0xf0, 0x0, 0x0,
    0x0, 0x1f, 0x70, 0x0, 0x8, 0xf0, 0x0, 0x0,
    0x0, 0x1f, 0x76, 0xaa, 0xad, 0xfa, 0xaa, 0xa0,
    0x0, 0x1f, 0x79, 0xff, 0xff, 0xff, 0xff, 0xf1,

    /* U+5730 "地" */
    0x0, 0x6f, 0x0, 0x0, 0x0, 0xf7, 0x0, 0x0,
    0x0, 0x6f, 0x0, 0x15, 0x10, 0xf7, 0x0, 0x0,
    0x0, 0x6f, 0x0, 0x3f, 0x40, 0xf7, 0x0, 0x0,
    0x0, 0x6f, 0x0, 0x3f, 0x40, 0xf7, 0x19, 0x80,
    0x38, 0xbf, 0x86, 0x3f, 0x40, 0xfd, 0xff, 0xd0,
    0x5f, 0xff, 0xfb, 0x3f, 0x8c, 0xff, 0xac, 0xd0,
    0x0, 0x6f, 0x1, 0x9f, 0xfd, 0xf7, 0xa, 0xc0,
    0x0, 0x6f, 0xa, 0xff, 0x70, 0xf7, 0xa, 0xc0,
    0x0, 0x6f, 0x2, 0x5f, 0x40, 0xf7, 0xa, 0xc0,
    0x0, 0x6f, 0x37, 0x3f, 0x40, 0xf7, 0x3d, 0xb0,
    0x1, 0xaf, 0xfd, 0x3f, 0x40, 0xf7, 0xee, 0x50,
    0x5f, 0xfb, 0x40, 0x3f, 0x40, 0x31, 0x0, 0x73,
    0x18, 0x20, 0x0, 0x3f, 0x40, 0x0, 0x0, 0xe7,
    0x0, 0x0, 0x0, 0x1f, 0xa6, 0x66, 0x68, 0xf3,
    0x0, 0x0, 0x0, 0x8, 0xef, 0xff, 0xff, 0x90,

    /* U+5747 "均" */
    0x0, 0x0, 0x0, 0x0, 0x0, 0x0, 0x0, 0x0,
    0x0, 0x5f, 0x20, 0x3, 0xf5, 0x0, 0x0, 0x0,
    0x0, 0x5f, 0x20, 0x8, 0xf1, 0x0, 0x0, 0x0,
    0x0, 0x5f, 0x20, 0xd, 0xd2, 0x22, 0x23, 0x20,
    0x0, 0x5f, 0x20, 0x4f, 0xff, 0xff, 0xff, 0xf0,
    0x3f, 0xff, 0xfd, 0xbf, 0x77, 0x77, 0x7b, 0xf0,
    0x17, 0xaf, 0x8b, 0xf8, 0x0, 0x0, 0x8, 0xf0,
    0x0, 0x5f, 0x29, 0xe7, 0x66, 0x65, 0x9, 0xf0,
    0x0, 0x5f, 0x20, 0x2e, 0xff, 0xfd, 0x9, 0xe0,
    0x0, 0x5f, 0x20, 0x0, 0x0, 0x0, 0xa, 0xd0,
    0x0, 0x5f, 0x6a, 0x0, 0x0, 0x16, 0x1b, 0xc0,
    0x3, 0xbf, 0xfc, 0x21, 0x6b, 0xfe, 0x2c, 0xb0,
    0x6f, 0xe8, 0x20, 0x8f, 0xfa, 0x40, 0xe, 0x90,
    0x4, 0x0, 0x0, 0x25, 0x0, 0x0, 0x1f, 0x70,
    0x0, 0x0, 0x0, 0x0, 0x1, 0x87, 0xbf, 0x40,
    0x0, 0x0, 0x0, 0x0, 0x0, 0xef, 0xf9, 0x0,
    0x0, 0x0, 0x0, 0x0, 0x0, 0x0, 0x0, 0x0,

    /* U+57DF "域" */
    0x0, 0xe8, 0x0, 0x0, 0x0, 0x6f, 0x2b, 0x10,
    0x0, 0xe8, 0x0, 0x0, 0x0, 0x6f, 0x1d, 0xc0,
    0x0, 0xe8, 0x2, 0x33, 0x33, 0x8f, 0x35, 0xc0,
    0x0, 0xe8, 0xc, 0xff, 0xff, 0xff, 0xff, 0xf4,
    0x49, 0xfc, 0x82, 0x22, 0x22, 0x7f, 0x42, 0x20,
    0x8f, 0xff, 0xd1, 0x44, 0x44, 0x4f, 0x21, 0x20,
    0x0, 0xe8, 0x3, 0xfe, 0xed, 0x3f, 0x39, 0xd0,
    0x0, 0xe8, 0x3, 0xe0, 0x5d, 0x1f, 0x4e, 0x80,
    0x0, 0xe8, 0x3, 0xe0, 0x5d, 0xf, 0xbf, 0x20,
    0x0, 0xe8, 0x23, 0xff, 0xfd, 0xe, 0xfb, 0x0,
    0x0, 0xfe, 0xf3, 0x33, 0x33, 0x1c, 0xf3, 0x0,
    0x4d, 0xfd, 0x63, 0x59, 0xcf, 0xaf, 0xe0, 0x0,
    0x4c, 0x50, 0x3f, 0xfb, 0x76, 0xee, 0xf3, 0x95,
    0x0, 0x0, 0x2, 0x0, 0x5e, 0xd1, 0xdc, 0xd5,
    0x0, 0x0, 0x0, 0x0, 0x3a, 0x10, 0x4e, 0xd0,

    /* U+5831 "報" */
    0x0, 0x7, 0xf0, 0x0, 0x0, 0x0, 0x0, 0x0,
    0x0, 0x7, 0xf0, 0x0, 0xcf, 0xff, 0xff, 0xa0,
    0xd, 0xff, 0xff, 0xf2, 0xcc, 0x55, 0x5d, 0xa0,
    0x4, 0x5a, 0xf5, 0x50, 0xca, 0x0, 0xb, 0xa0,
    0x13, 0x39, 0xf3, 0x32, 0xca, 0x6, 0x6d, 0xa0,
    0x6f, 0xff, 0xff, 0xfc, 0xca, 0x9, 0xec, 0x30,
    0x4, 0xf2, 0x18, 0xc1, 0xcb, 0x33, 0x33, 0x10,
    0x0, 0xe5, 0xc, 0x80, 0xcf, 0xff, 0xff, 0xf0,
    0x1b, 0xec, 0xbf, 0xc6, 0xcd, 0xf2, 0x1c, 0xb0,
    0x19, 0x9c, 0xf9, 0x95, 0xca, 0xd7, 0x1f, 0x60,
    0x1, 0x18, 0xf1, 0x10, 0xca, 0x6e, 0x9f, 0x10,
    0xf, 0xff, 0xff, 0xf6, 0xca, 0xd, 0xf8, 0x0,
    0x2, 0x38, 0xf3, 0x31, 0xca, 0xc, 0xf9, 0x0,
    0x0, 0x7, 0xf0, 0x0, 0xcb, 0xbf, 0x8f, 0xb2,
    0x0, 0x7, 0xe0, 0x0, 0xcc, 0xc3, 0x4, 0xc2,
    0x0, 0x0, 0x0, 0x0, 0x0, 0x0, 0x0, 0x0,

    /* U+5834 "場" */
    0x0, 0x7f, 0x0, 0x0, 0x0, 0x0, 0x0, 0x0,
    0x0, 0x7f, 0x0, 0x2f, 0xff, 0xff, 0xff, 0x50,
    0x0, 0x7f, 0x0, 0x2f, 0x41, 0x11, 0x2f, 0x50,
    0x2, 0x8f, 0x21, 0x2f, 0xfe, 0xee, 0xef, 0x50,
    0x3f, 0xff, 0xf9, 0x2f, 0x30, 0x0, 0x1f, 0x50,
    0x4, 0x9f, 0x42, 0x2f, 0xff, 0xff, 0xff, 0x50,
    0x0, 0x7f, 0x2, 0x24, 0x44, 0x44, 0x44, 0x20,
    0x0, 0x7f, 0xe, 0xff, 0xff, 0xff, 0xff, 0xf3,
    0x0, 0x7f, 0x3, 0x2e, 0xb2, 0x22, 0x22, 0x20,
    0x0, 0x7f, 0xe9, 0xbf, 0xff, 0xff, 0xff, 0xf0,
    0x2a, 0xff, 0xbe, 0xe4, 0xbe, 0x4d, 0x99, 0xf0,
    0x4f, 0x92, 0x4b, 0x16, 0xf4, 0x4f, 0x28, 0xd0,
    0x1, 0x0, 0x0, 0x7f, 0x70, 0xd9, 0xa, 0xb0,
    0x0, 0x0, 0x9, 0xf6, 0xb, 0xd3, 0x3e, 0x80,
    0x0, 0x0, 0x0, 0x20, 0x4d, 0x28, 0xfe, 0x20,
    0x0, 0x0, 0x0, 0x0, 0x0, 0x0, 0x0, 0x0,

    /* U+58F0 "声" */
    0x0, 0x0, 0x0, 0xe, 0x90, 0x0, 0x0, 0x0,
    0x33, 0x33, 0x33, 0xfb, 0x33, 0x33, 0x32, 0x1f,
    0xff, 0xff, 0xff, 0xff, 0xff, 0xff, 0xc0, 0x11,
    0x11, 0x11, 0xfa, 0x11, 0x11, 0x11, 0x0, 0xbb,
    0xbb, 0xbf, 0xeb, 0xbb, 0xbb, 0x10, 0x9, 0x99,
    0x99, 0x99, 0x99, 0x99, 0x90, 0x0, 0x24, 0x44,
    0x44, 0x44, 0x44, 0x43, 0x0, 0xa, 0xff, 0xff,
    0xff, 0xff, 0xff, 0xf0, 0x0, 0xad, 0x0, 0xe,
    0x90, 0x0, 0x9f, 0x0, 0xa, 0xd0, 0x0, 0xe9,
    0x0, 0x9, 0xf0, 0x0, 0xcf, 0xdd, 0xdf, 0xfd,
    0xdd, 0xff, 0x0, 0xf, 0xb7, 0x77, 0x77, 0x77,
    0x7c, 0xf0, 0x5, 0xf4, 0x0, 0x0, 0x0, 0x0,
    0x24, 0x0, 0xdd, 0x0, 0x0, 0x0, 0x0, 0x0,
    0x0, 0x6f, 0x40, 0x0, 0x0, 0x0, 0x0, 0x0,
    0x0, 0x20, 0x0, 0x0, 0x0, 0x0, 0x0, 0x0,

    /* U+591A "多" */
    0x0, 0x0, 0x0, 0x17, 0x30, 0x0, 0x0, 0x0,
    0x0, 0x0, 0x1, 0xdf, 0x63, 0x33, 0x0, 0x0,
    0x0, 0x0, 0x5e, 0xff, 0xff, 0xff, 0x90, 0x0,
    0x0, 0x4c, 0xfd, 0x10, 0x1, 0xce, 0x10, 0x0,
    0x8, 0xfc, 0xaf, 0xc2, 0x1b, 0xf3, 0x0, 0x0,
    0x0, 0x40, 0x3, 0xdf, 0xee, 0x30, 0x0, 0x0,
    0x0, 0x0, 0x4, 0xcf, 0xbb, 0xb1, 0x0, 0x0,
    0x0, 0x49, 0xef, 0xc5, 0xbf, 0xb5, 0x55, 0x20,
    0xc, 0xfe, 0x92, 0x4e, 0xff, 0xff, 0xff, 0xd0,
    0x2, 0x20, 0x5c, 0xfd, 0x10, 0x0, 0x7f, 0x50,
    0x0, 0xd, 0xfb, 0xaf, 0xb1, 0x5, 0xfa, 0x0,
    0x0, 0x3, 0x20, 0x4, 0xee, 0x9f, 0xb0, 0x0,
    0x0, 0x0, 0x0, 0x0, 0x8f, 0xf8, 0x0, 0x0,
    0x0, 0x0, 0x26, 0xaf, 0xfb, 0x30, 0x0, 0x0,
    0x0, 0x7f, 0xff, 0xd8, 0x20, 0x0, 0x0, 0x0,
    0x0, 0x27, 0x41, 0x0, 0x0, 0x0, 0x0, 0x0,

    /* U+5929 "天" */
    0x6, 0x66, 0x66, 0x66, 0x66, 0x66, 0x66, 0x60,
    0x1f, 0xff, 0xff, 0xff, 0xff, 0xff, 0xff, 0xf1,
    0x2, 0x22, 0x22, 0x2f, 0xb2, 0x22, 0x22, 0x20,
    0x0, 0x0, 0x0, 0xe, 0xa0, 0x0, 0x0, 0x0,
    0x0, 0x0, 0x0, 0xe, 0xa0, 0x0, 0x0, 0x0,
    0x4, 0x77, 0x77, 0x7f, 0xd7, 0x77, 0x77, 0x50,
    0x9, 0xff, 0xff, 0xff, 0xff, 0xff, 0xff, 0xa0,
    0x0, 0x0, 0x0, 0x4f, 0xf4, 0x0, 0x0, 0x0,
    0x0, 0x0, 0x0, 0x9f, 0xfb, 0x0, 0x0, 0x0,
    0x0, 0x0, 0x3, 0xfc, 0x7f, 0x50, 0x0, 0x0,
    0x0, 0x0, 0x2e, 0xf3, 0xd, 0xf3, 0x0, 0x0,
    0x0, 0x5, 0xef, 0x50, 0x2, 0xef, 0x60, 0x0,
    0x6, 0xdf, 0xe4, 0x0, 0x0, 0x2d, 0xfd, 0x71,
    0x1e, 0xe7, 0x0, 0x0, 0x0, 0x0, 0x8e, 0xe1,
    0x1, 0x0, 0x0, 0x0, 0x0, 0x0, 0x0, 0x10,

    /* U+5931 "失" */
    0x0, 0x6, 0x80, 0xd, 0xb0, 0x0, 0x0, 0x0,
    0x0, 0xc, 0xe0, 0xd, 0xb0, 0x0, 0x0, 0x0,
    0x0, 0x2f, 0x80, 0xd, 0xb0, 0x0, 0x0, 0x0,
    0x0, 0x8f, 0xff, 0xff, 0xff, 0xff, 0xfc, 0x0,
    0x1, 0xfd, 0x99, 0x9f, 0xe9, 0x99, 0x97, 0x0,
    0xb, 0xf3, 0x0, 0xd, 0xb0, 0x0, 0x0, 0x0,
    0x7, 0x80, 0x0, 0xe, 0xa0, 0x0, 0x0, 0x0,
    0x17, 0x77, 0x77, 0x7f, 0xc7, 0x77, 0x77, 0x71,
    0x3f, 0xff, 0xff, 0xff, 0xff, 0xff, 0xff, 0xf3,
    0x0, 0x0, 0x0, 0xaf, 0xf9, 0x0, 0x0, 0x0,
    0x0, 0x0, 0x4, 0xfa, 0x9f, 0x30, 0x0, 0x0,
    0x0, 0x0, 0x2e, 0xf2, 0x1e, 0xe2, 0x0, 0x0,
    0x0, 0x6, 0xff, 0x40, 0x3, 0xfe, 0x50, 0x0,
    0x16, 0xdf, 0xd3, 0x0, 0x0, 0x3e, 0xfd, 0x72,
    0x1e, 0xe7, 0x0, 0x0, 0x0, 0x0, 0x7e, 0xf2,
    0x1, 0x0, 0x0, 0x0, 0x0, 0x0, 0x0, 0x10,

    /* U+5B58 "存" */
    0x0, 0x0, 0x0, 0x62, 0x0, 0x0, 0x0, 0x0,
    0x0, 0x0, 0x4, 0xf7, 0x0, 0x0, 0x0, 0x0,
    0x6, 0x66, 0x6b, 0xf8, 0x66, 0x66, 0x66, 0x60,
    0x1f, 0xff, 0xff, 0xff, 0xff, 0xff, 0xff, 0xf1,
    0x0, 0x0, 0x8f, 0x40, 0x0, 0x0, 0x0, 0x0,
    0x0, 0x2, 0xfb, 0x16, 0x66, 0x66, 0x76, 0x0,
    0x0, 0xb, 0xf2, 0x3f, 0xff, 0xff, 0xff, 0x20,
    0x0, 0x8f, 0x80, 0x0, 0x0, 0xb, 0xe3, 0x0,
    0x8, 0xff, 0x60, 0x0, 0x2, 0xed, 0x20, 0x0,
    0x5f, 0xcf, 0x62, 0x55, 0x57, 0xf8, 0x55, 0x51,
    0x7, 0x2f, 0x68, 0xff, 0xff, 0xff, 0xff, 0xf5,
    0x0, 0x2f, 0x60, 0x11, 0x14, 0xf5, 0x11, 0x10,
    0x0, 0x2f, 0x60, 0x0, 0x3, 0xf4, 0x0, 0x0,
    0x0, 0x2f, 0x60, 0x4, 0x68, 0xf4, 0x0, 0x0,
    0x0, 0x2f, 0x60, 0x6, 0xff, 0xc1, 0x0, 0x0,
    0x0, 0x0, 0x0, 0x0, 0x0, 0x0, 0x0, 0x0,

    /* U+5B9A "定" */
    0x0, 0x0, 0x0, 0xf, 0xa0, 0x0, 0x0, 0x0,
    0x0, 0x0, 0x0, 0xf, 0xa0, 0x0, 0x0, 0x0,
    0xe, 0xff, 0xff, 0xff, 0xff, 0xff, 0xff, 0x90,
    0xe, 0xc8, 0x88, 0x88, 0x88, 0x88, 0x8f, 0x90,
    0xe, 0x90, 0x0, 0x0, 0x0, 0x0, 0xf, 0x90,
    0xb, 0x77, 0xaa, 0xaa, 0xaa, 0xaa, 0x4b, 0x70,
    0x0, 0x8, 0xcc, 0xcf, 0xec, 0xcc, 0x50, 0x0,
    0x0, 0x0, 0x0, 0xf, 0x90, 0x0, 0x0, 0x0,
    0x0, 0xd, 0xb0, 0xf, 0x90, 0x0, 0x0, 0x0,
    0x0, 0xf, 0x80, 0xf, 0xff, 0xff, 0xf3, 0x0,
    0x0, 0x4f, 0x90, 0xf, 0xc7, 0x77, 0x71, 0x0,
    0x0, 0xaf, 0xf3, 0xf, 0x90, 0x0, 0x0, 0x0,
    0x2, 0xf9, 0xcf, 0x5f, 0x90, 0x0, 0x0, 0x0,
    0x1d, 0xf1, 0x1c, 0xff, 0xd9, 0x88, 0x88, 0x80,
    0x4f, 0x50, 0x0, 0x5a, 0xdf, 0xff, 0xff, 0xc0,
    0x1, 0x0, 0x0, 0x0, 0x0, 0x0, 0x0, 0x0,

    /* U+5B9F "実" */
    0x0, 0x0, 0x0, 0xc, 0xc0, 0x0, 0x0, 0x0,
    0x0, 0x0, 0x0, 0xc, 0xc0, 0x0, 0x0, 0x0,
    0xc, 0xff, 0xff, 0xff, 0xff, 0xff, 0xff, 0xc0,
    0xc, 0xc5, 0x55, 0x57, 0x75, 0x55, 0x5d, 0xc0,
    0xc, 0xb0, 0x0, 0xd, 0xb0, 0x0, 0xc, 0xc0,
    0x4, 0x9f, 0xff, 0xff, 0xff, 0xff, 0xfa, 0x40,
    0x0, 0x13, 0x33, 0x3d, 0xc3, 0x33, 0x32, 0x0,
    0x0, 0x16, 0x66, 0x6e, 0xd6, 0x66, 0x61, 0x0,
    0x0, 0x2e, 0xee, 0xef, 0xfe, 0xee, 0xe3, 0x0,
    0x0, 0x0, 0x0, 0x1f, 0x90, 0x0, 0x0, 0x0,
    0xf, 0xff, 0xff, 0xff, 0xff, 0xff, 0xff, 0xf1,
    0x4, 0x44, 0x46, 0xfd, 0xed, 0x44, 0x44, 0x40,
    0x0, 0x0, 0x5e, 0xe2, 0x4f, 0xb1, 0x0, 0x0,
    0x1, 0x6c, 0xfb, 0x10, 0x5, 0xff, 0x94, 0x10,
    0xd, 0xfb, 0x40, 0x0, 0x0, 0x19, 0xef, 0xd0,
    0x1, 0x10, 0x0, 0x0, 0x0, 0x0, 0x3, 0x20,

    /* U+5BA2 "客" */
    0x0, 0x0, 0x0, 0xe, 0xa0, 0x0, 0x0, 0x0,
    0x0, 0x0, 0x0, 0xe, 0xa0, 0x0, 0x0, 0x0,
    0xe, 0xff, 0xff, 0xff, 0xff, 0xff, 0xff, 0x90,
    0xe, 0xb6, 0x67, 0xb7, 0x66, 0x66, 0x6f, 0x90,
    0xe, 0x90, 0xc, 0xf5, 0x33, 0x33, 0xe, 0x90,
    0x3, 0x22, 0xdf, 0xff, 0xff, 0xff, 0x33, 0x20,
    0x0, 0x7f, 0xff, 0x40, 0x6, 0xf7, 0x0, 0x0,
    0x4, 0xf9, 0x1b, 0xf9, 0xaf, 0x70, 0x0, 0x0,
    0x0, 0x0, 0x2, 0xdf, 0xfc, 0x20, 0x0, 0x0,
    0x0, 0x26, 0xbf, 0xe7, 0x9f, 0xfe, 0xa6, 0x40,
    0x4e, 0xff, 0xfb, 0x66, 0x67, 0xcf, 0xff, 0xc0,
    0x8, 0x59, 0xfd, 0xdd, 0xdd, 0xdf, 0x92, 0x10,
    0x0, 0x9, 0xf0, 0x0, 0x0, 0xd, 0x90, 0x0,
    0x0, 0x9, 0xf5, 0x55, 0x55, 0x5e, 0x90, 0x0,
    0x0, 0x9, 0xff, 0xff, 0xff, 0xff, 0x90, 0x0,
    0x0, 0x0, 0x0, 0x0, 0x0, 0x0, 0x0, 0x0,

    /* U+5BA4 "室" */
    0x0, 0x0, 0x0, 0xe, 0xa0, 0x0, 0x0, 0x0,
    0x2, 0x22, 0x22, 0x2f, 0xb2, 0x22, 0x22, 0x20,
    0xf, 0xff, 0xff, 0xff, 0xff, 0xff, 0xff, 0xf0,
    0xf, 0xa3, 0x33, 0x33, 0x33, 0x33, 0x3a, 0xf0,
    0xe, 0x95, 0x55, 0x55, 0x55, 0x55, 0x5a, 0xf0,
    0x0, 0x3f, 0xff, 0xff, 0xff, 0xff, 0xf5, 0x0,
    0x0, 0x0, 0xe, 0xb0, 0x1, 0xc7, 0x0, 0x0,
    0x0, 0x44, 0x9f, 0x76, 0x66, 0xcf, 0xc1, 0x0,
    0x0, 0xff, 0xff, 0xff, 0xfe, 0xdc, 0xee, 0x10,
    0x0, 0x11, 0x0, 0xe, 0xa0, 0x0, 0x18, 0x0,
    0x0, 0x45, 0x55, 0x5f, 0xc5, 0x55, 0x53, 0x0,
    0x0, 0xbf, 0xff, 0xff, 0xff, 0xff, 0xfa, 0x0,
    0x0, 0x0, 0x0, 0xe, 0xa0, 0x0, 0x0, 0x0,
    0x18, 0x88, 0x88, 0x8f, 0xd8, 0x88, 0x88, 0x80,
    0x3f, 0xff, 0xff, 0xff, 0xff, 0xff, 0xff, 0xf0,

    /* U+5BFE "対" */
    0x0, 0x3, 0xf3, 0x0, 0x0, 0x0, 0xf9, 0x0,
    0x0, 0x3, 0xf3, 0x0, 0x0, 0x0, 0xf9, 0x0,
    0x1, 0x14, 0xf4, 0x11, 0x0, 0x0, 0xf9, 0x0,
    0x3f, 0xff, 0xff, 0xff, 0x80, 0x0, 0xf9, 0x0,
    0x17, 0x77, 0x78, 0x87, 0xec, 0xcc, 0xfe, 0xc4,
    0x0, 0x0, 0x7, 0xf0, 0xbb, 0xbb, 0xfe, 0xb4,
    0x6, 0xd1, 0xb, 0xd0, 0x0, 0x0, 0xf9, 0x0,
    0x2, 0xed, 0x1f, 0x90, 0x87, 0x0, 0xf9, 0x0,
    0x0, 0x3f, 0xef, 0x40, 0x7f, 0x10, 0xf9, 0x0,
    0x0, 0x5, 0xfe, 0x0, 0xe, 0x90, 0xf9, 0x0,
    0x0, 0x4, 0xff, 0x60, 0x8, 0x90, 0xf9, 0x0,
    0x0, 0x1e, 0xdc, 0xf2, 0x0, 0x0, 0xf9, 0x0,
    0x1, 0xdf, 0x22, 0xf4, 0x0, 0x0, 0xf9, 0x0,
    0x3e, 0xf4, 0x0, 0x10, 0x1, 0x99, 0xf8, 0x0,
    0xa, 0x20, 0x0, 0x0, 0x0, 0xff, 0xc2, 0x0,

    /* U+5C02 "専" */
    0x0, 0x0, 0x0, 0x9e, 0x0, 0x0, 0x0, 0x6,
    0xaa, 0xaa, 0xad, 0xfa, 0xaa, 0xaa, 0xa0, 0x7d,
    0xdd, 0xdd, 0xef, 0xdd, 0xdd, 0xdd, 0x10, 0x1,
    0x11, 0x19, 0xf1, 0x11, 0x11, 0x0, 0x8, 0xff,
    0xff, 0xff, 0xff, 0xff, 0xf0, 0x0, 0x8e, 0x0,
    0x9, 0xe0, 0x0, 0x8f, 0x0, 0x8, 0xff, 0xff,
    0xff, 0xff, 0xff, 0xf0, 0x0, 0x8e, 0x11, 0x19,
    0xf1, 0x11, 0x8f, 0x0, 0x8, 0xfd, 0xdd, 0xff,
    0xdd, 0xde, 0xf0, 0x0, 0x12, 0x22, 0x22, 0x22,
    0xaf, 0x22, 0x0, 0xef, 0xff, 0xff, 0xff, 0xff,
    0xff, 0xff, 0x75, 0x56, 0xd6, 0x55, 0x55, 0xcf,
    0x55, 0x52, 0x0, 0x3e, 0xd2, 0x0, 0x9, 0xe0,
    0x0, 0x0, 0x0, 0x2e, 0xb0, 0x44, 0xbe, 0x0,
    0x0, 0x0, 0x0, 0x10, 0xd, 0xff, 0x80, 0x0,
    0x0, 0x0, 0x0, 0x0, 0x0, 0x0, 0x0, 0x0,

    /* U+5C4F "屏" */
    0x0, 0xdf, 0xff, 0xff, 0xff, 0xff, 0xff, 0x40,
    0x0, 0xdc, 0x44, 0x44, 0x44, 0x44, 0x7f, 0x40,
    0x0, 0xdb, 0x0, 0x0, 0x0, 0x0, 0x4f, 0x40,
    0x0, 0xdf, 0xff, 0xff, 0xff, 0xff, 0xff, 0x40,
    0x0, 0xdc, 0x46, 0xf7, 0x44, 0x4b, 0xf4, 0x10,
    0x0, 0xdb, 0x0, 0xcc, 0x0, 0x2f, 0x70, 0x0,
    0x0, 0xea, 0xdf, 0xff, 0xff, 0xff, 0xff, 0xc0,
    0x0, 0xe9, 0x23, 0xaf, 0x33, 0x7f, 0x53, 0x20,
    0x0, 0xf7, 0x0, 0x8e, 0x0, 0x5f, 0x20, 0x0,
    0x2, 0xf7, 0x55, 0xbf, 0x55, 0x9f, 0x75, 0x51,
    0x6, 0xf6, 0xee, 0xff, 0xee, 0xff, 0xfe, 0xe3,
    0xa, 0xe0, 0x4, 0xf6, 0x0, 0x5f, 0x20, 0x0,
    0x1f, 0x90, 0x6f, 0xb0, 0x0, 0x5f, 0x20, 0x0,
    0x3c, 0x11, 0xd8, 0x0, 0x0, 0x5f, 0x20, 0x0,
    0x0, 0x0, 0x0, 0x0, 0x0, 0x0, 0x0, 0x0,

    /* U+5C71 "山" */
    0x0, 0x0, 0x0, 0xf9, 0x0, 0x0, 0x0, 0x0,
    0x0, 0x0, 0xf9, 0x0, 0x0, 0x0, 0x0, 0x0,
    0x0, 0xf9, 0x0, 0x0, 0x0, 0x7d, 0x0, 0x0,
    0xf9, 0x0, 0x0, 0xe7, 0x8f, 0x0, 0x0, 0xf9,
    0x0, 0x0, 0xf8, 0x8f, 0x0, 0x0, 0xf9, 0x0,
    0x0, 0xf8, 0x8f, 0x0, 0x0, 0xf9, 0x0, 0x0,
    0xf8, 0x8f, 0x0, 0x0, 0xf9, 0x0, 0x0, 0xf8,
    0x8f, 0x0, 0x0, 0xf9, 0x0, 0x0, 0xf8, 0x8f,
    0x0, 0x0, 0xf9, 0x0, 0x0, 0xf8, 0x8f, 0x0,
    0x0, 0xf9, 0x0, 0x0, 0xf8, 0x8f, 0xdd, 0xdd,
    0xfe, 0xdd, 0xdd, 0xf8, 0x8f, 0xbb, 0xbb, 0xbb,
    0xbb, 0xbb, 0xf8, 0x8f, 0x0, 0x0, 0x0, 0x0,
    0x0, 0xf8,

    /* U+5DE6 "左" */
    0x0, 0x0, 0x1, 0x30, 0x0, 0x0, 0x0, 0x0,
    0x0, 0x0, 0x5, 0xf3, 0x0, 0x0, 0x0, 0x0,
    0x0, 0x0, 0x8, 0xf0, 0x0, 0x0, 0x0, 0x0,
    0x7, 0x88, 0x8d, 0xf8, 0x88, 0x88, 0x88, 0x70,
    0xe, 0xff, 0xff, 0xff, 0xff, 0xff, 0xff, 0xe0,
    0x0, 0x0, 0x3f, 0x50, 0x0, 0x0, 0x0, 0x0,
    0x0, 0x0, 0x9f, 0x0, 0x0, 0x0, 0x0, 0x0,
    0x0, 0x0, 0xed, 0x77, 0x77, 0x77, 0x77, 0x40,
    0x0, 0x5, 0xfc, 0xff, 0xff, 0xff, 0xff, 0x90,
    0x0, 0xc, 0xd0, 0x0, 0x1f, 0x70, 0x0, 0x0,
    0x0, 0x6f, 0x50, 0x0, 0x1f, 0x70, 0x0, 0x0,
    0x2, 0xfb, 0x0, 0x0, 0x1f, 0x70, 0x0, 0x0,
    0x1d, 0xe2, 0x0, 0x0, 0x1f, 0x70, 0x0, 0x0,
    0x4f, 0x32, 0xcc, 0xcc, 0xcf, 0xdc, 0xcc, 0xc3,
    0x1, 0x3, 0xff, 0xff, 0xff, 0xff, 0xff, 0xf4,

    /* U+5DF2 "已" */
    0x8f, 0xff, 0xff, 0xff, 0xff, 0xff, 0x10, 0x4,
    0x77, 0x77, 0x77, 0x77, 0x7c, 0xf1, 0x0, 0x0,
    0x0, 0x0, 0x0, 0x0, 0x8f, 0x10, 0x0, 0x77,
    0x0, 0x0, 0x0, 0x8, 0xf1, 0x0, 0xc, 0xc0,
    0x0, 0x0, 0x0, 0x8f, 0x10, 0x0, 0xcd, 0x33,
    0x33, 0x33, 0x39, 0xf1, 0x0, 0xc, 0xff, 0xff,
    0xff, 0xff, 0xff, 0x10, 0x0, 0xcd, 0x44, 0x44,
    0x44, 0x4a, 0xf1, 0x0, 0xc, 0xc0, 0x0, 0x0,
    0x0, 0x1, 0x0, 0x0, 0xcc, 0x0, 0x0, 0x0,
    0x0, 0x2, 0x10, 0xc, 0xc0, 0x0, 0x0, 0x0,
    0x0, 0x8f, 0x10, 0xcd, 0x0, 0x0, 0x0, 0x0,
    0xc, 0xe0, 0x9, 0xf9, 0x88, 0x88, 0x88, 0x8a,
    0xf9, 0x0, 0x1b, 0xef, 0xff, 0xff, 0xff, 0xea,
    0x10,

    /* U+5E74 "年" */
    0x0, 0x0, 0x63, 0x0, 0x0, 0x0, 0x0, 0x0,
    0x0, 0x1, 0xf9, 0x0, 0x0, 0x0, 0x0, 0x0,
    0x0, 0x9, 0xfb, 0xaa, 0xaa, 0xaa, 0xaa, 0x50,
    0x0, 0x3f, 0xed, 0xdd, 0xff, 0xdd, 0xdd, 0x60,
    0x0, 0xde, 0x10, 0x0, 0xea, 0x0, 0x0, 0x0,
    0xb, 0xf5, 0x0, 0x0, 0xea, 0x0, 0x0, 0x0,
    0x6, 0x78, 0xff, 0xff, 0xff, 0xff, 0xff, 0x20,
    0x0, 0x9, 0xf7, 0x77, 0xfc, 0x77, 0x77, 0x10,
    0x0, 0x9, 0xe0, 0x0, 0xea, 0x0, 0x0, 0x0,
    0x0, 0x9, 0xe0, 0x0, 0xea, 0x0, 0x0, 0x0,
    0x2c, 0xce, 0xfc, 0xcc, 0xfe, 0xcc, 0xcc, 0xc4,
    0x2b, 0xbb, 0xbb, 0xbb, 0xfe, 0xbb, 0xbb, 0xb3,
    0x0, 0x0, 0x0, 0x0, 0xea, 0x0, 0x0, 0x0,
    0x0, 0x0, 0x0, 0x0, 0xea, 0x0, 0x0, 0x0,
    0x0, 0x0, 0x0, 0x0, 0xea, 0x0, 0x0, 0x0,

    /* U+5E95 "底" */
    0x0, 0x0, 0x0, 0x8, 0xf0, 0x0, 0x0, 0x0,
    0x0, 0x0, 0x0, 0x8, 0xf0, 0x0, 0x0, 0x0,
    0x5, 0xff, 0xff, 0xff, 0xff, 0xff, 0xff, 0xf1,
    0x5, 0xf7, 0x66, 0x66, 0x66, 0x67, 0x96, 0x60,
    0x5, 0xf1, 0x23, 0x35, 0x7a, 0xdf, 0xf3, 0x0,
    0x5, 0xf1, 0x7f, 0xfe, 0xce, 0xd4, 0x10, 0x0,
    0x5, 0xf1, 0x7f, 0x0, 0xa, 0xc0, 0x0, 0x0,
    0x5, 0xf1, 0x7f, 0x66, 0x6c, 0xe6, 0x66, 0x60,
    0x6, 0xf0, 0x7f, 0xff, 0xff, 0xff, 0xff, 0xf0,
    0x7, 0xf0, 0x7f, 0x0, 0x5, 0xf1, 0x0, 0x0,
    0x9, 0xe0, 0x7f, 0x0, 0x2, 0xf4, 0x0, 0x0,
    0xb, 0xb4, 0xbf, 0xac, 0xe7, 0xe9, 0x1, 0x30,
    0xf, 0x89, 0xec, 0xa8, 0x62, 0x8f, 0x13, 0xf1,
    0x4f, 0x33, 0x55, 0x55, 0x55, 0x3f, 0xca, 0xe0,
    0x8d, 0x8, 0xff, 0xff, 0xff, 0x53, 0xdf, 0x60,
    0x1, 0x0, 0x0, 0x0, 0x0, 0x0, 0x0, 0x0,

    /* U+5EA6 "度" */
    0x0, 0x0, 0x0, 0x8, 0xf0, 0x0, 0x0, 0x0,
    0x0, 0x0, 0x0, 0x8, 0xf0, 0x0, 0x0, 0x0,
    0x5, 0xff, 0xff, 0xff, 0xff, 0xff, 0xff, 0xe0,
    0x5, 0xf7, 0x66, 0xa7, 0x66, 0x6a, 0x76, 0x50,
    0x5, 0xf1, 0x1, 0xf6, 0x0, 0x2f, 0x50, 0x0,
    0x5, 0xf8, 0xff, 0xff, 0xff, 0xff, 0xff, 0xd0,
    0x5, 0xf2, 0x34, 0xf8, 0x33, 0x4f, 0x73, 0x20,
    0x5, 0xf1, 0x0, 0xf9, 0x55, 0x6f, 0x50, 0x0,
    0x6, 0xf0, 0x0, 0xdd, 0xdd, 0xdd, 0x40, 0x0,
    0x7, 0xf0, 0x44, 0x44, 0x44, 0x44, 0x41, 0x0,
    0x9, 0xe0, 0xff, 0xff, 0xff, 0xff, 0xfa, 0x0,
    0xb, 0xb0, 0x3, 0xf8, 0x0, 0x1c, 0xe1, 0x0,
    0xf, 0x80, 0x0, 0x5f, 0xc7, 0xed, 0x20, 0x0,
    0x4f, 0x40, 0x2, 0x6c, 0xff, 0xf8, 0x30, 0x0,
    0x8e, 0x8, 0xff, 0xfc, 0x74, 0x9e, 0xff, 0xc0,
    0x2, 0x1, 0x53, 0x0, 0x0, 0x0, 0x25, 0x30,

    /* U+5F53 "当" */
    0x0, 0x0, 0x0, 0xeb, 0x0, 0x2, 0x10, 0x1e,
    0x90, 0x0, 0xeb, 0x0, 0xc, 0xe0, 0x8, 0xf3,
    0x0, 0xeb, 0x0, 0x3f, 0x80, 0x1, 0xfb, 0x0,
    0xeb, 0x0, 0xaf, 0x10, 0x0, 0x9e, 0x0, 0xeb,
    0x3, 0xf7, 0x0, 0x0, 0x10, 0x0, 0xeb, 0x0,
    0x40, 0x0, 0xe, 0xee, 0xee, 0xff, 0xee, 0xee,
    0xd0, 0x9, 0x99, 0x99, 0x99, 0x99, 0x9d, 0xf0,
    0x0, 0x0, 0x0, 0x0, 0x0, 0xa, 0xf0, 0x3,
    0x77, 0x77, 0x77, 0x77, 0x7d, 0xf0, 0x7, 0xff,
    0xff, 0xff, 0xff, 0xff, 0xf0, 0x0, 0x0, 0x0,
    0x0, 0x0, 0xb, 0xf0, 0x0, 0x0, 0x0, 0x0,
    0x0, 0xa, 0xf0, 0x4f, 0xff, 0xff, 0xff, 0xff,
    0xff, 0xf0, 0x28, 0x88, 0x88, 0x88, 0x88, 0x8d,
    0xf0,

    /* U+5F62 "形" */
    0x0, 0x0, 0x0, 0x0, 0x0, 0x0, 0x18, 0x20,
    0x2f, 0xff, 0xff, 0xff, 0xf0, 0x0, 0xcf, 0x20,
    0x2f, 0xff, 0xff, 0xff, 0xf0, 0x1c, 0xf4, 0x0,
    0x0, 0x6f, 0x0, 0xe9, 0x3, 0xdf, 0x40, 0x0,
    0x0, 0x6f, 0x0, 0xe9, 0xa, 0xd3, 0x0, 0x0,
    0x0, 0x6f, 0x0, 0xe9, 0x0, 0x0, 0x9, 0x60,
    0x14, 0x9f, 0x44, 0xfb, 0x41, 0x0, 0x9f, 0x50,
    0x6f, 0xff, 0xff, 0xff, 0xf3, 0x1c, 0xf5, 0x0,
    0x2, 0x8f, 0x22, 0xfa, 0x26, 0xfe, 0x30, 0x0,
    0x0, 0x8e, 0x0, 0xe9, 0x2, 0x80, 0x2, 0x60,
    0x0, 0xbc, 0x0, 0xe9, 0x0, 0x0, 0x1d, 0xe1,
    0x0, 0xf9, 0x0, 0xe9, 0x0, 0x1, 0xcf, 0x30,
    0x6, 0xf3, 0x0, 0xe9, 0x0, 0x5e, 0xe3, 0x0,
    0x1e, 0xc0, 0x0, 0xe9, 0x3b, 0xfc, 0x10, 0x0,
    0x2d, 0x20, 0x0, 0xe9, 0x2c, 0x60, 0x0, 0x0,
    0x0, 0x0, 0x0, 0x0, 0x0, 0x0, 0x0, 0x0,

    /* U+5F85 "待" */
    0x0, 0x4, 0x91, 0x0, 0x7, 0xf1, 0x0, 0x0,
    0x0, 0x1e, 0xc0, 0x0, 0x7, 0xf1, 0x0, 0x0,
    0x1, 0xde, 0x10, 0x56, 0x6a, 0xf7, 0x66, 0x40,
    0x1d, 0xe3, 0x0, 0xdf, 0xff, 0xff, 0xff, 0xa0,
    0x1c, 0x20, 0xb3, 0x0, 0x7, 0xf1, 0x0, 0x0,
    0x0, 0xa, 0xf6, 0x66, 0x6a, 0xf6, 0x66, 0x62,
    0x0, 0x8f, 0x6c, 0xff, 0xff, 0xff, 0xff, 0xf7,
    0x8, 0xff, 0x40, 0x0, 0x0, 0x3, 0xf4, 0x0,
    0x6f, 0xcf, 0x44, 0x77, 0x77, 0x78, 0xf9, 0x72,
    0x18, 0x2f, 0x49, 0xff, 0xff, 0xff, 0xff, 0xf5,
    0x0, 0x2f, 0x40, 0x29, 0x10, 0x3, 0xf4, 0x0,
    0x0, 0x2f, 0x40, 0x1e, 0xc0, 0x3, 0xf4, 0x0,
    0x0, 0x2f, 0x40, 0x4, 0xf6, 0x3, 0xf4, 0x0,
    0x0, 0x2f, 0x40, 0x0, 0x33, 0x58, 0xf4, 0x0,
    0x0, 0x2f, 0x40, 0x0, 0x3, 0xff, 0xc1, 0x0,
    0x0, 0x0, 0x0, 0x0, 0x0, 0x0, 0x0, 0x0,

    /* U+5F97 "得" */
    0x0, 0x2, 0x30, 0x0, 0x0, 0x0, 0x0, 0x0,
    0x0, 0x1d, 0xe1, 0x7f, 0xff, 0xff, 0xff, 0x40,
    0x1, 0xde, 0x20, 0x7f, 0x11, 0x11, 0x4f, 0x40,
    0x3e, 0xd2, 0x0, 0x7f, 0xee, 0xee, 0xef, 0x40,
    0x9, 0x12, 0xe4, 0x7f, 0x11, 0x11, 0x4f, 0x40,
    0x0, 0xd, 0xd0, 0x7f, 0xff, 0xff, 0xff, 0x40,
    0x0, 0xbf, 0x40, 0x12, 0x22, 0x22, 0x22, 0x0,
    0xb, 0xff, 0x34, 0xbb, 0xbb, 0xbb, 0xbb, 0xa0,
    0x8f, 0xbf, 0x33, 0x99, 0x99, 0x9d, 0xf9, 0x80,
    0x16, 0x4f, 0x33, 0x44, 0x44, 0x4a, 0xf4, 0x41,
    0x0, 0x4f, 0x3c, 0xff, 0xff, 0xff, 0xff, 0xf4,
    0x0, 0x4f, 0x30, 0x3b, 0x20, 0x9, 0xf0, 0x0,
    0x0, 0x4f, 0x30, 0xb, 0xe1, 0x9, 0xf0, 0x0,
    0x0, 0x4f, 0x30, 0x0, 0x95, 0x4b, 0xf0, 0x0,
    0x0, 0x4f, 0x30, 0x0, 0x5, 0xff, 0x90, 0x0,
    0x0, 0x0, 0x0, 0x0, 0x0, 0x0, 0x0, 0x0,

    /* U+5FC5 "必" */
    0x0, 0x0, 0x3, 0x50, 0x0, 0x0, 0x0, 0x0,
    0x0, 0x0, 0xa, 0xfa, 0x10, 0x0, 0x66, 0x0,
    0x0, 0x0, 0x0, 0x7f, 0xe3, 0x1, 0xfc, 0x0,
    0x0, 0x0, 0x0, 0x3, 0xea, 0xa, 0xf3, 0x0,
    0x0, 0x0, 0x1f, 0x80, 0x10, 0x4f, 0x90, 0x0,
    0x0, 0xb9, 0x1f, 0x80, 0x1, 0xed, 0x11, 0x0,
    0x0, 0xf8, 0x1f, 0x80, 0xc, 0xf3, 0xeb, 0x0,
    0x4, 0xf4, 0x1f, 0x80, 0xbf, 0x50, 0x8f, 0x40,
    0x9, 0xf0, 0x1f, 0x9b, 0xf6, 0x0, 0xe, 0xc0,
    0x1f, 0xa0, 0x1f, 0xff, 0x60, 0x0, 0x7, 0xf4,
    0x19, 0x30, 0x4f, 0xf5, 0x0, 0x2, 0x1, 0xf8,
    0x0, 0x8, 0xff, 0x80, 0x0, 0x8, 0xe0, 0x30,
    0x5, 0xdf, 0xbf, 0x80, 0x0, 0xa, 0xd0, 0x0,
    0x1e, 0xd4, 0xf, 0xd8, 0x88, 0x8f, 0xa0, 0x0,
    0x1, 0x0, 0x7, 0xef, 0xff, 0xfd, 0x20, 0x0,

    /* U+5FD8 "忘" */
    0x0, 0x0, 0x0, 0xe, 0x90, 0x0, 0x0, 0x0,
    0x0, 0x0, 0x0, 0xe, 0x90, 0x0, 0x0, 0x0,
    0xa, 0xbb, 0xbb, 0xbf, 0xeb, 0xbb, 0xbb, 0x90,
    0xd, 0xef, 0xed, 0xdd, 0xdd, 0xdd, 0xdd, 0xc0,
    0x0, 0x1f, 0x70, 0x0, 0x0, 0x0, 0x0, 0x0,
    0x0, 0x1f, 0x70, 0x0, 0x0, 0x0, 0x0, 0x0,
    0x0, 0xf, 0xb4, 0x44, 0x44, 0x44, 0x55, 0x0,
    0x0, 0x7, 0xff, 0xff, 0xff, 0xff, 0xfe, 0x0,
    0x0, 0x0, 0x1, 0xa8, 0x11, 0x11, 0x10, 0x0,
    0x0, 0x0, 0x0, 0x8f, 0xc1, 0x0, 0x0, 0x0,
    0x0, 0xa8, 0x4f, 0x13, 0xe7, 0x4, 0xf4, 0x0,
    0x1, 0xf8, 0x4f, 0x20, 0x10, 0x0, 0xaf, 0x20,
    0x8, 0xf2, 0x4f, 0x20, 0x0, 0x7c, 0x1e, 0xc0,
    0x4f, 0x90, 0x4f, 0x75, 0x55, 0xcd, 0x5, 0xf2,
    0x4, 0x0, 0xb, 0xff, 0xff, 0xf5, 0x0, 0x20,

    /* U+5FDC "応" */
    0x0, 0x0, 0x0, 0x8, 0xf0, 0x0, 0x0, 0x0,
    0x0, 0x0, 0x0, 0x8, 0xf0, 0x0, 0x0, 0x0,
    0x4, 0xbb, 0xbb, 0xbe, 0xfc, 0xbb, 0xbb, 0xb3,
    0x5, 0xfc, 0xbb, 0xbb, 0xbb, 0xbb, 0xbb, 0xb3,
    0x5, 0xf2, 0x0, 0xa, 0x91, 0x0, 0x0, 0x0,
    0x5, 0xf2, 0x0, 0x8, 0xfe, 0x50, 0x0, 0x0,
    0x5, 0xf2, 0x0, 0x0, 0x2c, 0xf5, 0x0, 0x0,
    0x6, 0xf2, 0x0, 0x6f, 0x10, 0x60, 0x0, 0x0,
    0x6, 0xf1, 0x64, 0x6f, 0x10, 0x0, 0xc8, 0x0,
    0x7, 0xf0, 0xc9, 0x6f, 0x10, 0x0, 0xaf, 0x20,
    0x9, 0xe0, 0xf7, 0x6f, 0x10, 0x0, 0x2f, 0x90,
    0xc, 0xb3, 0xf3, 0x6f, 0x10, 0xa, 0x4b, 0xf1,
    0xf, 0x89, 0xe0, 0x6f, 0x10, 0xd, 0x75, 0xf6,
    0x5f, 0x46, 0x70, 0x6f, 0x75, 0x6f, 0x50, 0xa3,
    0x7d, 0x0, 0x0, 0x1d, 0xff, 0xfc, 0x0, 0x0,
    0x1, 0x0, 0x0, 0x0, 0x0, 0x0, 0x0, 0x0,

    /* U+606F "息" */
    0x0, 0x0, 0x0, 0x8, 0x70, 0x0, 0x0, 0x0,
    0x0, 0x3, 0x33, 0x4f, 0xb3, 0x33, 0x30, 0x0,
    0x0, 0xe, 0xff, 0xff, 0xff, 0xff, 0xf1, 0x0,
    0x0, 0xe, 0x90, 0x0, 0x0, 0x7, 0xf1, 0x0,
    0x0, 0xe, 0xff, 0xff, 0xff, 0xff, 0xf1, 0x0,
    0x0, 0xe, 0x80, 0x0, 0x0, 0x7, 0xf1, 0x0,
    0x0, 0xe, 0xff, 0xff, 0xff, 0xff, 0xf1, 0x0,
    0x0, 0xe, 0xa2, 0x22, 0x22, 0x28, 0xf1, 0x0,
    0x0, 0xe, 0xb5, 0x55, 0x55, 0x5a, 0xf1, 0x0,
    0x0, 0xc, 0xdd, 0xde, 0xdd, 0xdd, 0xd1, 0x0,
    0x0, 0x52, 0x15, 0x5f, 0x70, 0x0, 0x60, 0x0,
    0x0, 0xf8, 0x5f, 0x25, 0xf8, 0x3, 0xfc, 0x0,
    0x8, 0xf2, 0x5f, 0x20, 0x30, 0x56, 0x3f, 0xb0,
    0x3f, 0x90, 0x4f, 0x85, 0x55, 0xcc, 0x6, 0xf5,
    0x4, 0x0, 0x1c, 0xff, 0xff, 0xe5, 0x0, 0x40,

    /* U+60C5 "情" */
    0x0, 0xac, 0x0, 0x0, 0x9, 0xe0, 0x0, 0x0,
    0x0, 0xac, 0x1, 0x22, 0x2a, 0xf2, 0x22, 0x20,
    0x0, 0xac, 0x8, 0xff, 0xff, 0xff, 0xff, 0xf0,
    0x3, 0xad, 0xd1, 0x33, 0x3a, 0xf3, 0x33, 0x20,
    0xf, 0xbc, 0xb9, 0xcc, 0xce, 0xfc, 0xcc, 0x70,
    0x2f, 0xac, 0x38, 0x66, 0x6b, 0xf6, 0x66, 0x62,
    0x4e, 0xac, 0xc, 0xcc, 0xcc, 0xcc, 0xcc, 0xc5,
    0x8b, 0xac, 0x0, 0x33, 0x33, 0x33, 0x33, 0x0,
    0x2, 0xac, 0x0, 0xff, 0xee, 0xee, 0xff, 0x10,
    0x0, 0xac, 0x0, 0xf8, 0x22, 0x22, 0x6f, 0x10,
    0x0, 0xac, 0x0, 0xff, 0xff, 0xff, 0xff, 0x10,
    0x0, 0xac, 0x0, 0xf8, 0x22, 0x22, 0x6f, 0x10,
    0x0, 0xac, 0x0, 0xff, 0xff, 0xff, 0xff, 0x10,
    0x0, 0xac, 0x0, 0xf6, 0x0, 0x5, 0x8f, 0x10,
    0x0, 0xac, 0x0, 0xf6, 0x0, 0xd, 0xfb, 0x0,

    /* U+611F "感" */
    0x0, 0x0, 0x0, 0x0, 0x0, 0x0, 0x0, 0x0,
    0x0, 0x0, 0x0, 0x0, 0x8d, 0x1e, 0x90, 0x0,
    0x0, 0x0, 0x0, 0x0, 0x7f, 0x5, 0xe7, 0x0,
    0x4, 0xff, 0xff, 0xff, 0xff, 0xff, 0xff, 0xc0,
    0x4, 0xf5, 0x44, 0x44, 0x6f, 0x74, 0x54, 0x30,
    0x4, 0xf6, 0xdd, 0xdd, 0x6f, 0x81, 0xf6, 0x0,
    0x5, 0xf2, 0x22, 0x22, 0x1a, 0xc8, 0xf1, 0x0,
    0x6, 0xf4, 0xff, 0xff, 0x35, 0xff, 0x80, 0x0,
    0x9, 0xc3, 0xf1, 0x1f, 0x41, 0xfe, 0x0, 0x91,
    0xe, 0x83, 0xf7, 0x7f, 0x5c, 0xff, 0x61, 0xf2,
    0x7f, 0x22, 0x99, 0xba, 0xbe, 0x39, 0xfe, 0xe0,
    0x26, 0x0, 0x12, 0xce, 0x61, 0x0, 0x67, 0x20,
    0x0, 0xc7, 0x8f, 0x8, 0xf2, 0x6, 0xf5, 0x0,
    0x4, 0xf4, 0x8f, 0x0, 0x10, 0x85, 0xaf, 0x40,
    0x2e, 0xc0, 0x7f, 0x65, 0x55, 0xe9, 0xc, 0xe0,
    0x2b, 0x20, 0x2d, 0xff, 0xff, 0xe3, 0x3, 0x50,

    /* U+614B "態" */
    0x0, 0x0, 0x0, 0x0, 0x0, 0x0, 0x0, 0x0,
    0x0, 0xf, 0x70, 0x10, 0x5f, 0x10, 0x0, 0x0,
    0x0, 0x6f, 0x17, 0xe1, 0x5f, 0x26, 0xce, 0x10,
    0x2, 0xda, 0x34, 0xea, 0x5f, 0xfe, 0x92, 0x0,
    0x2f, 0xff, 0xfe, 0xdf, 0x9f, 0x40, 0x2, 0x70,
    0x2, 0x44, 0x44, 0x46, 0x4f, 0xa8, 0x8b, 0xe0,
    0x4, 0xfb, 0xbb, 0xf8, 0x8, 0x99, 0x99, 0x40,
    0x4, 0xfd, 0xdd, 0xf8, 0x5f, 0x12, 0x8c, 0x20,
    0x4, 0xf3, 0x22, 0xe8, 0x5f, 0xdf, 0xc6, 0x0,
    0x4, 0xfe, 0xee, 0xf8, 0x5f, 0x61, 0x0, 0x50,
    0x4, 0xf0, 0x1, 0xe7, 0x5f, 0x43, 0x36, 0xf1,
    0x4, 0xf0, 0x2f, 0xe9, 0x1d, 0xff, 0xff, 0xa0,
    0x0, 0x35, 0x17, 0x7e, 0xd3, 0x1, 0x82, 0x0,
    0x0, 0xcc, 0x2f, 0x40, 0x93, 0x25, 0xce, 0x20,
    0xa, 0xf3, 0x2f, 0x83, 0x33, 0x9e, 0x1d, 0xe1,
    0x1a, 0x50, 0xb, 0xff, 0xff, 0xf7, 0x2, 0xa1,

    /* U+6216 "或" */
    0x0, 0x0, 0x0, 0x0, 0x0, 0x0, 0x0, 0x0,
    0x0, 0x0, 0x0, 0x0, 0x5f, 0x46, 0xc2, 0x0,
    0x0, 0x0, 0x0, 0x0, 0x4f, 0x44, 0xef, 0x40,
    0x0, 0x0, 0x0, 0x0, 0x4f, 0x50, 0x2d, 0x40,
    0xf, 0xff, 0xff, 0xff, 0xff, 0xff, 0xff, 0xf1,
    0x7, 0x77, 0x77, 0x77, 0x8f, 0xb7, 0x77, 0x70,
    0x0, 0x44, 0x44, 0x42, 0xf, 0x90, 0x17, 0x10,
    0x2, 0xff, 0xff, 0xf8, 0xe, 0xb0, 0x6f, 0x40,
    0x2, 0xf3, 0x0, 0xe8, 0xc, 0xd0, 0xdd, 0x0,
    0x2, 0xf3, 0x0, 0xe8, 0x9, 0xf5, 0xf6, 0x0,
    0x2, 0xf8, 0x66, 0xf8, 0x6, 0xff, 0xd0, 0x0,
    0x2, 0xee, 0xee, 0xe7, 0x2, 0xff, 0x30, 0x0,
    0x0, 0x0, 0x1, 0x47, 0x8, 0xfe, 0x0, 0x92,
    0x6, 0x9c, 0xef, 0xfd, 0xaf, 0xdf, 0x50, 0xf5,
    0xd, 0xb8, 0x52, 0x3d, 0xf9, 0xd, 0xfb, 0xf2,
    0x0, 0x0, 0x0, 0x2d, 0x60, 0x2, 0xcf, 0x90,
    0x0, 0x0, 0x0, 0x0, 0x0, 0x0, 0x0, 0x0,

    /* U+6240 "所" */
    0x0, 0x0, 0x0, 0x0, 0x0, 0x0, 0x6, 0x30,
    0x1f, 0xff, 0xff, 0xfe, 0x22, 0x59, 0xff, 0xd1,
    0x6, 0x66, 0x66, 0x65, 0x7f, 0xfe, 0x94, 0x0,
    0x0, 0x0, 0x0, 0x0, 0x7f, 0x30, 0x0, 0x0,
    0x7, 0xff, 0xff, 0xf8, 0x7f, 0x0, 0x0, 0x0,
    0x8, 0xf6, 0x66, 0xf8, 0x7f, 0x11, 0x11, 0x10,
    0x8, 0xe0, 0x0, 0xe8, 0x7f, 0xff, 0xff, 0xf8,
    0x8, 0xe0, 0x0, 0xe8, 0x8f, 0x66, 0xcf, 0x63,
    0x8, 0xff, 0xff, 0xf8, 0x9d, 0x0, 0x9e, 0x0,
    0x8, 0xe6, 0x66, 0x63, 0xcb, 0x0, 0x9e, 0x0,
    0xa, 0xc0, 0x0, 0x0, 0xf8, 0x0, 0x9e, 0x0,
    0xc, 0xa0, 0x0, 0x5, 0xf3, 0x0, 0x9e, 0x0,
    0xf, 0x70, 0x0, 0xc, 0xd0, 0x0, 0x9e, 0x0,
    0x6f, 0x30, 0x0, 0x7f, 0x40, 0x0, 0x9e, 0x0,
    0x4a, 0x0, 0x0, 0x49, 0x0, 0x0, 0x9e, 0x0,
    0x0, 0x0, 0x0, 0x0, 0x0, 0x0, 0x0, 0x0,

    /* U+62D6 "拖" */
    0x0, 0x8f, 0x0, 0x4, 0xd1, 0x0, 0x0, 0x0,
    0x0, 0x8f, 0x0, 0x9, 0xe0, 0x0, 0x0, 0x0,
    0x0, 0x8f, 0x0, 0xf, 0xd7, 0x77, 0x77, 0x72,
    0x14, 0xaf, 0x42, 0x7f, 0xff, 0xff, 0xff, 0xf4,
    0x6f, 0xff, 0xf8, 0xfa, 0x22, 0x74, 0x22, 0x20,
    0x13, 0x9f, 0x3b, 0xe4, 0x10, 0xe6, 0x2, 0x0,
    0x0, 0x8f, 0x0, 0x3e, 0x70, 0xea, 0xcf, 0x60,
    0x0, 0x8f, 0x22, 0xe, 0x99, 0xff, 0xaf, 0x60,
    0x4, 0xcf, 0xf9, 0x6f, 0xfd, 0xf6, 0xe, 0x60,
    0x7f, 0xff, 0x55, 0xff, 0x80, 0xe6, 0xe, 0x60,
    0x24, 0x8f, 0x0, 0x1e, 0x70, 0xe6, 0xf, 0x50,
    0x0, 0x8f, 0x0, 0xe, 0x70, 0xe6, 0xff, 0x30,
    0x0, 0x8f, 0x0, 0xe, 0x70, 0xc5, 0x42, 0x51,
    0x7, 0xbf, 0x0, 0xd, 0xb5, 0x55, 0x57, 0xf4,
    0xd, 0xe8, 0x0, 0x6, 0xde, 0xff, 0xfe, 0xa0,

    /* U+6301 "持" */
    0x0, 0x0, 0x0, 0x0, 0x0, 0x0, 0x0, 0x0,
    0x0, 0x6f, 0x0, 0x0, 0x1, 0xf5, 0x0, 0x0,
    0x0, 0x6f, 0x0, 0x0, 0x1, 0xf5, 0x0, 0x0,
    0x0, 0x6f, 0x0, 0x5c, 0xcc, 0xfd, 0xcc, 0x80,
    0x26, 0xaf, 0x63, 0x6d, 0xdd, 0xfe, 0xdd, 0x90,
    0x5f, 0xff, 0xf8, 0x0, 0x1, 0xf5, 0x0, 0x0,
    0x0, 0x7f, 0x1, 0x66, 0x67, 0xfa, 0x66, 0x62,
    0x0, 0x6f, 0x3, 0xff, 0xff, 0xff, 0xff, 0xf6,
    0x0, 0x6f, 0x54, 0x0, 0x0, 0x0, 0xf7, 0x0,
    0x27, 0xdf, 0xf8, 0x77, 0x77, 0x77, 0xfb, 0x72,
    0x7f, 0xef, 0x20, 0xff, 0xff, 0xff, 0xff, 0xf5,
    0x11, 0x6f, 0x0, 0x6, 0x60, 0x0, 0xf7, 0x0,
    0x0, 0x6f, 0x0, 0x7, 0xf3, 0x0, 0xf7, 0x0,
    0x0, 0x6f, 0x0, 0x0, 0xcc, 0x0, 0xf7, 0x0,
    0x6, 0xaf, 0x0, 0x0, 0x21, 0x66, 0xf6, 0x0,
    0xc, 0xe8, 0x0, 0x0, 0x0, 0xef, 0xd2, 0x0,
    0x0, 0x0, 0x0, 0x0, 0x0, 0x0, 0x0, 0x0,

    /* U+6309 "按" */
    0x0, 0x4f, 0x20, 0x0, 0x3, 0xf4, 0x0, 0x0,
    0x0, 0x4f, 0x20, 0x0, 0x3, 0xf4, 0x0, 0x0,
    0x0, 0x4f, 0x20, 0x68, 0x89, 0xfa, 0x88, 0x82,
    0x26, 0x8f, 0x75, 0xdf, 0xff, 0xff, 0xff, 0xf4,
    0x6f, 0xff, 0xfd, 0xd8, 0x6, 0x40, 0x3, 0xf4,
    0x0, 0x5f, 0x30, 0xc7, 0x1f, 0x70, 0x2, 0xe3,
    0x0, 0x4f, 0x20, 0x0, 0x6f, 0x20, 0x0, 0x0,
    0x0, 0x4f, 0x33, 0xee, 0xff, 0xee, 0xee, 0xe6,
    0x4, 0xaf, 0xff, 0x79, 0xfa, 0x77, 0xde, 0x73,
    0x7f, 0xff, 0x71, 0x7, 0xf1, 0x0, 0xea, 0x0,
    0x12, 0x4f, 0x20, 0xd, 0xe5, 0x6, 0xf4, 0x0,
    0x0, 0x4f, 0x20, 0x1b, 0xbf, 0xff, 0xc0, 0x0,
    0x0, 0x4f, 0x20, 0x0, 0x18, 0xff, 0xf9, 0x10,
    0x5, 0x8f, 0x22, 0x7b, 0xff, 0x91, 0x9f, 0xe2,
    0xc, 0xfb, 0x1, 0xeb, 0x71, 0x0, 0x3, 0xb0,
    0x0, 0x0, 0x0, 0x0, 0x0, 0x0, 0x0, 0x0,

    /* U+636E "据" */
    0x0, 0x7e, 0x0, 0x0, 0x0, 0x0, 0x0, 0x0,
    0x0, 0x7e, 0x0, 0xcf, 0xff, 0xff, 0xff, 0xe0,
    0x0, 0x7e, 0x0, 0xcd, 0x55, 0x55, 0x5a, 0xe0,
    0x26, 0xbf, 0x64, 0xcb, 0x0, 0x0, 0x8, 0xe0,
    0x5f, 0xff, 0xfa, 0xcf, 0xcc, 0xcc, 0xce, 0xe0,
    0x0, 0x7e, 0x0, 0xce, 0x88, 0xcf, 0x88, 0x70,
    0x0, 0x7e, 0x0, 0xcb, 0x0, 0x7f, 0x0, 0x0,
    0x0, 0x7f, 0x65, 0xcf, 0xff, 0xff, 0xff, 0xf5,
    0x28, 0xdf, 0xf8, 0xdc, 0x55, 0xaf, 0x55, 0x52,
    0x6f, 0xef, 0x10, 0xe8, 0x0, 0x7f, 0x0, 0x0,
    0x1, 0x7e, 0x0, 0xf9, 0xcc, 0xef, 0xcc, 0xc0,
    0x0, 0x7e, 0x4, 0xf6, 0xf8, 0x77, 0x7b, 0xf0,
    0x0, 0x7e, 0x8, 0xe4, 0xf1, 0x0, 0x6, 0xf0,
    0x8, 0xbe, 0xe, 0x84, 0xf5, 0x44, 0x49, 0xf0,
    0xc, 0xd6, 0x3d, 0x14, 0xff, 0xff, 0xff, 0xf0,
    0x0, 0x0, 0x0, 0x0, 0x0, 0x0, 0x0, 0x0,

    /* U+63A5 "接" */
    0x0, 0x4f, 0x20, 0x0, 0x5, 0xf3, 0x0, 0x0,
    0x0, 0x4f, 0x20, 0x0, 0x5, 0xf3, 0x0, 0x0,
    0x0, 0x4f, 0x20, 0xee, 0xef, 0xfe, 0xee, 0xd0,
    0x16, 0x8f, 0x73, 0x6a, 0xf6, 0x66, 0xfa, 0x60,
    0x5f, 0xff, 0xf9, 0x3, 0xf2, 0x4, 0xf2, 0x0,
    0x0, 0x4f, 0x32, 0x23, 0xf7, 0x2a, 0xd2, 0x20,
    0x0, 0x4f, 0x2d, 0xff, 0xff, 0xff, 0xff, 0xf2,
    0x0, 0x4f, 0x55, 0x22, 0x6f, 0x62, 0x22, 0x20,
    0x15, 0xbf, 0xfc, 0x55, 0xcf, 0x55, 0x55, 0x50,
    0x7f, 0xff, 0x7b, 0xff, 0xff, 0xff, 0xff, 0xf1,
    0x23, 0x4f, 0x20, 0xb, 0xd0, 0x4, 0xf5, 0x0,
    0x0, 0x4f, 0x20, 0x3f, 0xd7, 0x3d, 0xd0, 0x0,
    0x0, 0x4f, 0x20, 0x26, 0x7e, 0xff, 0x90, 0x0,
    0x7, 0x9f, 0x24, 0x69, 0xdf, 0xca, 0xfe, 0x60,
    0xc, 0xfa, 0x9, 0xeb, 0x72, 0x0, 0x19, 0x80,
    0x0, 0x0, 0x0, 0x0, 0x0, 0x0, 0x0, 0x0,

    /* U+63A7 "控" */
    0x0, 0x7e, 0x0, 0x0, 0x4, 0xf1, 0x0, 0x0,
    0x0, 0x7e, 0x1, 0x33, 0x37, 0xf4, 0x33, 0x31,
    0x0, 0x7e, 0x5, 0xff, 0xff, 0xff, 0xff, 0xf5,
    0x26, 0xaf, 0x68, 0xf4, 0xbd, 0x4f, 0x95, 0xf5,
    0x5f, 0xff, 0xfc, 0xe0, 0xba, 0xf, 0x61, 0xd4,
    0x0, 0x8e, 0x0, 0x0, 0xe7, 0xf, 0x60, 0x61,
    0x0, 0x7e, 0x0, 0xa, 0xf1, 0xf, 0x94, 0xf4,
    0x0, 0x7f, 0x98, 0xee, 0x40, 0xa, 0xff, 0xd0,
    0x28, 0xef, 0xe5, 0x40, 0x0, 0x0, 0x0, 0x0,
    0x6f, 0xef, 0x0, 0x8b, 0xbb, 0xbb, 0xbb, 0x70,
    0x11, 0x7e, 0x0, 0x8a, 0xac, 0xfb, 0xaa, 0x60,
    0x0, 0x7e, 0x0, 0x0, 0x5, 0xf1, 0x0, 0x0,
    0x0, 0x7e, 0x0, 0x0, 0x5, 0xf1, 0x0, 0x0,
    0x6, 0xbe, 0x8, 0xbb, 0xbc, 0xfb, 0xbb, 0xb4,
    0xe, 0xe7, 0xb, 0xff, 0xff, 0xff, 0xff, 0xf6,

    /* U+63CF "描" */
    0x0, 0x7e, 0x0, 0x1, 0xf5, 0x2, 0xf5, 0x0,
    0x0, 0x7e, 0x0, 0x1, 0xf5, 0x2, 0xf5, 0x0,
    0x0, 0x7e, 0x1, 0x78, 0xfa, 0x78, 0xfa, 0x72,
    0x16, 0xaf, 0x67, 0xff, 0xff, 0xff, 0xff, 0xf4,
    0x4f, 0xff, 0xf8, 0x13, 0xf6, 0x13, 0xf6, 0x10,
    0x0, 0x8e, 0x0, 0x1, 0xf5, 0x2, 0xf5, 0x0,
    0x0, 0x7e, 0x0, 0x35, 0x65, 0x55, 0x65, 0x40,
    0x0, 0x7f, 0x43, 0x8f, 0xff, 0xff, 0xff, 0xc0,
    0x17, 0xdf, 0xf8, 0x8d, 0x1, 0xf4, 0xa, 0xc0,
    0x5f, 0xef, 0x20, 0x8d, 0x13, 0xf5, 0x1b, 0xc0,
    0x1, 0x7e, 0x0, 0x8f, 0xff, 0xff, 0xff, 0xc0,
    0x0, 0x7e, 0x0, 0x8d, 0x34, 0xf6, 0x3b, 0xc0,
    0x0, 0x7e, 0x0, 0x8d, 0x1, 0xf4, 0xa, 0xc0,
    0x6, 0xbe, 0x0, 0x8f, 0xff, 0xff, 0xff, 0xc0,
    0xd, 0xe7, 0x0, 0x8e, 0x66, 0x66, 0x6c, 0xc0,
    0x0, 0x0, 0x0, 0x1, 0x0, 0x0, 0x0, 0x0,

    /* U+63D0 "提" */
    0x0, 0x7e, 0x0, 0x0, 0x0, 0x0, 0x0, 0x0,
    0x0, 0x7e, 0x0, 0x6f, 0xff, 0xff, 0xff, 0x50,
    0x0, 0x7e, 0x0, 0x6f, 0x11, 0x11, 0x3f, 0x50,
    0x27, 0xbf, 0x74, 0x6f, 0xee, 0xee, 0xef, 0x50,
    0x4d, 0xef, 0xd8, 0x6f, 0x0, 0x0, 0x2f, 0x50,
    0x0, 0x7e, 0x0, 0x6f, 0xff, 0xff, 0xff, 0x50,
    0x0, 0x7e, 0x0, 0x12, 0x22, 0x22, 0x22, 0x0,
    0x0, 0x7f, 0x57, 0xaa, 0xaa, 0xaa, 0xaa, 0xa0,
    0x28, 0xdf, 0xfa, 0x99, 0x9c, 0xf9, 0x99, 0x90,
    0x5e, 0xdf, 0x10, 0x3c, 0x17, 0xf0, 0x0, 0x0,
    0x0, 0x7e, 0x0, 0x6f, 0x7, 0xff, 0xff, 0x50,
    0x0, 0x7e, 0x0, 0xaf, 0x37, 0xf4, 0x44, 0x10,
    0x0, 0x7e, 0x1, 0xfd, 0xc8, 0xf0, 0x0, 0x0,
    0x5, 0xae, 0xb, 0xe1, 0xcf, 0xf6, 0x55, 0x52,
    0xe, 0xf8, 0x2e, 0x40, 0x8, 0xdf, 0xff, 0xf3,
    0x0, 0x0, 0x0, 0x0, 0x0, 0x0, 0x0, 0x0,

    /* U+64CD "操" */
    0x0, 0x8e, 0x0, 0x0, 0x0, 0x0, 0x0, 0x0,
    0x0, 0x8e, 0x0, 0x8, 0xff, 0xff, 0xf7, 0x0,
    0x0, 0x8e, 0x0, 0x8, 0xc1, 0x11, 0xe7, 0x0,
    0x18, 0xcf, 0x83, 0x8, 0xe8, 0x88, 0xf7, 0x0,
    0x2d, 0xef, 0xd4, 0x4, 0x88, 0x88, 0x83, 0x0,
    0x0, 0x8e, 0x1, 0xdd, 0xdd, 0x3d, 0xdd, 0xd0,
    0x0, 0x8e, 0x1, 0xf4, 0x5f, 0x3f, 0x36, 0xf0,
    0x0, 0x8f, 0x84, 0xf1, 0x2f, 0x3f, 0x3, 0xf0,
    0x18, 0xdf, 0xf5, 0xff, 0xff, 0x4f, 0xff, 0xf0,
    0x3f, 0xef, 0x0, 0x0, 0x4, 0xf2, 0x0, 0x0,
    0x0, 0x8e, 0x7, 0xff, 0xff, 0xff, 0xff, 0xf4,
    0x0, 0x8e, 0x2, 0x44, 0xaf, 0xff, 0x84, 0x41,
    0x0, 0x8e, 0x0, 0x1a, 0xfa, 0xfa, 0xf7, 0x0,
    0x4, 0xae, 0x2a, 0xfd, 0x34, 0xf2, 0x6f, 0xe3,
    0x8, 0xf8, 0x9, 0x60, 0x4, 0xf2, 0x2, 0x80,

    /* U+652F "支" */
    0x0, 0x0, 0x0, 0xe, 0xa0, 0x0, 0x0, 0x0,
    0x0, 0x0, 0x0, 0xe, 0xa0, 0x0, 0x0, 0x0,
    0x0, 0x0, 0x0, 0xe, 0xa0, 0x0, 0x0, 0x0,
    0xe, 0xff, 0xff, 0xff, 0xff, 0xff, 0xff, 0xa0,
    0x6, 0x77, 0x77, 0x7f, 0xc7, 0x77, 0x77, 0x40,
    0x0, 0x0, 0x0, 0xe, 0xa0, 0x0, 0x0, 0x0,
    0x1, 0xaa, 0xaa, 0xaf, 0xea, 0xab, 0x80, 0x0,
    0x2, 0xdd, 0xfd, 0xdd, 0xdd, 0xdf, 0xf0, 0x0,
    0x0, 0x5, 0xf4, 0x0, 0x0, 0x6f, 0x80, 0x0,
    0x0, 0x0, 0xce, 0x10, 0x3, 0xfd, 0x0, 0x0,
    0x0, 0x0, 0x2e, 0xd2, 0x4f, 0xe2, 0x0, 0x0,
    0x0, 0x0, 0x3, 0xef, 0xfd, 0x20, 0x0, 0x0,
    0x0, 0x0, 0x39, 0xff, 0xfd, 0x71, 0x0, 0x0,
    0x27, 0xae, 0xff, 0xa2, 0x6d, 0xff, 0xc8, 0x61,
    0x1f, 0xea, 0x61, 0x0, 0x0, 0x49, 0xdf, 0xc0,
    0x1, 0x0, 0x0, 0x0, 0x0, 0x0, 0x0, 0x10,

    /* U+6557 "敗" */
    0x0, 0x0, 0x0, 0x0, 0x4, 0x70, 0x0, 0x0,
    0x8, 0xff, 0xff, 0xf6, 0xa, 0xe0, 0x0, 0x0,
    0x8, 0xf3, 0x34, 0xf6, 0xe, 0xa0, 0x0, 0x0,
    0x8, 0xe0, 0x1, 0xf6, 0x3f, 0xda, 0xaa, 0xa5,
    0x8, 0xff, 0xff, 0xf6, 0x8f, 0xcc, 0xdf, 0xd6,
    0x8, 0xf3, 0x34, 0xf7, 0xef, 0x20, 0x5f, 0x30,
    0x8, 0xe0, 0x1, 0xfe, 0xff, 0x60, 0x9f, 0x0,
    0x8, 0xff, 0xff, 0xff, 0xad, 0xa0, 0xdc, 0x0,
    0x8, 0xf3, 0x34, 0xf7, 0x18, 0xf3, 0xf7, 0x0,
    0x8, 0xe0, 0x1, 0xf6, 0x2, 0xfe, 0xf1, 0x0,
    0x8, 0xff, 0xff, 0xf6, 0x0, 0xbf, 0xa0, 0x0,
    0x1, 0x88, 0x38, 0x61, 0x0, 0xcf, 0xa0, 0x0,
    0x0, 0xeb, 0xb, 0xe1, 0xb, 0xfd, 0xf8, 0x0,
    0x9, 0xf3, 0x1, 0xfb, 0xdf, 0x80, 0xbf, 0xb2,
    0x2f, 0x80, 0x0, 0x49, 0xf6, 0x0, 0x9, 0xf4,
    0x2, 0x0, 0x0, 0x0, 0x10, 0x0, 0x0, 0x20,

    /* U+6570 "数" */
    0x2, 0x40, 0xf6, 0x6, 0x0, 0xd7, 0x0, 0x0,
    0x8, 0xe0, 0xf6, 0x6f, 0x21, 0xf7, 0x0, 0x0,
    0x1, 0xf4, 0xf6, 0xd8, 0x4, 0xf4, 0x0, 0x0,
    0x28, 0xd9, 0xfb, 0xc9, 0x68, 0xf7, 0x77, 0x74,
    0x3b, 0xbd, 0xff, 0xbb, 0x7d, 0xff, 0xff, 0xf9,
    0x0, 0x3f, 0xff, 0xc3, 0x3f, 0xd0, 0xf, 0x90,
    0x8, 0xf6, 0xf7, 0x9e, 0xcf, 0xf0, 0x2f, 0x60,
    0xc, 0x32, 0xf5, 0x4, 0xfb, 0xf4, 0x6f, 0x20,
    0x1, 0x1d, 0xc1, 0x11, 0x71, 0xe9, 0xae, 0x0,
    0x3f, 0xff, 0xff, 0xff, 0xc0, 0x8f, 0xf8, 0x0,
    0x3, 0xeb, 0x35, 0xf6, 0x20, 0x2f, 0xf2, 0x0,
    0x6, 0xfb, 0x39, 0xf0, 0x0, 0x4f, 0xf1, 0x0,
    0x7, 0xac, 0xff, 0x90, 0x4, 0xfd, 0xfc, 0x0,
    0x0, 0x4b, 0xfe, 0xf9, 0x8f, 0xd2, 0x6f, 0xd2,
    0x1f, 0xfb, 0x40, 0x7b, 0xfa, 0x10, 0x6, 0xf6,
    0x3, 0x10, 0x0, 0x0, 0x20, 0x0, 0x0, 0x20,

    /* U+6599 "料" */
    0x0, 0x0, 0x0, 0x0, 0x0, 0x0, 0x10, 0x0,
    0x0, 0xe, 0x70, 0x0, 0x0, 0x0, 0xf6, 0x0,
    0x3c, 0xe, 0x73, 0xd0, 0x77, 0x0, 0xf6, 0x0,
    0x1f, 0x2e, 0x77, 0xc0, 0x8f, 0xa0, 0xf6, 0x0,
    0xd, 0x5e, 0x7b, 0x70, 0x5, 0xf2, 0xf6, 0x0,
    0xa, 0x8e, 0x8f, 0x20, 0x0, 0x20, 0xf6, 0x0,
    0x14, 0x3f, 0x95, 0x21, 0x30, 0x0, 0xf6, 0x0,
    0x7f, 0xff, 0xff, 0xf7, 0xf9, 0x0, 0xf6, 0x0,
    0x14, 0xaf, 0xc4, 0x40, 0x5f, 0x70, 0xf6, 0x0,
    0x0, 0xdf, 0xf6, 0x0, 0x2, 0x0, 0xf6, 0x0,
    0x5, 0xee, 0xbf, 0x40, 0x0, 0x25, 0xfd, 0xd4,
    0xd, 0x7e, 0x79, 0xa9, 0xcf, 0xff, 0xfd, 0x92,
    0x7f, 0x1e, 0x71, 0xa, 0x96, 0x41, 0xf6, 0x0,
    0x47, 0xe, 0x70, 0x0, 0x0, 0x0, 0xf6, 0x0,
    0x0, 0xe, 0x70, 0x0, 0x0, 0x0, 0xf6, 0x0,
    0x0, 0xe, 0x70, 0x0, 0x0, 0x0, 0xf6, 0x0,
    0x0, 0x0, 0x0, 0x0, 0x0, 0x0, 0x0, 0x0,

    /* U+65AD "断" */
    0x0, 0x0, 0xd5, 0x0, 0x0, 0x0, 0x12, 0xd,
    0x83, 0x1d, 0x54, 0x22, 0x15, 0xaf, 0xe1, 0xd8,
    0xa6, 0xd5, 0xe4, 0xcf, 0xfb, 0x61, 0xd, 0x86,
    0xad, 0x9d, 0xc, 0xb0, 0x0, 0x0, 0xd8, 0x24,
    0xd8, 0x30, 0xca, 0x0, 0x0, 0xd, 0xaf, 0xff,
    0xff, 0x6c, 0xc6, 0x66, 0x63, 0xd8, 0x47, 0xf9,
    0x41, 0xcf, 0xff, 0xff, 0x9d, 0x80, 0xaf, 0xe3,
    0xc, 0xa0, 0x8e, 0x0, 0xd8, 0x4f, 0xeb, 0xf2,
    0xd9, 0x8, 0xe0, 0xd, 0xae, 0x7d, 0x57, 0xe,
    0x80, 0x8e, 0x0, 0xda, 0xc0, 0xd5, 0x0, 0xf5,
    0x8, 0xe0, 0xd, 0x80, 0xd, 0x50, 0x4f, 0x10,
    0x8e, 0x0, 0xdf, 0xee, 0xee, 0xed, 0xc0, 0x8,
    0xe0, 0xd, 0xb6, 0x66, 0x6a, 0xf4, 0x0, 0x8e,
    0x0, 0xd8, 0x0, 0x0, 0xa9, 0x0, 0x8, 0xe0,
    0x0, 0x0, 0x0, 0x0, 0x0, 0x0, 0x0, 0x0,

    /* U+65B0 "新" */
    0x0, 0x3, 0xf3, 0x0, 0x0, 0x0, 0x4, 0x10,
    0x0, 0x3, 0xf3, 0x0, 0x21, 0x49, 0xef, 0xb0,
    0x1e, 0xee, 0xfe, 0xee, 0x7f, 0xfd, 0x94, 0x0,
    0x6, 0xe7, 0x68, 0xe6, 0x7f, 0x10, 0x0, 0x0,
    0x0, 0xd7, 0x8, 0xd0, 0x7f, 0x0, 0x0, 0x0,
    0x27, 0xdb, 0x7c, 0xb7, 0x8f, 0x66, 0x66, 0x61,
    0x3c, 0xcd, 0xfd, 0xcc, 0x9f, 0xff, 0xff, 0xf4,
    0x0, 0x3, 0xf3, 0x0, 0x7f, 0x0, 0xe9, 0x0,
    0x15, 0x58, 0xf8, 0x55, 0x8f, 0x0, 0xe9, 0x0,
    0x3f, 0xff, 0xff, 0xff, 0xae, 0x0, 0xe9, 0x0,
    0x0, 0xd, 0xfa, 0x0, 0xbb, 0x0, 0xe9, 0x0,
    0x0, 0xbe, 0xfe, 0xd3, 0xf8, 0x0, 0xe9, 0x0,
    0x1b, 0xe5, 0xf4, 0xa9, 0xf3, 0x0, 0xe9, 0x0,
    0x3d, 0x23, 0xf3, 0xd, 0xc0, 0x0, 0xe9, 0x0,
    0x0, 0x3, 0xf3, 0x1c, 0x30, 0x0, 0xe9, 0x0,
    0x0, 0x0, 0x10, 0x0, 0x0, 0x0, 0x0, 0x0,

    /* U+65B9 "方" */
    0x0, 0x0, 0x0, 0xd, 0xc0, 0x0, 0x0, 0x0,
    0x0, 0x0, 0x0, 0xd, 0xc0, 0x0, 0x0, 0x0,
    0x0, 0x0, 0x0, 0xd, 0xc0, 0x0, 0x0, 0x0,
    0x3f, 0xff, 0xff, 0xff, 0xff, 0xff, 0xff, 0xf3,
    0x2a, 0xaa, 0xac, 0xfb, 0xaa, 0xaa, 0xaa, 0xa2,
    0x0, 0x0, 0x8, 0xf2, 0x0, 0x0, 0x0, 0x0,
    0x0, 0x0, 0x9, 0xf0, 0x0, 0x0, 0x0, 0x0,
    0x0, 0x0, 0xb, 0xff, 0xff, 0xff, 0xf8, 0x0,
    0x0, 0x0, 0xe, 0xd7, 0x77, 0x78, 0xf7, 0x0,
    0x0, 0x0, 0x4f, 0x70, 0x0, 0x2, 0xf5, 0x0,
    0x0, 0x0, 0xbf, 0x10, 0x0, 0x4, 0xf4, 0x0,
    0x0, 0x5, 0xf9, 0x0, 0x0, 0x7, 0xf2, 0x0,
    0x0, 0x5f, 0xe1, 0x0, 0x0, 0xa, 0xf0, 0x0,
    0x1a, 0xfe, 0x20, 0x4, 0x76, 0x7f, 0xb0, 0x0,
    0xc, 0xa1, 0x0, 0x4, 0xff, 0xfc, 0x20, 0x0,
    0x0, 0x0, 0x0, 0x0, 0x0, 0x0, 0x0, 0x0,

    /* U+65E5 "日" */
    0x8f, 0xff, 0xff, 0xff, 0xff, 0xf0, 0x8f, 0x88,
    0x88, 0x88, 0x8d, 0xf0, 0x8f, 0x0, 0x0, 0x0,
    0x9, 0xf0, 0x8f, 0x0, 0x0, 0x0, 0x9, 0xf0,
    0x8f, 0x0, 0x0, 0x0, 0x9, 0xf0, 0x8f, 0x0,
    0x0, 0x0, 0x9, 0xf0, 0x8f, 0xff, 0xff, 0xff,
    0xff, 0xf0, 0x8f, 0x88, 0x88, 0x88, 0x8c, 0xf0,
    0x8f, 0x0, 0x0, 0x0, 0x9, 0xf0, 0x8f, 0x0,
    0x0, 0x0, 0x9, 0xf0, 0x8f, 0x0, 0x0, 0x0,
    0x9, 0xf0, 0x8f, 0x77, 0x77, 0x77, 0x7c, 0xf0,
    0x8f, 0xff, 0xff, 0xff, 0xff, 0xf0, 0x8f, 0x0,
    0x0, 0x0, 0xa, 0xf0, 0x1, 0x0, 0x0, 0x0,
    0x0, 0x0,

    /* U+65E7 "旧" */
    0x8f, 0x10, 0x47, 0x77, 0x77, 0x77, 0x71, 0x8f,
    0x10, 0xaf, 0xff, 0xff, 0xff, 0xf2, 0x8f, 0x10,
    0xae, 0x0, 0x0, 0x7, 0xf2, 0x8f, 0x10, 0xae,
    0x0, 0x0, 0x7, 0xf2, 0x8f, 0x10, 0xae, 0x0,
    0x0, 0x7, 0xf2, 0x8f, 0x10, 0xae, 0x0, 0x0,
    0x7, 0xf2, 0x8f, 0x10, 0xaf, 0xff, 0xff, 0xff,
    0xf2, 0x8f, 0x10, 0xaf, 0x66, 0x66, 0x6a, 0xf2,
    0x8f, 0x10, 0xae, 0x0, 0x0, 0x7, 0xf2, 0x8f,
    0x10, 0xae, 0x0, 0x0, 0x7, 0xf2, 0x8f, 0x10,
    0xae, 0x0, 0x0, 0x7, 0xf2, 0x8f, 0x10, 0xae,
    0x44, 0x44, 0x49, 0xf2, 0x8f, 0x10, 0xaf, 0xff,
    0xff, 0xff, 0xf2, 0x8f, 0x10, 0xae, 0x22, 0x22,
    0x28, 0xf2, 0x0, 0x0, 0x11, 0x0, 0x0, 0x0,
    0x0,

    /* U+660E "明" */
    0xcf, 0xff, 0xf9, 0xe, 0xff, 0xff, 0xff, 0xcc,
    0x66, 0xe9, 0xe, 0xc6, 0x66, 0xbf, 0xc9, 0x0,
    0xc9, 0xe, 0x90, 0x0, 0x9f, 0xc9, 0x0, 0xc9,
    0xe, 0x90, 0x0, 0x9f, 0xcc, 0x66, 0xe9, 0xe,
    0xff, 0xff, 0xff, 0xcf, 0xff, 0xf9, 0xe, 0xc7,
    0x77, 0xcf, 0xc9, 0x0, 0xc9, 0xe, 0x80, 0x0,
    0x9f, 0xc9, 0x0, 0xc9, 0xf, 0x81, 0x11, 0x9f,
    0xcb, 0x44, 0xd9, 0x2f, 0xff, 0xff, 0xff, 0xcf,
    0xff, 0xf9, 0x6f, 0x54, 0x44, 0xaf, 0xca, 0x11,
    0x11, 0xcd, 0x0, 0x0, 0x9f, 0x75, 0x0, 0x5,
    0xf6, 0x0, 0x0, 0x9f, 0x0, 0x0, 0x4f, 0xc0,
    0x0, 0x66, 0xce, 0x0, 0x0, 0x9c, 0x10, 0x0,
    0xbf, 0xf7, 0x0, 0x0, 0x0, 0x0, 0x0, 0x0,
    0x0,

    /* U+6642 "時" */
    0x0, 0x0, 0x0, 0x0, 0xe, 0x90, 0x0, 0xb,
    0xff, 0xfd, 0x0, 0x0, 0xe9, 0x0, 0x0, 0xbd,
    0x6b, 0xd2, 0xee, 0xef, 0xfe, 0xed, 0xb, 0xb0,
    0x9d, 0x16, 0x66, 0xfc, 0x66, 0x60, 0xbb, 0x9,
    0xd0, 0x0, 0xe, 0x90, 0x0, 0xb, 0xb0, 0x9d,
    0x8b, 0xbb, 0xfe, 0xbb, 0xb5, 0xbf, 0xff, 0xd8,
    0xbb, 0xbb, 0xbf, 0xeb, 0x5b, 0xd6, 0xcd, 0x0,
    0x0, 0x0, 0xda, 0x0, 0xbb, 0x9, 0xd4, 0x66,
    0x66, 0x6e, 0xc6, 0x2b, 0xb0, 0x9d, 0xae, 0xee,
    0xee, 0xff, 0xe4, 0xbb, 0x2a, 0xd0, 0x47, 0x0,
    0xd, 0xa0, 0xb, 0xff, 0xfd, 0x5, 0xf7, 0x0,
    0xda, 0x0, 0xbc, 0x33, 0x20, 0x9, 0xf2, 0xd,
    0xa0, 0x6, 0x60, 0x0, 0x0, 0x5, 0x65, 0xe9,
    0x0, 0x0, 0x0, 0x0, 0x0, 0xd, 0xfe, 0x40,
    0x0, 0x0, 0x0, 0x0, 0x0, 0x0, 0x0, 0x0,

    /* U+6674 "晴" */
    0x0, 0x0, 0x0, 0x0, 0xf, 0x70, 0x0, 0x5,
    0x66, 0x62, 0x14, 0x44, 0xf9, 0x44, 0x40, 0xdf,
    0xff, 0x66, 0xdd, 0xdf, 0xed, 0xdd, 0xd, 0x60,
    0xe6, 0x6, 0x66, 0xfa, 0x66, 0x40, 0xd6, 0xe,
    0x60, 0x99, 0x9f, 0xc9, 0x97, 0xd, 0x60, 0xe6,
    0x89, 0x99, 0xfc, 0x99, 0x93, 0xdf, 0xff, 0x68,
    0x99, 0x99, 0x99, 0x99, 0x3d, 0xdc, 0xf6, 0x2,
    0x22, 0x22, 0x23, 0x10, 0xd6, 0xe, 0x60, 0xcf,
    0xff, 0xff, 0xf8, 0xd, 0x60, 0xe6, 0xc, 0xa1,
    0x11, 0x1e, 0x80, 0xd6, 0xe, 0x60, 0xcf, 0xff,
    0xff, 0xf8, 0xd, 0xfe, 0xf6, 0xc, 0xa1, 0x11,
    0x1e, 0x80, 0xda, 0x66, 0x20, 0xcf, 0xff, 0xff,
    0xf8, 0x7, 0x30, 0x0, 0xc, 0x90, 0x2, 0x3e,
    0x70, 0x0, 0x0, 0x0, 0xc9, 0x0, 0x7f, 0xe3,
    0x0,

    /* U+66C7 "曇" */
    0x0, 0x6f, 0xcc, 0xcc, 0xcc, 0xcc, 0xf4, 0x0,
    0x0, 0x6f, 0x99, 0x99, 0x99, 0x9a, 0xf4, 0x0,
    0x0, 0x6f, 0x55, 0x55, 0x55, 0x57, 0xf4, 0x0,
    0x0, 0x4b, 0xbb, 0xbb, 0xbb, 0xbb, 0xb4, 0x0,
    0x0, 0xbb, 0xbb, 0xbf, 0xeb, 0xbb, 0xbb, 0x0,
    0xa, 0xcc, 0xcc, 0xcf, 0xec, 0xcc, 0xcc, 0xa0,
    0xd, 0x86, 0x77, 0x4d, 0xb5, 0x77, 0x69, 0xe0,
    0x7, 0x35, 0x66, 0x2c, 0xa3, 0x66, 0x44, 0x70,
    0x0, 0x1a, 0xaa, 0x4b, 0x96, 0xaa, 0xa1, 0x0,
    0x0, 0x39, 0x99, 0x99, 0x99, 0x99, 0x95, 0x0,
    0x0, 0x26, 0x66, 0x66, 0x66, 0x66, 0x63, 0x0,
    0xf, 0xff, 0xff, 0xff, 0xff, 0xff, 0xff, 0xf1,
    0x0, 0x0, 0x6f, 0x40, 0x3, 0xdf, 0x70, 0x0,
    0x0, 0xff, 0xff, 0xff, 0xff, 0xee, 0xfe, 0x20,
    0x0, 0x21, 0x10, 0x0, 0x0, 0x0, 0x4, 0x0,

    /* U+66F4 "更" */
    0xf, 0xff, 0xff, 0xff, 0xff, 0xff, 0xff, 0xf1,
    0xb, 0xcc, 0xcc, 0xce, 0xfc, 0xcc, 0xcc, 0xc0,
    0x0, 0x12, 0x22, 0x2b, 0xf2, 0x22, 0x22, 0x0,
    0x0, 0x8f, 0xff, 0xff, 0xff, 0xff, 0xff, 0x0,
    0x0, 0x8e, 0x11, 0x1a, 0xf1, 0x11, 0x7f, 0x0,
    0x0, 0x8f, 0x55, 0x5c, 0xf5, 0x55, 0xaf, 0x0,
    0x0, 0x8f, 0xcc, 0xce, 0xfc, 0xcc, 0xef, 0x0,
    0x0, 0x8e, 0x0, 0xa, 0xf0, 0x0, 0x7f, 0x0,
    0x0, 0x8f, 0xff, 0xff, 0xff, 0xff, 0xff, 0x0,
    0x0, 0x1b, 0x93, 0x4f, 0xb3, 0x33, 0x33, 0x0,
    0x0, 0x8, 0xf7, 0xaf, 0x30, 0x0, 0x0, 0x0,
    0x0, 0x0, 0xbf, 0xfc, 0x10, 0x0, 0x0, 0x0,
    0x5, 0x8d, 0xfe, 0xbf, 0xfe, 0xca, 0x98, 0x73,
    0xb, 0xfa, 0x50, 0x1, 0x58, 0xbc, 0xef, 0xf2,
    0x0, 0x0, 0x0, 0x0, 0x0, 0x0, 0x0, 0x0,

    /* U+6700 "最" */
    0x0, 0x3f, 0xff, 0xff, 0xff, 0xff, 0xf7, 0x0,
    0x0, 0x3f, 0x41, 0x11, 0x11, 0x12, 0xf7, 0x0,
    0x0, 0x3f, 0xff, 0xff, 0xff, 0xff, 0xf7, 0x0,
    0x0, 0x3f, 0x41, 0x11, 0x11, 0x12, 0xf7, 0x0,
    0x0, 0x3f, 0xff, 0xff, 0xff, 0xff, 0xf6, 0x0,
    0x6, 0x66, 0x66, 0x66, 0x66, 0x66, 0x66, 0x60,
    0x1e, 0xff, 0xee, 0xff, 0xee, 0xee, 0xee, 0xe1,
    0x0, 0xca, 0x22, 0xe9, 0x33, 0x33, 0x33, 0x0,
    0x0, 0xcf, 0xff, 0xf9, 0xdf, 0xff, 0xff, 0x70,
    0x0, 0xca, 0x22, 0xe9, 0x1f, 0x40, 0x6f, 0x10,
    0x0, 0xcf, 0xff, 0xf9, 0x8, 0xe5, 0xf6, 0x0,
    0x0, 0xca, 0x12, 0xe9, 0x0, 0xdf, 0x90, 0x0,
    0x2d, 0xff, 0xff, 0xf9, 0x4b, 0xea, 0xf9, 0x20,
    0x4, 0x32, 0x0, 0xdb, 0xd8, 0x10, 0x29, 0xd1,

    /* U+6708 "月" */
    0x0, 0xd, 0xff, 0xff, 0xff, 0xff, 0xf8, 0x0,
    0xd, 0xd7, 0x77, 0x77, 0x78, 0xf8, 0x0, 0xd,
    0xb0, 0x0, 0x0, 0x1, 0xf8, 0x0, 0xd, 0xb0,
    0x0, 0x0, 0x1, 0xf8, 0x0, 0xd, 0xff, 0xff,
    0xff, 0xff, 0xf8, 0x0, 0xd, 0xd7, 0x77, 0x77,
    0x78, 0xf8, 0x0, 0xd, 0xa0, 0x0, 0x0, 0x1,
    0xf8, 0x0, 0xf, 0x90, 0x0, 0x0, 0x2, 0xf8,
    0x0, 0x1f, 0xff, 0xff, 0xff, 0xff, 0xf8, 0x0,
    0x5f, 0x87, 0x77, 0x77, 0x78, 0xf8, 0x0, 0xbe,
    0x0, 0x0, 0x0, 0x1, 0xf8, 0x4, 0xf8, 0x0,
    0x0, 0x0, 0x1, 0xf8, 0x2e, 0xe1, 0x0, 0x0,
    0x48, 0x89, 0xf7, 0x2d, 0x30, 0x0, 0x0, 0x2f,
    0xff, 0xb1, 0x0, 0x0, 0x0, 0x0, 0x0, 0x0,
    0x0,

    /* U+6709 "有" */
    0x0, 0x0, 0x0, 0x62, 0x0, 0x0, 0x0, 0x0,
    0x0, 0x0, 0x3, 0xf6, 0x0, 0x0, 0x0, 0x0,
    0x7, 0x77, 0x7c, 0xf8, 0x77, 0x77, 0x77, 0x70,
    0xf, 0xff, 0xff, 0xff, 0xff, 0xff, 0xff, 0xf1,
    0x0, 0x0, 0x9f, 0x20, 0x0, 0x0, 0x0, 0x0,
    0x0, 0x3, 0xfd, 0x66, 0x66, 0x66, 0x61, 0x0,
    0x0, 0x1e, 0xff, 0xff, 0xff, 0xff, 0xf3, 0x0,
    0x1, 0xdf, 0xf7, 0x0, 0x0, 0x4, 0xf3, 0x0,
    0x2d, 0xf6, 0xff, 0xff, 0xff, 0xff, 0xf3, 0x0,
    0xc, 0x40, 0xfa, 0x55, 0x55, 0x57, 0xf3, 0x0,
    0x0, 0x0, 0xf7, 0x11, 0x11, 0x14, 0xf3, 0x0,
    0x0, 0x0, 0xff, 0xff, 0xff, 0xff, 0xf3, 0x0,
    0x0, 0x0, 0xf8, 0x33, 0x33, 0x36, 0xf3, 0x0,
    0x0, 0x0, 0xf7, 0x0, 0x5, 0x69, 0xf3, 0x0,
    0x0, 0x0, 0xf7, 0x0, 0x7, 0xff, 0xb0, 0x0,

    /* U+670D "服" */
    0x6, 0xff, 0xff, 0x77, 0xff, 0xff, 0xff, 0xa0,
    0x6, 0xf6, 0x6f, 0x77, 0xf7, 0x77, 0x7d, 0xb0,
    0x6, 0xf0, 0xf, 0x77, 0xf0, 0x0, 0xc, 0xb0,
    0x6, 0xf3, 0x3f, 0x77, 0xf0, 0x9, 0x9e, 0xa0,
    0x6, 0xff, 0xff, 0x77, 0xf0, 0x8, 0xa9, 0x20,
    0x6, 0xf2, 0x2f, 0x77, 0xf6, 0x66, 0x66, 0x50,
    0x6, 0xf0, 0xf, 0x77, 0xff, 0xff, 0xff, 0xf0,
    0x6, 0xf7, 0x7f, 0x77, 0xf8, 0xc0, 0xb, 0xb0,
    0x7, 0xff, 0xff, 0x77, 0xf2, 0xf4, 0x1f, 0x60,
    0x9, 0xc0, 0xf, 0x77, 0xf0, 0xad, 0xae, 0x0,
    0xb, 0xa0, 0xf, 0x77, 0xf0, 0x1f, 0xf6, 0x0,
    0xe, 0x70, 0xf, 0x77, 0xf0, 0x4f, 0xf9, 0x0,
    0x3f, 0x34, 0x7f, 0x67, 0xf7, 0xfb, 0x7f, 0xc2,
    0x3b, 0x7, 0xfd, 0x27, 0xf6, 0x80, 0x4, 0xd1,
    0x0, 0x0, 0x0, 0x0, 0x0, 0x0, 0x0, 0x0,

    /* U+671F "期" */
    0x0, 0xba, 0x0, 0xd9, 0x0, 0x0, 0x0, 0x0,
    0xb, 0xa0, 0xd, 0x90, 0x9f, 0xff, 0xfe, 0x6,
    0xdc, 0x66, 0xeb, 0x49, 0xe6, 0x6b, 0xe0, 0xff,
    0xff, 0xff, 0xfa, 0x9d, 0x0, 0x9e, 0x0, 0xba,
    0x0, 0xd9, 0x9, 0xd1, 0x19, 0xe0, 0xb, 0xff,
    0xff, 0x90, 0x9f, 0xff, 0xfe, 0x0, 0xbb, 0x33,
    0xd9, 0x9, 0xd3, 0x3a, 0xe0, 0xb, 0xb4, 0x4d,
    0x90, 0x9c, 0x0, 0x9e, 0x0, 0xbf, 0xff, 0xf9,
    0xa, 0xd3, 0x3a, 0xe0, 0xb, 0xa0, 0xd, 0x90,
    0xbf, 0xff, 0xfe, 0x3d, 0xff, 0xdd, 0xff, 0x9c,
    0x90, 0x9, 0xe1, 0x78, 0xa7, 0x7a, 0x75, 0xf7,
    0x0, 0x9e, 0x0, 0x9f, 0x17, 0xf3, 0x3f, 0x30,
    0x9, 0xe0, 0x7f, 0x60, 0xb, 0xea, 0xe0, 0x37,
    0xce, 0xb, 0x80, 0x0, 0x12, 0x88, 0x3, 0xfe,
    0x70, 0x0, 0x0, 0x0, 0x0, 0x0, 0x0, 0x0,

    /* U+6728 "木" */
    0x0, 0x0, 0x0, 0xe, 0xb0, 0x0, 0x0, 0x0,
    0x0, 0x0, 0x0, 0xe, 0xb0, 0x0, 0x0, 0x0,
    0x0, 0x0, 0x0, 0xe, 0xb0, 0x0, 0x0, 0x0,
    0x0, 0x0, 0x0, 0xe, 0xb0, 0x0, 0x0, 0x0,
    0x8, 0x88, 0x88, 0x8f, 0xd8, 0x88, 0x88, 0x70,
    0x1f, 0xff, 0xff, 0xff, 0xff, 0xff, 0xff, 0xd0,
    0x0, 0x0, 0x0, 0xef, 0xfa, 0x0, 0x0, 0x0,
    0x0, 0x0, 0x9, 0xff, 0xef, 0x50, 0x0, 0x0,
    0x0, 0x0, 0x5f, 0x7e, 0xba, 0xf2, 0x0, 0x0,
    0x0, 0x4, 0xfb, 0xe, 0xb0, 0xde, 0x20, 0x0,
    0x0, 0x4f, 0xd1, 0xe, 0xb0, 0x2e, 0xe3, 0x0,
    0x8, 0xfd, 0x10, 0xe, 0xb0, 0x3, 0xef, 0x70,
    0x6f, 0xb1, 0x0, 0xe, 0xb0, 0x0, 0x2d, 0xe2,
    0x4, 0x0, 0x0, 0xe, 0xb0, 0x0, 0x0, 0x20,
    0x0, 0x0, 0x0, 0xe, 0xb0, 0x0, 0x0, 0x0,

    /* U+672A "未" */
    0x0, 0x0, 0x0, 0xe, 0xa0, 0x0, 0x0, 0x0,
    0x0, 0x0, 0x0, 0xe, 0xa0, 0x0, 0x0, 0x0,
    0x0, 0x0, 0x0, 0xe, 0xa0, 0x0, 0x0, 0x0,
    0x0, 0xff, 0xff, 0xff, 0xff, 0xff, 0xfd, 0x0,
    0x0, 0x88, 0x88, 0x8f, 0xd8, 0x88, 0x87, 0x0,
    0x0, 0x0, 0x0, 0xe, 0xa0, 0x0, 0x0, 0x0,
    0x0, 0x0, 0x0, 0xe, 0xb0, 0x0, 0x0, 0x0,
    0x3f, 0xff, 0xff, 0xff, 0xff, 0xff, 0xff, 0xf0,
    0x17, 0x77, 0x78, 0xff, 0xfd, 0x77, 0x77, 0x70,
    0x0, 0x0, 0x9, 0xff, 0xff, 0x60, 0x0, 0x0,
    0x0, 0x0, 0xaf, 0x6e, 0xa9, 0xf7, 0x0, 0x0,
    0x0, 0x2d, 0xf6, 0xe, 0xa0, 0x8f, 0xa1, 0x0,
    0x19, 0xfe, 0x40, 0xe, 0xa0, 0x6, 0xfe, 0x70,
    0x3f, 0xa1, 0x0, 0xe, 0xa0, 0x0, 0x2c, 0xd1,
    0x1, 0x0, 0x0, 0xe, 0xa0, 0x0, 0x0, 0x10,

    /* U+672C "本" */
    0x0, 0x0, 0x0, 0xe, 0xa0, 0x0, 0x0, 0x0,
    0x0, 0x0, 0x0, 0xe, 0xa0, 0x0, 0x0, 0x0,
    0x0, 0x0, 0x0, 0xe, 0xa0, 0x0, 0x0, 0x0,
    0x0, 0x0, 0x0, 0xe, 0xb0, 0x0, 0x0, 0x0,
    0x2f, 0xff, 0xff, 0xff, 0xff, 0xff, 0xff, 0xf0,
    0x18, 0x88, 0x88, 0xff, 0xfe, 0x88, 0x88, 0x70,
    0x0, 0x0, 0x6, 0xff, 0xff, 0x30, 0x0, 0x0,
    0x0, 0x0, 0x2f, 0xae, 0xbd, 0xd0, 0x0, 0x0,
    0x0, 0x0, 0xde, 0x1e, 0xa4, 0xfa, 0x0, 0x0,
    0x0, 0xc, 0xf4, 0xe, 0xa0, 0x7f, 0xa0, 0x0,
    0x2, 0xdf, 0x60, 0xe, 0xb0, 0x9, 0xfc, 0x10,
    0x5f, 0xf5, 0xef, 0xff, 0xff, 0xf9, 0x8f, 0xf3,
    0x1a, 0x20, 0x78, 0x8f, 0xd8, 0x84, 0x4, 0x80,
    0x0, 0x0, 0x0, 0xe, 0xa0, 0x0, 0x0, 0x0,
    0x0, 0x0, 0x0, 0xe, 0xa0, 0x0, 0x0, 0x0,

    /* U+673A "机" */
    0x0, 0x8, 0xe0, 0x0, 0x0, 0x0, 0x0, 0x0,
    0x0, 0x8, 0xe0, 0x0, 0xef, 0xff, 0xf9, 0x0,
    0x0, 0x8, 0xe0, 0x0, 0xec, 0x77, 0xf9, 0x0,
    0x2, 0x29, 0xf2, 0x20, 0xe9, 0x0, 0xe9, 0x0,
    0x1f, 0xff, 0xff, 0xf2, 0xe9, 0x0, 0xe9, 0x0,
    0x5, 0x5e, 0xf5, 0x50, 0xe9, 0x0, 0xe9, 0x0,
    0x0, 0x1f, 0xf1, 0x0, 0xe8, 0x0, 0xe9, 0x0,
    0x0, 0x7f, 0xfd, 0x10, 0xf8, 0x0, 0xe9, 0x0,
    0x0, 0xed, 0xfc, 0xc0, 0xf7, 0x0, 0xe9, 0x0,
    0x7, 0xe8, 0xe2, 0xe3, 0xf5, 0x0, 0xe9, 0x0,
    0x2f, 0x68, 0xe0, 0x15, 0xf2, 0x0, 0xe9, 0x0,
    0x2d, 0x8, 0xe0, 0xa, 0xd0, 0x0, 0xe9, 0x3b,
    0x0, 0x8, 0xe0, 0x1f, 0x80, 0x0, 0xe9, 0x4d,
    0x0, 0x8, 0xe0, 0xbe, 0x10, 0x0, 0xec, 0x9c,
    0x0, 0x8, 0xe1, 0xb4, 0x0, 0x0, 0x8f, 0xf6,

    /* U+6761 "条" */
    0x0, 0x0, 0x3, 0x61, 0x0, 0x0, 0x0, 0x0,
    0x0, 0x0, 0x1e, 0xe2, 0x11, 0x12, 0x0, 0x0,
    0x0, 0x1, 0xcf, 0xff, 0xff, 0xff, 0x50, 0x0,
    0x0, 0x3d, 0xfe, 0x33, 0x34, 0xfd, 0x0, 0x0,
    0x8, 0xfe, 0x6e, 0xc1, 0x2d, 0xe2, 0x0, 0x0,
    0x3, 0x91, 0x2, 0xef, 0xfe, 0x20, 0x0, 0x0,
    0x0, 0x0, 0x17, 0xef, 0xfe, 0x83, 0x0, 0x0,
    0x4, 0x8c, 0xff, 0xa3, 0x2a, 0xff, 0xeb, 0x80,
    0xd, 0xfb, 0x61, 0xd, 0x90, 0x5, 0x9c, 0x90,
    0x17, 0x66, 0x66, 0x6f, 0xc6, 0x66, 0x66, 0x60,
    0x3f, 0xff, 0xff, 0xff, 0xff, 0xff, 0xff, 0xf0,
    0x0, 0x0, 0x1b, 0xef, 0xdf, 0x90, 0x0, 0x0,
    0x0, 0x18, 0xfb, 0x1e, 0x93, 0xde, 0x70, 0x0,
    0x2a, 0xfe, 0x50, 0xe, 0x90, 0x7, 0xff, 0xa1,
    0x9, 0x50, 0x0, 0xe, 0x90, 0x0, 0x6, 0x70,

    /* U+6765 "来" */
    0x0, 0x0, 0x0, 0xe, 0xa0, 0x0, 0x0, 0x0,
    0x0, 0x0, 0x0, 0xe, 0xa0, 0x0, 0x0, 0x0,
    0x4, 0x88, 0x88, 0x8f, 0xd8, 0x88, 0x88, 0x30,
    0x7, 0xff, 0xff, 0xff, 0xff, 0xff, 0xff, 0x50,
    0x0, 0x1a, 0x40, 0xe, 0xa0, 0x5, 0xb2, 0x0,
    0x0, 0xc, 0xd0, 0xe, 0xa0, 0xc, 0xd0, 0x0,
    0x0, 0x4, 0xf5, 0xe, 0xa0, 0x5f, 0x40, 0x0,
    0x27, 0x77, 0xc7, 0x7f, 0xd7, 0x9c, 0x77, 0x70,
    0x4f, 0xff, 0xff, 0xff, 0xff, 0xff, 0xff, 0xf0,
    0x0, 0x0, 0x5, 0xff, 0xff, 0x20, 0x0, 0x0,
    0x0, 0x0, 0x6f, 0x8e, 0xbb, 0xe3, 0x0, 0x0,
    0x0, 0x9, 0xf8, 0xe, 0xa0, 0xcf, 0x60, 0x0,
    0x5, 0xef, 0x60, 0xe, 0xa0, 0xa, 0xfb, 0x30,
    0x4f, 0xc3, 0x0, 0xe, 0xa0, 0x0, 0x5e, 0xf1,
    0x3, 0x0, 0x0, 0xe, 0xa0, 0x0, 0x1, 0x30,

    /* U+6771 "東" */
    0x0, 0x0, 0x0, 0xa, 0xe0, 0x0, 0x0, 0x0,
    0x0, 0x11, 0x11, 0x1b, 0xf1, 0x11, 0x11, 0x10,
    0xd, 0xff, 0xff, 0xff, 0xff, 0xff, 0xff, 0xf4,
    0x4, 0x55, 0x55, 0x5c, 0xf5, 0x55, 0x55, 0x51,
    0x0, 0x24, 0x44, 0x4c, 0xf4, 0x44, 0x43, 0x0,
    0x0, 0x9f, 0xee, 0xef, 0xfe, 0xee, 0xfe, 0x0,
    0x0, 0x9e, 0x11, 0x1b, 0xf1, 0x11, 0xae, 0x0,
    0x0, 0x9f, 0xff, 0xff, 0xff, 0xff, 0xfe, 0x0,
    0x0, 0x9e, 0x0, 0xa, 0xe0, 0x0, 0xae, 0x0,
    0x0, 0x9f, 0xee, 0xef, 0xfe, 0xee, 0xfe, 0x0,
    0x0, 0x24, 0x47, 0xff, 0xff, 0xa4, 0x44, 0x0,
    0x0, 0x0, 0x5f, 0xcb, 0xe8, 0xf9, 0x0, 0x0,
    0x0, 0x3b, 0xf9, 0xa, 0xe0, 0x6f, 0xe5, 0x0,
    0xb, 0xfe, 0x50, 0xa, 0xe0, 0x2, 0xcf, 0xe4,
    0x6, 0x70, 0x0, 0xa, 0xe0, 0x0, 0x5, 0x90,

    /* U+679C "果" */
    0x0, 0x8f, 0xff, 0xff, 0xff, 0xff, 0xf9, 0x0,
    0x0, 0x8f, 0xcc, 0xce, 0xfc, 0xcc, 0xf9, 0x0,
    0x0, 0x8f, 0x21, 0x1b, 0xf1, 0x11, 0xf9, 0x0,
    0x0, 0x8f, 0xff, 0xff, 0xff, 0xff, 0xf9, 0x0,
    0x0, 0x8f, 0x21, 0x1b, 0xf1, 0x12, 0xf9, 0x0,
    0x0, 0x8f, 0x55, 0x5c, 0xf5, 0x55, 0xf9, 0x0,
    0x0, 0x7f, 0xff, 0xff, 0xff, 0xff, 0xf9, 0x0,
    0x0, 0x0, 0x0, 0xb, 0xe0, 0x0, 0x0, 0x0,
    0xf, 0xff, 0xff, 0xff, 0xff, 0xff, 0xff, 0xf3,
    0x5, 0x55, 0x58, 0xff, 0xff, 0xb5, 0x55, 0x51,
    0x0, 0x0, 0x6f, 0xcb, 0xe7, 0xfa, 0x10, 0x0,
    0x0, 0x5c, 0xf8, 0xa, 0xe0, 0x4e, 0xf8, 0x10,
    0x1e, 0xfb, 0x30, 0xa, 0xe0, 0x0, 0x8f, 0xf4,
    0x4, 0x30, 0x0, 0xa, 0xe0, 0x0, 0x1, 0x40,

    /* U+67D3 "染" */
    0x0, 0x0, 0x0, 0x0, 0x0, 0x0, 0x0, 0x0,
    0x0, 0xb6, 0x0, 0x0, 0xf7, 0x0, 0x0, 0x0,
    0x1, 0x9f, 0xe0, 0x1, 0xf6, 0x0, 0x0, 0x0,
    0x3, 0x1, 0x47, 0xff, 0xff, 0xff, 0x70, 0x0,
    0x4f, 0xe7, 0x3, 0x6a, 0xf7, 0x6f, 0x80, 0x0,
    0x1, 0x88, 0x0, 0xc, 0xd0, 0xf, 0x80, 0x10,
    0x0, 0xb, 0x80, 0x5f, 0x70, 0xf, 0x81, 0xe2,
    0x0, 0xcf, 0x36, 0xfc, 0x0, 0xf, 0xa5, 0xf2,
    0xc, 0xf3, 0x5f, 0xc8, 0x40, 0xa, 0xff, 0xd0,
    0x3, 0x30, 0x4, 0xe, 0x90, 0x0, 0x11, 0x0,
    0x3e, 0xee, 0xee, 0xef, 0xfe, 0xee, 0xee, 0xe0,
    0x17, 0x77, 0x7a, 0xff, 0xff, 0x87, 0x77, 0x70,
    0x0, 0x0, 0x6f, 0x9e, 0xbd, 0xe4, 0x0, 0x0,
    0x0, 0x3c, 0xf7, 0xe, 0x90, 0xaf, 0xb3, 0x0,
    0x3c, 0xfc, 0x30, 0xe, 0x90, 0x5, 0xef, 0xc1,
    0x9, 0x50, 0x0, 0xe, 0x90, 0x0, 0x6, 0x60,

    /* U+6848 "案" */
    0x0, 0x0, 0x0, 0xc, 0xc0, 0x0, 0x0, 0x0,
    0x1, 0x22, 0x22, 0x2c, 0xc2, 0x22, 0x22, 0x20,
    0xc, 0xff, 0xff, 0xff, 0xff, 0xff, 0xff, 0xd0,
    0xc, 0xa1, 0x12, 0xc7, 0x11, 0x11, 0x1a, 0xd0,
    0xc, 0xca, 0xac, 0xfc, 0xaa, 0xaa, 0xac, 0xd0,
    0x8, 0x99, 0xdf, 0x99, 0x99, 0xef, 0x99, 0x80,
    0x0, 0x5, 0xfe, 0x74, 0x17, 0xf6, 0x0, 0x0,
    0x0, 0x3, 0x67, 0xdf, 0xff, 0xd4, 0x0, 0x0,
    0x3, 0xbc, 0xef, 0xfd, 0x85, 0xae, 0xfb, 0x0,
    0x0, 0x75, 0x41, 0xc, 0xb0, 0x0, 0x44, 0x0,
    0x3f, 0xff, 0xff, 0xff, 0xff, 0xff, 0xff, 0xf3,
    0x15, 0x55, 0x59, 0xff, 0xff, 0x95, 0x55, 0x51,
    0x0, 0x4, 0xbf, 0x7c, 0xb7, 0xfc, 0x50, 0x0,
    0x29, 0xef, 0xa2, 0xc, 0xb0, 0x2a, 0xff, 0xa3,
    0xa, 0x72, 0x0, 0xc, 0xb0, 0x0, 0x17, 0xb0,

    /* U+691C "検" */
    0x0, 0x1f, 0x50, 0x0, 0x7, 0xf8, 0x0, 0x0,
    0x0, 0x1f, 0x50, 0x0, 0x3f, 0xff, 0x50, 0x0,
    0x0, 0x1f, 0x50, 0x2, 0xef, 0x3b, 0xf6, 0x0,
    0x3, 0x4f, 0x72, 0x5f, 0xf4, 0x0, 0xbf, 0xa1,
    0x3f, 0xff, 0xff, 0xff, 0xec, 0xcc, 0xce, 0xfa,
    0x14, 0x8f, 0x84, 0x43, 0x78, 0xf9, 0x74, 0x21,
    0x0, 0x8f, 0x80, 0x13, 0x35, 0xf6, 0x33, 0x30,
    0x0, 0xdf, 0xf3, 0x6f, 0xff, 0xff, 0xff, 0xe0,
    0x3, 0xff, 0xcd, 0x7e, 0x2, 0xf3, 0x7, 0xe0,
    0xa, 0xaf, 0x5c, 0x7e, 0x24, 0xf5, 0x28, 0xe0,
    0x3f, 0x3f, 0x50, 0x6f, 0xff, 0xff, 0xff, 0xe0,
    0x4a, 0x1f, 0x50, 0x1, 0x1b, 0xff, 0x31, 0x0,
    0x0, 0x1f, 0x50, 0x0, 0x8f, 0x4d, 0xd2, 0x0,
    0x0, 0x1f, 0x50, 0x5c, 0xf5, 0x2, 0xdf, 0x92,
    0x0, 0x1f, 0x53, 0xea, 0x20, 0x0, 0x7, 0xe4,
    0x0, 0x0, 0x0, 0x0, 0x0, 0x0, 0x0, 0x0,

    /* U+6A5F "機" */
    0x0, 0x0, 0x0, 0x0, 0x0, 0x0, 0x0, 0x0,
    0x0, 0x5f, 0x0, 0x1a, 0x7, 0xe0, 0x65, 0x0,
    0x0, 0x5f, 0x0, 0x6c, 0x7, 0xe0, 0xd5, 0x0,
    0x0, 0x5f, 0x3, 0xd3, 0xaa, 0xe8, 0xd5, 0x80,
    0x1, 0x6f, 0x27, 0xf6, 0xe7, 0xfd, 0xbd, 0x60,
    0x3f, 0xff, 0xfa, 0x9f, 0x45, 0xf1, 0xdc, 0x0,
    0x14, 0xaf, 0x53, 0x79, 0xa6, 0xf1, 0xe4, 0xd0,
    0x0, 0xcf, 0x56, 0xfb, 0xeb, 0xfd, 0xfe, 0xf3,
    0x1, 0xff, 0xe7, 0x97, 0x78, 0xf8, 0xc8, 0x52,
    0x6, 0xff, 0xba, 0x55, 0x55, 0xf9, 0x8f, 0x70,
    0xc, 0xaf, 0x4b, 0xff, 0xee, 0xff, 0xee, 0xe1,
    0x4e, 0x5f, 0x0, 0xae, 0x10, 0x9c, 0x3e, 0x20,
    0x37, 0x5f, 0x0, 0xdf, 0xe5, 0x5f, 0xeb, 0x0,
    0x0, 0x5f, 0x3, 0xf4, 0x68, 0x4f, 0xd1, 0x42,
    0x0, 0x5f, 0x2d, 0xc0, 0x29, 0xfd, 0xf6, 0xb4,
    0x0, 0x5f, 0x1b, 0x10, 0x7b, 0x30, 0x9f, 0xc0,

    /* U+6B21 "次" */
    0x0, 0x0, 0x0, 0x5, 0x10, 0x0, 0x0, 0x0,
    0x1, 0x30, 0x0, 0x3f, 0x60, 0x0, 0x0, 0x0,
    0xa, 0xf7, 0x0, 0x8f, 0x10, 0x0, 0x0, 0x0,
    0x1, 0xcf, 0xa0, 0xdf, 0xaa, 0xaa, 0xab, 0x70,
    0x0, 0xa, 0x64, 0xfe, 0xdf, 0xed, 0xdf, 0xe0,
    0x0, 0x0, 0xc, 0xf0, 0xf, 0x80, 0xf, 0x90,
    0x0, 0x0, 0x6f, 0x70, 0xf, 0x80, 0x5f, 0x20,
    0x0, 0x0, 0x4b, 0x0, 0x2f, 0x90, 0x9b, 0x0,
    0x0, 0x4, 0x80, 0x0, 0x5f, 0xd0, 0x0, 0x0,
    0x0, 0x3f, 0xd0, 0x0, 0xbe, 0xf2, 0x0, 0x0,
    0x3, 0xfe, 0x10, 0x3, 0xf5, 0xe9, 0x0, 0x0,
    0x3f, 0xe2, 0x0, 0x1d, 0xc0, 0x7f, 0x40, 0x0,
    0x1c, 0x20, 0x2, 0xde, 0x20, 0xd, 0xe3, 0x0,
    0x0, 0x0, 0x7f, 0xe3, 0x0, 0x2, 0xef, 0x70,
    0x0, 0x4, 0xfb, 0x10, 0x0, 0x0, 0x2d, 0xe1,
    0x0, 0x0, 0x20, 0x0, 0x0, 0x0, 0x0, 0x20,

    /* U+6B8B "残" */
    0x0, 0x0, 0x0, 0x0, 0x0, 0x0, 0x0, 0x0,
    0x0, 0x0, 0x0, 0x0, 0xc, 0xa4, 0xe5, 0x0,
    0x3f, 0xff, 0xff, 0xf0, 0xc, 0xb0, 0x7f, 0x30,
    0x16, 0xaf, 0x66, 0x50, 0x1c, 0xd6, 0x8b, 0x70,
    0x0, 0x9d, 0x0, 0x2f, 0xff, 0xff, 0xfd, 0x90,
    0x0, 0xdd, 0x67, 0x47, 0x5b, 0xe0, 0x0, 0x0,
    0x2, 0xff, 0xff, 0x94, 0x6c, 0xfb, 0xce, 0x80,
    0x8, 0xf0, 0xf, 0x69, 0xcd, 0xf8, 0x64, 0x20,
    0xe, 0xd1, 0x2f, 0x30, 0x6, 0xf7, 0x78, 0xa2,
    0x7f, 0xee, 0xaf, 0x2f, 0xff, 0xfe, 0xbc, 0x92,
    0x5, 0x1b, 0xfa, 0x3, 0x20, 0xe9, 0x1d, 0xa0,
    0x0, 0x3, 0xf4, 0x0, 0x0, 0xae, 0xcd, 0x10,
    0x0, 0xb, 0xd0, 0x0, 0x0, 0x8f, 0xd1, 0x0,
    0x0, 0x6f, 0x40, 0x0, 0x4b, 0xff, 0xb0, 0x86,
    0x6, 0xf9, 0x0, 0x7d, 0xfc, 0x47, 0xfa, 0xd6,
    0x8, 0xa0, 0x0, 0x6a, 0x40, 0x0, 0x8f, 0xd1,
    0x0, 0x0, 0x0, 0x0, 0x0, 0x0, 0x0, 0x0,

    /* U+6BCF "每" */
    0x0, 0x0, 0xa6, 0x0, 0x0, 0x0, 0x0, 0x0,
    0x0, 0x5, 0xf6, 0x0, 0x0, 0x0, 0x0, 0x0,
    0x0, 0xe, 0xff, 0xff, 0xff, 0xff, 0xff, 0xb0,
    0x0, 0x8f, 0x86, 0x66, 0x66, 0x66, 0x66, 0x50,
    0x4, 0xfc, 0x32, 0x22, 0x22, 0x22, 0x30, 0x0,
    0x2f, 0xea, 0xff, 0xff, 0xff, 0xff, 0xf3, 0x0,
    0x5, 0x3a, 0xd3, 0x8e, 0x63, 0x36, 0xf3, 0x0,
    0x0, 0xc, 0xa0, 0x2b, 0xf6, 0x5, 0xf2, 0x0,
    0x27, 0x7f, 0xb6, 0x66, 0xcb, 0x69, 0xf8, 0x72,
    0x5e, 0xff, 0xed, 0xee, 0xdd, 0xde, 0xfe, 0xe6,
    0x0, 0x3f, 0x40, 0xae, 0x60, 0x7, 0xf0, 0x0,
    0x0, 0x6f, 0x31, 0x16, 0xf7, 0x19, 0xf1, 0x10,
    0x0, 0x8f, 0xff, 0xff, 0xff, 0xff, 0xff, 0xc0,
    0x0, 0x9b, 0x44, 0x44, 0x46, 0x6f, 0xb4, 0x30,
    0x0, 0x0, 0x0, 0x0, 0x2f, 0xfd, 0x20, 0x0,
    0x0, 0x0, 0x0, 0x0, 0x0, 0x0, 0x0, 0x0,

    /* U+6BD4 "比" */
    0x0, 0x8f, 0x0, 0x0, 0x7f, 0x10, 0x0, 0x0,
    0x0, 0x8f, 0x0, 0x0, 0x7f, 0x10, 0x0, 0x0,
    0x0, 0x8f, 0x0, 0x0, 0x7f, 0x10, 0x0, 0x0,
    0x0, 0x8f, 0x0, 0x0, 0x7f, 0x10, 0x0, 0x0,
    0x0, 0x8f, 0x0, 0x0, 0x7f, 0x10, 0x1a, 0x20,
    0x0, 0x8f, 0x88, 0x83, 0x7f, 0x18, 0xff, 0x70,
    0x0, 0x8f, 0xff, 0xf6, 0x7f, 0xff, 0x92, 0x0,
    0x0, 0x8f, 0x0, 0x0, 0x7f, 0x81, 0x0, 0x0,
    0x0, 0x8f, 0x0, 0x0, 0x7f, 0x10, 0x0, 0x0,
    0x0, 0x8f, 0x0, 0x0, 0x7f, 0x10, 0x0, 0x0,
    0x0, 0x8f, 0x0, 0x0, 0x7f, 0x10, 0x0, 0x0,
    0x0, 0x8f, 0x0, 0x0, 0x7f, 0x10, 0x1, 0xe3,
    0x0, 0x8f, 0x7a, 0xdd, 0x7f, 0x10, 0x3, 0xf4,
    0x6d, 0xff, 0xfd, 0x95, 0x6f, 0x97, 0x7b, 0xf1,
    0x4c, 0x85, 0x10, 0x0, 0x1c, 0xff, 0xff, 0x80,

    /* U+6C14 "气" */
    0x0, 0x1, 0x82, 0x0, 0x0, 0x0, 0x0, 0x0,
    0x0, 0x7, 0xf3, 0x0, 0x0, 0x0, 0x0, 0x0,
    0x0, 0xd, 0xff, 0xff, 0xff, 0xff, 0xff, 0xd0,
    0x0, 0x6f, 0x75, 0x55, 0x55, 0x55, 0x55, 0x40,
    0x1, 0xfb, 0x44, 0x44, 0x44, 0x44, 0x42, 0x0,
    0xc, 0xf2, 0xdf, 0xff, 0xff, 0xff, 0xf9, 0x0,
    0x5f, 0x63, 0x33, 0x33, 0x33, 0x33, 0x10, 0x0,
    0x0, 0x9f, 0xff, 0xff, 0xff, 0xff, 0x70, 0x0,
    0x0, 0x11, 0x11, 0x11, 0x11, 0x2f, 0x80, 0x0,
    0x0, 0x0, 0x0, 0x0, 0x0, 0xf, 0x90, 0x0,
    0x0, 0x0, 0x0, 0x0, 0x0, 0xd, 0xa0, 0x0,
    0x0, 0x0, 0x0, 0x0, 0x0, 0xb, 0xd0, 0x20,
    0x0, 0x0, 0x0, 0x0, 0x0, 0x7, 0xf2, 0xa5,
    0x0, 0x0, 0x0, 0x0, 0x0, 0x1, 0xfc, 0xe5,
    0x0, 0x0, 0x0, 0x0, 0x0, 0x0, 0x5e, 0xd0,

    /* U+6C17 "気" */
    0x0, 0x1, 0x82, 0x0, 0x0, 0x0, 0x0, 0x0,
    0x0, 0x6, 0xf4, 0x0, 0x0, 0x0, 0x0, 0x0,
    0x0, 0xd, 0xff, 0xff, 0xff, 0xff, 0xff, 0xd0,
    0x0, 0x5f, 0x85, 0x55, 0x55, 0x55, 0x55, 0x40,
    0x1, 0xed, 0x55, 0x55, 0x55, 0x55, 0x51, 0x0,
    0xc, 0xf3, 0xde, 0xee, 0xee, 0xee, 0xe5, 0x0,
    0x2b, 0x84, 0x44, 0x44, 0x44, 0x44, 0x20, 0x0,
    0x0, 0xcf, 0xff, 0xff, 0xff, 0xff, 0xb0, 0x0,
    0x0, 0x1, 0x0, 0x2, 0xb4, 0xd, 0xb0, 0x0,
    0x0, 0x3f, 0xb2, 0xc, 0xe1, 0xc, 0xc0, 0x0,
    0x0, 0x4, 0xdf, 0xcf, 0x40, 0xb, 0xd0, 0x0,
    0x0, 0x0, 0x1e, 0xfe, 0x30, 0x9, 0xf0, 0x20,
    0x0, 0x4, 0xdf, 0x7e, 0xf7, 0x6, 0xf2, 0xa5,
    0x3, 0xbf, 0xd2, 0x1, 0xcf, 0x21, 0xfc, 0xe4,
    0x7, 0xe7, 0x0, 0x0, 0x2, 0x0, 0x6f, 0xd0,
    0x0, 0x0, 0x0, 0x0, 0x0, 0x0, 0x0, 0x0,

    /* U+6C34 "水" */
    0x0, 0x0, 0x0, 0xa, 0xe0, 0x0, 0x0, 0x0,
    0x0, 0x0, 0x0, 0xa, 0xe0, 0x0, 0x0, 0x0,
    0x0, 0x0, 0x0, 0xa, 0xe0, 0x0, 0x0, 0x0,
    0x0, 0x0, 0x0, 0xa, 0xf0, 0x0, 0xa, 0x70,
    0x17, 0x77, 0x77, 0x2a, 0xf5, 0x0, 0x8f, 0xa0,
    0x2f, 0xff, 0xff, 0x8a, 0xfb, 0x7, 0xfa, 0x0,
    0x0, 0x0, 0x7f, 0x4a, 0xff, 0x9f, 0x90, 0x0,
    0x0, 0x0, 0xce, 0xa, 0xfe, 0xf7, 0x0, 0x0,
    0x0, 0x3, 0xf8, 0xa, 0xe6, 0xf3, 0x0, 0x0,
    0x0, 0xc, 0xf1, 0xa, 0xe0, 0xde, 0x10, 0x0,
    0x0, 0x7f, 0x80, 0xa, 0xe0, 0x3f, 0xc1, 0x0,
    0x7, 0xfc, 0x0, 0xa, 0xe0, 0x6, 0xfd, 0x30,
    0x3f, 0xc1, 0x0, 0xa, 0xe0, 0x0, 0x6f, 0xf5,
    0x3, 0x0, 0x5a, 0xae, 0xd0, 0x0, 0x3, 0x80,
    0x0, 0x0, 0x2f, 0xfd, 0x50, 0x0, 0x0, 0x0,

    /* U+6CA1 "没" */
    0x0, 0x40, 0x0, 0x0, 0x0, 0x0, 0x0, 0x0,
    0x4, 0xfd, 0x40, 0x6f, 0xff, 0xff, 0x80, 0x0,
    0x0, 0x3d, 0xf1, 0x6f, 0x76, 0x6f, 0x80, 0x0,
    0x0, 0x0, 0x30, 0x7f, 0x0, 0xf, 0x80, 0x20,
    0x0, 0x0, 0x0, 0xbd, 0x0, 0xf, 0x80, 0xf3,
    0x2e, 0x91, 0x4, 0xf8, 0x0, 0xf, 0xc9, 0xf2,
    0x7, 0xff, 0x3e, 0xc0, 0x0, 0x6, 0xcc, 0x80,
    0x0, 0x18, 0x6, 0x87, 0x77, 0x77, 0x75, 0x0,
    0x0, 0x0, 0x7, 0xff, 0xff, 0xff, 0xfd, 0x0,
    0x0, 0x4, 0x70, 0x4f, 0x20, 0x5, 0xf6, 0x0,
    0x0, 0xc, 0xd0, 0xd, 0xd0, 0x2e, 0xc0, 0x0,
    0x0, 0x5f, 0x60, 0x3, 0xfc, 0xee, 0x20, 0x0,
    0x0, 0xdd, 0x0, 0x1, 0xbf, 0xf8, 0x0, 0x0,
    0x8, 0xf5, 0x4, 0x9f, 0xfa, 0xcf, 0xd7, 0x30,
    0x7, 0xc0, 0x6f, 0xfa, 0x30, 0x5, 0xcf, 0xe1,
    0x0, 0x0, 0x4, 0x0, 0x0, 0x0, 0x2, 0x20,

    /* U+6CC1 "況" */
    0x0, 0x72, 0x0, 0x0, 0x0, 0x0, 0x0, 0x0,
    0x3, 0xef, 0xa1, 0xef, 0xff, 0xff, 0xff, 0x70,
    0x0, 0x8, 0xd0, 0xeb, 0x66, 0x66, 0x8f, 0x70,
    0x0, 0x0, 0x0, 0xe8, 0x0, 0x0, 0x2f, 0x70,
    0x0, 0x0, 0x0, 0xe8, 0x0, 0x0, 0x2f, 0x70,
    0x2f, 0x92, 0x0, 0xe8, 0x0, 0x0, 0x2f, 0x70,
    0x17, 0xef, 0x40, 0xec, 0x88, 0x88, 0x9f, 0x70,
    0x0, 0x17, 0x0, 0xdf, 0xfe, 0xff, 0xee, 0x60,
    0x0, 0x0, 0x0, 0x6, 0xf0, 0x7f, 0x10, 0x0,
    0x0, 0x1, 0xd2, 0x8, 0xe0, 0x7f, 0x10, 0x0,
    0x0, 0x9, 0xf1, 0xa, 0xc0, 0x7f, 0x10, 0x0,
    0x0, 0x3f, 0x80, 0xf, 0x80, 0x7f, 0x10, 0x50,
    0x0, 0xde, 0x0, 0x9f, 0x20, 0x7f, 0x10, 0xe6,
    0x8, 0xf5, 0x2a, 0xf8, 0x0, 0x6f, 0x66, 0xf4,
    0x5, 0x90, 0x3f, 0x70, 0x0, 0x2e, 0xff, 0xc0,
    0x0, 0x0, 0x0, 0x0, 0x0, 0x0, 0x0, 0x0,

    /* U+6D77 "海" */
    0x0, 0x0, 0x0, 0x3, 0x0, 0x0, 0x0, 0x0,
    0x9, 0xe5, 0x0, 0x6f, 0x40, 0x0, 0x0, 0x0,
    0x2, 0xbf, 0x60, 0xdf, 0x66, 0x66, 0x66, 0x60,
    0x0, 0x6, 0x6, 0xff, 0xff, 0xff, 0xff, 0xf1,
    0x1, 0x0, 0x3f, 0xc3, 0x22, 0x22, 0x23, 0x10,
    0x5f, 0xa1, 0x4c, 0xbf, 0xff, 0xff, 0xff, 0x60,
    0x6, 0xfa, 0x0, 0xcd, 0x27, 0xf2, 0x3f, 0x50,
    0x0, 0x11, 0x0, 0xea, 0x6, 0xd0, 0x1f, 0x40,
    0x0, 0x0, 0x9f, 0xff, 0xff, 0xff, 0xff, 0xf8,
    0x0, 0x2c, 0x58, 0xfa, 0x7c, 0xd7, 0x9f, 0x84,
    0x0, 0x9f, 0x14, 0xf3, 0xb, 0x90, 0x4f, 0x10,
    0x1, 0xf9, 0x7, 0xf1, 0xd, 0x70, 0x6f, 0x0,
    0x8, 0xf2, 0xa, 0xff, 0xff, 0xff, 0xff, 0xf3,
    0x1f, 0xb0, 0x7, 0x85, 0x55, 0x88, 0xfc, 0x51,
    0x8, 0x30, 0x0, 0x0, 0x0, 0xff, 0xe3, 0x0,
    0x0, 0x0, 0x0, 0x0, 0x0, 0x0, 0x0, 0x0,

    /* U+6E08 "済" */
    0x1, 0xa2, 0x0, 0x0, 0x9, 0xf0, 0x0, 0x0,
    0x4, 0xff, 0x50, 0x0, 0x9, 0xf0, 0x0, 0x0,
    0x0, 0x1c, 0xec, 0xff, 0xff, 0xff, 0xff, 0xf4,
    0x0, 0x0, 0x35, 0x7f, 0xc6, 0x6b, 0xf8, 0x61,
    0x0, 0x0, 0x0, 0x7, 0xf9, 0x6f, 0x90, 0x0,
    0x1d, 0x81, 0x0, 0x0, 0xaf, 0xfd, 0x20, 0x0,
    0x19, 0xfe, 0x36, 0x9e, 0xfb, 0xaf, 0xfd, 0xa3,
    0x0, 0x39, 0xe, 0xea, 0x20, 0x1, 0x7c, 0xc0,
    0x0, 0x0, 0x0, 0x8f, 0x55, 0x55, 0xdc, 0x0,
    0x0, 0x5, 0x50, 0x8f, 0xff, 0xff, 0xfc, 0x0,
    0x0, 0xd, 0xc0, 0x8e, 0x0, 0x0, 0xbc, 0x0,
    0x0, 0x7f, 0x40, 0xbf, 0xff, 0xff, 0xfc, 0x0,
    0x1, 0xfb, 0x1, 0xfa, 0x55, 0x55, 0xdc, 0x0,
    0xb, 0xf2, 0xa, 0xf1, 0x0, 0x0, 0xbc, 0x0,
    0x4, 0x60, 0x3e, 0x60, 0x0, 0x0, 0xbc, 0x0,
    0x0, 0x0, 0x0, 0x0, 0x0, 0x0, 0x0, 0x0,

    /* U+6E29 "温" */
    0x0, 0x40, 0x0, 0x0, 0x0, 0x0, 0x0, 0x0,
    0x2, 0xfe, 0x60, 0xef, 0xff, 0xff, 0xff, 0x0,
    0x0, 0x3c, 0xf2, 0xe9, 0x44, 0x44, 0x9f, 0x0,
    0x0, 0x0, 0x40, 0xe9, 0x33, 0x33, 0x9f, 0x0,
    0x0, 0x0, 0x0, 0xef, 0xff, 0xff, 0xff, 0x0,
    0xc, 0x70, 0x0, 0xe7, 0x0, 0x0, 0x7f, 0x0,
    0x18, 0xfe, 0x20, 0xef, 0xff, 0xff, 0xff, 0x0,
    0x0, 0x18, 0x0, 0x45, 0x55, 0x55, 0x54, 0x0,
    0x0, 0x0, 0x2, 0x55, 0x55, 0x55, 0x55, 0x20,
    0x0, 0x6, 0x57, 0xff, 0xff, 0xff, 0xff, 0x80,
    0x0, 0xe, 0xa7, 0xe0, 0xe3, 0x4e, 0xe, 0x80,
    0x0, 0x7f, 0x37, 0xe0, 0xe3, 0x4e, 0xe, 0x80,
    0x1, 0xeb, 0x7, 0xe0, 0xe3, 0x4e, 0xe, 0x80,
    0x9, 0xf2, 0x8d, 0xfa, 0xfc, 0xcf, 0xaf, 0xd5,
    0x9, 0xa0, 0xcf, 0xff, 0xff, 0xff, 0xff, 0xf8,
    0x0, 0x0, 0x0, 0x0, 0x0, 0x0, 0x0, 0x0,

    /* U+6E32 "渲" */
    0x0, 0xa2, 0x0, 0x0, 0x8, 0xf0, 0x0, 0x0,
    0x2, 0xef, 0x40, 0x0, 0x8, 0xf0, 0x0, 0x0,
    0x0, 0x1c, 0xe9, 0xee, 0xef, 0xfe, 0xee, 0xe4,
    0x0, 0x0, 0x3a, 0xd6, 0x66, 0x66, 0x67, 0xf5,
    0x0, 0x0, 0xa, 0xc4, 0x44, 0x44, 0x45, 0xf5,
    0xc, 0x80, 0x0, 0x2f, 0xff, 0xff, 0xfb, 0x0,
    0x8, 0xfe, 0x20, 0x12, 0x22, 0x22, 0x22, 0x0,
    0x0, 0x2a, 0x0, 0x6f, 0xff, 0xff, 0xff, 0x0,
    0x0, 0x0, 0x0, 0x6f, 0x0, 0x0, 0x6f, 0x0,
    0x0, 0x5, 0x90, 0x6f, 0xff, 0xff, 0xff, 0x0,
    0x0, 0xc, 0xd0, 0x6f, 0x11, 0x11, 0x7f, 0x0,
    0x0, 0x4f, 0x50, 0x6f, 0x55, 0x55, 0x9f, 0x0,
    0x0, 0xdd, 0x0, 0x5d, 0xdd, 0xdd, 0xdd, 0x0,
    0x6, 0xf6, 0x6, 0x66, 0x66, 0x66, 0x66, 0x64,
    0x4, 0xc0, 0x1f, 0xff, 0xff, 0xff, 0xff, 0xfa,
    0x0, 0x0, 0x0, 0x0, 0x0, 0x0, 0x0, 0x0,

    /* U+6E7F "湿" */
    0x0, 0x50, 0x0, 0x0, 0x0, 0x0, 0x0, 0x0,
    0x4, 0xfe, 0x53, 0xff, 0xff, 0xff, 0xff, 0x50,
    0x0, 0x4e, 0xd3, 0xf6, 0x44, 0x44, 0x5f, 0x50,
    0x0, 0x1, 0x23, 0xf6, 0x33, 0x33, 0x5f, 0x50,
    0x0, 0x0, 0x3, 0xff, 0xff, 0xff, 0xff, 0x50,
    0x2f, 0xa3, 0x3, 0xf3, 0x0, 0x0, 0x2f, 0x50,
    0x5, 0xdf, 0x13, 0xff, 0xff, 0xff, 0xff, 0x50,
    0x0, 0x3, 0x0, 0x55, 0x86, 0x68, 0x55, 0x10,
    0x0, 0x0, 0x2, 0x20, 0xf5, 0x4f, 0x12, 0x40,
    0x0, 0xd, 0x3b, 0xc0, 0xf5, 0x4f, 0x18, 0xe0,
    0x0, 0x6f, 0x24, 0xf3, 0xf5, 0x4f, 0x2e, 0x80,
    0x0, 0xcc, 0x0, 0xe8, 0xf5, 0x4f, 0x7f, 0x10,
    0x4, 0xf6, 0x0, 0x64, 0xf5, 0x4f, 0x56, 0x0,
    0xb, 0xe0, 0x8a, 0xab, 0xfc, 0xcf, 0xba, 0xa4,
    0x9, 0x80, 0xcf, 0xff, 0xff, 0xff, 0xff, 0xf6,
    0x0, 0x0, 0x0, 0x0, 0x0, 0x0, 0x0, 0x0,

    /* U+6ED1 "滑" */
    0x0, 0x40, 0x0, 0x0, 0x0, 0x0, 0x0, 0x0,
    0x4, 0xfd, 0x40, 0x8f, 0xff, 0xff, 0xfb, 0x0,
    0x0, 0x2c, 0xd0, 0x8c, 0x22, 0x22, 0xcb, 0x0,
    0x0, 0x0, 0x20, 0x8b, 0xd, 0xee, 0xfb, 0x0,
    0x0, 0x0, 0x0, 0x8b, 0xe, 0x40, 0xcb, 0x0,
    0x1e, 0x91, 0x1a, 0xde, 0xaf, 0xba, 0xee, 0xa2,
    0x19, 0xff, 0x3f, 0xa9, 0x99, 0x99, 0x9a, 0xf4,
    0x0, 0x39, 0x2f, 0x64, 0x44, 0x44, 0x45, 0xf4,
    0x0, 0x0, 0x3, 0xaf, 0xee, 0xee, 0xfb, 0x31,
    0x0, 0x4, 0x40, 0x9c, 0x22, 0x22, 0xcb, 0x0,
    0x0, 0xd, 0xc0, 0x9f, 0xff, 0xff, 0xfb, 0x0,
    0x0, 0x7f, 0x40, 0x9c, 0x22, 0x22, 0xcb, 0x0,
    0x1, 0xfb, 0x0, 0x9f, 0xff, 0xff, 0xfb, 0x0,
    0xb, 0xf2, 0x0, 0x9b, 0x0, 0x22, 0xcb, 0x0,
    0x3, 0x60, 0x0, 0x9b, 0x0, 0x9f, 0xe6, 0x0,

    /* U+6EDA "滚" */
    0x2, 0x70, 0x0, 0x0, 0xc, 0xb0, 0x0, 0x0,
    0x8, 0xfb, 0x0, 0x0, 0xc, 0xb0, 0x0, 0x0,
    0x0, 0x7f, 0x9f, 0xff, 0xff, 0xff, 0xff, 0xf3,
    0x0, 0x5, 0x13, 0x33, 0x34, 0x45, 0x43, 0x30,
    0x0, 0x0, 0x0, 0x49, 0x4f, 0xff, 0xd1, 0x0,
    0x1b, 0x50, 0x2, 0xea, 0x33, 0x23, 0xed, 0x20,
    0x1a, 0xfc, 0x4f, 0xa1, 0xf7, 0x28, 0x2c, 0xf2,
    0x0, 0x36, 0x4, 0x9, 0xd2, 0x3e, 0xc1, 0x30,
    0x0, 0x0, 0x4, 0xff, 0xff, 0xfe, 0xec, 0x0,
    0x0, 0x9, 0x21, 0x43, 0xcf, 0x90, 0x17, 0x10,
    0x0, 0x3f, 0x40, 0x4d, 0xe8, 0xf1, 0x5f, 0x80,
    0x0, 0xae, 0x5c, 0xff, 0x60, 0xce, 0xf7, 0x0,
    0x2, 0xf7, 0x3a, 0x3f, 0x60, 0x3f, 0xa0, 0x0,
    0xa, 0xf0, 0x0, 0x3f, 0xbb, 0xd8, 0xfc, 0x30,
    0xa, 0x80, 0x4, 0xff, 0xc9, 0x61, 0x3d, 0xf3,
    0x0, 0x0, 0x0, 0x20, 0x0, 0x0, 0x0, 0x20,

    /* U+6F14 "演" */
    0x1, 0xa1, 0x0, 0x0, 0x9, 0xe0, 0x0, 0x0,
    0x5, 0xfe, 0x40, 0x0, 0xa, 0xe0, 0x0, 0x0,
    0x0, 0x2d, 0xcd, 0xff, 0xff, 0xff, 0xff, 0xf3,
    0x0, 0x1, 0x2d, 0xa3, 0x33, 0x33, 0x36, 0xf3,
    0x0, 0x0, 0x9, 0xb9, 0x99, 0x99, 0x9a, 0xb2,
    0x1e, 0x81, 0x0, 0x59, 0x9d, 0xf9, 0x99, 0x0,
    0x19, 0xfe, 0x0, 0x33, 0x3a, 0xe3, 0x33, 0x10,
    0x0, 0x37, 0x2, 0xff, 0xff, 0xff, 0xff, 0x70,
    0x0, 0x0, 0x2, 0xf4, 0x19, 0xe1, 0x1e, 0x70,
    0x0, 0x7, 0x52, 0xff, 0xff, 0xff, 0xff, 0x70,
    0x0, 0x1f, 0x92, 0xf3, 0x9, 0xe0, 0xe, 0x70,
    0x0, 0x8f, 0x22, 0xfe, 0xdf, 0xfd, 0xdf, 0x70,
    0x1, 0xfa, 0x0, 0x47, 0xa5, 0x49, 0xb4, 0x20,
    0x9, 0xf2, 0x2, 0x9f, 0xb1, 0x6, 0xfd, 0x30,
    0x9, 0xa0, 0x3f, 0xe6, 0x0, 0x0, 0x2c, 0xf2,
    0x0, 0x0, 0x3, 0x0, 0x0, 0x0, 0x0, 0x20,

    /* U+706B "火" */
    0x0, 0x0, 0x0, 0xe, 0xb0, 0x0, 0x0, 0x0,
    0x0, 0x0, 0x0, 0xe, 0xb0, 0x0, 0x0, 0x0,
    0x0, 0x0, 0x0, 0xe, 0xb0, 0x0, 0x0, 0x0,
    0x0, 0xe, 0x50, 0xe, 0xb0, 0x0, 0x3d, 0x40,
    0x0, 0x4f, 0x50, 0xe, 0xb0, 0x0, 0xaf, 0x20,
    0x0, 0x9f, 0x10, 0xf, 0xb0, 0x2, 0xf9, 0x0,
    0x2, 0xfb, 0x0, 0x1f, 0xe0, 0xb, 0xe1, 0x0,
    0xa, 0xf2, 0x0, 0x6f, 0xf2, 0x1c, 0x60, 0x0,
    0x0, 0x20, 0x0, 0xcb, 0xe9, 0x0, 0x0, 0x0,
    0x0, 0x0, 0x5, 0xf4, 0x7f, 0x30, 0x0, 0x0,
    0x0, 0x0, 0x2f, 0xb0, 0xd, 0xe2, 0x0, 0x0,
    0x0, 0x3, 0xee, 0x10, 0x3, 0xfe, 0x30, 0x0,
    0x1, 0x8f, 0xe2, 0x0, 0x0, 0x3e, 0xf9, 0x10,
    0x1e, 0xfb, 0x10, 0x0, 0x0, 0x2, 0xbf, 0xe1,
    0x4, 0x40, 0x0, 0x0, 0x0, 0x0, 0x4, 0x40,

    /* U+70B9 "点" */
    0x0, 0x0, 0x0, 0xd, 0xa0, 0x0, 0x0, 0x0,
    0x0, 0x0, 0x0, 0xd, 0xa0, 0x0, 0x0, 0x0,
    0x0, 0x0, 0x0, 0xd, 0xff, 0xff, 0xff, 0x90,
    0x0, 0x0, 0x0, 0xd, 0xd7, 0x77, 0x77, 0x40,
    0x0, 0x0, 0x0, 0xd, 0xa0, 0x0, 0x0, 0x0,
    0x0, 0x4b, 0xbb, 0xbf, 0xeb, 0xbb, 0xb5, 0x0,
    0x0, 0x7f, 0xbb, 0xbb, 0xbb, 0xbb, 0xf7, 0x0,
    0x0, 0x7f, 0x0, 0x0, 0x0, 0x1, 0xf7, 0x0,
    0x0, 0x7f, 0x0, 0x0, 0x0, 0x1, 0xf7, 0x0,
    0x0, 0x7f, 0xff, 0xff, 0xff, 0xff, 0xf7, 0x0,
    0x0, 0x37, 0x77, 0x77, 0x77, 0x77, 0x73, 0x0,
    0x0, 0x58, 0x2, 0x30, 0x16, 0x0, 0x86, 0x0,
    0x0, 0xeb, 0x9, 0xe0, 0x1f, 0x60, 0x9f, 0x30,
    0x9, 0xf3, 0x7, 0xf0, 0xb, 0xd0, 0xd, 0xc0,
    0x2e, 0x80, 0x6, 0xf2, 0x6, 0xc1, 0x5, 0xc2,
    0x0, 0x0, 0x0, 0x0, 0x0, 0x0, 0x0, 0x0,

    /* U+7121 "無" */
    0x0, 0x0, 0x20, 0x0, 0x0, 0x0, 0x0, 0x0,
    0x0, 0x7, 0xf3, 0x0, 0x0, 0x0, 0x0, 0x0,
    0x0, 0x3f, 0xe8, 0x88, 0x88, 0x88, 0x88, 0x50,
    0x2, 0xef, 0xed, 0xfd, 0xef, 0xde, 0xfd, 0x80,
    0x2e, 0xdf, 0x61, 0xf2, 0x4f, 0x6, 0xf0, 0x0,
    0x4, 0x1f, 0x61, 0xf2, 0x4f, 0x6, 0xf0, 0x0,
    0x2f, 0xff, 0xff, 0xff, 0xff, 0xff, 0xff, 0xf3,
    0x16, 0x6f, 0xa7, 0xf8, 0x8f, 0x6a, 0xf6, 0x61,
    0x0, 0xf, 0x61, 0xf2, 0x4f, 0x6, 0xf0, 0x0,
    0x0, 0xf, 0x61, 0xf2, 0x4f, 0x6, 0xf0, 0x0,
    0xe, 0xff, 0xff, 0xff, 0xff, 0xff, 0xff, 0xf0,
    0x5, 0x66, 0x66, 0x66, 0x66, 0x66, 0x66, 0x50,
    0x0, 0xad, 0x5, 0xa0, 0x2c, 0x30, 0xcd, 0x0,
    0x2, 0xf8, 0x6, 0xf0, 0xe, 0x90, 0x4f, 0x80,
    0xd, 0xe1, 0x4, 0xf2, 0xa, 0xe0, 0xa, 0xf2,
    0x4, 0x30, 0x1, 0x40, 0x2, 0x30, 0x1, 0x50,

    /* U+7248 "版" */
    0x0, 0x0, 0x7e, 0x0, 0x0, 0x0, 0x0, 0x0,
    0x7, 0xe0, 0x7e, 0x5, 0xff, 0xff, 0xff, 0xf0,
    0x7, 0xe0, 0x7e, 0x5, 0xf6, 0x66, 0x66, 0x60,
    0x7, 0xe0, 0x7e, 0x5, 0xf1, 0x0, 0x0, 0x0,
    0x7, 0xe0, 0x7e, 0x5, 0xf1, 0x0, 0x0, 0x0,
    0x7, 0xff, 0xff, 0xf8, 0xf7, 0x77, 0x77, 0x50,
    0x7, 0xf2, 0x22, 0x26, 0xff, 0xff, 0xff, 0xd0,
    0x7, 0xe0, 0x0, 0x6, 0xfc, 0x80, 0xd, 0x90,
    0x7, 0xff, 0xff, 0x47, 0xf7, 0xe0, 0x2f, 0x40,
    0x8, 0xe6, 0x7f, 0x58, 0xe2, 0xf5, 0x9e, 0x0,
    0x9, 0xc0, 0x1f, 0x5a, 0xc0, 0xad, 0xf8, 0x0,
    0xc, 0xa0, 0x1f, 0x5c, 0x90, 0x3f, 0xf0, 0x0,
    0xf, 0x60, 0x1f, 0x5f, 0x60, 0xbf, 0xf8, 0x0,
    0x5f, 0x20, 0x1f, 0xaf, 0x5d, 0xf5, 0x9f, 0xc2,
    0x4a, 0x0, 0x1f, 0x99, 0x1c, 0x30, 0x6, 0xd1,
    0x0, 0x0, 0x0, 0x0, 0x0, 0x0, 0x0, 0x0,

    /* U+72B6 "状" */
    0x0, 0x0, 0x10, 0x0, 0x0, 0x0, 0x0, 0x0,
    0x0, 0x3, 0xf4, 0x0, 0x9, 0xe0, 0x32, 0x0,
    0x0, 0x3, 0xf4, 0x0, 0x9, 0xe0, 0xcc, 0x0,
    0x8, 0x13, 0xf4, 0x0, 0x9, 0xe0, 0x3f, 0x70,
    0x1e, 0xb3, 0xf4, 0x0, 0x9, 0xe0, 0xa, 0xb0,
    0x5, 0xf8, 0xf4, 0x0, 0x9, 0xe0, 0x1, 0x0,
    0x0, 0xcc, 0xf5, 0xff, 0xff, 0xff, 0xff, 0xf5,
    0x0, 0x13, 0xf5, 0x88, 0x8e, 0xfa, 0x88, 0x83,
    0x0, 0x3, 0xf4, 0x0, 0xd, 0xf6, 0x0, 0x0,
    0x0, 0x2d, 0xf4, 0x0, 0x1f, 0xfb, 0x0, 0x0,
    0x4, 0xee, 0xf4, 0x0, 0x7f, 0x8f, 0x20, 0x0,
    0x4f, 0xb4, 0xf4, 0x0, 0xdd, 0xe, 0xa0, 0x0,
    0x8, 0x3, 0xf4, 0x7, 0xf5, 0x6, 0xf4, 0x0,
    0x0, 0x3, 0xf4, 0x3f, 0xc0, 0x0, 0xcf, 0x30,
    0x0, 0x3, 0xf7, 0xee, 0x20, 0x0, 0x2e, 0xf5,
    0x0, 0x3, 0xf8, 0xc3, 0x0, 0x0, 0x2, 0xc2,
    0x0, 0x0, 0x0, 0x0, 0x0, 0x0, 0x0, 0x0,

    /* U+7387 "率" */
    0x0, 0x0, 0x0, 0xe, 0xa0, 0x0, 0x0, 0x0,
    0x0, 0x0, 0x0, 0xe, 0xa0, 0x0, 0x0, 0x0,
    0x9, 0xdd, 0xdd, 0xdf, 0xfd, 0xdd, 0xdd, 0x80,
    0x6, 0x99, 0x99, 0xcf, 0x99, 0x99, 0x99, 0x50,
    0x6, 0xb2, 0x2, 0xe7, 0x7, 0x10, 0x7e, 0x30,
    0x1, 0xbf, 0x8f, 0xd0, 0xad, 0x19, 0xf5, 0x0,
    0x0, 0x5, 0x3, 0xde, 0xd4, 0x2, 0x20, 0x0,
    0x0, 0x6, 0x90, 0x8d, 0x3e, 0x9d, 0x91, 0x0,
    0x19, 0xfe, 0xcc, 0xfe, 0xef, 0xf8, 0xff, 0x60,
    0xd, 0x70, 0x59, 0x79, 0x73, 0xc7, 0x1b, 0xa0,
    0x2, 0x22, 0x22, 0x2f, 0xb2, 0x22, 0x22, 0x20,
    0x4f, 0xff, 0xff, 0xff, 0xff, 0xff, 0xff, 0xf1,
    0x14, 0x44, 0x44, 0x4f, 0xb4, 0x44, 0x44, 0x40,
    0x0, 0x0, 0x0, 0xe, 0xa0, 0x0, 0x0, 0x0,
    0x0, 0x0, 0x0, 0xe, 0xa0, 0x0, 0x0, 0x0,

    /* U+7528 "用" */
    0x0, 0x47, 0x77, 0x77, 0x77, 0x77, 0x77, 0x30,
    0xa, 0xff, 0xff, 0xff, 0xff, 0xff, 0xf8, 0x0,
    0xae, 0x0, 0x9, 0xe0, 0x0, 0xf, 0x80, 0xa,
    0xe0, 0x0, 0x9e, 0x0, 0x0, 0xf8, 0x0, 0xaf,
    0x77, 0x7c, 0xf7, 0x77, 0x7f, 0x80, 0xa, 0xff,
    0xff, 0xff, 0xff, 0xff, 0xf8, 0x0, 0xad, 0x0,
    0x9, 0xe0, 0x0, 0xf, 0x80, 0xa, 0xd0, 0x0,
    0x9e, 0x0, 0x0, 0xf8, 0x0, 0xbf, 0xff, 0xff,
    0xff, 0xff, 0xff, 0x80, 0xe, 0xc7, 0x77, 0xcf,
    0x77, 0x77, 0xf8, 0x1, 0xf6, 0x0, 0x9, 0xe0,
    0x0, 0xf, 0x80, 0x7f, 0x20, 0x0, 0x9e, 0x0,
    0x0, 0xf8, 0x1e, 0xc0, 0x0, 0x9, 0xe0, 0x56,
    0x6f, 0x73, 0xe3, 0x0, 0x0, 0x9e, 0x9, 0xff,
    0xd2, 0x0, 0x0, 0x0, 0x0, 0x0, 0x0, 0x0,
    0x0,

    /* U+753B "画" */
    0x4f, 0xff, 0xff, 0xff, 0xff, 0xff, 0xff, 0xf0,
    0x3f, 0xff, 0xff, 0xff, 0xff, 0xff, 0xff, 0xf0,
    0x0, 0x0, 0x0, 0xe, 0x90, 0x0, 0x0, 0x0,
    0x7, 0x90, 0x78, 0x8f, 0xc8, 0x87, 0x9, 0x70,
    0xa, 0xd0, 0xed, 0xcf, 0xec, 0xde, 0xc, 0xa0,
    0xa, 0xd0, 0xe5, 0xd, 0x80, 0x6e, 0xc, 0xa0,
    0xa, 0xd0, 0xe8, 0x4e, 0xa4, 0x9e, 0xc, 0xa0,
    0xa, 0xd0, 0xef, 0xef, 0xfe, 0xfe, 0xc, 0xa0,
    0xa, 0xd0, 0xe5, 0xd, 0x80, 0x6e, 0xc, 0xa0,
    0xa, 0xd0, 0xed, 0xbf, 0xdb, 0xde, 0xc, 0xa0,
    0xa, 0xd0, 0x78, 0x88, 0x88, 0x87, 0xc, 0xa0,
    0xa, 0xd1, 0x11, 0x11, 0x11, 0x11, 0x1d, 0xa0,
    0xa, 0xff, 0xff, 0xff, 0xff, 0xff, 0xff, 0xa0,
    0xa, 0xe6, 0x66, 0x66, 0x66, 0x66, 0x6d, 0xa0,

    /* U+7559 "留" */
    0x0, 0x0, 0x0, 0x40, 0x0, 0x0, 0x0, 0x0,
    0x28, 0x5a, 0xff, 0x5f, 0xff, 0xff, 0xfc, 0x2,
    0xff, 0xb7, 0x20, 0xdd, 0xfd, 0xdf, 0xb0, 0x1f,
    0x60, 0x21, 0x0, 0x2f, 0x30, 0xaa, 0x0, 0xf6,
    0xd, 0xb0, 0x6, 0xf0, 0xb, 0x90, 0xf, 0x71,
    0x8f, 0x60, 0xca, 0x0, 0xd8, 0x16, 0xff, 0xff,
    0xed, 0xaf, 0x25, 0x6f, 0x52, 0xfc, 0x84, 0x1,
    0xad, 0x30, 0xbe, 0xb0, 0x0, 0x27, 0x77, 0x78,
    0x87, 0x77, 0x74, 0x0, 0x4, 0xfc, 0xbb, 0xef,
    0xbb, 0xbf, 0x80, 0x0, 0x4f, 0x40, 0x8, 0xe0,
    0x0, 0xf8, 0x0, 0x4, 0xff, 0xff, 0xff, 0xff,
    0xff, 0x80, 0x0, 0x4f, 0x62, 0x29, 0xf2, 0x22,
    0xf8, 0x0, 0x4, 0xfc, 0xaa, 0xdf, 0xaa, 0xaf,
    0x80, 0x0, 0x4f, 0xb9, 0x99, 0x99, 0x99, 0xf8,
    0x0, 0x0, 0x10, 0x0, 0x0, 0x0, 0x0, 0x0,

    /* U+767A "発" */
    0x0, 0x0, 0x0, 0x0, 0x54, 0x1, 0x20, 0x0,
    0x2, 0xff, 0xff, 0xf5, 0xad, 0x1c, 0xd0, 0x0,
    0x0, 0x55, 0x5b, 0xf2, 0x3f, 0xed, 0x22, 0x20,
    0x3, 0xf5, 0x2f, 0xa0, 0xa, 0xf2, 0x2e, 0xb0,
    0x0, 0x8f, 0xee, 0x10, 0x1, 0xed, 0xeb, 0x0,
    0x0, 0x1e, 0xf3, 0x0, 0x0, 0x4f, 0xe1, 0x0,
    0x5, 0xef, 0xdb, 0xbb, 0xbb, 0xbe, 0xfe, 0x50,
    0x5f, 0xb7, 0xbf, 0xeb, 0xbf, 0xeb, 0x6d, 0xf2,
    0x3, 0x0, 0xe, 0x90, 0xf, 0x90, 0x0, 0x20,
    0x3, 0x66, 0x6f, 0xb6, 0x6f, 0xc6, 0x66, 0x10,
    0x8, 0xff, 0xff, 0xff, 0xff, 0xff, 0xff, 0x40,
    0x0, 0x0, 0x5f, 0x60, 0xf, 0x90, 0x1, 0x0,
    0x0, 0x2, 0xee, 0x0, 0xf, 0x90, 0x9, 0x70,
    0x2, 0x8f, 0xe3, 0x0, 0xf, 0xc5, 0x5e, 0x90,
    0x6, 0xf9, 0x10, 0x0, 0x9, 0xff, 0xfe, 0x30,
    0x0, 0x0, 0x0, 0x0, 0x0, 0x0, 0x0, 0x0,

    /* U+767E "百" */
    0xf, 0xff, 0xff, 0xff, 0xff, 0xff, 0xff, 0xf0,
    0x7, 0x77, 0x77, 0x8f, 0xd7, 0x77, 0x77, 0x70,
    0x0, 0x0, 0x0, 0x2f, 0x80, 0x0, 0x0, 0x0,
    0x0, 0x0, 0x0, 0x5f, 0x50, 0x0, 0x0, 0x0,
    0x0, 0x4f, 0xff, 0xff, 0xff, 0xff, 0xf8, 0x0,
    0x0, 0x4f, 0x86, 0x66, 0x66, 0x66, 0xf8, 0x0,
    0x0, 0x4f, 0x30, 0x0, 0x0, 0x1, 0xf8, 0x0,
    0x0, 0x4f, 0x41, 0x11, 0x11, 0x12, 0xf8, 0x0,
    0x0, 0x4f, 0xff, 0xff, 0xff, 0xff, 0xf8, 0x0,
    0x0, 0x4f, 0x74, 0x44, 0x44, 0x45, 0xf8, 0x0,
    0x0, 0x4f, 0x30, 0x0, 0x0, 0x1, 0xf8, 0x0,
    0x0, 0x4f, 0x41, 0x11, 0x11, 0x12, 0xf8, 0x0,
    0x0, 0x4f, 0xff, 0xff, 0xff, 0xff, 0xf8, 0x0,
    0x0, 0x4f, 0x85, 0x55, 0x55, 0x56, 0xf8, 0x0,

    /* U+7684 "的" */
    0x0, 0x27, 0x20, 0x0, 0x44, 0x0, 0x0, 0x0,
    0x7f, 0x30, 0x0, 0xba, 0x0, 0x0, 0x0, 0xbd,
    0x0, 0x0, 0xf6, 0x0, 0x10, 0xaf, 0xff, 0xff,
    0x45, 0xff, 0xff, 0xfe, 0xbd, 0x66, 0x7f, 0x4c,
    0xc5, 0x55, 0xbd, 0xbb, 0x0, 0x1f, 0x9f, 0x40,
    0x0, 0x9d, 0xbb, 0x0, 0x1f, 0xbc, 0x0, 0x0,
    0xac, 0xbc, 0x55, 0x6f, 0x42, 0xe5, 0x0, 0xab,
    0xbf, 0xff, 0xff, 0x40, 0xae, 0x10, 0xbb, 0xbb,
    0x0, 0x1f, 0x40, 0x1f, 0xa0, 0xca, 0xbb, 0x0,
    0x1f, 0x40, 0x6, 0xe1, 0xd9, 0xbb, 0x0, 0x1f,
    0x40, 0x0, 0x10, 0xf7, 0xbd, 0x77, 0x8f, 0x40,
    0x0, 0x2, 0xf5, 0xbf, 0xee, 0xee, 0x40, 0x26,
    0x6b, 0xf1, 0xbb, 0x0, 0x0, 0x0, 0x2f, 0xfe,
    0x70, 0x0, 0x0, 0x0, 0x0, 0x0, 0x0, 0x0,

    /* U+770B "看" */
    0x0, 0x0, 0x0, 0x0, 0x12, 0x45, 0x73, 0x0,
    0x0, 0xde, 0xef, 0xff, 0xff, 0xfd, 0xb8, 0x0,
    0x0, 0x34, 0x43, 0xde, 0x10, 0x0, 0x0, 0x0,
    0x0, 0xde, 0xee, 0xff, 0xee, 0xee, 0xee, 0x20,
    0x0, 0x44, 0x49, 0xf6, 0x44, 0x44, 0x44, 0x0,
    0x5, 0x55, 0x5d, 0xe5, 0x55, 0x55, 0x55, 0x50,
    0x1e, 0xee, 0xff, 0xee, 0xee, 0xee, 0xee, 0xe1,
    0x0, 0x1, 0xee, 0x33, 0x33, 0x33, 0x31, 0x0,
    0x0, 0xb, 0xff, 0xff, 0xff, 0xff, 0xf8, 0x0,
    0x0, 0xaf, 0xf9, 0x11, 0x11, 0x11, 0xf8, 0x0,
    0x2c, 0xf7, 0xef, 0xee, 0xee, 0xee, 0xf8, 0x0,
    0x1d, 0x50, 0xea, 0x22, 0x22, 0x22, 0xf8, 0x0,
    0x0, 0x0, 0xee, 0xdd, 0xdd, 0xdd, 0xf8, 0x0,
    0x0, 0x0, 0xea, 0x33, 0x33, 0x33, 0xf8, 0x0,
    0x0, 0x0, 0xef, 0xff, 0xff, 0xff, 0xf8, 0x0,

    /* U+78BA "確" */
    0x0, 0x0, 0x0, 0x0, 0x0, 0x0, 0x0, 0x0,
    0x0, 0x0, 0x0, 0x0, 0x0, 0xe6, 0x0, 0x0,
    0x3f, 0xff, 0xff, 0x50, 0x5, 0xf3, 0x0, 0x0,
    0x16, 0xbe, 0x66, 0xcf, 0xff, 0xff, 0xff, 0xf3,
    0x0, 0xba, 0x0, 0xad, 0x8f, 0x96, 0x67, 0xf3,
    0x0, 0xe7, 0x0, 0x9a, 0xbe, 0x7, 0xf2, 0xd2,
    0x1, 0xf4, 0x0, 0x6, 0xfb, 0x6d, 0xc6, 0x50,
    0x5, 0xfd, 0xcc, 0x5f, 0xfd, 0xef, 0xed, 0xb0,
    0xa, 0xf6, 0x9f, 0xdf, 0xe0, 0x3f, 0x30, 0x0,
    0x1f, 0xf0, 0x4f, 0x19, 0xff, 0xff, 0xff, 0x80,
    0x8f, 0xf0, 0x4f, 0x8, 0xe3, 0x5f, 0x53, 0x10,
    0x3c, 0xf0, 0x4f, 0x8, 0xe2, 0x5f, 0x52, 0x10,
    0x4, 0xf0, 0x4f, 0x8, 0xff, 0xff, 0xff, 0x80,
    0x3, 0xfe, 0xff, 0x8, 0xe0, 0x3f, 0x30, 0x0,
    0x3, 0xf5, 0x55, 0x8, 0xfa, 0xbf, 0xba, 0xa2,
    0x2, 0x90, 0x0, 0x8, 0xfa, 0xaa, 0xaa, 0xa2,

    /* U+793A "示" */
    0x0, 0x67, 0x77, 0x77, 0x77, 0x77, 0x73, 0x0,
    0x0, 0xdf, 0xff, 0xff, 0xff, 0xff, 0xf6, 0x0,
    0x0, 0x0, 0x0, 0x0, 0x0, 0x0, 0x0, 0x0,
    0x0, 0x0, 0x0, 0x0, 0x0, 0x0, 0x0, 0x0,
    0x8, 0x88, 0x88, 0x88, 0x88, 0x88, 0x88, 0x80,
    0x1f, 0xff, 0xff, 0xff, 0xff, 0xff, 0xff, 0xf1,
    0x0, 0x0, 0x0, 0xf, 0xa0, 0x0, 0x0, 0x0,
    0x0, 0x7, 0x50, 0xf, 0xa0, 0x17, 0x30, 0x0,
    0x0, 0x2f, 0x80, 0xf, 0xa0, 0xd, 0xe1, 0x0,
    0x0, 0xbe, 0x10, 0xf, 0xa0, 0x4, 0xfb, 0x0,
    0x6, 0xf5, 0x0, 0xf, 0xa0, 0x0, 0xaf, 0x50,
    0x3f, 0xa0, 0x0, 0xf, 0xa0, 0x0, 0x2f, 0xd0,
    0x5, 0x0, 0x58, 0x8f, 0x90, 0x0, 0x6, 0x20,
    0x0, 0x0, 0x6f, 0xfd, 0x40, 0x0, 0x0, 0x0,
    0x0, 0x0, 0x0, 0x0, 0x0, 0x0, 0x0, 0x0,

    /* U+79BB "离" */
    0x0, 0x0, 0x0, 0xae, 0x0, 0x0, 0x0, 0x0,
    0x0, 0x0, 0xa, 0xe0, 0x0, 0x0, 0x0, 0xff,
    0xff, 0xff, 0xff, 0xff, 0xff, 0xff, 0x44, 0x4a,
    0x64, 0x84, 0x4c, 0x84, 0xa7, 0x41, 0x1, 0xf6,
    0x3d, 0xec, 0xc1, 0xf, 0x70, 0x0, 0x1f, 0x64,
    0xaf, 0xcf, 0x60, 0xf7, 0x0, 0x1, 0xf8, 0xa9,
    0x32, 0x76, 0x2f, 0x70, 0x0, 0x1f, 0xff, 0xff,
    0xff, 0xff, 0xf7, 0x0, 0x0, 0x0, 0x4, 0xf7,
    0x0, 0x0, 0x0, 0x1, 0xff, 0xff, 0xff, 0xff,
    0xff, 0xff, 0x30, 0x1f, 0xa5, 0x5d, 0xd5, 0x9c,
    0x57, 0xf3, 0x1, 0xf7, 0x0, 0xe8, 0x14, 0xf5,
    0x2f, 0x30, 0x1f, 0x7e, 0xff, 0xff, 0xff, 0xe3,
    0xf3, 0x1, 0xf7, 0x44, 0x32, 0x10, 0x1b, 0x7f,
    0x30, 0x1f, 0x70, 0x0, 0x0, 0x0, 0xdf, 0xc0,
    0x0, 0x0, 0x0, 0x0, 0x0, 0x0, 0x0, 0x0,

    /* U+79D2 "秒" */
    0x0, 0x0, 0x2, 0x0, 0x0, 0xe9, 0x0, 0x0,
    0x3, 0x6a, 0xef, 0x30, 0x0, 0xe9, 0x0, 0x0,
    0x5f, 0xef, 0xb3, 0x0, 0x0, 0xe9, 0x0, 0x0,
    0x1, 0xe, 0x80, 0x4, 0xa0, 0xe9, 0x5b, 0x0,
    0x0, 0xe, 0x80, 0x8, 0xe0, 0xe9, 0x2f, 0x50,
    0x6f, 0xff, 0xff, 0x7d, 0xa0, 0xe9, 0xc, 0xb0,
    0x26, 0x9f, 0xb6, 0x6f, 0x50, 0xe9, 0x6, 0xf1,
    0x0, 0x8f, 0xd1, 0xbe, 0x0, 0xe9, 0x2, 0xf4,
    0x1, 0xff, 0xfd, 0x34, 0x0, 0xe9, 0x7, 0x20,
    0x9, 0xbe, 0x9d, 0x70, 0x7e, 0xf7, 0x6f, 0x30,
    0x4f, 0x4e, 0x82, 0x0, 0x29, 0x61, 0xec, 0x0,
    0x7a, 0xe, 0x80, 0x0, 0x0, 0x1c, 0xf2, 0x0,
    0x1, 0xe, 0x80, 0x0, 0x6, 0xef, 0x40, 0x0,
    0x0, 0xe, 0x80, 0x59, 0xef, 0xb2, 0x0, 0x0,
    0x0, 0xe, 0x80, 0x5d, 0x93, 0x0, 0x0, 0x0,
    0x0, 0x0, 0x0, 0x0, 0x0, 0x0, 0x0, 0x0,

    /* U+7A0B "程" */
    0x0, 0x0, 0x2, 0x0, 0x0, 0x0, 0x0, 0x0,
    0x3, 0x6a, 0xef, 0x3e, 0xff, 0xff, 0xff, 0x70,
    0x4f, 0xdf, 0xb2, 0xe, 0xa4, 0x44, 0x4f, 0x70,
    0x0, 0xe, 0x80, 0xe, 0x70, 0x0, 0xf, 0x70,
    0x0, 0xe, 0x90, 0xe, 0x70, 0x0, 0xf, 0x70,
    0x6f, 0xff, 0xff, 0x7e, 0xff, 0xff, 0xff, 0x70,
    0x26, 0x8f, 0xb6, 0x24, 0x55, 0x55, 0x55, 0x20,
    0x0, 0x8f, 0xd1, 0x27, 0x77, 0x77, 0x77, 0x70,
    0x1, 0xff, 0xfd, 0x5d, 0xdd, 0xff, 0xdd, 0xd0,
    0x8, 0xce, 0x9d, 0x70, 0x0, 0xf9, 0x0, 0x0,
    0x2f, 0x5e, 0x83, 0x5, 0x55, 0xfb, 0x55, 0x30,
    0x8c, 0xe, 0x80, 0xe, 0xff, 0xff, 0xff, 0x90,
    0x13, 0xe, 0x80, 0x0, 0x0, 0xf9, 0x0, 0x0,
    0x0, 0xe, 0x80, 0x23, 0x33, 0xfa, 0x33, 0x31,
    0x0, 0xe, 0x80, 0xff, 0xff, 0xff, 0xff, 0xf5,

    /* U+7A93 "窓" */
    0x0, 0x0, 0x0, 0xc, 0xb0, 0x0, 0x0, 0x0,
    0x6, 0x66, 0x66, 0x6e, 0xd6, 0x66, 0x66, 0x60,
    0xe, 0xff, 0xff, 0xff, 0xff, 0xff, 0xff, 0xf0,
    0xe, 0x80, 0xc, 0xd0, 0x6f, 0x10, 0x18, 0xf0,
    0x8, 0x40, 0x8f, 0x60, 0x6f, 0x32, 0x9d, 0x60,
    0x3, 0x9e, 0xf7, 0x42, 0x3f, 0xff, 0xf6, 0x0,
    0x2, 0xa6, 0x12, 0xf8, 0x0, 0x72, 0x0, 0x0,
    0x0, 0x0, 0xc, 0xc0, 0x1, 0xcf, 0x50, 0x0,
    0x0, 0xac, 0xef, 0xff, 0xff, 0xff, 0xf7, 0x0,
    0x0, 0x68, 0x77, 0x9b, 0x54, 0x33, 0x7f, 0x30,
    0x0, 0x11, 0x1, 0x7f, 0xb1, 0x0, 0x31, 0x0,
    0x0, 0x8e, 0x2f, 0x53, 0xe9, 0x4, 0xf8, 0x0,
    0x2, 0xf8, 0x2f, 0x50, 0x10, 0x76, 0x7f, 0x50,
    0x1d, 0xe1, 0x1f, 0x94, 0x44, 0xd9, 0xb, 0xf1,
    0x1a, 0x30, 0xa, 0xff, 0xff, 0xe3, 0x2, 0xa1,

    /* U+7A97 "窗" */
    0x0, 0x0, 0x0, 0xe, 0xa0, 0x0, 0x0, 0x0,
    0x89, 0x99, 0x99, 0xfd, 0x99, 0x99, 0x98, 0xe,
    0xed, 0xdf, 0xfd, 0xef, 0xed, 0xdf, 0xf0, 0xe8,
    0x1, 0xf9, 0x6, 0xf3, 0x0, 0xaf, 0x5, 0x34,
    0xdf, 0x20, 0x6f, 0x63, 0x7f, 0x20, 0xae, 0xfc,
    0x26, 0x83, 0xdf, 0xff, 0x80, 0x4, 0x84, 0x22,
    0xeb, 0x22, 0x22, 0x21, 0x0, 0xf, 0xff, 0xff,
    0xff, 0xff, 0xff, 0xe0, 0x0, 0xf7, 0x0, 0x8,
    0x30, 0x0, 0x9e, 0x0, 0xf, 0x74, 0x9a, 0xec,
    0xdf, 0x19, 0xe0, 0x0, 0xf7, 0x3e, 0xfb, 0x3b,
    0x90, 0x9e, 0x0, 0xf, 0x7b, 0x60, 0x9f, 0xf2,
    0x9, 0xe0, 0x0, 0xf7, 0x3, 0x9e, 0x79, 0xe2,
    0x9e, 0x0, 0xf, 0x83, 0xea, 0x42, 0x25, 0x2b,
    0xe0, 0x0, 0xff, 0xff, 0xff, 0xff, 0xff, 0xfe,
    0x0, 0x1, 0x0, 0x0, 0x0, 0x0, 0x0, 0x0,

    /* U+7B2C "第" */
    0x0, 0x27, 0x10, 0x0, 0x6, 0x40, 0x0, 0x0,
    0x0, 0x9f, 0x32, 0x22, 0x2f, 0xa2, 0x22, 0x21,
    0x4, 0xff, 0xff, 0xff, 0xcf, 0xff, 0xff, 0xf6,
    0x2e, 0xc2, 0xf6, 0xb, 0xf4, 0x1e, 0x90, 0x0,
    0x19, 0x54, 0xb8, 0x48, 0x94, 0x49, 0xa4, 0x0,
    0x0, 0xef, 0xff, 0xff, 0xff, 0xff, 0xff, 0x0,
    0x0, 0x0, 0x0, 0xa, 0xd0, 0x0, 0x8f, 0x0,
    0x0, 0x5, 0x54, 0x4c, 0xe4, 0x44, 0xaf, 0x0,
    0x0, 0x5f, 0xff, 0xff, 0xff, 0xff, 0xff, 0x0,
    0x0, 0x9e, 0x0, 0xa, 0xd0, 0x0, 0x0, 0x0,
    0x0, 0xef, 0xff, 0xff, 0xff, 0xff, 0xff, 0xe0,
    0x1, 0x96, 0x49, 0xff, 0xe4, 0x44, 0x4d, 0xc0,
    0x0, 0x4, 0xcf, 0x6a, 0xd0, 0x0, 0xe, 0xa0,
    0x7, 0xdf, 0xa2, 0xa, 0xd0, 0x4d, 0xef, 0x50,
    0x8, 0x82, 0x0, 0xa, 0xd0, 0x7, 0x75, 0x0,

    /* U+7B54 "答" */
    0x0, 0x19, 0x20, 0x0, 0x7, 0x60, 0x0, 0x0,
    0x0, 0x7f, 0x42, 0x22, 0x2f, 0xa2, 0x22, 0x20,
    0x1, 0xef, 0xff, 0xfe, 0xbf, 0xff, 0xff, 0xf4,
    0xa, 0xf5, 0xf8, 0x1a, 0xf6, 0x4f, 0x91, 0x10,
    0x1d, 0x70, 0xac, 0xc, 0xf2, 0x9, 0xd0, 0x0,
    0x0, 0x0, 0x1, 0xce, 0xbe, 0x30, 0x0, 0x0,
    0x0, 0x0, 0x2d, 0xd2, 0xa, 0xf6, 0x0, 0x0,
    0x0, 0x7, 0xfe, 0x54, 0x44, 0xbf, 0xc3, 0x0,
    0x7, 0xee, 0x8f, 0xff, 0xff, 0xf8, 0xbf, 0xc4,
    0xb, 0x70, 0x0, 0x0, 0x0, 0x0, 0x3, 0xa1,
    0x0, 0xa, 0xff, 0xff, 0xff, 0xff, 0xc0, 0x0,
    0x0, 0xb, 0xe5, 0x55, 0x55, 0x5c, 0xd0, 0x0,
    0x0, 0xb, 0xd0, 0x0, 0x0, 0xa, 0xd0, 0x0,
    0x0, 0xb, 0xe5, 0x55, 0x55, 0x5c, 0xd0, 0x0,
    0x0, 0xb, 0xff, 0xff, 0xff, 0xff, 0xd0, 0x0,
    0x0, 0x0, 0x0, 0x0, 0x0, 0x0, 0x0, 0x0,

    /* U+7D04 "約" */
    0x0, 0x1, 0x0, 0x0, 0x21, 0x0, 0x0, 0x0,
    0x5, 0xf1, 0x0, 0xb, 0xd0, 0x0, 0x0, 0x0,
    0xd9, 0x12, 0x1, 0xf8, 0x0, 0x0, 0x1, 0xaf,
    0x1a, 0xd0, 0x8f, 0x97, 0x77, 0x76, 0x3f, 0xb4,
    0xf3, 0x1f, 0xff, 0xff, 0xff, 0xd0, 0x4f, 0xf8,
    0xa, 0xf2, 0x0, 0x0, 0xbc, 0x0, 0xbc, 0x5e,
    0x96, 0x0, 0x0, 0xb, 0xb3, 0x9f, 0x99, 0xf6,
    0xc, 0x60, 0x0, 0xca, 0x7e, 0xdf, 0xdc, 0xd0,
    0x8f, 0x20, 0xd, 0xa0, 0x31, 0xe7, 0x53, 0x0,
    0xeb, 0x0, 0xe9, 0xe, 0x6e, 0x7f, 0x30, 0x6,
    0xc0, 0xf, 0x71, 0xf3, 0xe6, 0xa9, 0x0, 0x0,
    0x1, 0xf6, 0x6e, 0xe, 0x64, 0x80, 0x0, 0x0,
    0x4f, 0x44, 0x60, 0xe6, 0x0, 0x0, 0x47, 0x7d,
    0xf0, 0x0, 0xe, 0x60, 0x0, 0x5, 0xff, 0xe6,
    0x0, 0x0, 0x0, 0x0, 0x0, 0x0, 0x0, 0x0,

    /* U+7D30 "細" */
    0x0, 0x17, 0x0, 0x0, 0x0, 0x0, 0x0, 0x0,
    0x8, 0xe0, 0x0, 0x46, 0x66, 0x66, 0x65, 0x1,
    0xf6, 0x38, 0xb, 0xff, 0xff, 0xff, 0xd4, 0xfc,
    0xc, 0xb0, 0xba, 0xe, 0x60, 0x9d, 0x1d, 0xc7,
    0xe1, 0xb, 0xa0, 0xe6, 0x9, 0xd0, 0x1e, 0xf6,
    0x60, 0xba, 0xe, 0x60, 0x9d, 0x0, 0xd8, 0x3f,
    0x4b, 0xa0, 0xe6, 0x9, 0xd7, 0xdf, 0xef, 0xfc,
    0xbf, 0xff, 0xff, 0xfd, 0x59, 0x7f, 0x85, 0xfe,
    0xc6, 0xfa, 0x6c, 0xd0, 0x41, 0xe7, 0x52, 0xba,
    0xe, 0x60, 0x9d, 0xe, 0x6e, 0x7f, 0x4b, 0xa0,
    0xe6, 0x9, 0xd0, 0xf3, 0xe6, 0xba, 0xba, 0xe,
    0x60, 0x9d, 0x4f, 0xe, 0x66, 0xeb, 0xa0, 0xe6,
    0x9, 0xd7, 0xb0, 0xe6, 0x11, 0xbf, 0xff, 0xff,
    0xfd, 0x0, 0xe, 0x60, 0xb, 0xc6, 0x66, 0x6b,
    0xd0,

    /* U+7D42 "終" */
    0x0, 0x5, 0x0, 0x0, 0x6, 0x40, 0x0, 0x0,
    0x0, 0x6f, 0x10, 0x0, 0x3f, 0x50, 0x0, 0x0,
    0x0, 0xd8, 0x36, 0x0, 0xdf, 0xff, 0xff, 0x40,
    0x2d, 0xe0, 0xcb, 0x9, 0xfa, 0x55, 0xcf, 0x10,
    0x1d, 0xd6, 0xf1, 0x8f, 0xde, 0x13, 0xf8, 0x0,
    0x2, 0xef, 0x72, 0xa7, 0xd, 0xce, 0xc0, 0x0,
    0x0, 0xab, 0x7c, 0x0, 0x5, 0xff, 0x20, 0x0,
    0x38, 0xf9, 0x9f, 0x40, 0x8f, 0xce, 0xe4, 0x0,
    0x6e, 0xdf, 0xdd, 0xde, 0xf8, 0x1, 0xbf, 0xc3,
    0x3, 0x1f, 0x66, 0x39, 0x29, 0xc4, 0x5, 0xb1,
    0xd, 0x7f, 0x7f, 0x20, 0x1, 0x9f, 0xb0, 0x0,
    0xf, 0x4f, 0x6a, 0x80, 0x30, 0x2, 0x50, 0x0,
    0x5f, 0xf, 0x64, 0x56, 0xfe, 0x93, 0x0, 0x0,
    0x37, 0xf, 0x60, 0x0, 0x6, 0xcf, 0xd6, 0x0,
    0x0, 0xf, 0x60, 0x0, 0x0, 0x2, 0xac, 0x0,
    0x0, 0x0, 0x0, 0x0, 0x0, 0x0, 0x0, 0x0,

    /* U+7D9A "続" */
    0x0, 0x1a, 0x10, 0x0, 0x0, 0xe9, 0x0, 0x0,
    0x0, 0x7e, 0x0, 0x1, 0x11, 0xf9, 0x11, 0x10,
    0x0, 0xe7, 0x35, 0x6f, 0xff, 0xff, 0xff, 0xf3,
    0x2d, 0xe0, 0xcb, 0x2, 0x22, 0xfa, 0x22, 0x20,
    0x2e, 0xb6, 0xf1, 0x8, 0xaa, 0xfd, 0xaa, 0x60,
    0x3, 0xff, 0x62, 0x8, 0x99, 0x99, 0x99, 0x60,
    0x0, 0xca, 0x8c, 0x27, 0x77, 0x77, 0x77, 0x72,
    0x4a, 0xfa, 0xbf, 0xaf, 0xbb, 0xbb, 0xbb, 0xf5,
    0x5b, 0xbf, 0xbc, 0xfe, 0x26, 0x4, 0x60, 0xf5,
    0x2, 0x1f, 0x45, 0x48, 0x6e, 0x8, 0xe0, 0x92,
    0xd, 0x7f, 0x7f, 0x10, 0x7e, 0x8, 0xe0, 0x0,
    0xf, 0x4f, 0x4d, 0x60, 0xcb, 0x8, 0xe0, 0x0,
    0x5f, 0xf, 0x47, 0x45, 0xf5, 0x8, 0xe0, 0x97,
    0x48, 0xf, 0x40, 0x6f, 0xa0, 0x8, 0xe4, 0xd8,
    0x0, 0xf, 0x42, 0xe9, 0x0, 0x4, 0xff, 0xe3,
    0x0, 0x2, 0x0, 0x0, 0x0, 0x0, 0x0, 0x0,

    /* U+7F51 "网" */
    0x8f, 0xff, 0xff, 0xff, 0xff, 0xff, 0xfa, 0x8f,
    0xdd, 0xef, 0xed, 0xef, 0xed, 0xfa, 0x8e, 0x0,
    0x4f, 0x10, 0x1f, 0x40, 0xca, 0x8e, 0x0, 0x5f,
    0x0, 0x1f, 0x30, 0xca, 0x8e, 0x48, 0x6f, 0x2c,
    0x5f, 0x20, 0xca, 0x8e, 0x4f, 0xed, 0xb, 0xff,
    0x10, 0xca, 0x8e, 0x3, 0xfd, 0x0, 0xbf, 0x20,
    0xca, 0x8e, 0x0, 0xdf, 0x80, 0x9f, 0xd0, 0xca,
    0x8e, 0x1, 0xfa, 0xf2, 0xda, 0xe8, 0xca, 0x8e,
    0x6, 0xf1, 0x43, 0xf4, 0x32, 0xca, 0x8e, 0xd,
    0xa0, 0xb, 0xd0, 0x0, 0xca, 0x8e, 0x7f, 0x20,
    0x5f, 0x50, 0x0, 0xca, 0x8e, 0x4, 0x0, 0x5,
    0x0, 0x67, 0xea, 0x8e, 0x0, 0x0, 0x0, 0x0,
    0xbf, 0xd4,

    /* U+7F6E "置" */
    0x3f, 0xff, 0xff, 0xff, 0xff, 0xff, 0xf5, 0x3,
    0xf3, 0x9, 0xd0, 0xe, 0x80, 0x3f, 0x50, 0x3f,
    0xa9, 0xde, 0x99, 0xfc, 0x9a, 0xf5, 0x1, 0x77,
    0x77, 0x7c, 0xf7, 0x77, 0x77, 0x20, 0xbc, 0xcc,
    0xcc, 0xef, 0xcc, 0xcc, 0xcb, 0x5, 0x66, 0x66,
    0x6e, 0xc6, 0x66, 0x66, 0x60, 0x6, 0x22, 0xdd,
    0xfe, 0xdd, 0xdd, 0x90, 0x1, 0xf6, 0x3f, 0x41,
    0x11, 0x11, 0xcb, 0x0, 0x1f, 0x63, 0xfd, 0xcc,
    0xcc, 0xcf, 0xb0, 0x1, 0xf6, 0x3f, 0x98, 0x88,
    0x88, 0xeb, 0x0, 0x1f, 0x63, 0xf7, 0x44, 0x44,
    0x4d, 0xb0, 0x1, 0xf6, 0x2d, 0xdd, 0xdd, 0xdd,
    0xd9, 0x0, 0x1f, 0x83, 0x33, 0x33, 0x33, 0x33,
    0x33, 0x11, 0xff, 0xff, 0xff, 0xff, 0xff, 0xff,
    0xf5,

    /* U+7F8E "美" */
    0x0, 0x0, 0x51, 0x0, 0x0, 0x26, 0x10, 0x0,
    0x0, 0x2, 0xfa, 0x0, 0x0, 0xbe, 0x10, 0x0,
    0x2, 0x66, 0xcf, 0x66, 0x68, 0xfa, 0x66, 0x30,
    0x7, 0xff, 0xff, 0xff, 0xff, 0xff, 0xff, 0x70,
    0x0, 0x0, 0x0, 0xd, 0xc0, 0x0, 0x0, 0x0,
    0x0, 0xaf, 0xff, 0xff, 0xff, 0xff, 0xfc, 0x0,
    0x0, 0x35, 0x55, 0x5e, 0xd5, 0x55, 0x54, 0x0,
    0x18, 0x88, 0x88, 0x8e, 0xe8, 0x88, 0x88, 0x80,
    0x1d, 0xdd, 0xdd, 0xdf, 0xed, 0xdd, 0xdd, 0xd1,
    0x0, 0x0, 0x0, 0x1f, 0x80, 0x0, 0x0, 0x0,
    0x3f, 0xff, 0xff, 0xff, 0xff, 0xff, 0xff, 0xf4,
    0x16, 0x66, 0x66, 0xfe, 0xee, 0x66, 0x66, 0x61,
    0x0, 0x0, 0x1b, 0xf6, 0x5f, 0xa1, 0x0, 0x0,
    0x3, 0x6a, 0xff, 0x60, 0x5, 0xff, 0xa5, 0x20,
    0x2f, 0xfd, 0x81, 0x0, 0x0, 0x19, 0xef, 0xf2,
    0x3, 0x10, 0x0, 0x0, 0x0, 0x0, 0x2, 0x30,

    /* U+80FD "能" */
    0x0, 0x0, 0x0, 0x0, 0x0, 0x0, 0x0, 0x0,
    0x0, 0xe, 0x80, 0x0, 0x1f, 0x60, 0x0, 0x0,
    0x0, 0x5f, 0x43, 0x80, 0x1f, 0x60, 0x5, 0x0,
    0x0, 0xbd, 0x3, 0xf5, 0x1f, 0x87, 0xef, 0x60,
    0x14, 0xfa, 0x56, 0xee, 0x1f, 0xfe, 0x82, 0x0,
    0x5f, 0xff, 0xff, 0xef, 0x7f, 0x80, 0x0, 0x30,
    0x13, 0x21, 0x0, 0x8, 0x4f, 0x70, 0x0, 0xe7,
    0x7, 0xff, 0xff, 0xf7, 0xe, 0xff, 0xff, 0xf3,
    0x7, 0xf5, 0x55, 0xf7, 0x7, 0x86, 0x66, 0x30,
    0x7, 0xf3, 0x33, 0xf7, 0x1f, 0x60, 0x0, 0x0,
    0x7, 0xff, 0xff, 0xf7, 0x1f, 0x60, 0x5d, 0x70,
    0x7, 0xf0, 0x0, 0xf7, 0x1f, 0xce, 0xfa, 0x30,
    0x7, 0xff, 0xff, 0xf7, 0x1f, 0xc5, 0x0, 0x0,
    0x7, 0xf2, 0x22, 0xf7, 0x1f, 0x60, 0x0, 0xb7,
    0x7, 0xf0, 0x46, 0xf7, 0xf, 0xb7, 0x77, 0xf8,
    0x7, 0xf0, 0x8f, 0xd2, 0x8, 0xde, 0xee, 0xc1,

    /* U+81EA "自" */
    0x0, 0x0, 0x7, 0x40, 0x0, 0x0, 0x0, 0x0,
    0x2f, 0x90, 0x0, 0x0, 0x36, 0x66, 0x9f, 0x86,
    0x66, 0x64, 0x8f, 0xff, 0xff, 0xff, 0xff, 0xfc,
    0x8f, 0x11, 0x11, 0x11, 0x11, 0xdc, 0x8f, 0x0,
    0x0, 0x0, 0x0, 0xdc, 0x8f, 0xff, 0xff, 0xff,
    0xff, 0xfc, 0x8f, 0x77, 0x77, 0x77, 0x77, 0xec,
    0x8f, 0x0, 0x0, 0x0, 0x0, 0xdc, 0x8f, 0x66,
    0x66, 0x66, 0x66, 0xec, 0x8f, 0xff, 0xff, 0xff,
    0xff, 0xfc, 0x8f, 0x0, 0x0, 0x0, 0x0, 0xdc,
    0x8f, 0x0, 0x0, 0x0, 0x0, 0xdc, 0x8f, 0xff,
    0xff, 0xff, 0xff, 0xfc, 0x8f, 0x77, 0x77, 0x77,
    0x77, 0xec, 0x0, 0x0, 0x0, 0x0, 0x0, 0x0,

    /* U+884C "行" */
    0x0, 0x3, 0xc4, 0x0, 0x0, 0x0, 0x0, 0x0,
    0x0, 0x2e, 0xe1, 0xf, 0xff, 0xff, 0xff, 0xe0,
    0x3, 0xee, 0x20, 0x6, 0x77, 0x77, 0x77, 0x60,
    0x3f, 0xe2, 0x12, 0x0, 0x0, 0x0, 0x0, 0x0,
    0xa, 0x10, 0xce, 0x0, 0x0, 0x0, 0x0, 0x0,
    0x0, 0x8, 0xf5, 0x35, 0x55, 0x55, 0x55, 0x51,
    0x0, 0x6f, 0xa0, 0xaf, 0xff, 0xff, 0xff, 0xf5,
    0x6, 0xff, 0x80, 0x1, 0x11, 0x19, 0xf1, 0x10,
    0x5f, 0xcf, 0x80, 0x0, 0x0, 0x8, 0xf0, 0x0,
    0x9, 0x1f, 0x80, 0x0, 0x0, 0x8, 0xf0, 0x0,
    0x0, 0xf, 0x80, 0x0, 0x0, 0x8, 0xf0, 0x0,
    0x0, 0xf, 0x80, 0x0, 0x0, 0x8, 0xf0, 0x0,
    0x0, 0xf, 0x80, 0x0, 0x0, 0x8, 0xf0, 0x0,
    0x0, 0xf, 0x80, 0x0, 0x17, 0x7c, 0xf0, 0x0,
    0x0, 0xf, 0x80, 0x0, 0xf, 0xff, 0x80, 0x0,
    0x0, 0x1, 0x0, 0x0, 0x0, 0x0, 0x0, 0x0,

    /* U+8868 "表" */
    0x0, 0x0, 0x0, 0x9, 0xe0, 0x0, 0x0, 0x0,
    0x1, 0x44, 0x44, 0x4b, 0xf4, 0x44, 0x44, 0x30,
    0x4, 0xff, 0xff, 0xff, 0xff, 0xff, 0xff, 0xb0,
    0x0, 0x0, 0x0, 0x9, 0xe0, 0x0, 0x0, 0x0,
    0x0, 0x8f, 0xff, 0xff, 0xff, 0xff, 0xff, 0x10,
    0x0, 0x24, 0x44, 0x4b, 0xf4, 0x44, 0x44, 0x0,
    0x3, 0x33, 0x33, 0x3b, 0xf3, 0x33, 0x33, 0x30,
    0xd, 0xff, 0xff, 0xff, 0xff, 0xff, 0xff, 0xf4,
    0x0, 0x11, 0x15, 0xfd, 0xae, 0x11, 0x15, 0x20,
    0x0, 0x3, 0xbf, 0xa1, 0x3f, 0x50, 0x8f, 0xa0,
    0x16, 0xcf, 0xff, 0x0, 0xc, 0xdc, 0xf7, 0x0,
    0x1d, 0xc5, 0x9e, 0x0, 0x3, 0xfe, 0x20, 0x0,
    0x0, 0x0, 0x9e, 0x0, 0x36, 0x8f, 0x90, 0x0,
    0x0, 0x1, 0xaf, 0xcf, 0xfe, 0x9, 0xfd, 0x40,
    0x0, 0x8f, 0xfe, 0xa7, 0x30, 0x0, 0x6e, 0xf6,
    0x0, 0x26, 0x20, 0x0, 0x0, 0x0, 0x0, 0x50,

    /* U+88FD "製" */
    0x0, 0x95, 0x6e, 0x0, 0x0, 0x0, 0x7, 0xe0,
    0x0, 0xf6, 0x8f, 0x33, 0x22, 0xf3, 0x7, 0xe0,
    0x7, 0xfd, 0xef, 0xdd, 0x92, 0xf3, 0x7, 0xe0,
    0x9, 0xa7, 0xaf, 0x77, 0x72, 0xf3, 0x7, 0xe0,
    0x6, 0x77, 0xaf, 0x77, 0x72, 0xf3, 0x7, 0xe0,
    0x3, 0xee, 0xff, 0xef, 0xa2, 0xf3, 0x7, 0xe0,
    0x4, 0xe0, 0x6e, 0x9, 0xb1, 0x61, 0x7, 0xe0,
    0x4, 0xe0, 0x6e, 0x5e, 0x90, 0x5, 0x9c, 0xe0,
    0x1, 0x30, 0x49, 0x8, 0xa0, 0x3, 0xa9, 0x30,
    0xa, 0xcc, 0xcc, 0xce, 0xfc, 0xcc, 0xcc, 0xc2,
    0x5, 0x66, 0x69, 0xff, 0xec, 0x66, 0x6c, 0x81,
    0x0, 0x26, 0xbf, 0xa1, 0x4f, 0x34, 0xde, 0x50,
    0xc, 0xfd, 0xbf, 0x20, 0x8, 0xff, 0x70, 0x0,
    0x1, 0x11, 0x7f, 0x9b, 0xd4, 0x7f, 0xb5, 0x0,
    0x0, 0xe, 0xfd, 0xb8, 0x61, 0x2, 0xaf, 0xf3,
    0x0, 0x2, 0x0, 0x0, 0x0, 0x0, 0x0, 0x40,

    /* U+8981 "要" */
    0xf, 0xff, 0xff, 0xff, 0xff, 0xff, 0xff, 0xe0,
    0xa, 0xbb, 0xbe, 0xfb, 0xbf, 0xdb, 0xbb, 0xa0,
    0x0, 0x44, 0x4c, 0xd4, 0x4f, 0x94, 0x44, 0x10,
    0x2, 0xff, 0xff, 0xff, 0xff, 0xff, 0xff, 0x50,
    0x2, 0xf3, 0xa, 0xc0, 0xf, 0x70, 0x3f, 0x50,
    0x2, 0xf9, 0x7d, 0xe7, 0x7f, 0xb7, 0x9f, 0x50,
    0x2, 0xbb, 0xbc, 0xfe, 0xbb, 0xbb, 0xbb, 0x30,
    0x0, 0x0, 0x8, 0xf3, 0x0, 0x0, 0x0, 0x0,
    0x1f, 0xff, 0xff, 0xff, 0xff, 0xff, 0xff, 0xf8,
    0x4, 0x45, 0xfd, 0x44, 0x44, 0xdf, 0x54, 0x42,
    0x0, 0x9, 0xfa, 0x51, 0x8, 0xf6, 0x0, 0x0,
    0x0, 0x1a, 0xab, 0xff, 0xef, 0xc1, 0x0, 0x0,
    0x2, 0x35, 0x7a, 0xef, 0xcc, 0xff, 0xc7, 0x10,
    0xa, 0xff, 0xdb, 0x72, 0x0, 0x15, 0xbf, 0x60,
    0x1, 0x10, 0x0, 0x0, 0x0, 0x0, 0x1, 0x0,

    /* U+89D2 "角" */
    0x0, 0x0, 0xd, 0x80, 0x0, 0x0, 0x0, 0x0,
    0x0, 0x7f, 0xff, 0xff, 0xe1, 0x0, 0x0, 0x2,
    0xfa, 0x44, 0x4d, 0xd0, 0x0, 0x0, 0x1d, 0xd0,
    0x0, 0x3f, 0x50, 0x0, 0x0, 0xcf, 0xca, 0xaa,
    0xdf, 0xaa, 0xba, 0xb, 0xee, 0xeb, 0xbc, 0xfc,
    0xbb, 0xdf, 0x1, 0x2d, 0xa0, 0x2, 0xf4, 0x0,
    0x8f, 0x0, 0xd, 0xfe, 0xee, 0xfe, 0xee, 0xff,
    0x0, 0xd, 0xc6, 0x68, 0xf8, 0x66, 0xbf, 0x0,
    0xe, 0x80, 0x2, 0xf4, 0x0, 0x8f, 0x0, 0x1f,
    0xda, 0xab, 0xfc, 0xaa, 0xdf, 0x0, 0x5f, 0xaa,
    0xaa, 0xaa, 0xaa, 0xdf, 0x0, 0xdc, 0x0, 0x0,
    0x0, 0x0, 0x8f, 0xb, 0xf3, 0x0, 0x0, 0x3,
    0x66, 0xbf, 0x1c, 0x60, 0x0, 0x0, 0x3, 0xff,
    0xe8, 0x0, 0x0, 0x0, 0x0, 0x0, 0x0, 0x0,

    /* U+89E3 "解" */
    0x0, 0x3b, 0x10, 0x0, 0x0, 0x0, 0x0, 0x0,
    0x0, 0x8e, 0x1, 0x0, 0xff, 0xff, 0xff, 0xe0,
    0x0, 0xdf, 0xff, 0x70, 0x99, 0xfb, 0x9c, 0xd0,
    0x4, 0xf4, 0x4f, 0x30, 0x5, 0xf1, 0x8, 0xc0,
    0xd, 0xe6, 0xbe, 0x74, 0xd, 0xb0, 0xa, 0xb0,
    0x4f, 0xfa, 0xfb, 0xec, 0xce, 0x24, 0xdf, 0x70,
    0x7, 0xe0, 0xe2, 0xaa, 0x96, 0x8, 0x94, 0x0,
    0x5, 0xfc, 0xfd, 0xea, 0x3f, 0x1e, 0x80, 0x0,
    0x5, 0xe5, 0xf6, 0xca, 0x8f, 0xff, 0xff, 0xf2,
    0x5, 0xe1, 0xf3, 0xab, 0xe9, 0x5f, 0xa5, 0x50,
    0x6, 0xff, 0xff, 0xfb, 0x80, 0xe, 0x80, 0x0,
    0x8, 0xc2, 0x22, 0xbb, 0xff, 0xff, 0xff, 0xf6,
    0xb, 0x80, 0x0, 0xaa, 0x66, 0x6f, 0xb6, 0x62,
    0x1f, 0x40, 0x13, 0xb9, 0x0, 0xe, 0x80, 0x0,
    0x3c, 0x0, 0x4f, 0xf5, 0x0, 0xe, 0x80, 0x0,
    0x0, 0x0, 0x0, 0x0, 0x0, 0x0, 0x0, 0x0,

    /* U+89E6 "触" */
    0x0, 0x4b, 0x0, 0x0, 0x0, 0x5f, 0x10, 0x0,
    0x0, 0x9d, 0x11, 0x0, 0x0, 0x5f, 0x10, 0x0,
    0x0, 0xef, 0xff, 0x40, 0x0, 0x5f, 0x10, 0x0,
    0x5, 0xf2, 0x7e, 0x0, 0x34, 0x7f, 0x54, 0x30,
    0xd, 0xd6, 0xdc, 0x72, 0xff, 0xff, 0xff, 0xe0,
    0x4f, 0xfc, 0xfb, 0xf5, 0xf5, 0x5f, 0x16, 0xe0,
    0x7, 0xc1, 0xe0, 0xe5, 0xf5, 0x5f, 0x16, 0xe0,
    0x6, 0xff, 0xff, 0xf5, 0xf5, 0x5f, 0x16, 0xe0,
    0x6, 0xd4, 0xf2, 0xf5, 0xfa, 0xaf, 0x8a, 0xe0,
    0x7, 0xc1, 0xe0, 0xe5, 0xff, 0xff, 0xff, 0xe0,
    0x7, 0xff, 0xff, 0xf5, 0x0, 0x5f, 0x13, 0x0,
    0x9, 0xa2, 0x22, 0xf5, 0x0, 0x5f, 0x2e, 0x60,
    0xc, 0x70, 0x0, 0xe5, 0x0, 0x5f, 0x29, 0xe0,
    0x2f, 0x30, 0x24, 0xf9, 0xcd, 0xff, 0xfd, 0xf5,
    0x3b, 0x0, 0x7f, 0xd3, 0x65, 0x31, 0x0, 0xc6,
    0x0, 0x0, 0x0, 0x0, 0x0, 0x0, 0x0, 0x0,

    /* U+8A2D "設" */
    0x6, 0xff, 0xff, 0x40, 0xbf, 0xff, 0xf7, 0x0,
    0x1, 0x33, 0x33, 0x10, 0xbd, 0x55, 0xf7, 0x0,
    0x3e, 0xee, 0xee, 0xd0, 0xca, 0x0, 0xf7, 0x32,
    0x3, 0x33, 0x33, 0x31, 0xf7, 0x0, 0xf7, 0x8b,
    0x6, 0xdd, 0xdd, 0x6c, 0xf1, 0x0, 0xef, 0xf8,
    0x2, 0x55, 0x55, 0x5e, 0x40, 0x0, 0x14, 0x40,
    0x5, 0xaa, 0xaa, 0x4c, 0xbb, 0xbb, 0xbc, 0x80,
    0x5, 0xaa, 0xaa, 0x4c, 0xcd, 0xcc, 0xcf, 0x90,
    0x2, 0x44, 0x44, 0x10, 0xcb, 0x0, 0x5f, 0x30,
    0x8, 0xff, 0xff, 0x50, 0x5f, 0x62, 0xea, 0x0,
    0x8, 0xc0, 0xf, 0x50, 0xa, 0xfe, 0xd1, 0x0,
    0x8, 0xc0, 0xf, 0x50, 0x7, 0xff, 0xa1, 0x0,
    0x8, 0xff, 0xff, 0x88, 0xef, 0xa9, 0xff, 0x93,
    0x8, 0xd4, 0x44, 0x5f, 0xa3, 0x0, 0x3a, 0xf4,
    0x0, 0x0, 0x0, 0x0, 0x0, 0x0, 0x0, 0x0,

    /* U+8A3C "証" */
    0x6, 0xff, 0xff, 0x19, 0xff, 0xff, 0xff, 0xfa,
    0x1, 0x22, 0x22, 0x7, 0xbb, 0xbf, 0xeb, 0xb7,
    0x3f, 0xff, 0xff, 0xa0, 0x0, 0xf, 0x80, 0x0,
    0x14, 0x44, 0x44, 0x30, 0x0, 0xf, 0x80, 0x0,
    0x2, 0x55, 0x55, 0x0, 0x41, 0xf, 0x80, 0x0,
    0x6, 0xdd, 0xdd, 0x10, 0xf6, 0xf, 0x80, 0x0,
    0x1, 0x33, 0x33, 0x0, 0xf6, 0xf, 0xed, 0xd7,
    0x7, 0xff, 0xff, 0x10, 0xf6, 0xf, 0xc8, 0x84,
    0x0, 0x21, 0x11, 0x0, 0xf6, 0xf, 0x80, 0x0,
    0x8, 0xff, 0xff, 0x30, 0xf6, 0xf, 0x80, 0x0,
    0x8, 0xd2, 0x3f, 0x30, 0xf6, 0xf, 0x80, 0x0,
    0x8, 0xc0, 0x2f, 0x30, 0xf6, 0xf, 0x80, 0x0,
    0x8, 0xe6, 0x7f, 0x67, 0xfa, 0x7f, 0xb7, 0x76,
    0x8, 0xfd, 0xdd, 0x9c, 0xcc, 0xcc, 0xcc, 0xcb,

    /* U+8A66 "試" */
    0x0, 0x0, 0x0, 0x0, 0x0, 0xd, 0xa8, 0x10,
    0xe, 0xff, 0xf9, 0x0, 0x0, 0xd, 0x9c, 0xa0,
    0x2, 0x22, 0x21, 0x0, 0x0, 0xd, 0x92, 0xe1,
    0x9f, 0xff, 0xff, 0x68, 0x88, 0x8e, 0xc8, 0x80,
    0x23, 0x33, 0x33, 0x9d, 0xdd, 0xdf, 0xfd, 0xd0,
    0xc, 0xdd, 0xd9, 0x0, 0x0, 0xc, 0xa0, 0x0,
    0x4, 0x55, 0x53, 0x0, 0x0, 0xb, 0xa0, 0x0,
    0x4, 0x44, 0x42, 0x9f, 0xff, 0xca, 0xb0, 0x0,
    0xd, 0xee, 0xea, 0x59, 0xfb, 0x79, 0xc0, 0x0,
    0x3, 0x44, 0x42, 0x1, 0xf5, 0x8, 0xe0, 0x0,
    0xf, 0xff, 0xfa, 0x1, 0xf5, 0x6, 0xf0, 0x0,
    0xf, 0x40, 0x9a, 0x1, 0xf5, 0x4, 0xf2, 0x30,
    0xf, 0x40, 0x9a, 0x37, 0xfd, 0xf4, 0xf7, 0xb6,
    0xf, 0xff, 0xfa, 0xce, 0xa7, 0x30, 0xbf, 0xf3,
    0xf, 0x74, 0x42, 0x0, 0x0, 0x0, 0x2e, 0xa0,
    0x0, 0x0, 0x0, 0x0, 0x0, 0x0, 0x0, 0x0,

    /* U+8A73 "詳" */
    0x0, 0x0, 0x0, 0x0, 0x31, 0x0, 0x5, 0x30,
    0x6, 0xff, 0xff, 0x50, 0xd9, 0x0, 0x1f, 0x80,
    0x1, 0x22, 0x22, 0x0, 0x6f, 0x10, 0x7f, 0x10,
    0x3d, 0xdd, 0xdd, 0xc5, 0x8f, 0x87, 0xcc, 0x73,
    0x14, 0x44, 0x44, 0x38, 0xcc, 0xef, 0xcc, 0xc5,
    0x6, 0xdd, 0xdd, 0x40, 0x0, 0x8f, 0x0, 0x0,
    0x2, 0x55, 0x55, 0x12, 0x55, 0xaf, 0x55, 0x50,
    0x2, 0x44, 0x44, 0x17, 0xff, 0xff, 0xff, 0xf1,
    0x7, 0xee, 0xee, 0x52, 0x55, 0xaf, 0x55, 0x50,
    0x2, 0x44, 0x44, 0x10, 0x0, 0x8f, 0x0, 0x0,
    0x8, 0xfd, 0xdf, 0x9f, 0xff, 0xff, 0xff, 0xfa,
    0x8, 0xc0, 0xf, 0x77, 0x77, 0xbf, 0x77, 0x74,
    0x8, 0xc0, 0xf, 0x50, 0x0, 0x8f, 0x0, 0x0,
    0x8, 0xff, 0xff, 0x50, 0x0, 0x8f, 0x0, 0x0,
    0x8, 0xd4, 0x44, 0x10, 0x0, 0x8f, 0x0, 0x0,

    /* U+8A8D "認" */
    0x1, 0x22, 0x21, 0x0, 0x0, 0x0, 0x0, 0x0,
    0xe, 0xff, 0xf9, 0x2f, 0xff, 0xff, 0xff, 0xe0,
    0x0, 0x0, 0x0, 0x1a, 0xad, 0xfa, 0xae, 0xd0,
    0x7b, 0xbb, 0xbb, 0x19, 0x7c, 0xa0, 0xd, 0xc0,
    0x34, 0x44, 0x44, 0x17, 0xdf, 0xc3, 0xe, 0xb0,
    0xc, 0xdd, 0xd9, 0x0, 0x9f, 0xcc, 0xf, 0xa0,
    0x4, 0x55, 0x53, 0x7, 0xf6, 0x1a, 0xaf, 0x80,
    0x4, 0x44, 0x42, 0x9f, 0x81, 0xe, 0xff, 0x20,
    0xd, 0xee, 0xe9, 0x14, 0xc, 0xd5, 0x21, 0x0,
    0x3, 0x44, 0x42, 0x0, 0x14, 0xaf, 0x40, 0x0,
    0xf, 0xff, 0xfa, 0x18, 0x8e, 0x5, 0x4d, 0x20,
    0xf, 0x40, 0x9a, 0x5f, 0x8e, 0x0, 0xd, 0xc0,
    0xf, 0x40, 0x9a, 0xac, 0x7e, 0x0, 0xb8, 0xf4,
    0xf, 0xff, 0xfc, 0xf5, 0x7f, 0x56, 0xf3, 0xe7,
    0xe, 0x74, 0x42, 0x10, 0x3e, 0xff, 0xb0, 0x10,

    /* U+8AAC "説" */
    0x0, 0x0, 0x0, 0x0, 0x50, 0x0, 0x6, 0x30,
    0x6, 0xff, 0xff, 0x11, 0xf8, 0x0, 0x2f, 0x70,
    0x1, 0x22, 0x22, 0x0, 0x9f, 0x0, 0x9e, 0x0,
    0x3f, 0xff, 0xff, 0xa7, 0xde, 0xbb, 0xce, 0xb1,
    0x14, 0x44, 0x44, 0x3b, 0xeb, 0xbb, 0xbd, 0xf1,
    0x2, 0x55, 0x55, 0xb, 0xc0, 0x0, 0x7, 0xf1,
    0x6, 0xdd, 0xdd, 0x1b, 0xc0, 0x0, 0x7, 0xf1,
    0x1, 0x33, 0x33, 0xb, 0xd4, 0x44, 0x49, 0xf1,
    0x6, 0xdd, 0xdd, 0x19, 0xef, 0xff, 0xfe, 0xe1,
    0x0, 0x21, 0x11, 0x0, 0x2f, 0x56, 0xf0, 0x0,
    0x8, 0xff, 0xff, 0x30, 0x5f, 0x36, 0xf0, 0x0,
    0x8, 0xd2, 0x3f, 0x30, 0x9f, 0x6, 0xf0, 0x20,
    0x8, 0xc0, 0x1f, 0x31, 0xf9, 0x6, 0xf0, 0x7c,
    0x8, 0xe6, 0x7f, 0x4c, 0xe1, 0x6, 0xf5, 0xbb,
    0x8, 0xfd, 0xdd, 0xae, 0x30, 0x2, 0xef, 0xf5,
    0x0, 0x10, 0x0, 0x0, 0x0, 0x0, 0x0, 0x0,

    /* U+8AAD "読" */
    0x0, 0x0, 0x0, 0x0, 0x1, 0xf9, 0x0, 0x0,
    0xa, 0xff, 0xf9, 0x12, 0x23, 0xfa, 0x22, 0x20,
    0x1, 0x22, 0x21, 0x8f, 0xff, 0xff, 0xff, 0xf0,
    0x6d, 0xdd, 0xdd, 0x11, 0x12, 0xf9, 0x11, 0x10,
    0x14, 0x44, 0x44, 0xc, 0xcc, 0xfe, 0xcc, 0x80,
    0xa, 0xdd, 0xd8, 0x9, 0x99, 0x99, 0x99, 0x60,
    0x3, 0x55, 0x53, 0x69, 0x99, 0x99, 0x99, 0x91,
    0x3, 0x44, 0x42, 0xbf, 0xff, 0xff, 0xff, 0xf2,
    0xb, 0xee, 0xe8, 0xba, 0x37, 0x3, 0x63, 0xf2,
    0x3, 0x44, 0x42, 0x55, 0x7e, 0x7, 0xe2, 0x81,
    0xc, 0xff, 0xfa, 0x0, 0x9d, 0x7, 0xe0, 0x0,
    0xc, 0x70, 0x9a, 0x0, 0xda, 0x7, 0xe0, 0x10,
    0xc, 0x70, 0x9a, 0x4, 0xf5, 0x7, 0xe0, 0xc6,
    0xc, 0xff, 0xfa, 0x6f, 0xc0, 0x7, 0xf5, 0xe5,
    0xc, 0x94, 0x44, 0xea, 0x0, 0x3, 0xff, 0xe1,
    0x0, 0x0, 0x0, 0x0, 0x0, 0x0, 0x0, 0x0,

    /* U+8B70 "議" */
    0x0, 0x0, 0x0, 0x1, 0x60, 0x0, 0x44, 0x0,
    0x9, 0xff, 0xf7, 0x1, 0xe7, 0x11, 0xd8, 0x0,
    0x1, 0x22, 0x21, 0xbf, 0xff, 0xff, 0xff, 0xf0,
    0x4e, 0xee, 0xed, 0x3, 0x34, 0xf8, 0x33, 0x10,
    0x13, 0x33, 0x33, 0x2b, 0xbc, 0xfd, 0xbb, 0x50,
    0x9, 0xdd, 0xd7, 0x66, 0x67, 0xfa, 0x66, 0x61,
    0x3, 0x55, 0x54, 0xdd, 0xdd, 0xdd, 0xdd, 0xd3,
    0x5, 0x77, 0x74, 0x24, 0x7b, 0x5a, 0x49, 0x10,
    0x7, 0xbb, 0xb5, 0xab, 0xf9, 0x2f, 0x59, 0xd0,
    0x2, 0x44, 0x42, 0x77, 0xfa, 0x7f, 0xa7, 0xa2,
    0xb, 0xff, 0xf9, 0xbb, 0xfd, 0xbe, 0xdb, 0xb3,
    0xb, 0x80, 0xc8, 0x34, 0xfb, 0x89, 0xbb, 0x50,
    0xb, 0x80, 0xc9, 0xec, 0xfa, 0x55, 0xfc, 0x10,
    0xb, 0xff, 0xf8, 0x11, 0xf5, 0x5d, 0xf8, 0x86,
    0xb, 0xa4, 0x42, 0x8f, 0xe4, 0xc6, 0x5f, 0xf2,
    0x0, 0x0, 0x0, 0x0, 0x0, 0x0, 0x0, 0x0,

    /* U+8CC7 "資" */
    0x0, 0x10, 0x0, 0x2, 0x60, 0x0, 0x0, 0x0,
    0x4, 0xfc, 0x60, 0xc, 0xe6, 0x66, 0x67, 0x50,
    0x0, 0x29, 0xe3, 0xae, 0xbe, 0xfb, 0xbf, 0xb0,
    0x0, 0x0, 0x14, 0xc2, 0x1f, 0xf5, 0x5e, 0x10,
    0x15, 0x9d, 0xf4, 0x16, 0xec, 0x8f, 0x83, 0x0,
    0x1e, 0xb7, 0x23, 0xfd, 0x70, 0x5, 0xdf, 0xe2,
    0x0, 0x2e, 0xee, 0xfe, 0xee, 0xee, 0xe9, 0x50,
    0x0, 0x2f, 0x50, 0x0, 0x0, 0x1, 0xf7, 0x0,
    0x0, 0x2f, 0xff, 0xff, 0xff, 0xff, 0xf7, 0x0,
    0x0, 0x2f, 0x40, 0x0, 0x0, 0x1, 0xf7, 0x0,
    0x0, 0x2f, 0xee, 0xee, 0xee, 0xee, 0xf7, 0x0,
    0x0, 0x2f, 0x40, 0x0, 0x0, 0x1, 0xf7, 0x0,
    0x0, 0x2f, 0xff, 0xff, 0xff, 0xff, 0xf6, 0x0,
    0x0, 0x3, 0x9e, 0x60, 0x5, 0xd9, 0x40, 0x0,
    0x9, 0xef, 0xb5, 0x0, 0x0, 0x4a, 0xfd, 0x70,
    0x3, 0x71, 0x0, 0x0, 0x0, 0x0, 0x17, 0x30,

    /* U+8ECA "車" */
    0x0, 0x0, 0x0, 0xe, 0xa0, 0x0, 0x0, 0x0,
    0x7, 0x88, 0x88, 0x8f, 0xd8, 0x88, 0x88, 0x50,
    0xd, 0xff, 0xff, 0xff, 0xff, 0xff, 0xff, 0xa0,
    0x0, 0x0, 0x0, 0xe, 0xa0, 0x0, 0x0, 0x0,
    0x0, 0x8f, 0xff, 0xff, 0xff, 0xff, 0xf9, 0x0,
    0x0, 0x8f, 0x44, 0x4f, 0xb4, 0x44, 0xf9, 0x0,
    0x0, 0x8e, 0x22, 0x2f, 0xb2, 0x22, 0xe9, 0x0,
    0x0, 0x8f, 0xff, 0xff, 0xff, 0xff, 0xf9, 0x0,
    0x0, 0x8e, 0x0, 0xe, 0xa0, 0x0, 0xe9, 0x0,
    0x0, 0x8f, 0xdd, 0xdf, 0xfd, 0xdd, 0xf9, 0x0,
    0x0, 0x36, 0x66, 0x6f, 0xc6, 0x66, 0x63, 0x0,
    0x14, 0x44, 0x44, 0x4f, 0xb4, 0x44, 0x44, 0x40,
    0x5f, 0xff, 0xff, 0xff, 0xff, 0xff, 0xff, 0xf3,
    0x1, 0x11, 0x11, 0x1f, 0xb1, 0x11, 0x11, 0x10,
    0x0, 0x0, 0x0, 0xe, 0xa0, 0x0, 0x0, 0x0,

    /* U+8F66 "车" */
    0x0, 0x0, 0x1, 0x73, 0x0, 0x0, 0x0, 0x0,
    0x0, 0x0, 0x6, 0xf7, 0x0, 0x0, 0x0, 0x0,
    0x2, 0x33, 0x3d, 0xf4, 0x33, 0x33, 0x33, 0x30,
    0xc, 0xff, 0xff, 0xff, 0xff, 0xff, 0xff, 0xe0,
    0x3, 0x44, 0xdf, 0x44, 0x44, 0x44, 0x44, 0x30,
    0x0, 0x4, 0xf7, 0x0, 0xc7, 0x0, 0x0, 0x0,
    0x0, 0xe, 0xd0, 0x0, 0xfa, 0x0, 0x0, 0x0,
    0x0, 0xaf, 0xa7, 0x77, 0xfd, 0x77, 0x76, 0x0,
    0x0, 0x8f, 0xff, 0xff, 0xff, 0xff, 0xfc, 0x0,
    0x0, 0x0, 0x0, 0x0, 0xfa, 0x0, 0x0, 0x0,
    0x0, 0x0, 0x0, 0x0, 0xfa, 0x0, 0x0, 0x0,
    0x1f, 0xff, 0xff, 0xff, 0xff, 0xff, 0xff, 0xf2,
    0x7, 0x77, 0x77, 0x77, 0xfc, 0x77, 0x77, 0x71,
    0x0, 0x0, 0x0, 0x0, 0xfa, 0x0, 0x0, 0x0,
    0x0, 0x0, 0x0, 0x0, 0xfa, 0x0, 0x0, 0x0,

    /* U+8FBC "込" */
    0x1, 0x10, 0x0, 0x0, 0x0, 0x0, 0x0, 0x0,
    0xd, 0xe3, 0x0, 0x8f, 0xff, 0xa0, 0x0, 0x0,
    0x2, 0xdf, 0x30, 0x36, 0x6c, 0xc0, 0x0, 0x0,
    0x0, 0x1d, 0x50, 0x0, 0x8, 0xe0, 0x0, 0x0,
    0x0, 0x0, 0x0, 0x0, 0xc, 0xf0, 0x0, 0x0,
    0x0, 0x0, 0x0, 0x0, 0x3f, 0xf4, 0x0, 0x0,
    0x3, 0x33, 0x10, 0x0, 0x8f, 0xf8, 0x0, 0x0,
    0x4f, 0xff, 0x40, 0x0, 0xdc, 0xae, 0x0, 0x0,
    0x2, 0x5f, 0x40, 0x5, 0xf5, 0x4f, 0x50, 0x0,
    0x0, 0x3f, 0x40, 0x1e, 0xd0, 0xd, 0xe1, 0x0,
    0x0, 0x3f, 0x40, 0xcf, 0x30, 0x3, 0xfc, 0x10,
    0x0, 0x3f, 0x4c, 0xf6, 0x0, 0x0, 0x6f, 0xd1,
    0x1, 0xbf, 0xb5, 0x50, 0x0, 0x0, 0x4, 0x50,
    0x4f, 0xf6, 0xef, 0xa8, 0x77, 0x77, 0x77, 0x83,
    0x1d, 0x30, 0x18, 0xcf, 0xff, 0xff, 0xff, 0xf2,
    0x0, 0x0, 0x0, 0x0, 0x0, 0x0, 0x0, 0x0,

    /* U+8FD4 "返" */
    0x1, 0x10, 0x0, 0x0, 0x0, 0x0, 0x0, 0x0,
    0xd, 0xd2, 0x0, 0xef, 0xff, 0xff, 0xff, 0xd0,
    0x3, 0xee, 0x10, 0xec, 0x66, 0x66, 0x66, 0x50,
    0x0, 0x3e, 0x40, 0xe9, 0x0, 0x0, 0x0, 0x0,
    0x0, 0x0, 0x0, 0xed, 0x99, 0x99, 0x99, 0x20,
    0x0, 0x0, 0x0, 0xef, 0xfe, 0xdd, 0xef, 0x30,
    0x3, 0x33, 0x0, 0xf9, 0xf6, 0x0, 0x9e, 0x0,
    0x4f, 0xff, 0x20, 0xf6, 0xae, 0x2, 0xf7, 0x0,
    0x2, 0x7f, 0x23, 0xf4, 0x2f, 0x9c, 0xe0, 0x0,
    0x0, 0x5f, 0x27, 0xf1, 0x7, 0xff, 0x40, 0x0,
    0x0, 0x5f, 0x2d, 0xc0, 0x1b, 0xff, 0x90, 0x0,
    0x0, 0x5f, 0x7f, 0x68, 0xfe, 0x58, 0xfe, 0x81,
    0x2, 0xdf, 0xa7, 0xa, 0x91, 0x0, 0x3a, 0xd0,
    0x4f, 0xe6, 0xff, 0xa8, 0x77, 0x77, 0x77, 0x83,
    0x1d, 0x20, 0x18, 0xdf, 0xff, 0xff, 0xff, 0xf2,
    0x0, 0x0, 0x0, 0x0, 0x0, 0x0, 0x0, 0x0,

    /* U+8FF0 "述" */
    0x0, 0x0, 0x0, 0x0, 0x0, 0x0, 0x0, 0x0,
    0x4, 0x40, 0x0, 0x0, 0x9, 0xe0, 0xc8, 0x0,
    0xd, 0xf4, 0x0, 0x0, 0x9, 0xe0, 0x9f, 0x50,
    0x2, 0xef, 0x20, 0x0, 0x9, 0xe0, 0xd, 0x80,
    0x0, 0x2f, 0x85, 0x77, 0x7c, 0xf7, 0x78, 0x71,
    0x0, 0x3, 0xa, 0xff, 0xff, 0xff, 0xff, 0xf4,
    0x0, 0x0, 0x0, 0x0, 0x9, 0xe0, 0x0, 0x0,
    0x3, 0x33, 0x10, 0x5f, 0x39, 0xe0, 0xd9, 0x0,
    0x4f, 0xff, 0x40, 0x9f, 0x9, 0xe0, 0x7f, 0x10,
    0x2, 0x5f, 0x40, 0xea, 0x9, 0xe0, 0x1f, 0x80,
    0x0, 0x3f, 0x45, 0xf4, 0x9, 0xe0, 0xa, 0xe0,
    0x0, 0x3f, 0x4d, 0xd0, 0x9, 0xe0, 0x5, 0xf2,
    0x0, 0x3f, 0x42, 0x30, 0x9, 0xe0, 0x1, 0x20,
    0x1, 0xbf, 0xb1, 0x0, 0x8, 0xe0, 0x0, 0x0,
    0x4f, 0xf7, 0xef, 0xa8, 0x77, 0x77, 0x77, 0x84,
    0x1d, 0x30, 0x18, 0xcf, 0xff, 0xff, 0xff, 0xf3,
    0x0, 0x0, 0x0, 0x0, 0x0, 0x0, 0x0, 0x0,

    /* U+9031 "週" */
    0x0, 0x0, 0x0, 0x0, 0x0, 0x0, 0x0, 0x0,
    0x1e, 0x80, 0x7, 0xff, 0xff, 0xff, 0xff, 0x80,
    0x8, 0xf6, 0x7, 0xf3, 0x36, 0x53, 0x3e, 0x80,
    0x0, 0xbf, 0x7, 0xf1, 0x3c, 0xa3, 0x1e, 0x80,
    0x0, 0x13, 0x7, 0xf5, 0xdf, 0xed, 0x6e, 0x80,
    0x0, 0x0, 0x7, 0xe0, 0x1b, 0x91, 0xe, 0x80,
    0x0, 0x0, 0x7, 0xe8, 0xff, 0xff, 0x8e, 0x80,
    0x5f, 0xfe, 0x8, 0xd0, 0x33, 0x33, 0xe, 0x80,
    0x26, 0xbe, 0xa, 0xb3, 0xfc, 0xdf, 0x1e, 0x80,
    0x0, 0x8e, 0xd, 0x93, 0xf0, 0x1f, 0x1e, 0x80,
    0x0, 0x8e, 0x1f, 0x53, 0xfc, 0xdf, 0x1e, 0x80,
    0x0, 0x8e, 0x8f, 0x13, 0xe2, 0x26, 0x5f, 0x80,
    0x2, 0xdf, 0x96, 0x0, 0x0, 0x7, 0xec, 0x20,
    0x3f, 0xd7, 0xfd, 0x86, 0x55, 0x55, 0x56, 0x63,
    0x2c, 0x10, 0x29, 0xdf, 0xff, 0xff, 0xff, 0xf3,
    0x0, 0x0, 0x0, 0x0, 0x0, 0x0, 0x0, 0x0,

    /* U+90E8 "部" */
    0x0, 0x0, 0xe9, 0x0, 0x0, 0x0, 0x0, 0x0,
    0x0, 0x0, 0xe9, 0x0, 0x8, 0xff, 0xff, 0xd1,
    0xd, 0xdd, 0xff, 0xdd, 0x98, 0xf6, 0x6b, 0xf4,
    0x7, 0x98, 0x77, 0xa9, 0x58, 0xf0, 0xb, 0xe0,
    0x0, 0xd8, 0x0, 0xca, 0x8, 0xf0, 0x1f, 0x70,
    0x0, 0x9c, 0x1, 0xf4, 0x8, 0xf0, 0x7f, 0x10,
    0x26, 0x9a, 0x67, 0xd6, 0x58, 0xf0, 0xd9, 0x0,
    0x5f, 0xff, 0xff, 0xff, 0xe8, 0xf0, 0xae, 0x10,
    0x0, 0x0, 0x0, 0x0, 0x8, 0xf0, 0xd, 0xa0,
    0x5, 0xff, 0xff, 0xff, 0x18, 0xf0, 0x6, 0xf1,
    0x6, 0xf6, 0x55, 0x9f, 0x18, 0xf0, 0x3, 0xf3,
    0x6, 0xf0, 0x0, 0x6f, 0x18, 0xf1, 0x4a, 0xf2,
    0x6, 0xf0, 0x0, 0x6f, 0x18, 0xf1, 0xff, 0xb0,
    0x6, 0xff, 0xff, 0xff, 0x18, 0xf0, 0x42, 0x0,
    0x6, 0xf6, 0x66, 0x9f, 0x18, 0xf0, 0x0, 0x0,
    0x0, 0x0, 0x0, 0x0, 0x0, 0x0, 0x0, 0x0,

    /* U+914D "配" */
    0x1, 0x11, 0x11, 0x11, 0x0, 0x0, 0x0, 0x0,
    0x3f, 0xff, 0xff, 0xff, 0xd, 0xff, 0xff, 0xf5,
    0x3, 0x3c, 0x7e, 0x43, 0x6, 0x77, 0x78, 0xf5,
    0x0, 0xb, 0x4e, 0x20, 0x0, 0x0, 0x2, 0xf5,
    0x9, 0xff, 0xff, 0xfb, 0x0, 0x0, 0x2, 0xf5,
    0xa, 0xba, 0x7d, 0x9b, 0x0, 0x0, 0x2, 0xf5,
    0xa, 0x98, 0x4c, 0x6b, 0xb, 0xfe, 0xee, 0xf5,
    0xa, 0x99, 0x2c, 0x6b, 0xc, 0xd7, 0x78, 0xf5,
    0xa, 0xbd, 0xd, 0xeb, 0xc, 0xb0, 0x1, 0xa3,
    0xa, 0xa3, 0x0, 0x6b, 0xc, 0xb0, 0x0, 0x0,
    0xa, 0xb4, 0x44, 0x9b, 0xc, 0xb0, 0x0, 0x0,
    0xa, 0xec, 0xcc, 0xeb, 0xc, 0xb0, 0x0, 0x33,
    0xa, 0x90, 0x0, 0x6b, 0xc, 0xb0, 0x0, 0x8e,
    0xa, 0xff, 0xff, 0xfb, 0xb, 0xe6, 0x66, 0xdb,
    0xa, 0xa3, 0x33, 0x7a, 0x5, 0xef, 0xff, 0xe4,
    0x0, 0x0, 0x0, 0x0, 0x0, 0x0, 0x0, 0x0,

    /* U+9192 "醒" */
    0x0, 0x0, 0x0, 0x0, 0x0, 0x0, 0x0, 0x0,
    0x6f, 0xff, 0xff, 0xf6, 0xef, 0xff, 0xff, 0x70,
    0x14, 0x99, 0xd7, 0x41, 0xe8, 0x22, 0x2e, 0x70,
    0x0, 0x77, 0xd4, 0x0, 0xee, 0xcc, 0xcf, 0x70,
    0x2d, 0xee, 0xfd, 0xd3, 0xe9, 0x44, 0x4f, 0x70,
    0x2f, 0x9b, 0xe7, 0xf4, 0xe8, 0x44, 0x4f, 0x70,
    0x2f, 0x47, 0xd0, 0xf4, 0xef, 0xff, 0xff, 0x60,
    0x2f, 0x57, 0xd0, 0xf4, 0x58, 0x2b, 0x10, 0x0,
    0x2f, 0x93, 0xd6, 0xf4, 0xcb, 0x8f, 0x76, 0x50,
    0x2f, 0x90, 0x37, 0xf8, 0xfd, 0xdf, 0xdd, 0xb0,
    0x2f, 0x77, 0x77, 0xfc, 0x61, 0x4f, 0x21, 0x0,
    0x2f, 0xaa, 0xaa, 0xf4, 0xbf, 0xff, 0xff, 0x60,
    0x2f, 0x22, 0x22, 0xf4, 0x12, 0x5f, 0x42, 0x0,
    0x2f, 0xff, 0xff, 0xf7, 0x88, 0xaf, 0x88, 0x82,
    0x2f, 0x0, 0x0, 0xf9, 0xee, 0xee, 0xee, 0xe4,

    /* U+91CD "重" */
    0x0, 0x0, 0x1, 0x12, 0x45, 0x78, 0xa0, 0x0,
    0x0, 0xcf, 0xff, 0xff, 0xff, 0xff, 0xf6, 0x0,
    0x0, 0x7b, 0xa9, 0x9f, 0xc5, 0x42, 0x0, 0x0,
    0x2a, 0xaa, 0xaa, 0xaf, 0xda, 0xaa, 0xaa, 0xa0,
    0x16, 0x66, 0x66, 0x6f, 0xc6, 0x66, 0x66, 0x60,
    0x0, 0x6d, 0xdd, 0xdf, 0xfd, 0xdd, 0xd8, 0x0,
    0x0, 0x8f, 0x33, 0x3f, 0xa3, 0x33, 0xf9, 0x0,
    0x0, 0x8f, 0xdd, 0xdf, 0xfd, 0xdd, 0xf9, 0x0,
    0x0, 0x8f, 0x22, 0x2f, 0xa2, 0x22, 0xe9, 0x0,
    0x0, 0x8f, 0xee, 0xef, 0xfe, 0xee, 0xf9, 0x0,
    0x0, 0x12, 0x22, 0x2f, 0xa2, 0x22, 0x21, 0x0,
    0x1, 0xee, 0xee, 0xef, 0xfe, 0xee, 0xee, 0x10,
    0x0, 0x44, 0x44, 0x4f, 0xb4, 0x44, 0x44, 0x0,
    0x29, 0x99, 0x99, 0x9f, 0xd9, 0x99, 0x99, 0x91,
    0x5f, 0xff, 0xff, 0xff, 0xff, 0xff, 0xff, 0xf2,

    /* U+91CF "量" */
    0x0, 0x3f, 0xed, 0xdd, 0xdd, 0xde, 0xf2, 0x0,
    0x0, 0x3f, 0x96, 0x66, 0x66, 0x69, 0xf2, 0x0,
    0x0, 0x3f, 0x85, 0x55, 0x55, 0x59, 0xf2, 0x0,
    0x0, 0x2e, 0xdd, 0xdd, 0xdd, 0xdd, 0xe2, 0x0,
    0x18, 0x88, 0x88, 0x88, 0x88, 0x88, 0x88, 0x82,
    0x18, 0x88, 0x88, 0x88, 0x88, 0x88, 0x88, 0x82,
    0x0, 0x6d, 0xdd, 0xdd, 0xdd, 0xdd, 0xd8, 0x0,
    0x0, 0x7f, 0x44, 0x4d, 0xc4, 0x44, 0xea, 0x0,
    0x0, 0x7f, 0x88, 0x8e, 0xd8, 0x88, 0xfa, 0x0,
    0x0, 0x7f, 0xcc, 0xcf, 0xfc, 0xcc, 0xfa, 0x0,
    0x0, 0x12, 0x22, 0x2c, 0xc2, 0x22, 0x22, 0x0,
    0x0, 0xef, 0xff, 0xff, 0xff, 0xff, 0xff, 0x0,
    0x0, 0x11, 0x11, 0x1c, 0xc1, 0x11, 0x11, 0x0,
    0x4f, 0xff, 0xff, 0xff, 0xff, 0xff, 0xff, 0xf5,

    /* U+91D1 "金" */
    0x0, 0x0, 0x0, 0x4f, 0xe1, 0x0, 0x0, 0x0,
    0x0, 0x0, 0x1, 0xef, 0xfb, 0x0, 0x0, 0x0,
    0x0, 0x0, 0xc, 0xf8, 0xbf, 0x90, 0x0, 0x0,
    0x0, 0x0, 0xbf, 0xa0, 0xc, 0xfa, 0x0, 0x0,
    0x0, 0x1c, 0xfa, 0x0, 0x0, 0xbf, 0xc1, 0x0,
    0x5, 0xef, 0xe8, 0x88, 0x88, 0x8e, 0xff, 0x60,
    0x4f, 0xd4, 0xdd, 0xdf, 0xfd, 0xdc, 0x3d, 0xf3,
    0x4, 0x0, 0x0, 0xe, 0xa0, 0x0, 0x0, 0x30,
    0x0, 0x55, 0x55, 0x5f, 0xc5, 0x55, 0x55, 0x0,
    0x1, 0xff, 0xff, 0xff, 0xff, 0xff, 0xfe, 0x0,
    0x0, 0x6, 0x80, 0xe, 0xa0, 0xa, 0x50, 0x0,
    0x0, 0x5, 0xf3, 0xe, 0xa0, 0x6f, 0x30, 0x0,
    0x0, 0x0, 0xca, 0xe, 0xa1, 0xe7, 0x0, 0x0,
    0x9, 0xaa, 0xca, 0xaf, 0xea, 0xca, 0xaa, 0x80,
    0xd, 0xff, 0xff, 0xff, 0xff, 0xff, 0xff, 0xc0,

    /* U+9577 "長" */
    0x0, 0x7, 0xff, 0xff, 0xff, 0xff, 0xf8, 0x0,
    0x0, 0x7, 0xf5, 0x44, 0x44, 0x44, 0x42, 0x0,
    0x0, 0x7, 0xf5, 0x55, 0x55, 0x55, 0x50, 0x0,
    0x0, 0x7, 0xfe, 0xee, 0xee, 0xee, 0xe1, 0x0,
    0x0, 0x7, 0xf4, 0x33, 0x33, 0x33, 0x30, 0x0,
    0x0, 0x7, 0xff, 0xff, 0xff, 0xff, 0xf1, 0x0,
    0x0, 0x7, 0xf1, 0x0, 0x0, 0x0, 0x0, 0x0,
    0x3e, 0xef, 0xfe, 0xee, 0xee, 0xee, 0xee, 0xe2,
    0x17, 0x7b, 0xf8, 0x7d, 0xf7, 0x77, 0x8c, 0x71,
    0x0, 0x7, 0xf1, 0x4, 0xf6, 0x4, 0xee, 0x30,
    0x0, 0x7, 0xf1, 0x0, 0xaf, 0xbf, 0x91, 0x0,
    0x0, 0x7, 0xf1, 0x0, 0x4c, 0xfa, 0x0, 0x0,
    0x1, 0x4b, 0xfc, 0xef, 0xf0, 0xaf, 0xe8, 0x30,
    0x5, 0xff, 0xda, 0x75, 0x20, 0x4, 0xbf, 0xf2,
    0x0, 0x20, 0x0, 0x0, 0x0, 0x0, 0x1, 0x30,

    /* U+9589 "閉" */
    0xaf, 0xff, 0xff, 0x66, 0xff, 0xff, 0xfb, 0xae,
    0x11, 0x1f, 0x66, 0xf5, 0x11, 0xdb, 0xaf, 0xdd,
    0xdf, 0x66, 0xfd, 0xdd, 0xfb, 0xae, 0x44, 0x4f,
    0x66, 0xf7, 0x44, 0xdb, 0xae, 0x22, 0x2f, 0x66,
    0xf5, 0x22, 0xdb, 0xaf, 0xff, 0xff, 0x65, 0xff,
    0xff, 0xfb, 0xad, 0x0, 0x0, 0x4, 0x90, 0x0,
    0xcb, 0xad, 0x3, 0x44, 0x49, 0xf4, 0x41, 0xcb,
    0xad, 0xc, 0xff, 0xff, 0xff, 0xf3, 0xcb, 0xad,
    0x0, 0x0, 0xaf, 0xe0, 0x0, 0xcb, 0xad, 0x0,
    0x1c, 0xc8, 0xe0, 0x0, 0xcb, 0xad, 0x7, 0xe9,
    0x7, 0xe0, 0x0, 0xcb, 0xad, 0x8, 0x30, 0x39,
    0xe2, 0x77, 0xeb, 0xad, 0x0, 0x0, 0xef, 0x90,
    0xff, 0xe4, 0x0, 0x0, 0x0, 0x0, 0x0, 0x0,
    0x0,

    /* U+958B "開" */
    0xaf, 0xff, 0xff, 0x56, 0xff, 0xff, 0xfb, 0xad,
    0x11, 0x2f, 0x56, 0xf2, 0x11, 0xcb, 0xaf, 0xee,
    0xef, 0x56, 0xfe, 0xee, 0xfb, 0xad, 0x22, 0x4f,
    0x56, 0xf3, 0x22, 0xcb, 0xad, 0x33, 0x4f, 0x56,
    0xf3, 0x33, 0xdb, 0xaf, 0xee, 0xee, 0x45, 0xee,
    0xee, 0xfb, 0xad, 0x5, 0x66, 0x66, 0x66, 0x50,
    0xcb, 0xad, 0xc, 0xef, 0xde, 0xfe, 0xc0, 0xcb,
    0xad, 0x0, 0x5f, 0x2, 0xf3, 0x0, 0xcb, 0xad,
    0x2e, 0xff, 0xee, 0xfe, 0xe3, 0xcb, 0xad, 0x15,
    0xaf, 0x57, 0xf8, 0x51, 0xcb, 0xad, 0x0, 0xab,
    0x2, 0xf3, 0x0, 0xcb, 0xad, 0x4, 0xf3, 0x2,
    0xf3, 0x67, 0xeb, 0xad, 0xb, 0x70, 0x2, 0xf3,
    0xaf, 0xd4, 0x0, 0x0, 0x0, 0x0, 0x0, 0x0,
    0x0,

    /* U+9593 "間" */
    0xaf, 0xff, 0xff, 0x57, 0xff, 0xff, 0xfb, 0xae,
    0x11, 0x6f, 0x57, 0xf1, 0x11, 0xdb, 0xaf, 0xdd,
    0xef, 0x57, 0xfd, 0xdd, 0xfb, 0xae, 0x44, 0x7f,
    0x57, 0xf4, 0x44, 0xdb, 0xae, 0x22, 0x7f, 0x57,
    0xf2, 0x22, 0xdb, 0xaf, 0xff, 0xff, 0x56, 0xff,
    0xff, 0xfb, 0xad, 0x0, 0x21, 0x11, 0x11, 0x0,
    0xcb, 0xad, 0x4, 0xff, 0xff, 0xff, 0x0, 0xcb,
    0xad, 0x4, 0xf2, 0x0, 0x7f, 0x0, 0xcb, 0xad,
    0x4, 0xff, 0xff, 0xff, 0x0, 0xcb, 0xad, 0x4,
    0xf4, 0x22, 0x9f, 0x0, 0xcb, 0xad, 0x4, 0xf4,
    0x33, 0x9f, 0x0, 0xcb, 0xad, 0x4, 0xff, 0xff,
    0xff, 0x87, 0xeb, 0xad, 0x3, 0xc1, 0x0, 0x0,
    0xff, 0xe4, 0x0, 0x0, 0x0, 0x0, 0x0, 0x0,
    0x0,

    /* U+964D "降" */
    0x0, 0x0, 0x0, 0x0, 0x94, 0x0, 0x0, 0xe,
    0xff, 0xf8, 0x0, 0x8f, 0x42, 0x21, 0x0, 0xe9,
    0x5f, 0x90, 0x4f, 0xff, 0xff, 0xf0, 0xe, 0x63,
    0xf3, 0x4f, 0xf7, 0x13, 0xf8, 0x0, 0xe6, 0x7d,
    0x1e, 0xa7, 0xf6, 0xdc, 0x0, 0xe, 0x6b, 0x70,
    0x10, 0xb, 0xff, 0x20, 0x0, 0xe6, 0xaa, 0x0,
    0x4b, 0xfb, 0xfe, 0x83, 0xe, 0x62, 0xf4, 0xdf,
    0xc4, 0x3b, 0xae, 0xf2, 0xe6, 0xd, 0x86, 0x86,
    0x69, 0xf7, 0x65, 0xe, 0x60, 0xc8, 0x6f, 0xfe,
    0xef, 0xee, 0x80, 0xe7, 0xbf, 0x50, 0x6e, 0x5,
    0xf2, 0x0, 0xe, 0x66, 0x42, 0x8b, 0xf8, 0xaf,
    0x98, 0x80, 0xe6, 0x0, 0x3c, 0xcc, 0xcd, 0xfd,
    0xcc, 0x1e, 0x60, 0x0, 0x0, 0x0, 0x5f, 0x20,
    0x0, 0xe6, 0x0, 0x0, 0x0, 0x5, 0xf2, 0x0,
    0x0, 0x0, 0x0, 0x0, 0x0, 0x0, 0x0, 0x0,

    /* U+9650 "限" */
    0x0, 0x0, 0x0, 0x0, 0x0, 0x0, 0x0, 0xe,
    0xff, 0xfd, 0x1e, 0xff, 0xff, 0xff, 0x70, 0xea,
    0x5b, 0xe0, 0xeb, 0x55, 0x55, 0xf7, 0xe, 0x80,
    0xd8, 0xe, 0x90, 0x0, 0x1f, 0x70, 0xe8, 0x1f,
    0x20, 0xef, 0xff, 0xff, 0xf7, 0xe, 0x86, 0xc0,
    0xe, 0xb4, 0x44, 0x5f, 0x70, 0xe8, 0x4e, 0x10,
    0xe9, 0x0, 0x1, 0xf7, 0xe, 0x80, 0xc9, 0xe,
    0xff, 0xff, 0xff, 0x70, 0xe8, 0x7, 0xe0, 0xeb,
    0x5e, 0xb5, 0x63, 0xe, 0x80, 0x6f, 0xe, 0x90,
    0x9c, 0xb, 0xd0, 0xe8, 0x6d, 0xe0, 0xe9, 0x3,
    0xfc, 0xe3, 0xe, 0x88, 0xc5, 0xe, 0x90, 0xc,
    0xf2, 0x0, 0xe8, 0x0, 0x0, 0xe9, 0x25, 0x5f,
    0x90, 0xe, 0x80, 0x6, 0xaf, 0xff, 0xe4, 0x6f,
    0xb2, 0xe8, 0x0, 0x6a, 0x74, 0x10, 0x0, 0x4b,
    0x10,

    /* U+9664 "除" */
    0x0, 0x0, 0x0, 0x0, 0xcf, 0x30, 0x0, 0xe,
    0xff, 0xf8, 0x0, 0x6f, 0xfd, 0x0, 0x0, 0xe9,
    0x5f, 0x70, 0x2f, 0xe8, 0xfa, 0x0, 0xe, 0x63,
    0xf2, 0x1e, 0xf3, 0xa, 0xf9, 0x0, 0xe6, 0x7d,
    0x3e, 0xf4, 0x0, 0xa, 0xfb, 0x1e, 0x6b, 0x7b,
    0xdb, 0xaa, 0xaa, 0xac, 0xf2, 0xe6, 0xd8, 0x10,
    0x79, 0xcf, 0x99, 0x31, 0xe, 0x63, 0xf2, 0x0,
    0x7, 0xf0, 0x0, 0x0, 0xe6, 0xe, 0x7c, 0xff,
    0xff, 0xff, 0xf9, 0xe, 0x60, 0xc9, 0x45, 0x5a,
    0xf5, 0x55, 0x30, 0xe7, 0x7f, 0x71, 0x71, 0x7f,
    0x7, 0x30, 0xe, 0x6d, 0xb1, 0x9e, 0x7, 0xf0,
    0x9e, 0x10, 0xe6, 0x0, 0x5f, 0x50, 0x7f, 0x0,
    0xda, 0xe, 0x60, 0xa, 0x81, 0x6a, 0xf0, 0x4,
    0xb0, 0xe6, 0x0, 0x0, 0xe, 0xf9, 0x0, 0x0,
    0x0,

    /* U+969B "際" */
    0x0, 0x0, 0x1, 0x80, 0x4, 0x0, 0x0, 0xe,
    0xff, 0xd1, 0x7e, 0x11, 0xf4, 0x22, 0x30, 0xe9,
    0x8f, 0x1e, 0xff, 0xfe, 0xbf, 0xff, 0x3e, 0x67,
    0xc8, 0xf7, 0x7e, 0x6f, 0x9, 0xc0, 0xe6, 0xad,
    0xf7, 0xaf, 0x80, 0xe9, 0xf4, 0xe, 0x6e, 0x66,
    0xcb, 0xf1, 0x7, 0xfa, 0x0, 0xe6, 0xe3, 0x7,
    0xf5, 0x0, 0xc, 0xe2, 0xe, 0x68, 0xb8, 0xfe,
    0xff, 0xff, 0xdd, 0xf4, 0xe6, 0x4e, 0x95, 0x23,
    0x33, 0x33, 0x19, 0x1e, 0x63, 0xf0, 0x89, 0x99,
    0x99, 0x99, 0x40, 0xe7, 0x8f, 0xa, 0xbb, 0xdf,
    0xbb, 0xb5, 0xe, 0x7d, 0x60, 0x67, 0x8, 0xf0,
    0x76, 0x0, 0xe6, 0x0, 0x3f, 0x70, 0x8f, 0x5,
    0xf5, 0xe, 0x60, 0x1e, 0xc1, 0x4a, 0xf0, 0x9,
    0xf1, 0xe6, 0x0, 0x31, 0xf, 0xf9, 0x0, 0x3,
    0x0, 0x0, 0x0, 0x0, 0x0, 0x0, 0x0, 0x0,

    /* U+96C6 "集" */
    0x0, 0x0, 0x72, 0x0, 0x64, 0x0, 0x0, 0x0,
    0x0, 0x9, 0xf3, 0x3, 0xf7, 0x0, 0x0, 0x0,
    0x0, 0x5f, 0xeb, 0xbd, 0xfb, 0xbb, 0xbb, 0x20,
    0x4, 0xff, 0x66, 0x6b, 0xf6, 0x66, 0x66, 0x10,
    0x5f, 0xff, 0xcc, 0xce, 0xfc, 0xcc, 0xc6, 0x0,
    0x2a, 0x7f, 0x33, 0x3a, 0xe3, 0x33, 0x31, 0x0,
    0x0, 0x7f, 0xdd, 0xde, 0xfd, 0xdd, 0xd6, 0x0,
    0x0, 0x7f, 0x44, 0x4b, 0xf4, 0x44, 0x42, 0x0,
    0x0, 0x7f, 0xbb, 0xbe, 0xfb, 0xbb, 0xbb, 0x80,
    0x0, 0x25, 0x55, 0x5f, 0xb5, 0x55, 0x55, 0x40,
    0x4e, 0xee, 0xee, 0xef, 0xfe, 0xee, 0xee, 0xe0,
    0x15, 0x55, 0x5c, 0xff, 0xff, 0x95, 0x55, 0x50,
    0x0, 0x16, 0xee, 0x5e, 0x98, 0xfc, 0x50, 0x0,
    0x4b, 0xff, 0x91, 0xe, 0x90, 0x2a, 0xff, 0xa1,
    0x1b, 0x61, 0x0, 0xe, 0x90, 0x0, 0x16, 0x90,

    /* U+96E8 "雨" */
    0x5f, 0xff, 0xff, 0xff, 0xff, 0xff, 0xff, 0xf1,
    0x5f, 0xff, 0xff, 0xff, 0xff, 0xff, 0xff, 0xf1,
    0x0, 0x0, 0x0, 0xe, 0x90, 0x0, 0x0, 0x0,
    0x1, 0x33, 0x33, 0x3f, 0xa3, 0x33, 0x33, 0x10,
    0x7, 0xff, 0xff, 0xff, 0xff, 0xff, 0xff, 0x80,
    0x7, 0xf3, 0x33, 0x3f, 0xa3, 0x33, 0x3f, 0x80,
    0x7, 0xf4, 0xd4, 0xe, 0x9a, 0xb2, 0xf, 0x80,
    0x7, 0xf0, 0x8f, 0x7e, 0x91, 0xbf, 0x6f, 0x80,
    0x7, 0xf0, 0x3, 0x2e, 0x90, 0x4, 0x1f, 0x80,
    0x7, 0xf6, 0xb2, 0xe, 0x9d, 0x91, 0xf, 0x80,
    0x7, 0xf1, 0xbf, 0x5e, 0x93, 0xde, 0x4f, 0x80,
    0x7, 0xf0, 0x7, 0x3e, 0x90, 0x8, 0x1f, 0x80,
    0x7, 0xf0, 0x0, 0xe, 0x90, 0x13, 0x3f, 0x80,
    0x7, 0xf0, 0x0, 0xe, 0x90, 0x2f, 0xfe, 0x30,
    0x0, 0x0, 0x0, 0x0, 0x0, 0x1, 0x10, 0x0,

    /* U+96EA "雪" */
    0xf, 0xff, 0xff, 0xff, 0xff, 0xff, 0xb0, 0x2,
    0x22, 0x22, 0xfa, 0x22, 0x22, 0x20, 0xef, 0xff,
    0xff, 0xff, 0xff, 0xff, 0xfb, 0xe9, 0x44, 0x44,
    0xfa, 0x44, 0x44, 0xac, 0xe7, 0xdf, 0xf6, 0xe8,
    0xaf, 0xfe, 0x8c, 0x94, 0x11, 0x10, 0xe8, 0x1,
    0x11, 0x57, 0x3, 0xff, 0xf6, 0xe8, 0xaf, 0xff,
    0x30, 0x1, 0x33, 0x32, 0x64, 0x33, 0x33, 0x10,
    0x8, 0xff, 0xff, 0xff, 0xff, 0xff, 0x50, 0x0,
    0x0, 0x0, 0x0, 0x0, 0xf, 0x50, 0x2, 0xee,
    0xee, 0xee, 0xee, 0xef, 0x50, 0x0, 0x33, 0x33,
    0x33, 0x33, 0x3f, 0x50, 0x3, 0x44, 0x44, 0x44,
    0x44, 0x4f, 0x50, 0xc, 0xff, 0xff, 0xff, 0xff,
    0xff, 0x50,

    /* U+96F7 "雷" */
    0xf, 0xff, 0xff, 0xff, 0xff, 0xff, 0xb0, 0x3,
    0x33, 0x33, 0xfa, 0x33, 0x33, 0x20, 0xef, 0xff,
    0xff, 0xff, 0xff, 0xff, 0xfb, 0xe9, 0x33, 0x33,
    0xfa, 0x33, 0x33, 0xac, 0xe7, 0xdf, 0xf6, 0xe8,
    0xbf, 0xfc, 0x8c, 0x84, 0x11, 0x10, 0xe8, 0x1,
    0x11, 0x47, 0x3, 0xff, 0xf6, 0xe8, 0xbf, 0xff,
    0x30, 0x1, 0x33, 0x33, 0x86, 0x33, 0x33, 0x10,
    0x8, 0xff, 0xff, 0xff, 0xff, 0xff, 0x80, 0x8,
    0xe0, 0x0, 0xe8, 0x0, 0xf, 0x80, 0x8, 0xfe,
    0xee, 0xff, 0xee, 0xef, 0x80, 0x8, 0xe3, 0x33,
    0xfa, 0x33, 0x3f, 0x80, 0x8, 0xf9, 0x99, 0xfd,
    0x99, 0x9f, 0x80, 0x8, 0xf9, 0x99, 0x99, 0x99,
    0x9f, 0x80, 0x1, 0x10, 0x0, 0x0, 0x0, 0x0,
    0x0,

    /* U+9727 "霧" */
    0x0, 0x9a, 0xaa, 0xae, 0xea, 0xaa, 0xa9, 0x0,
    0x8, 0x88, 0x88, 0x8e, 0xd8, 0x88, 0x88, 0x80,
    0xe, 0xb8, 0x88, 0x8e, 0xd8, 0x88, 0x8c, 0xe0,
    0xe, 0x7a, 0xcc, 0x5c, 0xa7, 0xcc, 0x98, 0xe0,
    0x9, 0x44, 0x44, 0x1c, 0xa2, 0x44, 0x35, 0x90,
    0x0, 0x9, 0x99, 0x3a, 0x98, 0xb9, 0x80, 0x0,
    0x8, 0xdd, 0xdf, 0xe1, 0x2e, 0xec, 0xcc, 0xa0,
    0x0, 0x79, 0xad, 0x36, 0xff, 0x43, 0xd9, 0x20,
    0x0, 0x28, 0xec, 0x13, 0x47, 0xfe, 0xb0, 0x0,
    0x4f, 0xff, 0xff, 0xfb, 0x9e, 0xdc, 0xfd, 0xa1,
    0x0, 0x6f, 0xf1, 0xe4, 0x94, 0xc4, 0x27, 0x70,
    0x5, 0xe6, 0xf3, 0xa3, 0xff, 0xff, 0xff, 0x60,
    0x2c, 0x34, 0xf0, 0x0, 0x6e, 0x90, 0x3f, 0x30,
    0x0, 0x5f, 0xd0, 0xd, 0xd6, 0x1f, 0xfc, 0x0,
    0x0, 0x0, 0x0, 0x0, 0x0, 0x0, 0x0, 0x0,

    /* U+9762 "面" */
    0x2f, 0xff, 0xff, 0xff, 0xff, 0xff, 0xff, 0xf3,
    0x7, 0x77, 0x77, 0x8f, 0xc7, 0x77, 0x77, 0x71,
    0x0, 0x0, 0x0, 0x4f, 0x60, 0x0, 0x0, 0x0,
    0x2, 0x66, 0x66, 0xaf, 0x86, 0x66, 0x66, 0x20,
    0x7, 0xff, 0xff, 0xff, 0xff, 0xff, 0xff, 0x60,
    0x7, 0xf0, 0xf, 0x60, 0x9, 0xc0, 0x2f, 0x60,
    0x7, 0xf0, 0xf, 0x94, 0x4b, 0xc0, 0x2f, 0x60,
    0x7, 0xf0, 0xf, 0xff, 0xff, 0xc0, 0x2f, 0x60,
    0x7, 0xf0, 0xf, 0x60, 0x9, 0xc0, 0x2f, 0x60,
    0x7, 0xf0, 0xf, 0xfe, 0xef, 0xc0, 0x2f, 0x60,
    0x7, 0xf0, 0xf, 0x95, 0x5b, 0xc0, 0x2f, 0x60,
    0x7, 0xf0, 0xf, 0x60, 0x9, 0xc0, 0x2f, 0x60,
    0x7, 0xfe, 0xef, 0xfe, 0xef, 0xfe, 0xef, 0x60,
    0x7, 0xf8, 0x88, 0x88, 0x88, 0x88, 0x9f, 0x60,

    /* U+97F3 "音" */
    0x0, 0x0, 0x0, 0xd, 0xc0, 0x0, 0x0, 0x0,
    0x0, 0x0, 0x0, 0xd, 0xc0, 0x0, 0x0, 0x0,
    0x4, 0xff, 0xff, 0xff, 0xff, 0xff, 0xff, 0x60,
    0x1, 0x56, 0xec, 0x55, 0x55, 0xaf, 0x85, 0x20,
    0x0, 0x0, 0xaf, 0x10, 0x0, 0xce, 0x0, 0x0,
    0x16, 0x66, 0xaf, 0x86, 0x67, 0xfb, 0x66, 0x61,
    0x2f, 0xff, 0xff, 0xff, 0xff, 0xff, 0xff, 0xf2,
    0x0, 0x0, 0x0, 0x0, 0x0, 0x0, 0x0, 0x0,
    0x0, 0xc, 0xff, 0xff, 0xff, 0xff, 0xf1, 0x0,
    0x0, 0xd, 0xc5, 0x55, 0x55, 0x5a, 0xf1, 0x0,
    0x0, 0xd, 0xb2, 0x22, 0x22, 0x29, 0xf1, 0x0,
    0x0, 0xd, 0xff, 0xff, 0xff, 0xff, 0xf1, 0x0,
    0x0, 0xd, 0xb0, 0x0, 0x0, 0x8, 0xf1, 0x0,
    0x0, 0xd, 0xc5, 0x55, 0x55, 0x5a, 0xf1, 0x0,
    0x0, 0xd, 0xff, 0xff, 0xff, 0xff, 0xf1, 0x0,
    0x0, 0x0, 0x0, 0x0, 0x0, 0x0, 0x0, 0x0,

    /* U+984C "題" */
    0x6, 0xff, 0xff, 0xf2, 0xff, 0xff, 0xff, 0xf3,
    0x6, 0xe0, 0x7, 0xf0, 0x11, 0x7e, 0x21, 0x10,
    0x6, 0xff, 0xff, 0xf0, 0x9d, 0xff, 0xdd, 0x80,
    0x6, 0xe0, 0x6, 0xf0, 0xbc, 0x44, 0x4d, 0x90,
    0x6, 0xff, 0xff, 0xf0, 0xbe, 0xcc, 0xcf, 0x90,
    0x0, 0x11, 0x11, 0x10, 0xbc, 0x44, 0x4d, 0x90,
    0x5d, 0xdd, 0xdd, 0xdb, 0xbe, 0xcc, 0xcf, 0x90,
    0x14, 0x47, 0xf4, 0x43, 0xbc, 0x44, 0x4d, 0x90,
    0x4, 0xc4, 0xf0, 0x0, 0xbe, 0x99, 0x9e, 0x90,
    0x6, 0xd4, 0xff, 0xf8, 0x6a, 0x99, 0xaa, 0x50,
    0x8, 0xf6, 0xf2, 0x21, 0x3e, 0x90, 0xad, 0x30,
    0xb, 0xfe, 0xf0, 0x8, 0xf8, 0x0, 0x9, 0xf2,
    0x1f, 0x5a, 0xfa, 0x66, 0x73, 0x33, 0x33, 0x72,
    0x6e, 0x0, 0x4a, 0xde, 0xff, 0xff, 0xff, 0xf3,
    0x1, 0x0, 0x0, 0x0, 0x0, 0x0, 0x0, 0x0,

    /* U+9875 "页" */
    0xd, 0xff, 0xff, 0xff, 0xff, 0xff, 0xff, 0xf0,
    0x5, 0x66, 0x66, 0x7f, 0xc6, 0x66, 0x66, 0x60,
    0x0, 0x0, 0x0, 0x5f, 0x40, 0x0, 0x0, 0x0,
    0x0, 0x27, 0x77, 0xcf, 0x77, 0x77, 0x74, 0x0,
    0x0, 0x6f, 0xff, 0xff, 0xff, 0xff, 0xfa, 0x0,
    0x0, 0x6f, 0x20, 0x2, 0x20, 0x0, 0xfa, 0x0,
    0x0, 0x6f, 0x20, 0xb, 0xd0, 0x0, 0xfa, 0x0,
    0x0, 0x6f, 0x20, 0xb, 0xd0, 0x0, 0xfa, 0x0,
    0x0, 0x6f, 0x20, 0xb, 0xd0, 0x0, 0xfa, 0x0,
    0x0, 0x6f, 0x20, 0xd, 0xc0, 0x0, 0xfa, 0x0,
    0x0, 0x6f, 0x20, 0x4f, 0x85, 0x20, 0xf9, 0x0,
    0x0, 0x0, 0x6, 0xfd, 0x2d, 0xfb, 0x30, 0x0,
    0x0, 0x27, 0xdf, 0xb1, 0x0, 0x5d, 0xfa, 0x10,
    0xd, 0xff, 0xa4, 0x0, 0x0, 0x0, 0x6f, 0xc0,
    0x3, 0x40, 0x0, 0x0, 0x0, 0x0, 0x1, 0x20,

    /* U+9AD8 "高" */
    0x0, 0x0, 0x0, 0xe, 0xa0, 0x0, 0x0, 0x0,
    0x0, 0x0, 0x0, 0xea, 0x0, 0x0, 0x0, 0xf,
    0xff, 0xff, 0xff, 0xff, 0xff, 0xff, 0xe0, 0x44,
    0x44, 0x44, 0x44, 0x44, 0x44, 0x44, 0x0, 0x6,
    0xff, 0xff, 0xff, 0xff, 0x60, 0x0, 0x0, 0x6e,
    0x11, 0x11, 0x13, 0xf6, 0x0, 0x0, 0x6, 0xfd,
    0xdd, 0xdd, 0xef, 0x60, 0x0, 0x0, 0x13, 0x33,
    0x33, 0x33, 0x31, 0x0, 0x4, 0xff, 0xff, 0xff,
    0xff, 0xff, 0xff, 0x70, 0x4f, 0x75, 0x55, 0x55,
    0x55, 0x55, 0xf8, 0x4, 0xf2, 0x3c, 0xcc, 0xcc,
    0xc0, 0xf, 0x80, 0x4f, 0x24, 0xf4, 0x44, 0x7f,
    0x10, 0xf8, 0x4, 0xf2, 0x4f, 0x22, 0x25, 0xf1,
    0xf, 0x80, 0x4f, 0x24, 0xff, 0xff, 0xff, 0x21,
    0xf7, 0x4, 0xf2, 0x3b, 0x0, 0x0, 0x2f, 0xec,
    0x20,

    /* U+FF0C "，" */
    0xa, 0xc3, 0x1f, 0xfa, 0x7, 0xeb, 0x0, 0xd7,
    0x2c, 0xd0, 0x49, 0x10,

    /* U+FF1B "；" */
    0x0, 0x0, 0x2f, 0xf2, 0x4f, 0xf4, 0x6, 0x60,
    0x0, 0x0, 0x0, 0x0, 0x0, 0x0, 0x4, 0x50,
    0x2f, 0xf6, 0x1e, 0xf9, 0x0, 0xc8, 0x2, 0xf4,
    0x5e, 0x90, 0x45, 0x0
};


/*---------------------
 *  GLYPH DESCRIPTION
 *--------------------*/

static const lv_font_fmt_txt_glyph_dsc_t glyph_dsc[] = {
    {.bitmap_index = 0, .adv_w = 0, .box_w = 0, .box_h = 0, .ofs_x = 0, .ofs_y = 0} /* id = 0 reserved */,
    {.bitmap_index = 0, .adv_w = 58, .box_w = 0, .box_h = 0, .ofs_x = 0, .ofs_y = 0},
    {.bitmap_index = 0, .adv_w = 88, .box_w = 3, .box_h = 12, .ofs_x = 1, .ofs_y = 0},
    {.bitmap_index = 18, .adv_w = 133, .box_w = 6, .box_h = 6, .ofs_x = 1, .ofs_y = 7},
    {.bitmap_index = 36, .adv_w = 146, .box_w = 9, .box_h = 12, .ofs_x = 0, .ofs_y = 0},
    {.bitmap_index = 90, .adv_w = 146, .box_w = 9, .box_h = 16, .ofs_x = 0, .ofs_y = -2},
    {.bitmap_index = 162, .adv_w = 240, .box_w = 15, .box_h = 12, .ofs_x = 0, .ofs_y = 0},
    {.bitmap_index = 252, .adv_w = 181, .box_w = 12, .box_h = 12, .ofs_x = 0, .ofs_y = 0},
    {.bitmap_index = 324, .adv_w = 76, .box_w = 3, .box_h = 6, .ofs_x = 1, .ofs_y = 7},
    {.bitmap_index = 333, .adv_w = 91, .box_w = 4, .box_h = 18, .ofs_x = 1, .ofs_y = -4},
    {.bitmap_index = 369, .adv_w = 91, .box_w = 5, .box_h = 18, .ofs_x = 0, .ofs_y = -4},
    {.bitmap_index = 414, .adv_w = 124, .box_w = 7, .box_h = 6, .ofs_x = 0, .ofs_y = 7},
    {.bitmap_index = 435, .adv_w = 146, .box_w = 9, .box_h = 9, .ofs_x = 0, .ofs_y = 2},
    {.bitmap_index = 476, .adv_w = 76, .box_w = 4, .box_h = 7, .ofs_x = 0, .ofs_y = -4},
    {.bitmap_index = 490, .adv_w = 91, .box_w = 5, .box_h = 3, .ofs_x = 0, .ofs_y = 3},
    {.bitmap_index = 498, .adv_w = 76, .box_w = 3, .box_h = 3, .ofs_x = 1, .ofs_y = 0},
    {.bitmap_index = 503, .adv_w = 100, .box_w = 6, .box_h = 16, .ofs_x = 0, .ofs_y = -3},
    {.bitmap_index = 551, .adv_w = 146, .box_w = 9, .box_h = 12, .ofs_x = 0, .ofs_y = 0},
    {.bitmap_index = 605, .adv_w = 146, .box_w = 8, .box_h = 12, .ofs_x = 1, .ofs_y = 0},
    {.bitmap_index = 653, .adv_w = 146, .box_w = 9, .box_h = 12, .ofs_x = 0, .ofs_y = 0},
    {.bitmap_index = 707, .adv_w = 146, .box_w = 9, .box_h = 12, .ofs_x = 0, .ofs_y = 0},
    {.bitmap_index = 761, .adv_w = 146, .box_w = 9, .box_h = 12, .ofs_x = 0, .ofs_y = 0},
    {.bitmap_index = 815, .adv_w = 146, .box_w = 9, .box_h = 12, .ofs_x = 0, .ofs_y = 0},
    {.bitmap_index = 869, .adv_w = 146, .box_w = 9, .box_h = 12, .ofs_x = 0, .ofs_y = 0},
    {.bitmap_index = 923, .adv_w = 146, .box_w = 9, .box_h = 12, .ofs_x = 0, .ofs_y = 0},
    {.bitmap_index = 977, .adv_w = 146, .box_w = 9, .box_h = 12, .ofs_x = 0, .ofs_y = 0},
    {.bitmap_index = 1031, .adv_w = 146, .box_w = 9, .box_h = 12, .ofs_x = 0, .ofs_y = 0},
    {.bitmap_index = 1085, .adv_w = 76, .box_w = 3, .box_h = 9, .ofs_x = 1, .ofs_y = 0},
    {.bitmap_index = 1099, .adv_w = 76, .box_w = 4, .box_h = 13, .ofs_x = 0, .ofs_y = -4},
    {.bitmap_index = 1125, .adv_w = 146, .box_w = 9, .box_h = 8, .ofs_x = 0, .ofs_y = 2},
    {.bitmap_index = 1161, .adv_w = 146, .box_w = 9, .box_h = 6, .ofs_x = 0, .ofs_y = 3},
    {.bitmap_index = 1188, .adv_w = 146, .box_w = 9, .box_h = 8, .ofs_x = 0, .ofs_y = 2},
    {.bitmap_index = 1224, .adv_w = 126, .box_w = 8, .box_h = 12, .ofs_x = 0, .ofs_y = 0},
    {.bitmap_index = 1272, .adv_w = 249, .box_w = 15, .box_h = 15, .ofs_x = 0, .ofs_y = -3},
    {.bitmap_index = 1385, .adv_w = 159, .box_w = 10, .box_h = 12, .ofs_x = 0, .ofs_y = 0},
    {.bitmap_index = 1445, .adv_w = 171, .box_w = 9, .box_h = 12, .ofs_x = 1, .ofs_y = 0},
    {.bitmap_index = 1499, .adv_w = 165, .box_w = 10, .box_h = 12, .ofs_x = 0, .ofs_y = 0},
    {.bitmap_index = 1559, .adv_w = 179, .box_w = 10, .box_h = 12, .ofs_x = 1, .ofs_y = 0},
    {.bitmap_index = 1619, .adv_w = 154, .box_w = 8, .box_h = 12, .ofs_x = 1, .ofs_y = 0},
    {.bitmap_index = 1667, .adv_w = 145, .box_w = 8, .box_h = 12, .ofs_x = 1, .ofs_y = 0},
    {.bitmap_index = 1715, .adv_w = 179, .box_w = 11, .box_h = 12, .ofs_x = 0, .ofs_y = 0},
    {.bitmap_index = 1781, .adv_w = 190, .box_w = 10, .box_h = 12, .ofs_x = 1, .ofs_y = 0},
    {.bitmap_index = 1841, .adv_w = 79, .box_w = 3, .box_h = 12, .ofs_x = 1, .ofs_y = 0},
    {.bitmap_index = 1859, .adv_w = 141, .box_w = 8, .box_h = 12, .ofs_x = 0, .ofs_y = 0},
    {.bitmap_index = 1907, .adv_w = 170, .box_w = 10, .box_h = 12, .ofs_x = 1, .ofs_y = 0},
    {.bitmap_index = 1967, .adv_w = 143, .box_w = 8, .box_h = 12, .ofs_x = 1, .ofs_y = 0},
    {.bitmap_index = 2015, .adv_w = 212, .box_w = 11, .box_h = 12, .ofs_x = 1, .ofs_y = 0},
    {.bitmap_index = 2081, .adv_w = 188, .box_w = 10, .box_h = 12, .ofs_x = 1, .ofs_y = 0},
    {.bitmap_index = 2141, .adv_w = 193, .box_w = 12, .box_h = 12, .ofs_x = 0, .ofs_y = 0},
    {.bitmap_index = 2213, .adv_w = 166, .box_w = 9, .box_h = 12, .ofs_x = 1, .ofs_y = 0},
    {.bitmap_index = 2267, .adv_w = 193, .box_w = 12, .box_h = 15, .ofs_x = 0, .ofs_y = -3},
    {.bitmap_index = 2357, .adv_w = 168, .box_w = 10, .box_h = 12, .ofs_x = 1, .ofs_y = 0},
    {.bitmap_index = 2417, .adv_w = 156, .box_w = 10, .box_h = 12, .ofs_x = 0, .ofs_y = 0},
    {.bitmap_index = 2477, .adv_w = 156, .box_w = 10, .box_h = 12, .ofs_x = 0, .ofs_y = 0},
    {.bitmap_index = 2537, .adv_w = 188, .box_w = 10, .box_h = 12, .ofs_x = 1, .ofs_y = 0},
    {.bitmap_index = 2597, .adv_w = 152, .box_w = 11, .box_h = 12, .ofs_x = -1, .ofs_y = 0},
    {.bitmap_index = 2663, .adv_w = 229, .box_w = 14, .box_h = 12, .ofs_x = 0, .ofs_y = 0},
    {.bitmap_index = 2747, .adv_w = 153, .box_w = 10, .box_h = 12, .ofs_x = 0, .ofs_y = 0},
    {.bitmap_index = 2807, .adv_w = 142, .box_w = 10, .box_h = 12, .ofs_x = -1, .ofs_y = 0},
    {.bitmap_index = 2867, .adv_w = 155, .box_w = 10, .box_h = 12, .ofs_x = 0, .ofs_y = 0},
    {.bitmap_index = 2927, .adv_w = 91, .box_w = 5, .box_h = 16, .ofs_x = 1, .ofs_y = -3},
    {.bitmap_index = 2967, .adv_w = 100, .box_w = 7, .box_h = 16, .ofs_x = 0, .ofs_y = -3},
    {.bitmap_index = 3023, .adv_w = 91, .box_w = 5, .box_h = 16, .ofs_x = 0, .ofs_y = -3},
    {.bitmap_index = 3063, .adv_w = 146, .box_w = 8, .box_h = 7, .ofs_x = 1, .ofs_y = 5},
    {.bitmap_index = 3091, .adv_w = 144, .box_w = 9, .box_h = 2, .ofs_x = 0, .ofs_y = -3},
    {.bitmap_index = 3100, .adv_w = 157, .box_w = 4, .box_h = 5, .ofs_x = 2, .ofs_y = 10},
    {.bitmap_index = 3110, .adv_w = 147, .box_w = 8, .box_h = 9, .ofs_x = 0, .ofs_y = 0},
    {.bitmap_index = 3146, .adv_w = 161, .box_w = 9, .box_h = 13, .ofs_x = 1, .ofs_y = 0},
    {.bitmap_index = 3205, .adv_w = 132, .box_w = 8, .box_h = 9, .ofs_x = 0, .ofs_y = 0},
    {.bitmap_index = 3241, .adv_w = 161, .box_w = 9, .box_h = 13, .ofs_x = 0, .ofs_y = 0},
    {.bitmap_index = 3300, .adv_w = 145, .box_w = 9, .box_h = 9, .ofs_x = 0, .ofs_y = 0},
    {.bitmap_index = 3341, .adv_w = 89, .box_w = 7, .box_h = 13, .ofs_x = 0, .ofs_y = 0},
    {.bitmap_index = 3387, .adv_w = 148, .box_w = 10, .box_h = 13, .ofs_x = 0, .ofs_y = -4},
    {.bitmap_index = 3452, .adv_w = 159, .box_w = 8, .box_h = 13, .ofs_x = 1, .ofs_y = 0},
    {.bitmap_index = 3504, .adv_w = 74, .box_w = 3, .box_h = 13, .ofs_x = 1, .ofs_y = 0},
    {.bitmap_index = 3524, .adv_w = 74, .box_w = 5, .box_h = 17, .ofs_x = -1, .ofs_y = -4},
    {.bitmap_index = 3567, .adv_w = 147, .box_w = 9, .box_h = 13, .ofs_x = 1, .ofs_y = 0},
    {.bitmap_index = 3626, .adv_w = 76, .box_w = 4, .box_h = 13, .ofs_x = 1, .ofs_y = 0},
    {.bitmap_index = 3652, .adv_w = 241, .box_w = 13, .box_h = 9, .ofs_x = 1, .ofs_y = 0},
    {.bitmap_index = 3711, .adv_w = 160, .box_w = 8, .box_h = 9, .ofs_x = 1, .ofs_y = 0},
    {.bitmap_index = 3747, .adv_w = 157, .box_w = 10, .box_h = 9, .ofs_x = 0, .ofs_y = 0},
    {.bitmap_index = 3792, .adv_w = 161, .box_w = 9, .box_h = 13, .ofs_x = 1, .ofs_y = -4},
    {.bitmap_index = 3851, .adv_w = 161, .box_w = 9, .box_h = 13, .ofs_x = 0, .ofs_y = -4},
    {.bitmap_index = 3910, .adv_w = 105, .box_w = 6, .box_h = 10, .ofs_x = 1, .ofs_y = 0},
    {.bitmap_index = 3940, .adv_w = 123, .box_w = 8, .box_h = 9, .ofs_x = 0, .ofs_y = 0},
    {.bitmap_index = 3976, .adv_w = 101, .box_w = 7, .box_h = 12, .ofs_x = 0, .ofs_y = 0},
    {.bitmap_index = 4018, .adv_w = 159, .box_w = 8, .box_h = 9, .ofs_x = 1, .ofs_y = 0},
    {.bitmap_index = 4054, .adv_w = 140, .box_w = 9, .box_h = 9, .ofs_x = 0, .ofs_y = 0},
    {.bitmap_index = 4095, .adv_w = 212, .box_w = 13, .box_h = 9, .ofs_x = 0, .ofs_y = 0},
    {.bitmap_index = 4154, .adv_w = 135, .box_w = 9, .box_h = 9, .ofs_x = 0, .ofs_y = 0},
    {.bitmap_index = 4195, .adv_w = 139, .box_w = 9, .box_h = 13, .ofs_x = 0, .ofs_y = -4},
    {.bitmap_index = 4254, .adv_w = 126, .box_w = 8, .box_h = 9, .ofs_x = 0, .ofs_y = 0},
    {.bitmap_index = 4290, .adv_w = 91, .box_w = 6, .box_h = 16, .ofs_x = 0, .ofs_y = -3},
    {.bitmap_index = 4338, .adv_w = 72, .box_w = 2, .box_h = 18, .ofs_x = 1, .ofs_y = -4},
    {.bitmap_index = 4356, .adv_w = 91, .box_w = 6, .box_h = 16, .ofs_x = 0, .ofs_y = -3},
    {.bitmap_index = 4404, .adv_w = 146, .box_w = 9, .box_h = 4, .ofs_x = 0, .ofs_y = 4},
    {.bitmap_index = 4422, .adv_w = 99, .box_w = 6, .box_h = 5, .ofs_x = 0, .ofs_y = 8},
    {.bitmap_index = 4437, .adv_w = 147, .box_w = 3, .box_h = 3, .ofs_x = 3, .ofs_y = 5},
    {.bitmap_index = 4442, .adv_w = 256, .box_w = 12, .box_h = 12, .ofs_x = 2, .ofs_y = 0},
    {.bitmap_index = 4514, .adv_w = 256, .box_w = 12, .box_h = 11, .ofs_x = 2, .ofs_y = 1},
    {.bitmap_index = 4580, .adv_w = 138, .box_w = 8, .box_h = 3, .ofs_x = 0, .ofs_y = 3},
    {.bitmap_index = 4592, .adv_w = 256, .box_w = 14, .box_h = 3, .ofs_x = 1, .ofs_y = 5},
    {.bitmap_index = 4613, .adv_w = 256, .box_w = 8, .box_h = 15, .ofs_x = 4, .ofs_y = -1},
    {.bitmap_index = 4673, .adv_w = 256, .box_w = 8, .box_h = 15, .ofs_x = 4, .ofs_y = -1},
    {.bitmap_index = 4733, .adv_w = 256, .box_w = 16, .box_h = 8, .ofs_x = 0, .ofs_y = 2},
    {.bitmap_index = 4797, .adv_w = 256, .box_w = 0, .box_h = 0, .ofs_x = 0, .ofs_y = 0},
    {.bitmap_index = 4797, .adv_w = 256, .box_w = 6, .box_h = 5, .ofs_x = 0, .ofs_y = -1},
    {.bitmap_index = 4812, .adv_w = 256, .box_w = 6, .box_h = 5, .ofs_x = 0, .ofs_y = -1},
    {.bitmap_index = 4827, .adv_w = 256, .box_w = 6, .box_h = 11, .ofs_x = 10, .ofs_y = 3},
    {.bitmap_index = 4860, .adv_w = 256, .box_w = 6, .box_h = 11, .ofs_x = 0, .ofs_y = -1},
    {.bitmap_index = 4893, .adv_w = 256, .box_w = 14, .box_h = 13, .ofs_x = 1, .ofs_y = -1},
    {.bitmap_index = 4984, .adv_w = 256, .box_w = 15, .box_h = 14, .ofs_x = 1, .ofs_y = -1},
    {.bitmap_index = 5089, .adv_w = 256, .box_w = 16, .box_h = 15, .ofs_x = 0, .ofs_y = -1},
    {.bitmap_index = 5209, .adv_w = 256, .box_w = 12, .box_h = 14, .ofs_x = 2, .ofs_y = -1},
    {.bitmap_index = 5293, .adv_w = 256, .box_w = 10, .box_h = 16, .ofs_x = 2, .ofs_y = -2},
    {.bitmap_index = 5373, .adv_w = 256, .box_w = 14, .box_h = 15, .ofs_x = 2, .ofs_y = -1},
    {.bitmap_index = 5478, .adv_w = 256, .box_w = 12, .box_h = 14, .ofs_x = 2, .ofs_y = -1},
    {.bitmap_index = 5562, .adv_w = 256, .box_w = 12, .box_h = 15, .ofs_x = 3, .ofs_y = -1},
    {.bitmap_index = 5652, .adv_w = 256, .box_w = 12, .box_h = 14, .ofs_x = 3, .ofs_y = -1},
    {.bitmap_index = 5736, .adv_w = 256, .box_w = 14, .box_h = 15, .ofs_x = 1, .ofs_y = -1},
    {.bitmap_index = 5841, .adv_w = 256, .box_w = 15, .box_h = 14, .ofs_x = 0, .ofs_y = -1},
    {.bitmap_index = 5946, .adv_w = 256, .box_w = 15, .box_h = 14, .ofs_x = 1, .ofs_y = -1},
    {.bitmap_index = 6051, .adv_w = 256, .box_w = 14, .box_h = 11, .ofs_x = 1, .ofs_y = 0},
    {.bitmap_index = 6128, .adv_w = 256, .box_w = 14, .box_h = 13, .ofs_x = 1, .ofs_y = -1},
    {.bitmap_index = 6219, .adv_w = 256, .box_w = 14, .box_h = 13, .ofs_x = 1, .ofs_y = -1},
    {.bitmap_index = 6310, .adv_w = 256, .box_w = 11, .box_h = 14, .ofs_x = 3, .ofs_y = -1},
    {.bitmap_index = 6387, .adv_w = 256, .box_w = 14, .box_h = 14, .ofs_x = 1, .ofs_y = -1},
    {.bitmap_index = 6485, .adv_w = 256, .box_w = 14, .box_h = 14, .ofs_x = 1, .ofs_y = -1},
    {.bitmap_index = 6583, .adv_w = 256, .box_w = 14, .box_h = 13, .ofs_x = 1, .ofs_y = -1},
    {.bitmap_index = 6674, .adv_w = 256, .box_w = 15, .box_h = 14, .ofs_x = 1, .ofs_y = -1},
    {.bitmap_index = 6779, .adv_w = 256, .box_w = 16, .box_h = 11, .ofs_x = 0, .ofs_y = 0},
    {.bitmap_index = 6867, .adv_w = 256, .box_w = 13, .box_h = 14, .ofs_x = 2, .ofs_y = -1},
    {.bitmap_index = 6958, .adv_w = 256, .box_w = 15, .box_h = 15, .ofs_x = 1, .ofs_y = -2},
    {.bitmap_index = 7071, .adv_w = 256, .box_w = 15, .box_h = 14, .ofs_x = 1, .ofs_y = -1},
    {.bitmap_index = 7176, .adv_w = 256, .box_w = 14, .box_h = 14, .ofs_x = 1, .ofs_y = -1},
    {.bitmap_index = 7274, .adv_w = 256, .box_w = 14, .box_h = 15, .ofs_x = 1, .ofs_y = -1},
    {.bitmap_index = 7379, .adv_w = 256, .box_w = 10, .box_h = 15, .ofs_x = 3, .ofs_y = -1},
    {.bitmap_index = 7454, .adv_w = 256, .box_w = 13, .box_h = 14, .ofs_x = 1, .ofs_y = -1},
    {.bitmap_index = 7545, .adv_w = 256, .box_w = 16, .box_h = 15, .ofs_x = 0, .ofs_y = -1},
    {.bitmap_index = 7665, .adv_w = 256, .box_w = 15, .box_h = 15, .ofs_x = 0, .ofs_y = -1},
    {.bitmap_index = 7778, .adv_w = 256, .box_w = 14, .box_h = 14, .ofs_x = 1, .ofs_y = -1},
    {.bitmap_index = 7876, .adv_w = 256, .box_w = 15, .box_h = 14, .ofs_x = 1, .ofs_y = -1},
    {.bitmap_index = 7981, .adv_w = 256, .box_w = 14, .box_h = 14, .ofs_x = 1, .ofs_y = -1},
    {.bitmap_index = 8079, .adv_w = 256, .box_w = 14, .box_h = 14, .ofs_x = 1, .ofs_y = -1},
    {.bitmap_index = 8177, .adv_w = 256, .box_w = 13, .box_h = 14, .ofs_x = 1, .ofs_y = -1},
    {.bitmap_index = 8268, .adv_w = 256, .box_w = 14, .box_h = 14, .ofs_x = 1, .ofs_y = -1},
    {.bitmap_index = 8366, .adv_w = 256, .box_w = 14, .box_h = 14, .ofs_x = 1, .ofs_y = -1},
    {.bitmap_index = 8464, .adv_w = 256, .box_w = 14, .box_h = 14, .ofs_x = 1, .ofs_y = -1},
    {.bitmap_index = 8562, .adv_w = 256, .box_w = 16, .box_h = 15, .ofs_x = 0, .ofs_y = -2},
    {.bitmap_index = 8682, .adv_w = 256, .box_w = 14, .box_h = 13, .ofs_x = 1, .ofs_y = -1},
    {.bitmap_index = 8773, .adv_w = 256, .box_w = 14, .box_h = 14, .ofs_x = 1, .ofs_y = -1},
    {.bitmap_index = 8871, .adv_w = 256, .box_w = 14, .box_h = 15, .ofs_x = 1, .ofs_y = -1},
    {.bitmap_index = 8976, .adv_w = 256, .box_w = 16, .box_h = 16, .ofs_x = 0, .ofs_y = -2},
    {.bitmap_index = 9104, .adv_w = 256, .box_w = 14, .box_h = 14, .ofs_x = 1, .ofs_y = -1},
    {.bitmap_index = 9202, .adv_w = 256, .box_w = 12, .box_h = 12, .ofs_x = 2, .ofs_y = -2},
    {.bitmap_index = 9274, .adv_w = 256, .box_w = 15, .box_h = 16, .ofs_x = 1, .ofs_y = -2},
    {.bitmap_index = 9394, .adv_w = 256, .box_w = 9, .box_h = 14, .ofs_x = 5, .ofs_y = -1},
    {.bitmap_index = 9457, .adv_w = 256, .box_w = 11, .box_h = 14, .ofs_x = 4, .ofs_y = -1},
    {.bitmap_index = 9534, .adv_w = 256, .box_w = 15, .box_h = 14, .ofs_x = 1, .ofs_y = -1},
    {.bitmap_index = 9639, .adv_w = 256, .box_w = 16, .box_h = 14, .ofs_x = 0, .ofs_y = -1},
    {.bitmap_index = 9751, .adv_w = 256, .box_w = 14, .box_h = 15, .ofs_x = 2, .ofs_y = -1},
    {.bitmap_index = 9856, .adv_w = 256, .box_w = 15, .box_h = 15, .ofs_x = 1, .ofs_y = -1},
    {.bitmap_index = 9969, .adv_w = 256, .box_w = 15, .box_h = 14, .ofs_x = 1, .ofs_y = -1},
    {.bitmap_index = 10074, .adv_w = 256, .box_w = 15, .box_h = 14, .ofs_x = 1, .ofs_y = -1},
    {.bitmap_index = 10179, .adv_w = 256, .box_w = 14, .box_h = 13, .ofs_x = 1, .ofs_y = -1},
    {.bitmap_index = 10270, .adv_w = 256, .box_w = 12, .box_h = 12, .ofs_x = 2, .ofs_y = -2},
    {.bitmap_index = 10342, .adv_w = 256, .box_w = 12, .box_h = 10, .ofs_x = 2, .ofs_y = -1},
    {.bitmap_index = 10402, .adv_w = 256, .box_w = 13, .box_h = 14, .ofs_x = 2, .ofs_y = -1},
    {.bitmap_index = 10493, .adv_w = 256, .box_w = 10, .box_h = 14, .ofs_x = 3, .ofs_y = -1},
    {.bitmap_index = 10563, .adv_w = 256, .box_w = 16, .box_h = 14, .ofs_x = 0, .ofs_y = -1},
    {.bitmap_index = 10675, .adv_w = 256, .box_w = 12, .box_h = 14, .ofs_x = 3, .ofs_y = -1},
    {.bitmap_index = 10759, .adv_w = 256, .box_w = 14, .box_h = 13, .ofs_x = 1, .ofs_y = -1},
    {.bitmap_index = 10850, .adv_w = 256, .box_w = 13, .box_h = 13, .ofs_x = 2, .ofs_y = -1},
    {.bitmap_index = 10935, .adv_w = 256, .box_w = 4, .box_h = 4, .ofs_x = 6, .ofs_y = 4},
    {.bitmap_index = 10943, .adv_w = 256, .box_w = 14, .box_h = 3, .ofs_x = 1, .ofs_y = 5},
    {.bitmap_index = 10964, .adv_w = 256, .box_w = 16, .box_h = 3, .ofs_x = 0, .ofs_y = 5},
    {.bitmap_index = 10988, .adv_w = 256, .box_w = 16, .box_h = 15, .ofs_x = 0, .ofs_y = -1},
    {.bitmap_index = 11108, .adv_w = 256, .box_w = 16, .box_h = 14, .ofs_x = 0, .ofs_y = -1},
    {.bitmap_index = 11220, .adv_w = 256, .box_w = 16, .box_h = 14, .ofs_x = 0, .ofs_y = -1},
    {.bitmap_index = 11332, .adv_w = 256, .box_w = 15, .box_h = 14, .ofs_x = 0, .ofs_y = -1},
    {.bitmap_index = 11437, .adv_w = 256, .box_w = 14, .box_h = 15, .ofs_x = 1, .ofs_y = -1},
    {.bitmap_index = 11542, .adv_w = 256, .box_w = 16, .box_h = 16, .ofs_x = 0, .ofs_y = -2},
    {.bitmap_index = 11670, .adv_w = 256, .box_w = 16, .box_h = 16, .ofs_x = 0, .ofs_y = -2},
    {.bitmap_index = 11798, .adv_w = 256, .box_w = 16, .box_h = 16, .ofs_x = 0, .ofs_y = -2},
    {.bitmap_index = 11926, .adv_w = 256, .box_w = 16, .box_h = 16, .ofs_x = 0, .ofs_y = -2},
    {.bitmap_index = 12054, .adv_w = 256, .box_w = 16, .box_h = 16, .ofs_x = 0, .ofs_y = -1},
    {.bitmap_index = 12182, .adv_w = 256, .box_w = 16, .box_h = 16, .ofs_x = 0, .ofs_y = -2},
    {.bitmap_index = 12310, .adv_w = 256, .box_w = 16, .box_h = 16, .ofs_x = 0, .ofs_y = -1},
    {.bitmap_index = 12438, .adv_w = 256, .box_w = 16, .box_h = 15, .ofs_x = 0, .ofs_y = -1},
    {.bitmap_index = 12558, .adv_w = 256, .box_w = 16, .box_h = 15, .ofs_x = 0, .ofs_y = -1},
    {.bitmap_index = 12678, .adv_w = 256, .box_w = 16, .box_h = 15, .ofs_x = 0, .ofs_y = -1},
    {.bitmap_index = 12798, .adv_w = 256, .box_w = 16, .box_h = 15, .ofs_x = 0, .ofs_y = -1},
    {.bitmap_index = 12918, .adv_w = 256, .box_w = 16, .box_h = 16, .ofs_x = 0, .ofs_y = -1},
    {.bitmap_index = 13046, .adv_w = 256, .box_w = 15, .box_h = 17, .ofs_x = 0, .ofs_y = -2},
    {.bitmap_index = 13174, .adv_w = 256, .box_w = 16, .box_h = 17, .ofs_x = 0, .ofs_y = -2},
    {.bitmap_index = 13310, .adv_w = 256, .box_w = 16, .box_h = 15, .ofs_x = 0, .ofs_y = -1},
    {.bitmap_index = 13430, .adv_w = 256, .box_w = 16, .box_h = 16, .ofs_x = 0, .ofs_y = -2},
    {.bitmap_index = 13558, .adv_w = 256, .box_w = 16, .box_h = 16, .ofs_x = 0, .ofs_y = -1},
    {.bitmap_index = 13686, .adv_w = 256, .box_w = 16, .box_h = 15, .ofs_x = 0, .ofs_y = -2},
    {.bitmap_index = 13806, .adv_w = 256, .box_w = 16, .box_h = 14, .ofs_x = 0, .ofs_y = -1},
    {.bitmap_index = 13918, .adv_w = 256, .box_w = 16, .box_h = 15, .ofs_x = 0, .ofs_y = -1},
    {.bitmap_index = 14038, .adv_w = 256, .box_w = 16, .box_h = 16, .ofs_x = 0, .ofs_y = -2},
    {.bitmap_index = 14166, .adv_w = 256, .box_w = 16, .box_h = 16, .ofs_x = 0, .ofs_y = -2},
    {.bitmap_index = 14294, .adv_w = 256, .box_w = 14, .box_h = 15, .ofs_x = 1, .ofs_y = -1},
    {.bitmap_index = 14399, .adv_w = 256, .box_w = 16, .box_h = 15, .ofs_x = 0, .ofs_y = -2},
    {.bitmap_index = 14519, .adv_w = 256, .box_w = 16, .box_h = 16, .ofs_x = 0, .ofs_y = -2},
    {.bitmap_index = 14647, .adv_w = 256, .box_w = 16, .box_h = 16, .ofs_x = 0, .ofs_y = -2},
    {.bitmap_index = 14775, .adv_w = 256, .box_w = 16, .box_h = 15, .ofs_x = 0, .ofs_y = -2},
    {.bitmap_index = 14895, .adv_w = 256, .box_w = 15, .box_h = 16, .ofs_x = 0, .ofs_y = -2},
    {.bitmap_index = 15015, .adv_w = 256, .box_w = 15, .box_h = 16, .ofs_x = 0, .ofs_y = -2},
    {.bitmap_index = 15135, .adv_w = 256, .box_w = 15, .box_h = 16, .ofs_x = 0, .ofs_y = -2},
    {.bitmap_index = 15255, .adv_w = 256, .box_w = 16, .box_h = 17, .ofs_x = 0, .ofs_y = -2},
    {.bitmap_index = 15391, .adv_w = 256, .box_w = 15, .box_h = 15, .ofs_x = 0, .ofs_y = -1},
    {.bitmap_index = 15504, .adv_w = 256, .box_w = 15, .box_h = 16, .ofs_x = 0, .ofs_y = -2},
    {.bitmap_index = 15624, .adv_w = 256, .box_w = 16, .box_h = 15, .ofs_x = 0, .ofs_y = -1},
    {.bitmap_index = 15744, .adv_w = 256, .box_w = 15, .box_h = 16, .ofs_x = 0, .ofs_y = -2},
    {.bitmap_index = 15864, .adv_w = 256, .box_w = 15, .box_h = 16, .ofs_x = 0, .ofs_y = -2},
    {.bitmap_index = 15984, .adv_w = 256, .box_w = 16, .box_h = 15, .ofs_x = 0, .ofs_y = -1},
    {.bitmap_index = 16104, .adv_w = 256, .box_w = 15, .box_h = 14, .ofs_x = 1, .ofs_y = -1},
    {.bitmap_index = 16209, .adv_w = 256, .box_w = 15, .box_h = 15, .ofs_x = 1, .ofs_y = -1},
    {.bitmap_index = 16322, .adv_w = 256, .box_w = 16, .box_h = 15, .ofs_x = 0, .ofs_y = -2},
    {.bitmap_index = 16442, .adv_w = 256, .box_w = 16, .box_h = 15, .ofs_x = 0, .ofs_y = -2},
    {.bitmap_index = 16562, .adv_w = 256, .box_w = 16, .box_h = 14, .ofs_x = 0, .ofs_y = -1},
    {.bitmap_index = 16674, .adv_w = 256, .box_w = 13, .box_h = 14, .ofs_x = 2, .ofs_y = -2},
    {.bitmap_index = 16765, .adv_w = 256, .box_w = 15, .box_h = 15, .ofs_x = 1, .ofs_y = -2},
    {.bitmap_index = 16878, .adv_w = 256, .box_w = 16, .box_h = 16, .ofs_x = 0, .ofs_y = -2},
    {.bitmap_index = 17006, .adv_w = 256, .box_w = 16, .box_h = 15, .ofs_x = 0, .ofs_y = -2},
    {.bitmap_index = 17126, .adv_w = 256, .box_w = 14, .box_h = 14, .ofs_x = 1, .ofs_y = -1},
    {.bitmap_index = 17224, .adv_w = 256, .box_w = 16, .box_h = 15, .ofs_x = 0, .ofs_y = -1},
    {.bitmap_index = 17344, .adv_w = 256, .box_w = 15, .box_h = 15, .ofs_x = 0, .ofs_y = -1},
    {.bitmap_index = 17457, .adv_w = 256, .box_w = 14, .box_h = 15, .ofs_x = 1, .ofs_y = -2},
    {.bitmap_index = 17562, .adv_w = 256, .box_w = 14, .box_h = 14, .ofs_x = 1, .ofs_y = -1},
    {.bitmap_index = 17660, .adv_w = 256, .box_w = 16, .box_h = 15, .ofs_x = 0, .ofs_y = -1},
    {.bitmap_index = 17780, .adv_w = 256, .box_w = 16, .box_h = 15, .ofs_x = 0, .ofs_y = -1},
    {.bitmap_index = 17900, .adv_w = 256, .box_w = 16, .box_h = 15, .ofs_x = 0, .ofs_y = -1},
    {.bitmap_index = 18020, .adv_w = 256, .box_w = 16, .box_h = 17, .ofs_x = 0, .ofs_y = -2},
    {.bitmap_index = 18156, .adv_w = 256, .box_w = 16, .box_h = 15, .ofs_x = 0, .ofs_y = -1},
    {.bitmap_index = 18276, .adv_w = 256, .box_w = 16, .box_h = 16, .ofs_x = 0, .ofs_y = -2},
    {.bitmap_index = 18404, .adv_w = 256, .box_w = 16, .box_h = 16, .ofs_x = 0, .ofs_y = -2},
    {.bitmap_index = 18532, .adv_w = 256, .box_w = 15, .box_h = 16, .ofs_x = 0, .ofs_y = -2},
    {.bitmap_index = 18652, .adv_w = 256, .box_w = 16, .box_h = 16, .ofs_x = 0, .ofs_y = -2},
    {.bitmap_index = 18780, .adv_w = 256, .box_w = 16, .box_h = 15, .ofs_x = 0, .ofs_y = -2},
    {.bitmap_index = 18900, .adv_w = 256, .box_w = 16, .box_h = 16, .ofs_x = 0, .ofs_y = -2},
    {.bitmap_index = 19028, .adv_w = 256, .box_w = 16, .box_h = 16, .ofs_x = 0, .ofs_y = -2},
    {.bitmap_index = 19156, .adv_w = 256, .box_w = 16, .box_h = 16, .ofs_x = 0, .ofs_y = -2},
    {.bitmap_index = 19284, .adv_w = 256, .box_w = 16, .box_h = 16, .ofs_x = 0, .ofs_y = -2},
    {.bitmap_index = 19412, .adv_w = 256, .box_w = 16, .box_h = 16, .ofs_x = 0, .ofs_y = -2},
    {.bitmap_index = 19540, .adv_w = 256, .box_w = 16, .box_h = 15, .ofs_x = 0, .ofs_y = -1},
    {.bitmap_index = 19660, .adv_w = 256, .box_w = 16, .box_h = 15, .ofs_x = 0, .ofs_y = -1},
    {.bitmap_index = 19780, .adv_w = 256, .box_w = 15, .box_h = 16, .ofs_x = 1, .ofs_y = -2},
    {.bitmap_index = 19900, .adv_w = 256, .box_w = 16, .box_h = 15, .ofs_x = 0, .ofs_y = -2},
    {.bitmap_index = 20020, .adv_w = 256, .box_w = 14, .box_h = 14, .ofs_x = 1, .ofs_y = -1},
    {.bitmap_index = 20118, .adv_w = 256, .box_w = 16, .box_h = 15, .ofs_x = 0, .ofs_y = -1},
    {.bitmap_index = 20238, .adv_w = 256, .box_w = 15, .box_h = 14, .ofs_x = 1, .ofs_y = -1},
    {.bitmap_index = 20343, .adv_w = 256, .box_w = 16, .box_h = 15, .ofs_x = 0, .ofs_y = -1},
    {.bitmap_index = 20463, .adv_w = 256, .box_w = 16, .box_h = 16, .ofs_x = 0, .ofs_y = -2},
    {.bitmap_index = 20591, .adv_w = 256, .box_w = 16, .box_h = 16, .ofs_x = 0, .ofs_y = -2},
    {.bitmap_index = 20719, .adv_w = 256, .box_w = 14, .box_h = 15, .ofs_x = 1, .ofs_y = -1},
    {.bitmap_index = 20824, .adv_w = 256, .box_w = 16, .box_h = 16, .ofs_x = 0, .ofs_y = -2},
    {.bitmap_index = 20952, .adv_w = 256, .box_w = 16, .box_h = 16, .ofs_x = 0, .ofs_y = -2},
    {.bitmap_index = 21080, .adv_w = 256, .box_w = 16, .box_h = 16, .ofs_x = 0, .ofs_y = -2},
    {.bitmap_index = 21208, .adv_w = 256, .box_w = 16, .box_h = 15, .ofs_x = 0, .ofs_y = -1},
    {.bitmap_index = 21328, .adv_w = 256, .box_w = 16, .box_h = 15, .ofs_x = 0, .ofs_y = -1},
    {.bitmap_index = 21448, .adv_w = 256, .box_w = 16, .box_h = 16, .ofs_x = 0, .ofs_y = -2},
    {.bitmap_index = 21576, .adv_w = 256, .box_w = 16, .box_h = 15, .ofs_x = 0, .ofs_y = -1},
    {.bitmap_index = 21696, .adv_w = 256, .box_w = 16, .box_h = 15, .ofs_x = 0, .ofs_y = -1},
    {.bitmap_index = 21816, .adv_w = 256, .box_w = 16, .box_h = 16, .ofs_x = 0, .ofs_y = -1},
    {.bitmap_index = 21944, .adv_w = 256, .box_w = 16, .box_h = 16, .ofs_x = 0, .ofs_y = -1},
    {.bitmap_index = 22072, .adv_w = 256, .box_w = 16, .box_h = 17, .ofs_x = 0, .ofs_y = -2},
    {.bitmap_index = 22208, .adv_w = 256, .box_w = 16, .box_h = 16, .ofs_x = 0, .ofs_y = -2},
    {.bitmap_index = 22336, .adv_w = 256, .box_w = 16, .box_h = 15, .ofs_x = 0, .ofs_y = -1},
    {.bitmap_index = 22456, .adv_w = 256, .box_w = 16, .box_h = 17, .ofs_x = 0, .ofs_y = -2},
    {.bitmap_index = 22592, .adv_w = 256, .box_w = 16, .box_h = 16, .ofs_x = 0, .ofs_y = -2},
    {.bitmap_index = 22720, .adv_w = 256, .box_w = 16, .box_h = 16, .ofs_x = 0, .ofs_y = -2},
    {.bitmap_index = 22848, .adv_w = 256, .box_w = 16, .box_h = 16, .ofs_x = 0, .ofs_y = -2},
    {.bitmap_index = 22976, .adv_w = 256, .box_w = 16, .box_h = 15, .ofs_x = 0, .ofs_y = -1},
    {.bitmap_index = 23096, .adv_w = 256, .box_w = 16, .box_h = 16, .ofs_x = 0, .ofs_y = -2},
    {.bitmap_index = 23224, .adv_w = 256, .box_w = 16, .box_h = 16, .ofs_x = 0, .ofs_y = -2},
    {.bitmap_index = 23352, .adv_w = 256, .box_w = 16, .box_h = 15, .ofs_x = 0, .ofs_y = -1},
    {.bitmap_index = 23472, .adv_w = 256, .box_w = 16, .box_h = 16, .ofs_x = 0, .ofs_y = -2},
    {.bitmap_index = 23600, .adv_w = 256, .box_w = 16, .box_h = 16, .ofs_x = 0, .ofs_y = -2},
    {.bitmap_index = 23728, .adv_w = 256, .box_w = 16, .box_h = 16, .ofs_x = 0, .ofs_y = -2},
    {.bitmap_index = 23856, .adv_w = 256, .box_w = 16, .box_h = 17, .ofs_x = 0, .ofs_y = -2},
    {.bitmap_index = 23992, .adv_w = 256, .box_w = 15, .box_h = 16, .ofs_x = 1, .ofs_y = -2},
    {.bitmap_index = 24112, .adv_w = 256, .box_w = 16, .box_h = 16, .ofs_x = 0, .ofs_y = -2},
    {.bitmap_index = 24240, .adv_w = 256, .box_w = 16, .box_h = 16, .ofs_x = 0, .ofs_y = -2},
    {.bitmap_index = 24368, .adv_w = 256, .box_w = 12, .box_h = 15, .ofs_x = 2, .ofs_y = -2},
    {.bitmap_index = 24458, .adv_w = 256, .box_w = 14, .box_h = 15, .ofs_x = 1, .ofs_y = -2},
    {.bitmap_index = 24563, .adv_w = 256, .box_w = 14, .box_h = 15, .ofs_x = 1, .ofs_y = -2},
    {.bitmap_index = 24668, .adv_w = 256, .box_w = 15, .box_h = 16, .ofs_x = 1, .ofs_y = -2},
    {.bitmap_index = 24788, .adv_w = 256, .box_w = 15, .box_h = 15, .ofs_x = 1, .ofs_y = -1},
    {.bitmap_index = 24901, .adv_w = 256, .box_w = 16, .box_h = 15, .ofs_x = 0, .ofs_y = -2},
    {.bitmap_index = 25021, .adv_w = 256, .box_w = 16, .box_h = 15, .ofs_x = 0, .ofs_y = -2},
    {.bitmap_index = 25141, .adv_w = 256, .box_w = 16, .box_h = 14, .ofs_x = 0, .ofs_y = -1},
    {.bitmap_index = 25253, .adv_w = 256, .box_w = 14, .box_h = 15, .ofs_x = 0, .ofs_y = -2},
    {.bitmap_index = 25358, .adv_w = 256, .box_w = 16, .box_h = 15, .ofs_x = 0, .ofs_y = -1},
    {.bitmap_index = 25478, .adv_w = 256, .box_w = 16, .box_h = 15, .ofs_x = 0, .ofs_y = -2},
    {.bitmap_index = 25598, .adv_w = 256, .box_w = 15, .box_h = 16, .ofs_x = 0, .ofs_y = -2},
    {.bitmap_index = 25718, .adv_w = 256, .box_w = 16, .box_h = 15, .ofs_x = 0, .ofs_y = -1},
    {.bitmap_index = 25838, .adv_w = 256, .box_w = 16, .box_h = 15, .ofs_x = 0, .ofs_y = -1},
    {.bitmap_index = 25958, .adv_w = 256, .box_w = 16, .box_h = 15, .ofs_x = 0, .ofs_y = -1},
    {.bitmap_index = 26078, .adv_w = 256, .box_w = 16, .box_h = 15, .ofs_x = 0, .ofs_y = -1},
    {.bitmap_index = 26198, .adv_w = 256, .box_w = 16, .box_h = 15, .ofs_x = 0, .ofs_y = -1},
    {.bitmap_index = 26318, .adv_w = 256, .box_w = 16, .box_h = 15, .ofs_x = 0, .ofs_y = -1},
    {.bitmap_index = 26438, .adv_w = 256, .box_w = 16, .box_h = 15, .ofs_x = 0, .ofs_y = -1},
    {.bitmap_index = 26558, .adv_w = 256, .box_w = 16, .box_h = 14, .ofs_x = 0, .ofs_y = -1},
    {.bitmap_index = 26670, .adv_w = 256, .box_w = 16, .box_h = 16, .ofs_x = 0, .ofs_y = -1},
    {.bitmap_index = 26798, .adv_w = 256, .box_w = 16, .box_h = 15, .ofs_x = 0, .ofs_y = -1},
    {.bitmap_index = 26918, .adv_w = 256, .box_w = 16, .box_h = 16, .ofs_x = 0, .ofs_y = -2},
    {.bitmap_index = 27046, .adv_w = 256, .box_w = 16, .box_h = 16, .ofs_x = 0, .ofs_y = -1},
    {.bitmap_index = 27174, .adv_w = 256, .box_w = 16, .box_h = 16, .ofs_x = 0, .ofs_y = -2},
    {.bitmap_index = 27302, .adv_w = 256, .box_w = 16, .box_h = 17, .ofs_x = 0, .ofs_y = -2},
    {.bitmap_index = 27438, .adv_w = 256, .box_w = 16, .box_h = 16, .ofs_x = 0, .ofs_y = -2},
    {.bitmap_index = 27566, .adv_w = 256, .box_w = 16, .box_h = 15, .ofs_x = 0, .ofs_y = -1},
    {.bitmap_index = 27686, .adv_w = 256, .box_w = 16, .box_h = 15, .ofs_x = 0, .ofs_y = -1},
    {.bitmap_index = 27806, .adv_w = 256, .box_w = 16, .box_h = 16, .ofs_x = 0, .ofs_y = -2},
    {.bitmap_index = 27934, .adv_w = 256, .box_w = 16, .box_h = 15, .ofs_x = 0, .ofs_y = -1},
    {.bitmap_index = 28054, .adv_w = 256, .box_w = 16, .box_h = 16, .ofs_x = 0, .ofs_y = -2},
    {.bitmap_index = 28182, .adv_w = 256, .box_w = 16, .box_h = 16, .ofs_x = 0, .ofs_y = -2},
    {.bitmap_index = 28310, .adv_w = 256, .box_w = 16, .box_h = 16, .ofs_x = 0, .ofs_y = -2},
    {.bitmap_index = 28438, .adv_w = 256, .box_w = 16, .box_h = 16, .ofs_x = 0, .ofs_y = -2},
    {.bitmap_index = 28566, .adv_w = 256, .box_w = 16, .box_h = 16, .ofs_x = 0, .ofs_y = -2},
    {.bitmap_index = 28694, .adv_w = 256, .box_w = 16, .box_h = 16, .ofs_x = 0, .ofs_y = -2},
    {.bitmap_index = 28822, .adv_w = 256, .box_w = 16, .box_h = 16, .ofs_x = 0, .ofs_y = -2},
    {.bitmap_index = 28950, .adv_w = 256, .box_w = 16, .box_h = 15, .ofs_x = 0, .ofs_y = -1},
    {.bitmap_index = 29070, .adv_w = 256, .box_w = 16, .box_h = 16, .ofs_x = 0, .ofs_y = -2},
    {.bitmap_index = 29198, .adv_w = 256, .box_w = 16, .box_h = 16, .ofs_x = 0, .ofs_y = -2},
    {.bitmap_index = 29326, .adv_w = 256, .box_w = 16, .box_h = 15, .ofs_x = 0, .ofs_y = -1},
    {.bitmap_index = 29446, .adv_w = 256, .box_w = 16, .box_h = 16, .ofs_x = 0, .ofs_y = -2},
    {.bitmap_index = 29574, .adv_w = 256, .box_w = 16, .box_h = 16, .ofs_x = 0, .ofs_y = -2},
    {.bitmap_index = 29702, .adv_w = 256, .box_w = 16, .box_h = 16, .ofs_x = 0, .ofs_y = -2},
    {.bitmap_index = 29830, .adv_w = 256, .box_w = 16, .box_h = 17, .ofs_x = 0, .ofs_y = -2},
    {.bitmap_index = 29966, .adv_w = 256, .box_w = 16, .box_h = 15, .ofs_x = 0, .ofs_y = -1},
    {.bitmap_index = 30086, .adv_w = 256, .box_w = 15, .box_h = 15, .ofs_x = 0, .ofs_y = -2},
    {.bitmap_index = 30199, .adv_w = 256, .box_w = 16, .box_h = 14, .ofs_x = 0, .ofs_y = -1},
    {.bitmap_index = 30311, .adv_w = 256, .box_w = 15, .box_h = 16, .ofs_x = 0, .ofs_y = -2},
    {.bitmap_index = 30431, .adv_w = 256, .box_w = 16, .box_h = 16, .ofs_x = 0, .ofs_y = -2},
    {.bitmap_index = 30559, .adv_w = 256, .box_w = 16, .box_h = 14, .ofs_x = 0, .ofs_y = -1},
    {.bitmap_index = 30671, .adv_w = 256, .box_w = 14, .box_h = 16, .ofs_x = 1, .ofs_y = -2},
    {.bitmap_index = 30783, .adv_w = 256, .box_w = 16, .box_h = 15, .ofs_x = 0, .ofs_y = -1},
    {.bitmap_index = 30903, .adv_w = 256, .box_w = 16, .box_h = 16, .ofs_x = 0, .ofs_y = -1},
    {.bitmap_index = 31031, .adv_w = 256, .box_w = 16, .box_h = 15, .ofs_x = 0, .ofs_y = -2},
    {.bitmap_index = 31151, .adv_w = 256, .box_w = 15, .box_h = 16, .ofs_x = 1, .ofs_y = -2},
    {.bitmap_index = 31271, .adv_w = 256, .box_w = 16, .box_h = 16, .ofs_x = 0, .ofs_y = -2},
    {.bitmap_index = 31399, .adv_w = 256, .box_w = 16, .box_h = 15, .ofs_x = 0, .ofs_y = -1},
    {.bitmap_index = 31519, .adv_w = 256, .box_w = 16, .box_h = 15, .ofs_x = 0, .ofs_y = -1},
    {.bitmap_index = 31639, .adv_w = 256, .box_w = 15, .box_h = 16, .ofs_x = 0, .ofs_y = -2},
    {.bitmap_index = 31759, .adv_w = 256, .box_w = 16, .box_h = 15, .ofs_x = 0, .ofs_y = -1},
    {.bitmap_index = 31879, .adv_w = 256, .box_w = 16, .box_h = 16, .ofs_x = 0, .ofs_y = -2},
    {.bitmap_index = 32007, .adv_w = 256, .box_w = 15, .box_h = 16, .ofs_x = 0, .ofs_y = -2},
    {.bitmap_index = 32127, .adv_w = 256, .box_w = 15, .box_h = 15, .ofs_x = 0, .ofs_y = -1},
    {.bitmap_index = 32240, .adv_w = 256, .box_w = 16, .box_h = 16, .ofs_x = 0, .ofs_y = -2},
    {.bitmap_index = 32368, .adv_w = 256, .box_w = 16, .box_h = 16, .ofs_x = 0, .ofs_y = -2},
    {.bitmap_index = 32496, .adv_w = 256, .box_w = 14, .box_h = 14, .ofs_x = 1, .ofs_y = -1},
    {.bitmap_index = 32594, .adv_w = 256, .box_w = 15, .box_h = 14, .ofs_x = 1, .ofs_y = -1},
    {.bitmap_index = 32699, .adv_w = 256, .box_w = 16, .box_h = 16, .ofs_x = 0, .ofs_y = -2},
    {.bitmap_index = 32827, .adv_w = 256, .box_w = 16, .box_h = 16, .ofs_x = 0, .ofs_y = -1},
    {.bitmap_index = 32955, .adv_w = 256, .box_w = 12, .box_h = 16, .ofs_x = 2, .ofs_y = -2},
    {.bitmap_index = 33051, .adv_w = 256, .box_w = 16, .box_h = 16, .ofs_x = 0, .ofs_y = -2},
    {.bitmap_index = 33179, .adv_w = 256, .box_w = 16, .box_h = 16, .ofs_x = 0, .ofs_y = -2},
    {.bitmap_index = 33307, .adv_w = 256, .box_w = 16, .box_h = 16, .ofs_x = 0, .ofs_y = -2},
    {.bitmap_index = 33435, .adv_w = 256, .box_w = 16, .box_h = 15, .ofs_x = 0, .ofs_y = -2},
    {.bitmap_index = 33555, .adv_w = 256, .box_w = 14, .box_h = 16, .ofs_x = 0, .ofs_y = -2},
    {.bitmap_index = 33667, .adv_w = 256, .box_w = 16, .box_h = 16, .ofs_x = 0, .ofs_y = -2},
    {.bitmap_index = 33795, .adv_w = 256, .box_w = 16, .box_h = 16, .ofs_x = 0, .ofs_y = -2},
    {.bitmap_index = 33923, .adv_w = 256, .box_w = 16, .box_h = 15, .ofs_x = 0, .ofs_y = -2},
    {.bitmap_index = 34043, .adv_w = 256, .box_w = 16, .box_h = 14, .ofs_x = 0, .ofs_y = -1},
    {.bitmap_index = 34155, .adv_w = 256, .box_w = 16, .box_h = 16, .ofs_x = 0, .ofs_y = -2},
    {.bitmap_index = 34283, .adv_w = 256, .box_w = 16, .box_h = 15, .ofs_x = 0, .ofs_y = -1},
    {.bitmap_index = 34403, .adv_w = 256, .box_w = 16, .box_h = 15, .ofs_x = 0, .ofs_y = -1},
    {.bitmap_index = 34523, .adv_w = 256, .box_w = 16, .box_h = 16, .ofs_x = 0, .ofs_y = -2},
    {.bitmap_index = 34651, .adv_w = 256, .box_w = 16, .box_h = 16, .ofs_x = 0, .ofs_y = -2},
    {.bitmap_index = 34779, .adv_w = 256, .box_w = 16, .box_h = 16, .ofs_x = 0, .ofs_y = -2},
    {.bitmap_index = 34907, .adv_w = 256, .box_w = 16, .box_h = 16, .ofs_x = 0, .ofs_y = -2},
    {.bitmap_index = 35035, .adv_w = 256, .box_w = 16, .box_h = 15, .ofs_x = 0, .ofs_y = -1},
    {.bitmap_index = 35155, .adv_w = 256, .box_w = 16, .box_h = 15, .ofs_x = 0, .ofs_y = -1},
    {.bitmap_index = 35275, .adv_w = 256, .box_w = 16, .box_h = 16, .ofs_x = 0, .ofs_y = -2},
    {.bitmap_index = 35403, .adv_w = 256, .box_w = 16, .box_h = 16, .ofs_x = 0, .ofs_y = -2},
    {.bitmap_index = 35531, .adv_w = 256, .box_w = 16, .box_h = 17, .ofs_x = 0, .ofs_y = -2},
    {.bitmap_index = 35667, .adv_w = 256, .box_w = 16, .box_h = 16, .ofs_x = 0, .ofs_y = -2},
    {.bitmap_index = 35795, .adv_w = 256, .box_w = 16, .box_h = 16, .ofs_x = 0, .ofs_y = -2},
    {.bitmap_index = 35923, .adv_w = 256, .box_w = 16, .box_h = 16, .ofs_x = 0, .ofs_y = -2},
    {.bitmap_index = 36051, .adv_w = 256, .box_w = 16, .box_h = 15, .ofs_x = 0, .ofs_y = -1},
    {.bitmap_index = 36171, .adv_w = 256, .box_w = 16, .box_h = 15, .ofs_x = 0, .ofs_y = -1},
    {.bitmap_index = 36291, .adv_w = 256, .box_w = 16, .box_h = 14, .ofs_x = 0, .ofs_y = -1},
    {.bitmap_index = 36403, .adv_w = 256, .box_w = 16, .box_h = 15, .ofs_x = 0, .ofs_y = -1},
    {.bitmap_index = 36523, .adv_w = 256, .box_w = 16, .box_h = 15, .ofs_x = 0, .ofs_y = -2},
    {.bitmap_index = 36643, .adv_w = 256, .box_w = 14, .box_h = 15, .ofs_x = 1, .ofs_y = -2},
    {.bitmap_index = 36748, .adv_w = 256, .box_w = 14, .box_h = 15, .ofs_x = 1, .ofs_y = -2},
    {.bitmap_index = 36853, .adv_w = 256, .box_w = 14, .box_h = 15, .ofs_x = 1, .ofs_y = -2},
    {.bitmap_index = 36958, .adv_w = 256, .box_w = 15, .box_h = 16, .ofs_x = 1, .ofs_y = -2},
    {.bitmap_index = 37078, .adv_w = 256, .box_w = 15, .box_h = 15, .ofs_x = 1, .ofs_y = -1},
    {.bitmap_index = 37191, .adv_w = 256, .box_w = 15, .box_h = 15, .ofs_x = 1, .ofs_y = -1},
    {.bitmap_index = 37304, .adv_w = 256, .box_w = 15, .box_h = 16, .ofs_x = 1, .ofs_y = -2},
    {.bitmap_index = 37424, .adv_w = 256, .box_w = 16, .box_h = 15, .ofs_x = 0, .ofs_y = -1},
    {.bitmap_index = 37544, .adv_w = 256, .box_w = 16, .box_h = 15, .ofs_x = 0, .ofs_y = -2},
    {.bitmap_index = 37664, .adv_w = 256, .box_w = 14, .box_h = 14, .ofs_x = 1, .ofs_y = -1},
    {.bitmap_index = 37762, .adv_w = 256, .box_w = 14, .box_h = 15, .ofs_x = 1, .ofs_y = -2},
    {.bitmap_index = 37867, .adv_w = 256, .box_w = 16, .box_h = 15, .ofs_x = 0, .ofs_y = -2},
    {.bitmap_index = 37987, .adv_w = 256, .box_w = 16, .box_h = 14, .ofs_x = 0, .ofs_y = -1},
    {.bitmap_index = 38099, .adv_w = 256, .box_w = 16, .box_h = 16, .ofs_x = 0, .ofs_y = -2},
    {.bitmap_index = 38227, .adv_w = 256, .box_w = 16, .box_h = 15, .ofs_x = 0, .ofs_y = -2},
    {.bitmap_index = 38347, .adv_w = 256, .box_w = 16, .box_h = 15, .ofs_x = 0, .ofs_y = -2},
    {.bitmap_index = 38467, .adv_w = 256, .box_w = 15, .box_h = 15, .ofs_x = 0, .ofs_y = -1},
    {.bitmap_index = 38580, .adv_w = 256, .box_w = 4, .box_h = 6, .ofs_x = 2, .ofs_y = -2},
    {.bitmap_index = 38592, .adv_w = 256, .box_w = 4, .box_h = 14, .ofs_x = 6, .ofs_y = -2}
};

/*---------------------
 *  CHARACTER MAPPING
 *--------------------*/

static const uint16_t unicode_list_1[] = {
    0x0, 0x7, 0x27, 0x47, 0x1f63, 0x1f76, 0x20e1, 0x20e3,
    0x216e, 0x2f50, 0x2f51, 0x2f52, 0x2f5c, 0x2f5d, 0x2f94, 0x2f9b,
    0x2f9c, 0x2f9d, 0x2f9f, 0x2fa4, 0x2fa5, 0x2fa7, 0x2fa8, 0x2fa9,
    0x2fab, 0x2fb0, 0x2fb4, 0x2fb6, 0x2fb7, 0x2fb8, 0x2fba, 0x2fbb,
    0x2fbe, 0x2fbf, 0x2fc8, 0x2fce, 0x2fcf, 0x2fd0, 0x2fd1, 0x2fd2,
    0x2fda, 0x2fdb, 0x2fdc, 0x2fdf, 0x2fe2, 0x2fe3, 0x2ff4, 0x2ffa,
    0x2ffb, 0x2ffd, 0x2fff, 0x3005, 0x3006, 0x3009, 0x300b, 0x300f,
    0x3010, 0x3011, 0x3013, 0x3017, 0x3018, 0x3019, 0x301d, 0x3021,
    0x3023, 0x3027, 0x302b, 0x3030, 0x3032, 0x3033, 0x3035, 0x3039,
    0x303a, 0x303b, 0x303c, 0x303f, 0x3043, 0x304b, 0x304c, 0x4d50,
    0x4d5a, 0x4d5b, 0x4d5d, 0x4d74, 0x4d7d, 0x4dd8, 0x4ddb, 0x4dfc,
    0x4e1a, 0x4e46, 0x4e6a, 0x4e9d, 0x4e9e, 0x4ea3, 0x4ea9, 0x4eac,
    0x4ecf, 0x4edb, 0x4eeb, 0x4f2d, 0x4f31, 0x4f74, 0x5093, 0x50b5,
    0x50b8, 0x50bd, 0x50c1, 0x50d5, 0x50dd, 0x513d, 0x5156, 0x5157,
    0x5167, 0x5179, 0x517b, 0x5186, 0x518b, 0x519a, 0x519d, 0x51f0,
    0x5225, 0x5255, 0x528a, 0x52a8, 0x52ef, 0x531c, 0x5326, 0x5333,
    0x533f, 0x5343, 0x5347, 0x535c, 0x537b, 0x53dc, 0x5411, 0x562e,
    0x566f, 0x5678, 0x5680, 0x5697, 0x572f, 0x5781, 0x5784, 0x5840,
    0x586a, 0x5879, 0x5881, 0x5aa8, 0x5aea, 0x5aef, 0x5af2, 0x5af4,
    0x5b4e, 0x5b52, 0x5b9f, 0x5bc1, 0x5d36, 0x5d42, 0x5dc4, 0x5de5,
    0x5df6, 0x5ea3, 0x5eb2, 0x5ed5, 0x5ee7, 0x5f15, 0x5f28, 0x5f2c,
    0x5fbf, 0x6015, 0x606f, 0x609b, 0x6166, 0x6190, 0x6226, 0x6251,
    0x6259, 0x62be, 0x62f5, 0x62f7, 0x631f, 0x6320, 0x641d, 0x647f,
    0x64a7, 0x64c0, 0x64e9, 0x64fd, 0x6500, 0x6509, 0x6535, 0x6537,
    0x655e, 0x6592, 0x65c4, 0x6617, 0x6644, 0x6650, 0x6658, 0x6659,
    0x665d, 0x666f, 0x6678, 0x667a, 0x667c, 0x668a, 0x66b1, 0x66b5,
    0x66c1, 0x66ec, 0x6723, 0x6798, 0x686c, 0x69af, 0x6a71, 0x6adb,
    0x6b1f, 0x6b24, 0x6b64, 0x6b67, 0x6b84, 0x6bf1, 0x6c11, 0x6cc7,
    0x6d58, 0x6d79, 0x6d82, 0x6dcf, 0x6e21, 0x6e2a, 0x6e64, 0x6fbb,
    0x7009, 0x7071, 0x7198, 0x7206, 0x72d7, 0x7478, 0x748b, 0x74a9,
    0x75ca, 0x75ce, 0x75d4, 0x765b, 0x780a, 0x788a, 0x790b, 0x7922,
    0x795b, 0x79e3, 0x79e7, 0x7a7c, 0x7aa4, 0x7c54, 0x7c80, 0x7c92,
    0x7cea, 0x7ea1, 0x7ebe, 0x7ede, 0x804d, 0x813a, 0x879c, 0x87b8,
    0x884d, 0x88d1, 0x8922, 0x8933, 0x8936, 0x897d, 0x898c, 0x89b6,
    0x89c3, 0x89dd, 0x89fc, 0x89fd, 0x8ac0, 0x8c17, 0x8e1a, 0x8eb6,
    0x8f0c, 0x8f24, 0x8f40, 0x8f81, 0x9038, 0x909d, 0x90e2, 0x911d,
    0x911f, 0x9121, 0x94c7, 0x94d9, 0x94db, 0x94e3, 0x959d, 0x95a0,
    0x95b4, 0x95eb, 0x9616, 0x9638, 0x963a, 0x9647, 0x9677, 0x96b2,
    0x9743, 0x979c, 0x97c5, 0x9a28, 0xfe5c, 0xfe6b
};

/*Collect the unicode lists and glyph_id offsets*/
static const lv_font_fmt_txt_cmap_t cmaps[] =
{
    {
        .range_start = 32, .range_length = 95, .glyph_id_start = 1,
        .unicode_list = NULL, .glyph_id_ofs_list = NULL, .list_length = 0, .type = LV_FONT_FMT_TXT_CMAP_FORMAT0_TINY
    },
    {
        .range_start = 176, .range_length = 65132, .glyph_id_start = 96,
        .unicode_list = unicode_list_1, .glyph_id_ofs_list = NULL, .list_length = 310, .type = LV_FONT_FMT_TXT_CMAP_SPARSE_TINY
    }
};

/*-----------------
 *    KERNING
 *----------------*/


/*Pair left and right glyphs for kerning*/
static const uint16_t kern_pair_glyph_ids[] =
{
    3, 13,
    3, 15,
    3, 34,
    3, 43,
    3, 52,
    3, 57,
    3, 68,
    3, 69,
    3, 70,
    3, 80,
    3, 82,
    3, 84,
    8, 13,
    8, 15,
    8, 34,
    8, 43,
    8, 52,
    8, 57,
    8, 68,
    8, 69,
    8, 70,
    8, 80,
    8, 82,
    8, 84,
    9, 43,
    9, 75,
    13, 3,
    13, 8,
    13, 11,
    13, 53,
    13, 54,
    13, 55,
    13, 56,
    13, 58,
    13, 68,
    13, 69,
    13, 70,
    13, 75,
    13, 80,
    13, 82,
    13, 85,
    13, 87,
    13, 88,
    13, 90,
    14, 43,
    14, 52,
    14, 53,
    14, 55,
    14, 56,
    14, 57,
    14, 58,
    14, 59,
    14, 85,
    14, 87,
    14, 89,
    15, 3,
    15, 8,
    15, 11,
    15, 53,
    15, 54,
    15, 55,
    15, 56,
    15, 58,
    15, 68,
    15, 69,
    15, 70,
    15, 75,
    15, 80,
    15, 82,
    15, 85,
    15, 87,
    15, 88,
    15, 90,
    16, 34,
    16, 36,
    16, 40,
    16, 43,
    16, 48,
    16, 50,
    16, 66,
    16, 68,
    16, 69,
    16, 70,
    16, 72,
    16, 74,
    16, 75,
    16, 80,
    16, 82,
    16, 85,
    16, 86,
    27, 11,
    27, 58,
    28, 11,
    28, 58,
    34, 3,
    34, 8,
    34, 11,
    34, 32,
    34, 34,
    34, 36,
    34, 40,
    34, 48,
    34, 50,
    34, 53,
    34, 54,
    34, 55,
    34, 57,
    34, 58,
    34, 59,
    34, 61,
    34, 66,
    34, 71,
    34, 84,
    34, 85,
    34, 86,
    34, 87,
    34, 88,
    34, 89,
    34, 90,
    34, 97,
    35, 11,
    35, 43,
    35, 52,
    35, 53,
    35, 55,
    35, 56,
    35, 57,
    35, 58,
    35, 59,
    35, 85,
    35, 87,
    35, 88,
    35, 89,
    35, 90,
    35, 97,
    36, 14,
    36, 36,
    36, 40,
    36, 43,
    36, 48,
    36, 50,
    36, 52,
    36, 53,
    36, 54,
    36, 55,
    36, 56,
    36, 57,
    36, 58,
    36, 59,
    36, 72,
    36, 85,
    36, 86,
    36, 87,
    36, 88,
    36, 90,
    36, 97,
    36, 100,
    37, 11,
    37, 16,
    37, 34,
    37, 43,
    37, 53,
    37, 55,
    37, 56,
    37, 57,
    37, 58,
    37, 59,
    37, 89,
    37, 91,
    38, 68,
    38, 69,
    38, 70,
    38, 80,
    38, 82,
    38, 85,
    38, 87,
    38, 89,
    38, 90,
    39, 13,
    39, 15,
    39, 16,
    39, 34,
    39, 36,
    39, 40,
    39, 43,
    39, 48,
    39, 50,
    39, 52,
    39, 55,
    39, 56,
    39, 57,
    39, 58,
    39, 59,
    39, 66,
    39, 68,
    39, 69,
    39, 70,
    39, 72,
    39, 78,
    39, 79,
    39, 80,
    39, 81,
    39, 82,
    39, 83,
    39, 84,
    39, 85,
    39, 86,
    39, 87,
    39, 88,
    39, 89,
    39, 90,
    39, 91,
    39, 97,
    40, 11,
    40, 34,
    40, 53,
    40, 55,
    40, 56,
    43, 13,
    43, 15,
    43, 43,
    44, 3,
    44, 8,
    44, 11,
    44, 14,
    44, 32,
    44, 34,
    44, 36,
    44, 40,
    44, 48,
    44, 50,
    44, 52,
    44, 53,
    44, 54,
    44, 55,
    44, 56,
    44, 58,
    44, 68,
    44, 69,
    44, 70,
    44, 75,
    44, 80,
    44, 82,
    44, 85,
    44, 86,
    44, 87,
    44, 88,
    44, 89,
    44, 90,
    44, 91,
    44, 97,
    44, 100,
    45, 3,
    45, 8,
    45, 11,
    45, 14,
    45, 32,
    45, 34,
    45, 36,
    45, 40,
    45, 48,
    45, 50,
    45, 52,
    45, 53,
    45, 54,
    45, 55,
    45, 56,
    45, 58,
    45, 61,
    45, 68,
    45, 69,
    45, 70,
    45, 71,
    45, 72,
    45, 80,
    45, 82,
    45, 85,
    45, 86,
    45, 87,
    45, 88,
    45, 90,
    45, 97,
    45, 100,
    48, 11,
    48, 16,
    48, 34,
    48, 43,
    48, 53,
    48, 55,
    48, 56,
    48, 57,
    48, 58,
    48, 59,
    48, 89,
    48, 91,
    49, 13,
    49, 14,
    49, 15,
    49, 16,
    49, 34,
    49, 43,
    49, 52,
    49, 53,
    49, 57,
    49, 58,
    49, 59,
    49, 66,
    49, 68,
    49, 69,
    49, 70,
    49, 72,
    49, 80,
    49, 82,
    49, 84,
    49, 89,
    49, 91,
    49, 97,
    49, 100,
    50, 11,
    50, 16,
    50, 34,
    50, 43,
    50, 53,
    50, 55,
    50, 56,
    50, 57,
    50, 58,
    50, 59,
    50, 89,
    50, 91,
    51, 11,
    51, 14,
    51, 34,
    51, 43,
    51, 52,
    51, 53,
    51, 55,
    51, 56,
    51, 57,
    51, 58,
    51, 59,
    51, 66,
    51, 68,
    51, 69,
    51, 70,
    51, 72,
    51, 80,
    51, 82,
    51, 89,
    51, 91,
    51, 97,
    51, 100,
    52, 11,
    52, 14,
    52, 43,
    52, 52,
    52, 53,
    52, 58,
    52, 85,
    52, 91,
    52, 97,
    52, 100,
    53, 13,
    53, 14,
    53, 15,
    53, 16,
    53, 27,
    53, 28,
    53, 34,
    53, 36,
    53, 40,
    53, 43,
    53, 48,
    53, 50,
    53, 52,
    53, 57,
    53, 58,
    53, 59,
    53, 66,
    53, 68,
    53, 69,
    53, 70,
    53, 71,
    53, 72,
    53, 78,
    53, 79,
    53, 80,
    53, 81,
    53, 82,
    53, 83,
    53, 84,
    53, 85,
    53, 86,
    53, 87,
    53, 88,
    53, 89,
    53, 90,
    53, 91,
    53, 97,
    53, 100,
    54, 13,
    54, 15,
    54, 16,
    54, 34,
    54, 43,
    54, 52,
    54, 55,
    54, 57,
    54, 58,
    54, 66,
    54, 72,
    54, 84,
    54, 89,
    55, 13,
    55, 14,
    55, 15,
    55, 16,
    55, 34,
    55, 36,
    55, 40,
    55, 43,
    55, 48,
    55, 50,
    55, 52,
    55, 54,
    55, 55,
    55, 59,
    55, 66,
    55, 68,
    55, 69,
    55, 70,
    55, 72,
    55, 78,
    55, 79,
    55, 80,
    55, 81,
    55, 82,
    55, 83,
    55, 84,
    55, 86,
    55, 87,
    55, 88,
    55, 89,
    55, 90,
    55, 91,
    55, 97,
    55, 100,
    56, 13,
    56, 14,
    56, 15,
    56, 16,
    56, 36,
    56, 40,
    56, 43,
    56, 48,
    56, 50,
    56, 52,
    56, 59,
    56, 66,
    56, 72,
    56, 91,
    56, 100,
    57, 3,
    57, 8,
    57, 11,
    57, 14,
    57, 34,
    57, 36,
    57, 40,
    57, 43,
    57, 48,
    57, 50,
    57, 52,
    57, 53,
    57, 54,
    57, 66,
    57, 68,
    57, 69,
    57, 70,
    57, 71,
    57, 80,
    57, 82,
    57, 85,
    57, 86,
    57, 87,
    57, 88,
    57, 89,
    57, 90,
    57, 91,
    57, 97,
    57, 100,
    58, 13,
    58, 14,
    58, 15,
    58, 16,
    58, 27,
    58, 28,
    58, 32,
    58, 34,
    58, 36,
    58, 40,
    58, 43,
    58, 48,
    58, 50,
    58, 52,
    58, 53,
    58, 54,
    58, 59,
    58, 66,
    58, 68,
    58, 69,
    58, 70,
    58, 72,
    58, 78,
    58, 79,
    58, 80,
    58, 81,
    58, 82,
    58, 83,
    58, 84,
    58, 85,
    58, 86,
    58, 87,
    58, 88,
    58, 89,
    58, 90,
    58, 91,
    58, 97,
    58, 100,
    59, 14,
    59, 34,
    59, 36,
    59, 40,
    59, 43,
    59, 48,
    59, 50,
    59, 52,
    59, 54,
    59, 55,
    59, 56,
    59, 58,
    59, 59,
    59, 66,
    59, 68,
    59, 69,
    59, 70,
    59, 71,
    59, 72,
    59, 80,
    59, 82,
    59, 85,
    59, 86,
    59, 87,
    59, 88,
    59, 89,
    59, 90,
    59, 97,
    59, 100,
    60, 43,
    60, 75,
    61, 53,
    61, 54,
    61, 55,
    61, 56,
    61, 58,
    61, 72,
    61, 75,
    61, 87,
    61, 88,
    61, 90,
    66, 11,
    66, 32,
    66, 53,
    66, 55,
    66, 56,
    66, 58,
    66, 85,
    67, 3,
    67, 8,
    67, 11,
    67, 13,
    67, 14,
    67, 15,
    67, 32,
    67, 53,
    67, 55,
    67, 57,
    67, 58,
    67, 61,
    67, 66,
    67, 71,
    67, 84,
    67, 85,
    67, 87,
    67, 88,
    67, 89,
    67, 90,
    67, 91,
    67, 100,
    68, 14,
    68, 53,
    68, 55,
    68, 58,
    68, 66,
    68, 68,
    68, 69,
    68, 70,
    68, 72,
    68, 80,
    68, 82,
    68, 85,
    68, 87,
    68, 88,
    68, 90,
    68, 97,
    68, 100,
    70, 11,
    70, 14,
    70, 32,
    70, 43,
    70, 52,
    70, 53,
    70, 55,
    70, 56,
    70, 58,
    70, 61,
    70, 66,
    70, 71,
    70, 72,
    70, 85,
    70, 87,
    70, 88,
    70, 89,
    70, 90,
    70, 91,
    70, 97,
    70, 100,
    71, 2,
    71, 3,
    71, 8,
    71, 10,
    71, 13,
    71, 14,
    71, 15,
    71, 16,
    71, 32,
    71, 53,
    71, 55,
    71, 56,
    71, 57,
    71, 58,
    71, 61,
    71, 62,
    71, 66,
    71, 68,
    71, 69,
    71, 70,
    71, 72,
    71, 75,
    71, 80,
    71, 82,
    71, 84,
    71, 87,
    71, 89,
    71, 91,
    71, 94,
    71, 97,
    71, 100,
    72, 10,
    72, 11,
    72, 16,
    72, 32,
    72, 53,
    72, 58,
    72, 62,
    72, 66,
    72, 68,
    72, 69,
    72, 70,
    72, 75,
    72, 80,
    72, 82,
    72, 87,
    72, 88,
    72, 90,
    72, 91,
    72, 94,
    72, 97,
    73, 11,
    73, 32,
    73, 53,
    73, 55,
    73, 58,
    76, 11,
    76, 13,
    76, 14,
    76, 15,
    76, 27,
    76, 28,
    76, 32,
    76, 53,
    76, 58,
    76, 66,
    76, 68,
    76, 69,
    76, 70,
    76, 72,
    76, 75,
    76, 80,
    76, 82,
    76, 85,
    76, 86,
    76, 89,
    76, 91,
    76, 97,
    76, 100,
    77, 75,
    78, 11,
    78, 32,
    78, 53,
    78, 55,
    78, 58,
    79, 11,
    79, 32,
    79, 53,
    79, 55,
    79, 58,
    80, 3,
    80, 8,
    80, 11,
    80, 13,
    80, 14,
    80, 15,
    80, 32,
    80, 53,
    80, 55,
    80, 57,
    80, 58,
    80, 61,
    80, 66,
    80, 71,
    80, 84,
    80, 85,
    80, 87,
    80, 88,
    80, 89,
    80, 90,
    80, 91,
    80, 100,
    81, 3,
    81, 8,
    81, 11,
    81, 13,
    81, 14,
    81, 15,
    81, 32,
    81, 53,
    81, 55,
    81, 57,
    81, 58,
    81, 61,
    81, 66,
    81, 71,
    81, 84,
    81, 85,
    81, 87,
    81, 88,
    81, 89,
    81, 90,
    81, 91,
    81, 100,
    82, 11,
    82, 53,
    82, 55,
    82, 58,
    83, 13,
    83, 14,
    83, 15,
    83, 16,
    83, 27,
    83, 28,
    83, 34,
    83, 43,
    83, 59,
    83, 61,
    83, 66,
    83, 68,
    83, 69,
    83, 70,
    83, 72,
    83, 80,
    83, 82,
    83, 84,
    83, 87,
    83, 88,
    83, 90,
    83, 91,
    83, 97,
    83, 100,
    84, 11,
    84, 14,
    84, 32,
    84, 53,
    84, 55,
    84, 58,
    84, 85,
    84, 100,
    85, 13,
    85, 14,
    85, 15,
    85, 16,
    85, 27,
    85, 28,
    85, 32,
    85, 53,
    85, 58,
    85, 66,
    85, 68,
    85, 69,
    85, 70,
    85, 72,
    85, 80,
    85, 82,
    85, 84,
    85, 85,
    85, 89,
    85, 97,
    85, 100,
    86, 11,
    86, 53,
    86, 55,
    86, 58,
    87, 11,
    87, 13,
    87, 14,
    87, 15,
    87, 16,
    87, 34,
    87, 43,
    87, 53,
    87, 55,
    87, 58,
    87, 59,
    87, 66,
    87, 68,
    87, 69,
    87, 70,
    87, 75,
    87, 80,
    87, 82,
    87, 91,
    87, 100,
    88, 11,
    88, 13,
    88, 15,
    88, 16,
    88, 34,
    88, 43,
    88, 53,
    88, 55,
    88, 57,
    88, 58,
    88, 66,
    88, 68,
    88, 69,
    88, 70,
    88, 75,
    88, 80,
    88, 82,
    88, 91,
    89, 2,
    89, 11,
    89, 13,
    89, 14,
    89, 15,
    89, 28,
    89, 36,
    89, 40,
    89, 48,
    89, 50,
    89, 52,
    89, 53,
    89, 55,
    89, 57,
    89, 58,
    89, 66,
    89, 68,
    89, 69,
    89, 70,
    89, 80,
    89, 82,
    89, 85,
    89, 90,
    89, 97,
    89, 100,
    90, 13,
    90, 15,
    90, 16,
    90, 43,
    90, 53,
    90, 55,
    90, 57,
    90, 58,
    90, 66,
    90, 68,
    90, 69,
    90, 70,
    90, 75,
    90, 80,
    90, 82,
    90, 89,
    90, 91,
    91, 14,
    91, 53,
    91, 58,
    91, 66,
    91, 68,
    91, 69,
    91, 70,
    91, 72,
    91, 80,
    91, 82,
    91, 86,
    91, 87,
    91, 90,
    91, 97,
    91, 100,
    92, 43,
    92, 75,
    97, 34,
    97, 52,
    97, 53,
    97, 55,
    97, 57,
    97, 58,
    97, 59,
    97, 89,
    100, 43,
    100, 52,
    100, 53,
    100, 55,
    100, 56,
    100, 57,
    100, 58,
    100, 59,
    100, 85,
    100, 87,
    100, 89,
    110, 123,
    110, 124,
    111, 106,
    111, 107,
    111, 129,
    111, 404,
    112, 106,
    112, 107,
    112, 404,
    113, 106,
    113, 107,
    113, 137,
    113, 404,
    114, 123,
    114, 124,
    114, 132,
    114, 137,
    114, 404,
    115, 119,
    115, 123,
    115, 124,
    115, 404,
    117, 119,
    117, 122,
    117, 123,
    117, 124,
    117, 147,
    119, 106,
    119, 107,
    119, 123,
    119, 124,
    119, 130,
    119, 146,
    119, 404,
    121, 106,
    121, 107,
    121, 131,
    121, 404,
    122, 106,
    122, 107,
    122, 404,
    123, 106,
    123, 107,
    123, 113,
    123, 114,
    123, 122,
    123, 129,
    123, 131,
    123, 135,
    123, 140,
    123, 404,
    124, 106,
    124, 107,
    124, 404,
    125, 106,
    125, 114,
    125, 119,
    125, 122,
    125, 123,
    125, 124,
    125, 126,
    125, 128,
    125, 130,
    125, 404,
    127, 106,
    127, 112,
    127, 114,
    127, 115,
    127, 116,
    127, 119,
    127, 404,
    128, 113,
    128, 404,
    129, 121,
    130, 123,
    130, 124,
    130, 125,
    130, 404,
    131, 106,
    131, 107,
    131, 120,
    131, 404,
    132, 404,
    134, 404,
    135, 106,
    135, 110,
    135, 122,
    135, 123,
    135, 124,
    135, 125,
    135, 404,
    136, 106,
    136, 107,
    136, 122,
    136, 404,
    137, 122,
    138, 106,
    138, 107,
    138, 122,
    138, 123,
    138, 124,
    139, 138,
    141, 119,
    141, 123,
    141, 124,
    142, 106,
    142, 107,
    142, 146,
    142, 149,
    142, 151,
    142, 152,
    142, 159,
    142, 163,
    143, 106,
    143, 107,
    143, 146,
    143, 163,
    143, 404,
    144, 106,
    144, 404,
    145, 106,
    145, 107,
    145, 149,
    145, 172,
    145, 404,
    146, 106,
    146, 107,
    146, 146,
    146, 149,
    146, 151,
    146, 152,
    146, 159,
    146, 163,
    146, 169,
    146, 173,
    146, 404,
    147, 106,
    147, 107,
    147, 149,
    147, 159,
    147, 163,
    147, 404,
    148, 106,
    148, 107,
    148, 149,
    148, 163,
    148, 404,
    151, 106,
    151, 107,
    151, 404,
    152, 106,
    152, 107,
    152, 404,
    153, 106,
    153, 107,
    153, 163,
    153, 165,
    153, 404,
    154, 106,
    154, 107,
    154, 404,
    155, 106,
    155, 107,
    155, 163,
    155, 404,
    156, 106,
    156, 107,
    156, 404,
    157, 106,
    157, 107,
    157, 404,
    159, 156,
    159, 157,
    159, 172,
    161, 106,
    161, 107,
    161, 166,
    161, 404,
    163, 161,
    163, 167,
    165, 106,
    165, 107,
    166, 106,
    166, 170,
    167, 106,
    167, 107,
    167, 149,
    167, 159,
    167, 163,
    167, 404,
    168, 106,
    168, 107,
    168, 404,
    169, 144,
    169, 163,
    169, 172,
    170, 163,
    171, 106,
    171, 107,
    171, 159,
    171, 404,
    172, 106,
    172, 107,
    172, 149,
    172, 158,
    172, 161,
    172, 163,
    172, 404,
    174, 106,
    174, 107,
    174, 123,
    174, 124,
    174, 147,
    174, 148,
    174, 149,
    174, 159,
    174, 161,
    174, 163,
    174, 172
};

/* Kerning between the respective left and right glyphs
 * 4.4 format which needs to scaled with `kern_scale`*/
static const int8_t kern_pair_values[] =
{
    -36, -36, -18, -30, -4, -4, -8, -8,
    -8, -8, -8, -7, -36, -36, -18, -30,
    -4, -4, -8, -8, -8, -8, -8, -7,
    -7, 22, -31, -31, -43, -29, -7, -20,
    -11, -29, -4, -4, -4, 7, -4, -4,
    -16, -13, -8, -7, -7, -7, -15, -7,
    -4, -10, -21, -7, -8, -4, -5, -31,
    -31, -43, -29, -7, -20, -11, -29, -4,
    -4, -4, 7, -4, -4, -16, -13, -8,
    -7, -13, -4, -4, -24, -4, -4, -8,
    -9, -9, -9, -4, 5, 5, -9, -9,
    0, -7, -14, -9, -14, -9, -18, -18,
    -27, -9, -2, -4, -4, -4, -4, -18,
    -5, -5, -1, -5, -3, -13, 5, -4,
    5, -5, -2, -4, -3, -3, -4, -8,
    -10, -6, -5, -8, -3, -3, -3, -5,
    -3, -4, -5, -4, -4, -5, -7, -9,
    -10, -10, -4, -10, -10, -8, -6, -5,
    -3, -3, -3, -4, -4, -7, -10, -4,
    -5, -4, -5, -18, -9, -10, -6, -4,
    -14, -8, -4, -2, -7, -7, -7, -5,
    -4, -4, -4, -4, -4, -4, -8, -4,
    -11, -4, -24, -24, -19, -12, -4, -4,
    -40, -4, -4, -7, -1, -1, -8, -2,
    -10, -11, -5, -5, -5, -8, -7, -7,
    -5, -7, -5, -7, -7, -4, -6, -8,
    -7, -9, -7, -11, -5, -8, -3, -7,
    -5, -3, -8, -8, -13, -8, -8, -13,
    -11, -4, -4, -7, -7, -7, -7, -5,
    -7, -5, -5, -4, -7, -4, -4, -4,
    -4, -4, -4, -12, -5, -8, -7, -7,
    -8, -5, -15, -11, -30, -30, -47, -16,
    -12, -1, -9, -9, -9, -9, -8, -36,
    -10, -23, -17, -24, -24, -5, -5, -5,
    -5, -3, -5, -5, -7, -4, -13, -11,
    -13, -29, -16, -10, -6, -4, -14, -8,
    -4, -2, -7, -7, -7, -5, -4, -35,
    -10, -35, -22, -15, -43, -4, -7, -8,
    -4, -22, -13, -8, -8, -8, -9, -8,
    -8, -4, -5, -7, -3, -10, -10, -6,
    -4, -14, -8, -4, -2, -7, -7, -7,
    -5, -4, -4, -9, -3, -6, -5, -5,
    -1, 0, -3, -3, -4, -3, -4, -4,
    -4, -3, -4, -4, -4, -4, -4, -9,
    -5, 3, -5, -5, -7, -5, -8, -2,
    -4, 3, -32, -21, -32, -25, -7, -7,
    -13, -8, -8, -37, -8, -8, -11, -7,
    -5, -16, -21, -21, -21, -21, -6, -21,
    -14, -14, -21, -14, -21, -14, -18, -6,
    -14, -10, -10, -11, -10, -22, -20, -21,
    -7, -7, -9, -5, -15, -4, -3, -4,
    -5, -3, -4, -3, -4, -20, -7, -20,
    -13, -5, -4, -4, -21, -4, -4, -4,
    -4, 2, -7, -8, -6, -6, -6, -7,
    -7, -7, -6, -7, -6, -7, -5, -10,
    -4, -4, -6, -4, -8, -3, -7, -11,
    -4, -11, -8, -2, -2, -18, -2, -2,
    -2, -2, -5, -4, -4, -4, -4, -4,
    -4, -10, -1, -7, -7, -3, -7, -7,
    -5, -7, -4, -4, -4, -4, -4, -7,
    -4, -4, -7, -4, -7, -5, -4, -7,
    -5, -13, -10, -29, -21, -29, -19, -9,
    -9, -4, -5, -5, -5, -30, -5, -5,
    -6, -5, -4, -8, -21, -14, -14, -14,
    -18, -13, -13, -14, -13, -14, -13, -14,
    -11, -11, -5, -8, -11, -5, -15, -15,
    -21, -10, -2, -7, -7, -10, -7, -7,
    -10, -4, -2, -2, -5, -5, -5, -6,
    -6, -6, -7, -5, -6, -6, -5, -7,
    -5, -5, -8, -5, -18, -10, -7, 22,
    -24, -8, -15, -8, -21, 8, 19, -7,
    -4, 2, -16, -6, -8, -7, -3, -8,
    -5, -8, -8, -7, -4, 0, -4, -6,
    -18, -7, -3, -15, -9, -5, -2, -2,
    -7, -3, -3, -7, -3, -3, 0, -8,
    -7, -5, -8, -4, -8, -8, -8, -4,
    -8, -8, -4, 0, 0, 0, -5, -8,
    -10, 2, -4, -7, -7, -8, -7, -4,
    -9, -8, -5, -2, -4, -4, -1, -1,
    -4, -1, -2, -3, 2, 2, 10, 10,
    12, -17, -5, -17, -4, 6, 12, 18,
    12, 8, 15, 14, 12, -7, -4, -4,
    -4, -5, -4, -4, -4, -3, 2, -3,
    -5, 12, -7, -5, 2, -10, 11, -12,
    -9, -5, 2, -6, -5, -5, -5, 10,
    -5, -5, -3, -3, 2, -5, 2, -3,
    -10, -4, -8, -4, -7, -7, 2, -16,
    2, 2, 2, -6, -13, -5, -4, -7,
    -7, -7, -4, -4, -7, -7, -8, -5,
    -4, -4, -9, -16, 2, -10, -4, -8,
    -4, -7, -10, -4, -8, -4, -7, -8,
    -8, -7, -4, 0, -4, -6, -18, -7,
    -3, -15, -9, -5, -2, -2, -7, -3,
    -3, -7, -3, -3, 0, -8, -8, -7,
    -4, 0, -4, -6, -18, -7, -3, -15,
    -9, -5, -2, -2, -7, -3, -3, -7,
    -3, -3, 0, -7, -7, -5, -10, -20,
    -8, -20, -10, 5, 5, -5, -18, -4,
    2, -8, -4, -4, -4, -4, -4, -4,
    -3, 5, 3, 5, -3, -5, -8, -14,
    2, -5, -8, -4, -7, -7, 2, -1,
    -9, -1, 1, 2, 2, -9, -5, -3,
    -7, -5, -5, -5, -4, -5, -5, -4,
    -7, -5, -7, -9, -7, -7, -5, -10,
    -4, -13, -4, -13, -7, -4, -13, -7,
    -4, -5, -4, -7, -3, -3, -3, -4,
    -3, -3, -8, -4, -4, -16, -16, -3,
    -3, -10, -8, -4, -5, -8, -4, -3,
    -3, -3, -4, -3, -3, -7, -5, -7,
    2, -5, -4, 2, -4, -4, -4, -4,
    -3, -10, -6, -4, -11, -4, -7, -7,
    -7, -7, -7, -8, -3, -7, -5, -13,
    -13, -4, -13, -7, -3, -3, -4, -7,
    -3, -3, -3, -4, -3, -3, -5, -8,
    -7, -8, -8, -7, -4, -4, -4, -2,
    -4, -4, -4, -3, -3, -4, -7, -7,
    22, -8, -8, -20, -9, -9, -20, -11,
    -7, -7, -7, -15, -7, -4, -10, -21,
    -7, -8, -4, -5, -8, -8, -5, -5,
    -10, -15, -5, -5, -15, -18, -13, -5,
    -8, -8, -8, 10, -5, -8, 3, 3,
    3, 3, -5, -15, -8, -8, -5, -20,
    -26, 3, 3, -18, -8, -10, -8, -8,
    -5, -13, -10, -10, -13, -13, -8, -8,
    -8, -5, -5, -13, -13, -5, -18, -10,
    -10, -10, -10, -8, -8, -10, -8, -8,
    -8, -3, -13, -10, -8, -5, -5, -5,
    -5, 3, -13, -8, -15, -5, -18, -18,
    -13, -8, -10, -10, -8, -13, -10, -13,
    -8, -5, -10, -10, -10, -5, -10, -10,
    -5, 3, -18, -10, 3, 3, -5, -8,
    -8, -13, -5, -13, -13, -5, -5, -5,
    -8, -10, -10, -5, -5, -15, -15, -5,
    -8, -13, -5, -8, -10, -10, -8, -8,
    -8, -23, -20, -10, -8, -10, -10, -13,
    -20, -8, -5, -23, -23, -23, -5, -10,
    -5, -18, -20, -18, -3, -5, -15, -8,
    -8, -13, -13, -8, -13, -15, -13, -5,
    -3, -8, -3, -3, -13, -8, -8, -5,
    -13, -5, -5, -8, -10, -5, -5, 8,
    8, 13, -8, -8, -5, -13, -15, -13,
    -5, -5, -5, -5, -5, -5, -5, -3,
    -8, -13, -15, -10, -8, -8, -5, -5,
    -5, -15, -15, -5, -13, -15, -15, -5,
    -5, -8, -5, -13, -3, -3, -15, -15,
    -5, -5, -13, -3, -15, -8, -13
};

/*Collect the kern pair's data in one place*/
static const lv_font_fmt_txt_kern_pair_t kern_pairs =
{
    .glyph_ids = kern_pair_glyph_ids,
    .values = kern_pair_values,
    .pair_cnt = 1167,
    .glyph_ids_size = 1
};

/*--------------------
 *  ALL CUSTOM DATA
 *--------------------*/

#if LVGL_VERSION_MAJOR == 8
/*Store all the custom data of the font*/
static  lv_font_fmt_txt_glyph_cache_t cache;
#endif

#if LVGL_VERSION_MAJOR >= 8
static const lv_font_fmt_txt_dsc_t font_dsc = {
#else
static lv_font_fmt_txt_dsc_t font_dsc = {
#endif
    .glyph_bitmap = glyph_bitmap,
    .glyph_dsc = glyph_dsc,
    .cmaps = cmaps,
    .kern_dsc = &kern_pairs,
    .kern_scale = 16,
    .cmap_num = 2,
    .bpp = 4,
    .kern_classes = 0,
    .bitmap_format = 0,
#if LVGL_VERSION_MAJOR == 8
    .cache = &cache
#endif
};



/*-----------------
 *  PUBLIC FONT
 *----------------*/

/*Initialize a public general font descriptor*/
#if LVGL_VERSION_MAJOR >= 8
const lv_font_t sh_font_16_500 = {
#else
lv_font_t sh_font_16_500 = {
#endif
    .get_glyph_dsc = lv_font_get_glyph_dsc_fmt_txt,    /*Function pointer to get glyph's data*/
    .get_glyph_bitmap = lv_font_get_bitmap_fmt_txt,    /*Function pointer to get glyph's bitmap*/
    .line_height = 19,          /*The maximum line height required by the font*/
    .base_line = 4,             /*Baseline measured from the bottom of the line*/
#if !(LVGL_VERSION_MAJOR == 6 && LVGL_VERSION_MINOR == 0)
    .subpx = LV_FONT_SUBPX_NONE,
#endif
#if LV_VERSION_CHECK(7, 4, 0) || LVGL_VERSION_MAJOR >= 8
    .underline_position = -2,
    .underline_thickness = 1,
#endif
    .dsc = &font_dsc,          /*The custom font data. Will be accessed by `get_glyph_bitmap/dsc` */
#if LV_VERSION_CHECK(8, 2, 0) || LVGL_VERSION_MAJOR >= 9
    .fallback = NULL,
#endif
    .user_data = NULL,
};



#endif /*#if SH_FONT_16_500*/

