/*******************************************************************************
 * Size: 15 px
 * Bpp: 4
 * Opts: --font /Users/kongweilu/Development/EchoEar Token&Weather/SHANHAI_EchoEar_Demo/assets/firmware/NotoSansJP-500.ttf --symbols °·×÷–…↑↓∞　、。「」いかがきくごさしじすせだつてでとなにのはへまみむめもりるれわをんイオカキクサザスセタダチッデトドネパビプホムモャュラリルレワン・ー一上下不两中为予事京仅今件会位低体余作使例供保信値元入全六共内再凭击分切列利别制刻削前加务动動包区单単历原双取口可右号同含和品唤回图圆土在地均域報場声备多天失存定实実客室对対専屏山左已帐年应底度当形待得必忘応态总息情感態或户所拖持按换据接控描提操支敗数料断新方日旧时明显時晴曇更最月有服期木未本机条来東果染查标样案检検機次残每比气気水没況海済温渲湿滑滚演火点無版状率环用画留発百的看確示离秒程窓窗第答約細終続约线结络网置美能自获行表製要览角解触設証試詳認説読議认讨论设证详说读資败車车轮轻载込过返进述週部配醒重量金钮長閉開間间阅降限除際集雨雪雷霧面音題页题额高，； !"#$%&'()*+,-./0123456789:;<=>?@ABCDEFGHIJKLMNOPQRSTUVWXYZ[\]^_`abcdefghijklmnopqrstuvwxyz{|}~°↑↓ --size 15 --bpp 4 --format lvgl --lv-include lvgl.h --no-compress --lv-font-name sh_font_15_500 -o /Users/kongweilu/Development/EchoEar Token&Weather/SHANHAI_EchoEar_Demo/main/fonts/sh_font_15_500.c
 ******************************************************************************/

#ifdef LV_LVGL_H_INCLUDE_SIMPLE
#include "lvgl.h"
#else
#include "lvgl.h"
#endif

#ifndef SH_FONT_15_500
#define SH_FONT_15_500 1
#endif

#if SH_FONT_15_500

/*-----------------
 *    BITMAPS
 *----------------*/

/*Store the image of the glyphs*/
static LV_ATTRIBUTE_LARGE_CONST const uint8_t glyph_bitmap[] = {
    /* U+0020 " " */

    /* U+0021 "!" */
    0x4f, 0x74, 0xf6, 0x3f, 0x63, 0xf5, 0x2f, 0x41,
    0xf4, 0x1f, 0x30, 0xf3, 0x4, 0x1, 0x82, 0x8f,
    0xb4, 0xf6,

    /* U+0022 "\"" */
    0xaf, 0x15, 0xf6, 0xaf, 0x15, 0xf6, 0x8f, 0x3,
    0xf4, 0x7e, 0x2, 0xf3, 0x5c, 0x0, 0xf1, 0x0,
    0x0, 0x10,

    /* U+0023 "#" */
    0x0, 0x3d, 0x1, 0xf0, 0x0, 0x5, 0xb0, 0x3e,
    0x0, 0x0, 0x79, 0x5, 0xc0, 0x1, 0xff, 0xff,
    0xff, 0xf1, 0x4, 0xc8, 0x4a, 0xa4, 0x0, 0xc,
    0x40, 0xa6, 0x0, 0x0, 0xe2, 0xc, 0x50, 0x6,
    0xff, 0xff, 0xff, 0xb0, 0x15, 0xf3, 0x3f, 0x42,
    0x0, 0x3d, 0x1, 0xf0, 0x0, 0x5, 0xb0, 0x2e,
    0x0, 0x0, 0x79, 0x4, 0xc0, 0x0,

    /* U+0024 "$" */
    0x0, 0x2, 0x70, 0x0, 0x0, 0x4, 0xe0, 0x0,
    0x0, 0x6e, 0xfd, 0x50, 0x5, 0xfc, 0x8c, 0xf1,
    0xb, 0xf0, 0x0, 0x30, 0xb, 0xf0, 0x0, 0x0,
    0x7, 0xfb, 0x10, 0x0, 0x0, 0xaf, 0xf7, 0x0,
    0x0, 0x4, 0xdf, 0xb0, 0x0, 0x0, 0xb, 0xf5,
    0x0, 0x0, 0x3, 0xf8, 0x5, 0x10, 0x4, 0xf6,
    0xf, 0xf9, 0x9e, 0xf1, 0x2, 0xaf, 0xfc, 0x30,
    0x0, 0x4, 0xe0, 0x0, 0x0, 0x2, 0x70, 0x0,

    /* U+0025 "%" */
    0x5, 0xef, 0x80, 0x0, 0xb, 0x50, 0x0, 0x1f,
    0x63, 0xf5, 0x0, 0x3d, 0x0, 0x0, 0x5e, 0x0,
    0xaa, 0x0, 0xc5, 0x0, 0x0, 0x7c, 0x0, 0x9b,
    0x4, 0xd0, 0x0, 0x0, 0x6e, 0x0, 0xaa, 0xc,
    0x50, 0x0, 0x0, 0x1f, 0x41, 0xe5, 0x4d, 0x6,
    0xee, 0x50, 0x6, 0xff, 0xa0, 0xc5, 0x3f, 0x34,
    0xf2, 0x0, 0x1, 0x4, 0xd0, 0x8b, 0x0, 0xc7,
    0x0, 0x0, 0xc, 0x50, 0x9a, 0x0, 0xb8, 0x0,
    0x0, 0x4d, 0x0, 0x8b, 0x0, 0xc7, 0x0, 0x0,
    0xc5, 0x0, 0x3f, 0x45, 0xf2, 0x0, 0x4, 0xc0,
    0x0, 0x7, 0xee, 0x60,

    /* U+0026 "&" */
    0x0, 0x1b, 0xfd, 0x30, 0x0, 0x0, 0xc, 0xd5,
    0xcc, 0x0, 0x0, 0x0, 0xf6, 0x7, 0xe0, 0x0,
    0x0, 0xf, 0x70, 0xcb, 0x0, 0x0, 0x0, 0xcd,
    0xce, 0x10, 0x0, 0x0, 0x9, 0xfc, 0x10, 0x4,
    0x80, 0x8, 0xfe, 0xe1, 0x0, 0xbd, 0x3, 0xf9,
    0x1e, 0xd1, 0x2f, 0x70, 0x7f, 0x30, 0x3f, 0xdc,
    0xe0, 0x6, 0xf6, 0x0, 0x4f, 0xf8, 0x0, 0x1e,
    0xf9, 0x7d, 0xfe, 0xfc, 0x20, 0x2b, 0xff, 0xb4,
    0x7, 0xd0,

    /* U+0027 "'" */
    0xaf, 0x1a, 0xf1, 0x8f, 0x7, 0xe0, 0x5c, 0x0,
    0x0,

    /* U+0028 "(" */
    0x0, 0x0, 0x0, 0xc6, 0x4, 0xf1, 0xb, 0xa0,
    0xf, 0x50, 0x4f, 0x20, 0x7f, 0x0, 0x9d, 0x0,
    0xac, 0x0, 0xac, 0x0, 0x9d, 0x0, 0x7f, 0x0,
    0x4f, 0x10, 0xf, 0x50, 0xb, 0xa0, 0x4, 0xf1,
    0x0, 0xc6, 0x0, 0x0,

    /* U+0029 ")" */
    0x0, 0x0, 0x1f, 0x20, 0xb, 0x90, 0x5, 0xf0,
    0x0, 0xf5, 0x0, 0xc9, 0x0, 0x9d, 0x0, 0x7e,
    0x0, 0x7f, 0x0, 0x7f, 0x0, 0x7e, 0x0, 0x9d,
    0x0, 0xc9, 0x0, 0xf5, 0x5, 0xf1, 0xb, 0x90,
    0x1f, 0x20, 0x0, 0x0,

    /* U+002A "*" */
    0x0, 0xe, 0x20, 0x0, 0x52, 0xf4, 0x51, 0xc,
    0xff, 0xfe, 0x30, 0xa, 0xfe, 0x0, 0x2, 0xf6,
    0xe5, 0x0, 0x15, 0x3, 0x30,

    /* U+002B "+" */
    0x0, 0x1, 0x40, 0x0, 0x0, 0x6, 0xf0, 0x0,
    0x0, 0x6, 0xf0, 0x0, 0x1, 0x17, 0xf1, 0x11,
    0x7f, 0xff, 0xff, 0xff, 0x14, 0x49, 0xf4, 0x44,
    0x0, 0x6, 0xf0, 0x0, 0x0, 0x6, 0xf0, 0x0,
    0x0, 0x6, 0xf0, 0x0,

    /* U+002C "," */
    0x1, 0x40, 0xd, 0xf6, 0x9, 0xfa, 0x0, 0xa8,
    0x4, 0xf2, 0x1f, 0x50, 0x0, 0x0,

    /* U+002D "-" */
    0x1, 0x11, 0x14, 0xff, 0xfa, 0x14, 0x44, 0x20,

    /* U+002E "." */
    0x48, 0xe, 0xf5, 0x9e, 0x20,

    /* U+002F "/" */
    0x0, 0x0, 0xc6, 0x0, 0x1, 0xf2, 0x0, 0x5,
    0xd0, 0x0, 0x9, 0x90, 0x0, 0xd, 0x50, 0x0,
    0x2f, 0x10, 0x0, 0x6c, 0x0, 0x0, 0xa8, 0x0,
    0x0, 0xe4, 0x0, 0x3, 0xf0, 0x0, 0x7, 0xb0,
    0x0, 0xb, 0x70, 0x0, 0xf, 0x30, 0x0, 0x4e,
    0x0, 0x0, 0x8a, 0x0, 0x0, 0x63, 0x0, 0x0,

    /* U+0030 "0" */
    0x0, 0x6e, 0xfb, 0x10, 0x4, 0xfc, 0x8e, 0xd0,
    0xc, 0xe0, 0x5, 0xf5, 0x1f, 0x90, 0x0, 0xf9,
    0x3f, 0x70, 0x0, 0xdc, 0x4f, 0x60, 0x0, 0xdd,
    0x4f, 0x60, 0x0, 0xdd, 0x3f, 0x70, 0x0, 0xec,
    0x1f, 0x90, 0x0, 0xf9, 0xc, 0xe0, 0x5, 0xf5,
    0x4, 0xfc, 0x8f, 0xd0, 0x0, 0x5e, 0xfb, 0x10,

    /* U+0031 "1" */
    0x4, 0xaf, 0x70, 0x4, 0xff, 0xf7, 0x0, 0x2,
    0x6f, 0x70, 0x0, 0x4, 0xf7, 0x0, 0x0, 0x4f,
    0x70, 0x0, 0x4, 0xf7, 0x0, 0x0, 0x4f, 0x70,
    0x0, 0x4, 0xf7, 0x0, 0x0, 0x4f, 0x70, 0x0,
    0x4, 0xf7, 0x0, 0x58, 0xaf, 0xb8, 0x4b, 0xff,
    0xff, 0xf9,

    /* U+0032 "2" */
    0x2, 0xbf, 0xfa, 0x10, 0x3f, 0xd8, 0xaf, 0xb0,
    0x8, 0x0, 0xa, 0xf2, 0x0, 0x0, 0x7, 0xf4,
    0x0, 0x0, 0x8, 0xf2, 0x0, 0x0, 0xd, 0xd0,
    0x0, 0x0, 0x6f, 0x60, 0x0, 0x2, 0xfc, 0x0,
    0x0, 0x1e, 0xe1, 0x0, 0x1, 0xdf, 0x30, 0x0,
    0x1d, 0xfb, 0x89, 0x97, 0x5f, 0xff, 0xff, 0xfc,

    /* U+0033 "3" */
    0x2, 0xbf, 0xfb, 0x30, 0xe, 0xd8, 0x9f, 0xe1,
    0x3, 0x0, 0x8, 0xf4, 0x0, 0x0, 0x7, 0xf4,
    0x0, 0x2, 0x6f, 0xc0, 0x0, 0x4f, 0xfd, 0x10,
    0x0, 0x15, 0x8f, 0xd1, 0x0, 0x0, 0x4, 0xf8,
    0x0, 0x0, 0x1, 0xfb, 0x18, 0x0, 0x5, 0xf9,
    0x5f, 0xd9, 0xaf, 0xf2, 0x4, 0xcf, 0xfb, 0x30,

    /* U+0034 "4" */
    0x0, 0x0, 0x9f, 0xb0, 0x0, 0x0, 0x2f, 0xfb,
    0x0, 0x0, 0xa, 0xde, 0xb0, 0x0, 0x3, 0xf7,
    0xeb, 0x0, 0x0, 0xce, 0xe, 0xb0, 0x0, 0x4f,
    0x60, 0xeb, 0x0, 0xd, 0xd0, 0xe, 0xb0, 0x6,
    0xf6, 0x22, 0xfb, 0x20, 0xbf, 0xff, 0xff, 0xff,
    0x13, 0x55, 0x55, 0xfc, 0x50, 0x0, 0x0, 0xe,
    0xb0, 0x0, 0x0, 0x0, 0xeb, 0x0,

    /* U+0035 "5" */
    0x6, 0xff, 0xff, 0xf3, 0x7, 0xf9, 0x99, 0x92,
    0x8, 0xf0, 0x0, 0x0, 0x9, 0xf0, 0x10, 0x0,
    0xa, 0xfe, 0xfe, 0x50, 0x6, 0xb5, 0x5e, 0xf3,
    0x0, 0x0, 0x4, 0xf9, 0x0, 0x0, 0x0, 0xfb,
    0x0, 0x0, 0x1, 0xfa, 0x18, 0x0, 0x7, 0xf7,
    0x5f, 0xd9, 0xaf, 0xd0, 0x4, 0xcf, 0xfa, 0x10,

    /* U+0036 "6" */
    0x0, 0x1a, 0xff, 0xa1, 0x1, 0xef, 0x99, 0xf7,
    0x8, 0xf4, 0x0, 0x20, 0xe, 0xc0, 0x0, 0x0,
    0x1f, 0x80, 0x0, 0x0, 0x2f, 0x8a, 0xff, 0x90,
    0x3f, 0xf8, 0x49, 0xf8, 0x2f, 0x90, 0x0, 0xdd,
    0xf, 0xa0, 0x0, 0xbe, 0xa, 0xf1, 0x0, 0xec,
    0x2, 0xfd, 0x7c, 0xf4, 0x0, 0x3c, 0xfd, 0x50,

    /* U+0037 "7" */
    0x4f, 0xff, 0xff, 0xfd, 0x29, 0x99, 0x9a, 0xf9,
    0x0, 0x0, 0xa, 0xe0, 0x0, 0x0, 0x3f, 0x50,
    0x0, 0x0, 0xae, 0x0, 0x0, 0x1, 0xf8, 0x0,
    0x0, 0x5, 0xf4, 0x0, 0x0, 0x9, 0xf1, 0x0,
    0x0, 0xc, 0xe0, 0x0, 0x0, 0xe, 0xd0, 0x0,
    0x0, 0xf, 0xb0, 0x0, 0x0, 0x1f, 0xb0, 0x0,

    /* U+0038 "8" */
    0x0, 0x7e, 0xfc, 0x30, 0x6, 0xf9, 0x5c, 0xf1,
    0xc, 0xd0, 0x2, 0xf6, 0xc, 0xc0, 0x0, 0xf6,
    0x6, 0xf7, 0x5, 0xf1, 0x0, 0xaf, 0xde, 0x50,
    0x4, 0xf7, 0xcf, 0xc0, 0xe, 0x80, 0x6, 0xf8,
    0x4f, 0x30, 0x0, 0xdd, 0x3f, 0x60, 0x0, 0xec,
    0xc, 0xf8, 0x5b, 0xf6, 0x1, 0x9e, 0xfd, 0x60,

    /* U+0039 "9" */
    0x1, 0xaf, 0xe9, 0x0, 0xb, 0xf8, 0x8f, 0xb0,
    0x3f, 0x80, 0x7, 0xf3, 0x5f, 0x40, 0x1, 0xf8,
    0x5f, 0x50, 0x0, 0xfb, 0x1f, 0xd2, 0x2b, 0xfb,
    0x5, 0xff, 0xf8, 0xdb, 0x0, 0x13, 0x10, 0xf9,
    0x0, 0x0, 0x3, 0xf6, 0x2, 0x0, 0xb, 0xf1,
    0xe, 0xd9, 0xcf, 0x70, 0x4, 0xcf, 0xe6, 0x0,

    /* U+003A ":" */
    0x9e, 0x2e, 0xf5, 0x48, 0x0, 0x0, 0x0, 0x0,
    0x0, 0x48, 0xe, 0xf5, 0x9e, 0x20,

    /* U+003B ";" */
    0x9, 0xe2, 0xe, 0xf5, 0x4, 0x80, 0x0, 0x0,
    0x0, 0x0, 0x0, 0x0, 0x1, 0x40, 0xd, 0xf6,
    0x9, 0xfa, 0x0, 0xa8, 0x4, 0xf2, 0x1f, 0x50,
    0x0, 0x0,

    /* U+003C "<" */
    0x0, 0x0, 0x0, 0x18, 0x0, 0x0, 0x4b, 0xff,
    0x1, 0x7d, 0xfc, 0x60, 0x5f, 0xe8, 0x20, 0x0,
    0x5f, 0xd7, 0x10, 0x0, 0x2, 0x8e, 0xfb, 0x50,
    0x0, 0x0, 0x5c, 0xfe, 0x0, 0x0, 0x0, 0x39,

    /* U+003D "=" */
    0x7f, 0xff, 0xff, 0xff, 0x25, 0x55, 0x55, 0x55,
    0x0, 0x0, 0x0, 0x0, 0x1, 0x11, 0x11, 0x11,
    0x7f, 0xff, 0xff, 0xff, 0x14, 0x44, 0x44, 0x43,

    /* U+003E ">" */
    0x45, 0x0, 0x0, 0x0, 0x6f, 0xe8, 0x10, 0x0,
    0x3, 0x9e, 0xfa, 0x40, 0x0, 0x0, 0x5b, 0xfd,
    0x0, 0x0, 0x4a, 0xfe, 0x1, 0x7d, 0xfc, 0x50,
    0x5f, 0xf9, 0x20, 0x0, 0x56, 0x0, 0x0, 0x0,

    /* U+003F "?" */
    0x4, 0xcf, 0xe7, 0x1, 0xfc, 0x8d, 0xf5, 0x3,
    0x0, 0x2f, 0x90, 0x0, 0x3, 0xf7, 0x0, 0x0,
    0xce, 0x10, 0x0, 0x8f, 0x40, 0x0, 0x2f, 0x80,
    0x0, 0x5, 0xf3, 0x0, 0x0, 0x1, 0x0, 0x0,
    0x2, 0x81, 0x0, 0x0, 0xaf, 0x90, 0x0, 0x6,
    0xf5, 0x0,

    /* U+0040 "@" */
    0x0, 0x0, 0x18, 0xdf, 0xfd, 0x70, 0x0, 0x0,
    0x5, 0xfc, 0x63, 0x36, 0xdd, 0x10, 0x0, 0x5f,
    0x60, 0x0, 0x0, 0xb, 0xb0, 0x1, 0xf7, 0x0,
    0x0, 0x0, 0x1, 0xf3, 0x8, 0xd0, 0x2, 0xcf,
    0x9f, 0x20, 0xa8, 0xd, 0x60, 0xd, 0xb4, 0xcf,
    0x0, 0x7b, 0x1f, 0x20, 0x6f, 0x10, 0x8c, 0x0,
    0x6b, 0x2f, 0x10, 0xab, 0x0, 0xa9, 0x0, 0x8a,
    0x2f, 0x10, 0xc9, 0x0, 0xd7, 0x0, 0xd5, 0xf,
    0x40, 0x9d, 0x16, 0xf9, 0x8, 0xd0, 0xb, 0xa0,
    0x2e, 0xfb, 0x5f, 0xfd, 0x20, 0x3, 0xf6, 0x0,
    0x20, 0x1, 0x20, 0x0, 0x0, 0x6f, 0xa3, 0x0,
    0x26, 0x0, 0x0, 0x0, 0x3, 0xbf, 0xff, 0xf9,
    0x0, 0x0, 0x0, 0x0, 0x0, 0x22, 0x0, 0x0,
    0x0,

    /* U+0041 "A" */
    0x0, 0x7, 0xfd, 0x0, 0x0, 0x0, 0xc, 0xef,
    0x20, 0x0, 0x0, 0x1f, 0x6f, 0x60, 0x0, 0x0,
    0x6f, 0x1d, 0xb0, 0x0, 0x0, 0xbd, 0x8, 0xf1,
    0x0, 0x0, 0xf8, 0x4, 0xf5, 0x0, 0x5, 0xf6,
    0x22, 0xfa, 0x0, 0xa, 0xff, 0xff, 0xff, 0x0,
    0xe, 0xc5, 0x55, 0x9f, 0x40, 0x3f, 0x70, 0x0,
    0x3f, 0x90, 0x8f, 0x30, 0x0, 0xe, 0xd0, 0xde,
    0x0, 0x0, 0xa, 0xf2,

    /* U+0042 "B" */
    0x8f, 0xff, 0xfc, 0x60, 0x8, 0xf8, 0x78, 0xdf,
    0x70, 0x8f, 0x30, 0x1, 0xfb, 0x8, 0xf3, 0x0,
    0xf, 0xb0, 0x8f, 0x41, 0x2a, 0xf4, 0x8, 0xff,
    0xff, 0xfa, 0x0, 0x8f, 0x64, 0x58, 0xfb, 0x8,
    0xf3, 0x0, 0x8, 0xf4, 0x8f, 0x30, 0x0, 0x5f,
    0x58, 0xf3, 0x0, 0xa, 0xf3, 0x8f, 0x87, 0x7c,
    0xfb, 0x8, 0xff, 0xff, 0xd8, 0x0,

    /* U+0043 "C" */
    0x0, 0x5, 0xcf, 0xe9, 0x10, 0x0, 0x9f, 0xea,
    0xbf, 0xb0, 0x4, 0xfc, 0x10, 0x3, 0x30, 0xc,
    0xf2, 0x0, 0x0, 0x0, 0xf, 0xc0, 0x0, 0x0,
    0x0, 0x2f, 0xa0, 0x0, 0x0, 0x0, 0x2f, 0xa0,
    0x0, 0x0, 0x0, 0xf, 0xc0, 0x0, 0x0, 0x0,
    0xc, 0xf2, 0x0, 0x0, 0x0, 0x5, 0xfb, 0x0,
    0x3, 0x70, 0x0, 0xaf, 0xea, 0xbf, 0xe0, 0x0,
    0x6, 0xdf, 0xea, 0x10,

    /* U+0044 "D" */
    0x8f, 0xff, 0xea, 0x20, 0x8, 0xf9, 0x8b, 0xff,
    0x30, 0x8f, 0x30, 0x4, 0xfe, 0x8, 0xf3, 0x0,
    0x9, 0xf5, 0x8f, 0x30, 0x0, 0x4f, 0x88, 0xf3,
    0x0, 0x2, 0xf9, 0x8f, 0x30, 0x0, 0x2f, 0x98,
    0xf3, 0x0, 0x4, 0xf8, 0x8f, 0x30, 0x0, 0x9f,
    0x48, 0xf3, 0x0, 0x4f, 0xd0, 0x8f, 0x98, 0xbf,
    0xf3, 0x8, 0xff, 0xfe, 0xa2, 0x0,

    /* U+0045 "E" */
    0x8f, 0xff, 0xff, 0xf0, 0x8f, 0xa9, 0x99, 0x80,
    0x8f, 0x30, 0x0, 0x0, 0x8f, 0x30, 0x0, 0x0,
    0x8f, 0x30, 0x0, 0x0, 0x8f, 0xff, 0xff, 0x40,
    0x8f, 0xa9, 0x99, 0x20, 0x8f, 0x30, 0x0, 0x0,
    0x8f, 0x30, 0x0, 0x0, 0x8f, 0x30, 0x0, 0x0,
    0x8f, 0xa9, 0x99, 0x91, 0x8f, 0xff, 0xff, 0xf2,

    /* U+0046 "F" */
    0x8f, 0xff, 0xff, 0xf8, 0xfa, 0x99, 0x99, 0x8f,
    0x30, 0x0, 0x8, 0xf3, 0x0, 0x0, 0x8f, 0x30,
    0x0, 0x8, 0xfa, 0x88, 0x82, 0x8f, 0xff, 0xff,
    0x48, 0xf3, 0x0, 0x0, 0x8f, 0x30, 0x0, 0x8,
    0xf3, 0x0, 0x0, 0x8f, 0x30, 0x0, 0x8, 0xf3,
    0x0, 0x0,

    /* U+0047 "G" */
    0x0, 0x5, 0xcf, 0xfb, 0x30, 0x0, 0x8f, 0xfb,
    0xae, 0xf1, 0x4, 0xfc, 0x10, 0x1, 0x50, 0xb,
    0xf2, 0x0, 0x0, 0x0, 0xf, 0xc0, 0x0, 0x0,
    0x0, 0x2f, 0xa0, 0x2, 0x88, 0x83, 0x2f, 0xa0,
    0x5, 0xff, 0xf7, 0xf, 0xc0, 0x0, 0x2, 0xf7,
    0xc, 0xf2, 0x0, 0x2, 0xf7, 0x5, 0xfc, 0x10,
    0x2, 0xf7, 0x0, 0x9f, 0xfb, 0xae, 0xf5, 0x0,
    0x5, 0xcf, 0xfc, 0x50,

    /* U+0048 "H" */
    0x8f, 0x30, 0x0, 0x1f, 0xa8, 0xf3, 0x0, 0x1,
    0xfa, 0x8f, 0x30, 0x0, 0x1f, 0xa8, 0xf3, 0x0,
    0x1, 0xfa, 0x8f, 0x30, 0x0, 0x1f, 0xa8, 0xff,
    0xff, 0xff, 0xfa, 0x8f, 0xba, 0xaa, 0xaf, 0xa8,
    0xf3, 0x0, 0x1, 0xfa, 0x8f, 0x30, 0x0, 0x1f,
    0xa8, 0xf3, 0x0, 0x1, 0xfa, 0x8f, 0x30, 0x0,
    0x1f, 0xa8, 0xf3, 0x0, 0x1, 0xfa,

    /* U+0049 "I" */
    0x8f, 0x38, 0xf3, 0x8f, 0x38, 0xf3, 0x8f, 0x38,
    0xf3, 0x8f, 0x38, 0xf3, 0x8f, 0x38, 0xf3, 0x8f,
    0x38, 0xf3,

    /* U+004A "J" */
    0x0, 0x0, 0xe, 0xd0, 0x0, 0x0, 0xed, 0x0,
    0x0, 0xe, 0xd0, 0x0, 0x0, 0xed, 0x0, 0x0,
    0xe, 0xd0, 0x0, 0x0, 0xed, 0x0, 0x0, 0xe,
    0xd0, 0x0, 0x0, 0xed, 0x0, 0x0, 0xe, 0xd1,
    0xa1, 0x2, 0xfb, 0x4f, 0xea, 0xef, 0x50, 0x5d,
    0xfe, 0x60,

    /* U+004B "K" */
    0x8f, 0x30, 0x1, 0xee, 0x18, 0xf3, 0x0, 0xaf,
    0x40, 0x8f, 0x30, 0x6f, 0x80, 0x8, 0xf3, 0x2f,
    0xc0, 0x0, 0x8f, 0x3d, 0xf2, 0x0, 0x8, 0xfc,
    0xff, 0x60, 0x0, 0x8f, 0xfa, 0xee, 0x0, 0x8,
    0xfd, 0x6, 0xf8, 0x0, 0x8f, 0x30, 0xd, 0xf1,
    0x8, 0xf3, 0x0, 0x4f, 0x90, 0x8f, 0x30, 0x0,
    0xcf, 0x28, 0xf3, 0x0, 0x4, 0xfa,

    /* U+004C "L" */
    0x8f, 0x30, 0x0, 0x8, 0xf3, 0x0, 0x0, 0x8f,
    0x30, 0x0, 0x8, 0xf3, 0x0, 0x0, 0x8f, 0x30,
    0x0, 0x8, 0xf3, 0x0, 0x0, 0x8f, 0x30, 0x0,
    0x8, 0xf3, 0x0, 0x0, 0x8f, 0x30, 0x0, 0x8,
    0xf3, 0x0, 0x0, 0x8f, 0xa9, 0x99, 0x88, 0xff,
    0xff, 0xfe,

    /* U+004D "M" */
    0x8f, 0xa0, 0x0, 0x2, 0xff, 0x8, 0xff, 0x0,
    0x0, 0x8f, 0xf0, 0x8e, 0xf4, 0x0, 0xd, 0xef,
    0x8, 0xec, 0x90, 0x2, 0xfa, 0xf0, 0x8f, 0x7e,
    0x0, 0x7e, 0x8f, 0x8, 0xf2, 0xf4, 0xd, 0x89,
    0xf0, 0x8f, 0xc, 0x92, 0xf3, 0x9f, 0x8, 0xf0,
    0x7e, 0x6d, 0x9, 0xf0, 0x8f, 0x2, 0xfe, 0x80,
    0x9f, 0x8, 0xf0, 0xc, 0xf3, 0x9, 0xf0, 0x8f,
    0x0, 0x6c, 0x0, 0x9f, 0x8, 0xf0, 0x0, 0x0,
    0x9, 0xf0,

    /* U+004E "N" */
    0x8f, 0x70, 0x0, 0x1f, 0x98, 0xff, 0x10, 0x1,
    0xf9, 0x8f, 0xf8, 0x0, 0x1f, 0x98, 0xf8, 0xf1,
    0x1, 0xf9, 0x8f, 0x2f, 0x90, 0x1f, 0x98, 0xf1,
    0x9f, 0x21, 0xf9, 0x8f, 0x11, 0xf9, 0x1f, 0x98,
    0xf1, 0x8, 0xf2, 0xf9, 0x8f, 0x10, 0x1f, 0x9f,
    0x98, 0xf1, 0x0, 0x8f, 0xf9, 0x8f, 0x10, 0x1,
    0xff, 0x98, 0xf1, 0x0, 0x7, 0xf9,

    /* U+004F "O" */
    0x0, 0x7, 0xdf, 0xe9, 0x10, 0x0, 0xb, 0xfe,
    0xac, 0xfe, 0x10, 0x6, 0xfb, 0x0, 0x6, 0xfb,
    0x0, 0xdf, 0x10, 0x0, 0xc, 0xf1, 0xf, 0xc0,
    0x0, 0x0, 0x7f, 0x52, 0xfa, 0x0, 0x0, 0x5,
    0xf7, 0x2f, 0xa0, 0x0, 0x0, 0x5f, 0x70, 0xfc,
    0x0, 0x0, 0x7, 0xf5, 0xc, 0xf1, 0x0, 0x0,
    0xcf, 0x10, 0x5f, 0xb0, 0x0, 0x6f, 0xa0, 0x0,
    0xaf, 0xea, 0xcf, 0xe1, 0x0, 0x0, 0x7d, 0xfe,
    0x91, 0x0,

    /* U+0050 "P" */
    0x8f, 0xff, 0xfc, 0x60, 0x8, 0xf9, 0x89, 0xef,
    0x70, 0x8f, 0x30, 0x0, 0xee, 0x8, 0xf3, 0x0,
    0xb, 0xf0, 0x8f, 0x30, 0x0, 0xdf, 0x8, 0xf3,
    0x1, 0x8f, 0xa0, 0x8f, 0xff, 0xff, 0xc1, 0x8,
    0xf9, 0x87, 0x40, 0x0, 0x8f, 0x30, 0x0, 0x0,
    0x8, 0xf3, 0x0, 0x0, 0x0, 0x8f, 0x30, 0x0,
    0x0, 0x8, 0xf3, 0x0, 0x0, 0x0,

    /* U+0051 "Q" */
    0x0, 0x7, 0xdf, 0xe9, 0x10, 0x0, 0xb, 0xfe,
    0xac, 0xfe, 0x10, 0x6, 0xfb, 0x0, 0x6, 0xfb,
    0x0, 0xdf, 0x10, 0x0, 0xc, 0xf1, 0xf, 0xc0,
    0x0, 0x0, 0x7f, 0x52, 0xfa, 0x0, 0x0, 0x5,
    0xf7, 0x2f, 0xa0, 0x0, 0x0, 0x5f, 0x70, 0xfc,
    0x0, 0x0, 0x7, 0xf5, 0xc, 0xf1, 0x0, 0x0,
    0xcf, 0x10, 0x5f, 0xa0, 0x0, 0x5f, 0xa0, 0x0,
    0xaf, 0xd9, 0xbf, 0xe1, 0x0, 0x0, 0x7d, 0xff,
    0x91, 0x0, 0x0, 0x0, 0xe, 0xf2, 0x0, 0x0,
    0x0, 0x0, 0x3f, 0xfa, 0x86, 0x0, 0x0, 0x0,
    0x3b, 0xff, 0xa0,

    /* U+0052 "R" */
    0x8f, 0xff, 0xfd, 0x70, 0x8, 0xf9, 0x88, 0xdf,
    0x80, 0x8f, 0x30, 0x0, 0xee, 0x8, 0xf3, 0x0,
    0xb, 0xf0, 0x8f, 0x30, 0x0, 0xdf, 0x8, 0xf4,
    0x23, 0x9f, 0x90, 0x8f, 0xff, 0xff, 0xb0, 0x8,
    0xf7, 0x5e, 0xe0, 0x0, 0x8f, 0x30, 0x6f, 0x80,
    0x8, 0xf3, 0x0, 0xdf, 0x10, 0x8f, 0x30, 0x5,
    0xfa, 0x8, 0xf3, 0x0, 0xc, 0xf3,

    /* U+0053 "S" */
    0x0, 0x4c, 0xfe, 0xa2, 0x0, 0x4f, 0xea, 0xbf,
    0xe0, 0xb, 0xf2, 0x0, 0x24, 0x0, 0xcf, 0x0,
    0x0, 0x0, 0x8, 0xfc, 0x40, 0x0, 0x0, 0xa,
    0xff, 0xc5, 0x0, 0x0, 0x3, 0xbf, 0xfa, 0x0,
    0x0, 0x0, 0x2d, 0xf4, 0x0, 0x0, 0x0, 0x5f,
    0x70, 0xa5, 0x0, 0x8, 0xf5, 0x1e, 0xfd, 0xac,
    0xfd, 0x0, 0x18, 0xdf, 0xe9, 0x10,

    /* U+0054 "T" */
    0x8f, 0xff, 0xff, 0xff, 0xb4, 0x99, 0xbf, 0xc9,
    0x96, 0x0, 0x5, 0xf7, 0x0, 0x0, 0x0, 0x5f,
    0x70, 0x0, 0x0, 0x5, 0xf7, 0x0, 0x0, 0x0,
    0x5f, 0x70, 0x0, 0x0, 0x5, 0xf7, 0x0, 0x0,
    0x0, 0x5f, 0x70, 0x0, 0x0, 0x5, 0xf7, 0x0,
    0x0, 0x0, 0x5f, 0x70, 0x0, 0x0, 0x5, 0xf7,
    0x0, 0x0, 0x0, 0x5f, 0x70, 0x0,

    /* U+0055 "U" */
    0x9f, 0x20, 0x0, 0x1f, 0x99, 0xf2, 0x0, 0x1,
    0xf9, 0x9f, 0x20, 0x0, 0x1f, 0x99, 0xf2, 0x0,
    0x1, 0xf9, 0x9f, 0x20, 0x0, 0x1f, 0x99, 0xf2,
    0x0, 0x1, 0xf9, 0x9f, 0x20, 0x0, 0x1f, 0x99,
    0xf2, 0x0, 0x1, 0xf9, 0x7f, 0x50, 0x0, 0x4f,
    0x73, 0xfc, 0x0, 0xb, 0xf3, 0xa, 0xfd, 0xad,
    0xfb, 0x0, 0x8, 0xef, 0xe8, 0x0,

    /* U+0056 "V" */
    0xe, 0xe0, 0x0, 0x0, 0xfc, 0x9, 0xf3, 0x0,
    0x3, 0xf8, 0x5, 0xf7, 0x0, 0x7, 0xf3, 0x0,
    0xfb, 0x0, 0xb, 0xe0, 0x0, 0xbf, 0x0, 0xf,
    0xa0, 0x0, 0x7f, 0x40, 0x4f, 0x50, 0x0, 0x2f,
    0x80, 0x8f, 0x10, 0x0, 0xd, 0xc0, 0xcc, 0x0,
    0x0, 0x9, 0xf1, 0xf7, 0x0, 0x0, 0x4, 0xf9,
    0xf3, 0x0, 0x0, 0x0, 0xff, 0xe0, 0x0, 0x0,
    0x0, 0xbf, 0xa0, 0x0,

    /* U+0057 "W" */
    0x9f, 0x30, 0x2, 0xfa, 0x0, 0xb, 0xf0, 0x6f,
    0x60, 0x5, 0xfd, 0x0, 0xd, 0xc0, 0x3f, 0x80,
    0x9, 0xff, 0x10, 0xf, 0x90, 0xf, 0xb0, 0xc,
    0x9f, 0x50, 0x3f, 0x60, 0xd, 0xe0, 0xf, 0x5e,
    0x80, 0x6f, 0x30, 0xa, 0xf0, 0x4f, 0x1b, 0xc0,
    0x8f, 0x0, 0x7, 0xf3, 0x7e, 0x7, 0xf0, 0xbd,
    0x0, 0x4, 0xf5, 0xaa, 0x4, 0xf3, 0xdb, 0x0,
    0x1, 0xf8, 0xe7, 0x0, 0xf6, 0xf8, 0x0, 0x0,
    0xeb, 0xf3, 0x0, 0xdb, 0xf5, 0x0, 0x0, 0xbf,
    0xf0, 0x0, 0x9f, 0xf2, 0x0, 0x0, 0x8f, 0xc0,
    0x0, 0x6f, 0xf0, 0x0,

    /* U+0058 "X" */
    0x4f, 0x90, 0x0, 0x8f, 0x40, 0xcf, 0x10, 0xf,
    0xc0, 0x4, 0xf8, 0x7, 0xf4, 0x0, 0xc, 0xf1,
    0xec, 0x0, 0x0, 0x4f, 0xcf, 0x40, 0x0, 0x0,
    0xcf, 0xc0, 0x0, 0x0, 0xe, 0xfd, 0x0, 0x0,
    0x7, 0xf8, 0xf6, 0x0, 0x0, 0xeb, 0xe, 0xe0,
    0x0, 0x7f, 0x40, 0x7f, 0x60, 0x1f, 0xc0, 0x0,
    0xee, 0x8, 0xf5, 0x0, 0x7, 0xf7,

    /* U+0059 "Y" */
    0xd, 0xf0, 0x0, 0xa, 0xf2, 0x6, 0xf6, 0x0,
    0x1f, 0xa0, 0x0, 0xed, 0x0, 0x7f, 0x30, 0x0,
    0x7f, 0x30, 0xec, 0x0, 0x0, 0x1f, 0x94, 0xf5,
    0x0, 0x0, 0x9, 0xfb, 0xe0, 0x0, 0x0, 0x2,
    0xff, 0x70, 0x0, 0x0, 0x0, 0xcf, 0x10, 0x0,
    0x0, 0x0, 0xbf, 0x0, 0x0, 0x0, 0x0, 0xbf,
    0x0, 0x0, 0x0, 0x0, 0xbf, 0x0, 0x0, 0x0,
    0x0, 0xbf, 0x0, 0x0,

    /* U+005A "Z" */
    0xc, 0xff, 0xff, 0xff, 0x60, 0x79, 0x99, 0x9f,
    0xf2, 0x0, 0x0, 0x5, 0xf9, 0x0, 0x0, 0x0,
    0xee, 0x0, 0x0, 0x0, 0x8f, 0x60, 0x0, 0x0,
    0x2f, 0xc0, 0x0, 0x0, 0xb, 0xf3, 0x0, 0x0,
    0x4, 0xf9, 0x0, 0x0, 0x0, 0xde, 0x10, 0x0,
    0x0, 0x7f, 0x60, 0x0, 0x0, 0x1f, 0xf9, 0x99,
    0x99, 0x44, 0xff, 0xff, 0xff, 0xf7,

    /* U+005B "[" */
    0x7f, 0xfb, 0x7d, 0x0, 0x7d, 0x0, 0x7d, 0x0,
    0x7d, 0x0, 0x7d, 0x0, 0x7d, 0x0, 0x7d, 0x0,
    0x7d, 0x0, 0x7d, 0x0, 0x7d, 0x0, 0x7d, 0x0,
    0x7d, 0x0, 0x7d, 0x0, 0x7f, 0xea, 0x1, 0x11,

    /* U+005C "\\" */
    0x8a, 0x0, 0x0, 0x4e, 0x0, 0x0, 0xf, 0x20,
    0x0, 0xc, 0x70, 0x0, 0x7, 0xb0, 0x0, 0x3,
    0xf0, 0x0, 0x0, 0xe3, 0x0, 0x0, 0xa8, 0x0,
    0x0, 0x6c, 0x0, 0x0, 0x2f, 0x0, 0x0, 0xd,
    0x50, 0x0, 0x9, 0x90, 0x0, 0x5, 0xd0, 0x0,
    0x1, 0xf1, 0x0, 0x0, 0xc6, 0x0, 0x0, 0x44,

    /* U+005D "]" */
    0x6f, 0xfc, 0x0, 0x8c, 0x0, 0x8c, 0x0, 0x8c,
    0x0, 0x8c, 0x0, 0x8c, 0x0, 0x8c, 0x0, 0x8c,
    0x0, 0x8c, 0x0, 0x8c, 0x0, 0x8c, 0x0, 0x8c,
    0x0, 0x8c, 0x0, 0x8c, 0x6e, 0xfc, 0x1, 0x11,

    /* U+005E "^" */
    0x0, 0xa, 0xf3, 0x0, 0x0, 0xf, 0xf9, 0x0,
    0x0, 0x6f, 0x7e, 0x0, 0x0, 0xca, 0x1f, 0x40,
    0x2, 0xf4, 0xc, 0xa0, 0x7, 0xe0, 0x6, 0xf1,
    0xd, 0x90, 0x1, 0xf6,

    /* U+005F "_" */
    0xcf, 0xff, 0xff, 0xff, 0x32, 0x22, 0x22, 0x22,
    0x20,

    /* U+0060 "`" */
    0x0, 0x0, 0x0, 0x9b, 0x0, 0x7, 0xf8, 0x0,
    0x7, 0xf5, 0x0, 0x6, 0x10,

    /* U+0061 "a" */
    0x1, 0x9e, 0xfd, 0x40, 0xa, 0xe9, 0x8e, 0xf1,
    0x1, 0x0, 0x6, 0xf6, 0x0, 0x3, 0x7b, 0xf7,
    0x3, 0xdf, 0xba, 0xf7, 0xe, 0xc1, 0x3, 0xf7,
    0x2f, 0x80, 0x5, 0xf7, 0xf, 0xe8, 0xae, 0xf7,
    0x4, 0xef, 0xb2, 0xf7,

    /* U+0062 "b" */
    0xbf, 0x0, 0x0, 0x0, 0xbf, 0x0, 0x0, 0x0,
    0xbf, 0x0, 0x0, 0x0, 0xbf, 0x0, 0x0, 0x0,
    0xbf, 0x4d, 0xfd, 0x30, 0xbf, 0xfa, 0x9f, 0xf1,
    0xbf, 0x30, 0x7, 0xf7, 0xbf, 0x0, 0x2, 0xfa,
    0xbf, 0x0, 0x1, 0xfb, 0xbf, 0x0, 0x3, 0xf9,
    0xbf, 0x10, 0x9, 0xf5, 0xbf, 0xe9, 0xbf, 0xc0,
    0xbb, 0x6e, 0xfa, 0x10,

    /* U+0063 "c" */
    0x0, 0x4c, 0xfe, 0x80, 0x5, 0xfe, 0x9a, 0xd0,
    0xe, 0xf2, 0x0, 0x0, 0x3f, 0xa0, 0x0, 0x0,
    0x4f, 0x80, 0x0, 0x0, 0x3f, 0xa0, 0x0, 0x0,
    0xe, 0xf2, 0x0, 0x10, 0x6, 0xfe, 0x9a, 0xf2,
    0x0, 0x5d, 0xfe, 0x80,

    /* U+0064 "d" */
    0x0, 0x0, 0x0, 0x9f, 0x20, 0x0, 0x0, 0x9,
    0xf2, 0x0, 0x0, 0x0, 0x9f, 0x20, 0x0, 0x0,
    0x8, 0xf2, 0x0, 0x6e, 0xfb, 0xaf, 0x20, 0x6f,
    0xe9, 0xbf, 0xf2, 0xe, 0xf1, 0x0, 0x9f, 0x22,
    0xfa, 0x0, 0x9, 0xf2, 0x3f, 0x80, 0x0, 0x9f,
    0x22, 0xfa, 0x0, 0x9, 0xf2, 0xf, 0xe1, 0x0,
    0xbf, 0x20, 0x8f, 0xd9, 0xcf, 0xf2, 0x0, 0x8e,
    0xf9, 0x5f, 0x20,

    /* U+0065 "e" */
    0x0, 0x5d, 0xfd, 0x50, 0x5, 0xfc, 0x7c, 0xf3,
    0xe, 0xd0, 0x0, 0xe9, 0x3f, 0x80, 0x0, 0xbc,
    0x4f, 0xff, 0xff, 0xfd, 0x3f, 0x93, 0x33, 0x32,
    0xe, 0xd0, 0x0, 0x0, 0x5, 0xfd, 0x88, 0xc3,
    0x0, 0x4c, 0xfe, 0x91,

    /* U+0066 "f" */
    0x0, 0x6e, 0xf7, 0x2, 0xfd, 0x84, 0x5, 0xf6,
    0x0, 0x6, 0xf5, 0x0, 0x7f, 0xff, 0xf0, 0x4b,
    0xfa, 0x70, 0x6, 0xf5, 0x0, 0x6, 0xf5, 0x0,
    0x6, 0xf5, 0x0, 0x6, 0xf5, 0x0, 0x6, 0xf5,
    0x0, 0x6, 0xf5, 0x0, 0x6, 0xf5, 0x0,

    /* U+0067 "g" */
    0x0, 0x8e, 0xff, 0xff, 0x50, 0x9f, 0x85, 0xef,
    0x93, 0xf, 0xb0, 0x5, 0xf2, 0x0, 0xfa, 0x0,
    0x4f, 0x40, 0xa, 0xf3, 0x1b, 0xf0, 0x0, 0x2f,
    0xff, 0xe4, 0x0, 0xb, 0xa1, 0x20, 0x0, 0x0,
    0xce, 0x87, 0x76, 0x10, 0x5, 0xff, 0xff, 0xfe,
    0x11, 0xe6, 0x0, 0x7, 0xf6, 0x4f, 0x30, 0x0,
    0x5f, 0x51, 0xfd, 0x53, 0x6e, 0xc0, 0x3, 0xcf,
    0xfd, 0x80, 0x0,

    /* U+0068 "h" */
    0xbf, 0x0, 0x0, 0x0, 0xbf, 0x0, 0x0, 0x0,
    0xbf, 0x0, 0x0, 0x0, 0xbf, 0x0, 0x0, 0x0,
    0xbf, 0x2c, 0xfd, 0x30, 0xbf, 0xeb, 0xbf, 0xd0,
    0xbf, 0x50, 0xb, 0xf1, 0xbf, 0x0, 0x9, 0xf2,
    0xbf, 0x0, 0x9, 0xf2, 0xbf, 0x0, 0x9, 0xf2,
    0xbf, 0x0, 0x9, 0xf2, 0xbf, 0x0, 0x9, 0xf2,
    0xbf, 0x0, 0x9, 0xf2,

    /* U+0069 "i" */
    0xae, 0x1c, 0xf2, 0x2, 0x0, 0x0, 0xbf, 0xb,
    0xf0, 0xbf, 0xb, 0xf0, 0xbf, 0xb, 0xf0, 0xbf,
    0xb, 0xf0, 0xbf, 0x0,

    /* U+006A "j" */
    0x0, 0xae, 0x10, 0xc, 0xf2, 0x0, 0x2, 0x0,
    0x0, 0x0, 0x0, 0xbf, 0x0, 0xb, 0xf0, 0x0,
    0xbf, 0x0, 0xb, 0xf0, 0x0, 0xbf, 0x0, 0xb,
    0xf0, 0x0, 0xbf, 0x0, 0xb, 0xf0, 0x0, 0xbf,
    0x0, 0xb, 0xf0, 0x0, 0xbf, 0x4, 0x8f, 0xc0,
    0x9f, 0xd2, 0x0,

    /* U+006B "k" */
    0xbf, 0x0, 0x0, 0x0, 0xbf, 0x0, 0x0, 0x0,
    0xbf, 0x0, 0x0, 0x0, 0xbf, 0x0, 0x0, 0x0,
    0xbf, 0x0, 0x2f, 0xc0, 0xbf, 0x0, 0xde, 0x10,
    0xbf, 0x9, 0xf4, 0x0, 0xbf, 0x5f, 0x90, 0x0,
    0xbf, 0xef, 0xd0, 0x0, 0xbf, 0xd6, 0xf7, 0x0,
    0xbf, 0x20, 0xcf, 0x10, 0xbf, 0x0, 0x3f, 0x90,
    0xbf, 0x0, 0xa, 0xf3,

    /* U+006C "l" */
    0xbf, 0xb, 0xf0, 0xbf, 0xb, 0xf0, 0xbf, 0xb,
    0xf0, 0xbf, 0xb, 0xf0, 0xbf, 0xb, 0xf0, 0xaf,
    0x9, 0xf7, 0x3e, 0xd0,

    /* U+006D "m" */
    0xbc, 0x4d, 0xfd, 0x24, 0xdf, 0xc1, 0xbf, 0xe7,
    0x9f, 0xee, 0x79, 0xf9, 0xbf, 0x30, 0xd, 0xf2,
    0x0, 0xed, 0xbf, 0x0, 0xc, 0xf0, 0x0, 0xce,
    0xbf, 0x0, 0xc, 0xf0, 0x0, 0xcf, 0xbf, 0x0,
    0xc, 0xf0, 0x0, 0xcf, 0xbf, 0x0, 0xc, 0xf0,
    0x0, 0xcf, 0xbf, 0x0, 0xc, 0xf0, 0x0, 0xcf,
    0xbf, 0x0, 0xc, 0xf0, 0x0, 0xcf,

    /* U+006E "n" */
    0xbc, 0x3c, 0xfd, 0x30, 0xbf, 0xf8, 0x7f, 0xd0,
    0xbf, 0x30, 0xa, 0xf1, 0xbf, 0x0, 0x9, 0xf2,
    0xbf, 0x0, 0x9, 0xf2, 0xbf, 0x0, 0x9, 0xf2,
    0xbf, 0x0, 0x9, 0xf2, 0xbf, 0x0, 0x9, 0xf2,
    0xbf, 0x0, 0x9, 0xf2,

    /* U+006F "o" */
    0x0, 0x5d, 0xfe, 0x70, 0x0, 0x5f, 0xd8, 0xcf,
    0x90, 0xe, 0xe1, 0x0, 0xcf, 0x23, 0xf9, 0x0,
    0x6, 0xf6, 0x4f, 0x80, 0x0, 0x4f, 0x73, 0xf9,
    0x0, 0x6, 0xf6, 0xe, 0xe1, 0x0, 0xcf, 0x20,
    0x5f, 0xd8, 0xcf, 0x80, 0x0, 0x5d, 0xfe, 0x70,
    0x0,

    /* U+0070 "p" */
    0xbc, 0x6d, 0xfd, 0x30, 0xbf, 0xe6, 0x6e, 0xf1,
    0xbf, 0x10, 0x6, 0xf7, 0xbf, 0x0, 0x2, 0xfa,
    0xbf, 0x0, 0x1, 0xfb, 0xbf, 0x0, 0x3, 0xf9,
    0xbf, 0x10, 0xa, 0xf5, 0xbf, 0xe9, 0xbf, 0xc0,
    0xbf, 0x6e, 0xfa, 0x10, 0xbf, 0x0, 0x0, 0x0,
    0xbf, 0x0, 0x0, 0x0, 0xbf, 0x0, 0x0, 0x0,
    0xbf, 0x0, 0x0, 0x0,

    /* U+0071 "q" */
    0x0, 0x6e, 0xfb, 0x6f, 0x20, 0x6f, 0xe9, 0xbf,
    0xf2, 0xe, 0xf1, 0x0, 0x9f, 0x22, 0xfa, 0x0,
    0x9, 0xf2, 0x3f, 0x80, 0x0, 0x9f, 0x22, 0xfa,
    0x0, 0x9, 0xf2, 0xf, 0xe1, 0x0, 0xbf, 0x20,
    0x8f, 0xd9, 0xcf, 0xf2, 0x0, 0x8e, 0xf9, 0x9f,
    0x20, 0x0, 0x0, 0x8, 0xf2, 0x0, 0x0, 0x0,
    0x9f, 0x20, 0x0, 0x0, 0x9, 0xf2, 0x0, 0x0,
    0x0, 0x9f, 0x20,

    /* U+0072 "r" */
    0x0, 0x0, 0x0, 0xbc, 0x3d, 0xf1, 0xbe, 0xe9,
    0x70, 0xbf, 0x70, 0x0, 0xbf, 0x10, 0x0, 0xbf,
    0x0, 0x0, 0xbf, 0x0, 0x0, 0xbf, 0x0, 0x0,
    0xbf, 0x0, 0x0, 0xbf, 0x0, 0x0,

    /* U+0073 "s" */
    0x2, 0xcf, 0xe9, 0x10, 0xde, 0x78, 0xe3, 0x1f,
    0x90, 0x0, 0x0, 0xdf, 0x81, 0x0, 0x1, 0xaf,
    0xf9, 0x0, 0x0, 0x19, 0xf7, 0x2, 0x0, 0xf,
    0xa5, 0xfa, 0x6a, 0xf6, 0x7, 0xdf, 0xe7, 0x0,

    /* U+0074 "t" */
    0x1, 0x82, 0x0, 0x3, 0xf4, 0x0, 0x4, 0xf4,
    0x0, 0x9f, 0xff, 0xf7, 0x4b, 0xfa, 0x73, 0x6,
    0xf4, 0x0, 0x6, 0xf4, 0x0, 0x6, 0xf4, 0x0,
    0x6, 0xf4, 0x0, 0x6, 0xf5, 0x0, 0x2, 0xfe,
    0x84, 0x0, 0x7e, 0xf8,

    /* U+0075 "u" */
    0xde, 0x0, 0xb, 0xf0, 0xde, 0x0, 0xb, 0xf0,
    0xde, 0x0, 0xb, 0xf0, 0xde, 0x0, 0xb, 0xf0,
    0xde, 0x0, 0xb, 0xf0, 0xce, 0x0, 0xb, 0xf0,
    0xbf, 0x10, 0x2e, 0xf0, 0x7f, 0xda, 0xed, 0xf0,
    0xa, 0xfe, 0x57, 0xf0,

    /* U+0076 "v" */
    0xaf, 0x10, 0x0, 0xdc, 0x5f, 0x60, 0x2, 0xf7,
    0xf, 0xb0, 0x7, 0xf2, 0xa, 0xf0, 0xb, 0xd0,
    0x5, 0xf4, 0xf, 0x80, 0x0, 0xf8, 0x4f, 0x30,
    0x0, 0xbd, 0x9e, 0x0, 0x0, 0x6f, 0xe9, 0x0,
    0x0, 0x1f, 0xf4, 0x0,

    /* U+0077 "w" */
    0x7f, 0x40, 0xa, 0xf2, 0x0, 0xbe, 0x3, 0xf7,
    0x0, 0xef, 0x60, 0xe, 0xa0, 0xf, 0xb0, 0x2f,
    0xba, 0x2, 0xf7, 0x0, 0xbe, 0x6, 0xe7, 0xe0,
    0x6f, 0x30, 0x7, 0xf2, 0x9a, 0x3f, 0x29, 0xf0,
    0x0, 0x3f, 0x5d, 0x70, 0xf6, 0xcb, 0x0, 0x0,
    0xf9, 0xf3, 0xc, 0x9f, 0x70, 0x0, 0xc, 0xef,
    0x0, 0x8e, 0xf4, 0x0, 0x0, 0x8f, 0xc0, 0x4,
    0xff, 0x0, 0x0,

    /* U+0078 "x" */
    0x4f, 0x90, 0x9, 0xf3, 0xb, 0xf2, 0x1f, 0xa0,
    0x2, 0xfa, 0x8f, 0x20, 0x0, 0x9f, 0xf8, 0x0,
    0x0, 0x4f, 0xf2, 0x0, 0x0, 0xcd, 0xf9, 0x0,
    0x5, 0xf4, 0x9f, 0x20, 0xe, 0xc0, 0x1f, 0xc0,
    0x7f, 0x40, 0x8, 0xf5,

    /* U+0079 "y" */
    0x9f, 0x20, 0x0, 0xdd, 0x4f, 0x70, 0x2, 0xf8,
    0xe, 0xc0, 0x6, 0xf3, 0x8, 0xf1, 0xa, 0xe0,
    0x2, 0xf6, 0xf, 0x90, 0x0, 0xdb, 0x3f, 0x40,
    0x0, 0x7f, 0x8e, 0x0, 0x0, 0x1f, 0xfa, 0x0,
    0x0, 0xc, 0xf5, 0x0, 0x0, 0xa, 0xf0, 0x0,
    0x0, 0x1f, 0xa0, 0x0, 0x18, 0xcf, 0x20, 0x0,
    0x3f, 0xe5, 0x0, 0x0,

    /* U+007A "z" */
    0xf, 0xff, 0xff, 0xc0, 0x77, 0x7c, 0xf7, 0x0,
    0x1, 0xed, 0x0, 0x0, 0xaf, 0x30, 0x0, 0x4f,
    0x90, 0x0, 0xd, 0xe1, 0x0, 0x8, 0xf6, 0x0,
    0x2, 0xff, 0x77, 0x77, 0x7f, 0xff, 0xff, 0xf0,

    /* U+007B "{" */
    0x0, 0x8f, 0xb0, 0x1f, 0x70, 0x2, 0xf4, 0x0,
    0x1f, 0x40, 0x0, 0xf5, 0x0, 0xf, 0x50, 0x4,
    0xf3, 0x6, 0xfa, 0x0, 0x17, 0xf2, 0x0, 0xf,
    0x50, 0x0, 0xf5, 0x0, 0x1f, 0x40, 0x2, 0xf4,
    0x0, 0x1f, 0x60, 0x0, 0xaf, 0xa0, 0x0, 0x11,

    /* U+007C "|" */
    0x7b, 0x7b, 0x7b, 0x7b, 0x7b, 0x7b, 0x7b, 0x7b,
    0x7b, 0x7b, 0x7b, 0x7b, 0x7b, 0x7b, 0x7b, 0x7b,
    0x7b, 0x7b,

    /* U+007D "}" */
    0x6f, 0xc1, 0x0, 0x3f, 0x60, 0x0, 0xf7, 0x0,
    0xf, 0x70, 0x0, 0xf6, 0x0, 0xf, 0x50, 0x0,
    0xe9, 0x0, 0x5, 0xfc, 0x0, 0xdb, 0x20, 0xf,
    0x50, 0x0, 0xf5, 0x0, 0xf, 0x70, 0x0, 0xf7,
    0x0, 0x1f, 0x60, 0x6f, 0xe1, 0x0, 0x10, 0x0,

    /* U+007E "~" */
    0x0, 0x0, 0x0, 0x0, 0xa, 0xff, 0x82, 0x57,
    0x29, 0x2, 0xcf, 0xf6, 0x0, 0x0, 0x3, 0x10,

    /* U+00B0 "°" */
    0x6, 0xed, 0x30, 0x2e, 0x13, 0xe0, 0x5b, 0x0,
    0xe1, 0x2e, 0x13, 0xe0, 0x6, 0xee, 0x40,

    /* U+00B7 "·" */
    0x48, 0xd, 0xf6, 0x9e, 0x20,

    /* U+00D7 "×" */
    0x0, 0x0, 0x0, 0x0, 0x0, 0x2, 0xe4, 0x0,
    0x0, 0x3, 0xe2, 0xa, 0xf3, 0x0, 0x2, 0xfa,
    0x0, 0xa, 0xe2, 0x2, 0xeb, 0x0, 0x0, 0xb,
    0xe3, 0xeb, 0x0, 0x0, 0x0, 0xc, 0xfc, 0x0,
    0x0, 0x0, 0x1, 0xdf, 0xd1, 0x0, 0x0, 0x0,
    0xcd, 0x2d, 0xc0, 0x0, 0x0, 0xbe, 0x20, 0x1e,
    0xb0, 0x0, 0xae, 0x20, 0x0, 0x2e, 0xb0, 0x2d,
    0x30, 0x0, 0x0, 0x2d, 0x20, 0x0, 0x0, 0x0,
    0x0, 0x0,

    /* U+00F7 "÷" */
    0x0, 0x0, 0x17, 0x10, 0x0, 0x0, 0x0, 0xa,
    0xfa, 0x0, 0x0, 0x0, 0x0, 0x6f, 0x60, 0x0,
    0x0, 0x0, 0x0, 0x0, 0x0, 0x0, 0x1, 0x11,
    0x11, 0x11, 0x11, 0xe, 0xff, 0xff, 0xff, 0xff,
    0xfe, 0x34, 0x44, 0x44, 0x44, 0x44, 0x30, 0x0,
    0x0, 0x0, 0x0, 0x0, 0x0, 0x0, 0x17, 0x10,
    0x0, 0x0, 0x0, 0xa, 0xf9, 0x0, 0x0, 0x0,
    0x0, 0x6f, 0x60, 0x0, 0x0,

    /* U+2013 "–" */
    0x0, 0x0, 0x0, 0x0, 0x4f, 0xff, 0xff, 0xf6,
    0x3, 0x33, 0x33, 0x31,

    /* U+2026 "…" */
    0x4, 0x0, 0x0, 0x40, 0x0, 0x4, 0x7, 0xf7,
    0x0, 0x7f, 0x70, 0x7, 0xf7, 0x5f, 0x50, 0x5,
    0xf5, 0x0, 0x5f, 0x50,

    /* U+2191 "↑" */
    0x0, 0x0, 0x80, 0x0, 0x0, 0x0, 0x8f, 0x80,
    0x0, 0x0, 0x6f, 0xff, 0x60, 0x0, 0x7f, 0x7f,
    0x7f, 0x70, 0xb, 0x52, 0xf2, 0x5b, 0x0, 0x0,
    0x2f, 0x20, 0x0, 0x0, 0x2, 0xf2, 0x0, 0x0,
    0x0, 0x2f, 0x20, 0x0, 0x0, 0x2, 0xf2, 0x0,
    0x0, 0x0, 0x2f, 0x20, 0x0, 0x0, 0x2, 0xf2,
    0x0, 0x0, 0x0, 0x2f, 0x20, 0x0, 0x0, 0x2,
    0xf2, 0x0, 0x0, 0x0, 0x2f, 0x20, 0x0,

    /* U+2193 "↓" */
    0x0, 0x2, 0xf2, 0x0, 0x0, 0x0, 0x2f, 0x20,
    0x0, 0x0, 0x2, 0xf2, 0x0, 0x0, 0x0, 0x2f,
    0x20, 0x0, 0x0, 0x2, 0xf2, 0x0, 0x0, 0x0,
    0x2f, 0x20, 0x0, 0x0, 0x2, 0xf2, 0x0, 0x0,
    0x0, 0x2f, 0x20, 0x0, 0x0, 0x2, 0xf2, 0x0,
    0x0, 0xb5, 0x2f, 0x25, 0xb0, 0x7, 0xf7, 0xf7,
    0xf7, 0x0, 0x6, 0xff, 0xf6, 0x0, 0x0, 0x8,
    0xf8, 0x0, 0x0, 0x0, 0x8, 0x0, 0x0,

    /* U+221E "∞" */
    0x2, 0xad, 0xc6, 0x0, 0x6, 0xcd, 0xa2, 0x1,
    0xec, 0x68, 0xfb, 0x1b, 0xe8, 0x6c, 0xe1, 0x6e,
    0x0, 0x2, 0xdf, 0xd2, 0x0, 0xe, 0x57, 0xc0,
    0x0, 0x8, 0xf8, 0x0, 0x0, 0xc7, 0x3f, 0x40,
    0x8, 0xf8, 0xf8, 0x0, 0x4f, 0x30, 0x8f, 0xef,
    0xe4, 0x4, 0xef, 0xef, 0x80, 0x0, 0x25, 0x40,
    0x0, 0x0, 0x45, 0x20, 0x0,

    /* U+3000 "　" */

    /* U+3001 "、" */
    0x2, 0x10, 0x0, 0x1e, 0xe2, 0x0, 0x5, 0xfe,
    0x20, 0x0, 0x4f, 0xd1, 0x0, 0x6, 0x70,

    /* U+3002 "。" */
    0x2, 0xab, 0x60, 0xd, 0x53, 0xc5, 0x3b, 0x0,
    0x4a, 0x1e, 0x20, 0x97, 0x4, 0xde, 0x90,

    /* U+300C "「" */
    0x5f, 0xff, 0xf8, 0x5f, 0x54, 0x42, 0x5f, 0x10,
    0x0, 0x5f, 0x10, 0x0, 0x5f, 0x10, 0x0, 0x5f,
    0x10, 0x0, 0x5f, 0x10, 0x0, 0x5f, 0x10, 0x0,
    0x5f, 0x10, 0x0, 0x3a, 0x0, 0x0,

    /* U+300D "」" */
    0x0, 0x0, 0xa3, 0x0, 0x1, 0xf5, 0x0, 0x1,
    0xf5, 0x0, 0x1, 0xf5, 0x0, 0x1, 0xf5, 0x0,
    0x1, 0xf5, 0x0, 0x1, 0xf5, 0x0, 0x1, 0xf5,
    0x24, 0x45, 0xf5, 0x8f, 0xff, 0xf5,

    /* U+3044 "い" */
    0x2a, 0x50, 0x0, 0x0, 0x0, 0x10, 0x2, 0xf7,
    0x0, 0x0, 0x0, 0xec, 0x0, 0x2f, 0x70, 0x0,
    0x0, 0x6, 0xf5, 0x1, 0xf7, 0x0, 0x0, 0x0,
    0xe, 0xc0, 0xf, 0x70, 0x0, 0x0, 0x0, 0x8f,
    0x10, 0xf9, 0x0, 0x0, 0x0, 0x3, 0xf6, 0xd,
    0xb0, 0x0, 0x40, 0x0, 0xf, 0xa0, 0xae, 0x0,
    0x4f, 0x20, 0x0, 0xcd, 0x6, 0xf5, 0xb, 0xf0,
    0x0, 0x8, 0x70, 0xe, 0xfc, 0xf7, 0x0, 0x0,
    0x0, 0x0, 0x4e, 0xfb, 0x0, 0x0, 0x0, 0x0,
    0x0, 0x1, 0x0, 0x0, 0x0, 0x0,

    /* U+304B "か" */
    0x0, 0x0, 0xe8, 0x0, 0x0, 0x0, 0x0, 0x0,
    0x1, 0xf7, 0x0, 0x0, 0x10, 0x0, 0x0, 0x4,
    0xf4, 0x0, 0x3, 0xf6, 0x0, 0x89, 0xac, 0xfe,
    0xec, 0x50, 0xbe, 0x0, 0xdd, 0xbe, 0xe7, 0x7d,
    0xf0, 0x3f, 0x60, 0x0, 0xe, 0x90, 0x4, 0xf3,
    0xc, 0xe0, 0x0, 0x4f, 0x40, 0x4, 0xf2, 0x5,
    0xf4, 0x0, 0x9f, 0x0, 0x5, 0xf2, 0x0, 0xb3,
    0x0, 0xf9, 0x0, 0x7, 0xf0, 0x0, 0x0, 0x6,
    0xf3, 0x0, 0xa, 0xe0, 0x0, 0x0, 0xe, 0xc0,
    0x20, 0x2f, 0xa0, 0x0, 0x0, 0x7f, 0x50, 0xdf,
    0xff, 0x20, 0x0, 0x0, 0x16, 0x0, 0x47, 0x72,
    0x0, 0x0, 0x0,

    /* U+304C "が" */
    0x0, 0x0, 0x0, 0x0, 0x0, 0x1, 0x49, 0x0,
    0x0, 0x2, 0xd5, 0x0, 0x1, 0xe3, 0xe4, 0x0,
    0x0, 0x4f, 0x40, 0x0, 0x7, 0xb4, 0x30, 0x0,
    0x6, 0xf2, 0x0, 0x5, 0xf3, 0x0, 0x8, 0x89,
    0xdf, 0xde, 0xb3, 0x1e, 0xb0, 0x0, 0xfe, 0xcf,
    0xd7, 0x7e, 0xd0, 0x7f, 0x30, 0x0, 0x1, 0xf6,
    0x0, 0x7f, 0x0, 0xea, 0x0, 0x0, 0x6f, 0x20,
    0x7, 0xf0, 0x9, 0xf1, 0x0, 0xb, 0xd0, 0x0,
    0x7f, 0x0, 0x3c, 0x20, 0x1, 0xf7, 0x0, 0x9,
    0xe0, 0x0, 0x0, 0x0, 0x8f, 0x10, 0x0, 0xcb,
    0x0, 0x0, 0x0, 0x1f, 0xa0, 0x0, 0x3f, 0x70,
    0x0, 0x0, 0x9, 0xf3, 0xf, 0xef, 0xf1, 0x0,
    0x0, 0x0, 0x36, 0x0, 0x69, 0x82, 0x0, 0x0,
    0x0,

    /* U+304D "き" */
    0x0, 0x0, 0x0, 0x0, 0x0, 0x0, 0x0, 0x0,
    0xe9, 0x0, 0x0, 0x26, 0x54, 0x4c, 0xe8, 0xbe,
    0x4, 0xef, 0xff, 0xff, 0xda, 0x70, 0x0, 0x0,
    0x1, 0xf6, 0x0, 0x3, 0x43, 0x33, 0x3d, 0xd8,
    0xbc, 0xaf, 0xff, 0xff, 0xff, 0xea, 0x70, 0x11,
    0x22, 0x10, 0xda, 0x0, 0x2, 0x0, 0x0, 0x35,
    0xf4, 0x0, 0xf8, 0x0, 0x2f, 0xff, 0xb0, 0x4f,
    0x30, 0x0, 0x2, 0x41, 0x3, 0xf6, 0x0, 0x0,
    0x0, 0x0, 0xd, 0xfb, 0x87, 0x79, 0xb0, 0x0,
    0x18, 0xdf, 0xff, 0xec, 0x0,

    /* U+304F "く" */
    0x0, 0x0, 0x0, 0x0, 0x0, 0x0, 0x0, 0x0,
    0x3e, 0x30, 0x0, 0x0, 0x4, 0xfe, 0x40, 0x0,
    0x0, 0x6f, 0xd2, 0x0, 0x0, 0x9, 0xfa, 0x0,
    0x0, 0x1, 0xbf, 0x70, 0x0, 0x0, 0xc, 0xf5,
    0x0, 0x0, 0x0, 0xf, 0xe1, 0x0, 0x0, 0x0,
    0x5, 0xfd, 0x20, 0x0, 0x0, 0x0, 0x4e, 0xf4,
    0x0, 0x0, 0x0, 0x2, 0xdf, 0x70, 0x0, 0x0,
    0x0, 0x1c, 0xf9, 0x0, 0x0, 0x0, 0x0, 0xcf,
    0xa0, 0x0, 0x0, 0x0, 0xc, 0x50, 0x0, 0x0,
    0x0, 0x0, 0x0,

    /* U+3054 "ご" */
    0x0, 0x0, 0x0, 0x0, 0x0, 0x38, 0x0, 0x0,
    0x0, 0x0, 0x0, 0xe3, 0xe3, 0x6, 0x66, 0x55,
    0x66, 0x7a, 0xb5, 0x40, 0xef, 0xff, 0xff, 0xff,
    0x51, 0x0, 0x0, 0x12, 0x23, 0x22, 0x10, 0x0,
    0x0, 0x0, 0x0, 0x0, 0x0, 0x0, 0x0, 0x0,
    0x0, 0x0, 0x0, 0x0, 0x0, 0x0, 0x0, 0x0,
    0x0, 0x0, 0x0, 0x0, 0x46, 0x0, 0x0, 0x0,
    0x0, 0x0, 0xb, 0xc0, 0x0, 0x0, 0x0, 0x0,
    0x0, 0xdc, 0x0, 0x0, 0x0, 0x0, 0x0, 0xa,
    0xf8, 0x10, 0x0, 0x2, 0x51, 0x0, 0x2d, 0xff,
    0xff, 0xff, 0xff, 0x40, 0x0, 0x5, 0x8a, 0xaa,
    0x97, 0x40, 0x0,

    /* U+3055 "さ" */
    0x0, 0x0, 0x0, 0x0, 0x0, 0x0, 0x0, 0x0,
    0x7f, 0x10, 0x0, 0x0, 0x0, 0x3, 0xf5, 0x0,
    0x37, 0x87, 0x77, 0x7f, 0xdc, 0xfe, 0x9e, 0xff,
    0xff, 0xff, 0xb7, 0x40, 0x0, 0x0, 0x1, 0xf7,
    0x0, 0x0, 0x0, 0x0, 0x8, 0xe1, 0x0, 0x0,
    0x0, 0x3, 0x3f, 0xa0, 0xd, 0x90, 0x2, 0xff,
    0xff, 0x23, 0xf4, 0x0, 0x0, 0x13, 0x40, 0x5f,
    0x30, 0x0, 0x0, 0x0, 0x2, 0xfc, 0x20, 0x0,
    0x1, 0x10, 0x6, 0xff, 0xfd, 0xef, 0xf7, 0x0,
    0x1, 0x68, 0x99, 0x86, 0x20,

    /* U+3057 "し" */
    0x0, 0x0, 0x0, 0x0, 0x0, 0x8, 0xf4, 0x0,
    0x0, 0x0, 0x0, 0x7f, 0x20, 0x0, 0x0, 0x0,
    0x7, 0xf1, 0x0, 0x0, 0x0, 0x0, 0x7f, 0x10,
    0x0, 0x0, 0x0, 0x7, 0xf0, 0x0, 0x0, 0x0,
    0x0, 0x8f, 0x0, 0x0, 0x0, 0x0, 0x8, 0xf0,
    0x0, 0x0, 0x0, 0x0, 0x9f, 0x0, 0x0, 0x0,
    0x0, 0x9, 0xf0, 0x0, 0x0, 0x0, 0x60, 0x9f,
    0x0, 0x0, 0x0, 0x7f, 0x67, 0xf4, 0x0, 0x1,
    0x9f, 0xc0, 0x2f, 0xfa, 0x9b, 0xff, 0xa0, 0x0,
    0x3b, 0xff, 0xea, 0x40, 0x0,

    /* U+3058 "じ" */
    0x7a, 0x10, 0x0, 0x0, 0x0, 0x9, 0xf0, 0x0,
    0x22, 0x9a, 0x0, 0x9f, 0x0, 0x8, 0xc1, 0xf4,
    0x9, 0xf0, 0x0, 0xe, 0x55, 0x20, 0xae, 0x0,
    0x0, 0x31, 0x0, 0xa, 0xe0, 0x0, 0x0, 0x0,
    0x0, 0xad, 0x0, 0x0, 0x0, 0x0, 0xb, 0xd0,
    0x0, 0x0, 0x0, 0x0, 0xbd, 0x0, 0x0, 0x0,
    0x5, 0xb, 0xd0, 0x0, 0x0, 0x9, 0xf3, 0xaf,
    0x20, 0x0, 0x1a, 0xfb, 0x3, 0xff, 0xa9, 0xbf,
    0xf9, 0x0, 0x4, 0xcf, 0xfe, 0x93, 0x0, 0x0,

    /* U+3059 "す" */
    0x0, 0x0, 0x0, 0x1, 0x0, 0x0, 0x0, 0x0,
    0x0, 0x1, 0xf8, 0x0, 0x0, 0x0, 0x0, 0x11,
    0x1f, 0x82, 0x22, 0x19, 0xff, 0xff, 0xff, 0xff,
    0xff, 0xff, 0x46, 0x54, 0x43, 0x3f, 0x93, 0x33,
    0x40, 0x0, 0x0, 0x46, 0xf7, 0x0, 0x0, 0x0,
    0x0, 0xcf, 0xef, 0x80, 0x0, 0x0, 0x0, 0x7f,
    0x10, 0xcd, 0x0, 0x0, 0x0, 0x9, 0xd0, 0xa,
    0xf0, 0x0, 0x0, 0x0, 0x4f, 0xa8, 0xff, 0x0,
    0x0, 0x0, 0x0, 0x6c, 0xdf, 0xb0, 0x0, 0x0,
    0x0, 0x0, 0x1b, 0xf3, 0x0, 0x0, 0x0, 0x3,
    0x9f, 0xf6, 0x0, 0x0, 0x0, 0x0, 0x4f, 0xb3,
    0x0, 0x0, 0x0, 0x0, 0x0, 0x0, 0x0, 0x0,
    0x0, 0x0,

    /* U+305B "せ" */
    0x0, 0x0, 0x0, 0x0, 0x2, 0x71, 0x0, 0x0,
    0x4, 0xf4, 0x0, 0x4, 0xf3, 0x0, 0x0, 0x3,
    0xf4, 0x0, 0x3, 0xf2, 0x0, 0x0, 0x3, 0xf4,
    0x1, 0x37, 0xf8, 0x88, 0x29, 0xac, 0xff, 0xff,
    0xff, 0xfe, 0xec, 0x3d, 0xbb, 0xf8, 0x53, 0x25,
    0xf1, 0x0, 0x0, 0x3, 0xf3, 0x0, 0x5, 0xf0,
    0x0, 0x0, 0x3, 0xf3, 0x4, 0x9c, 0xf0, 0x0,
    0x0, 0x3, 0xf3, 0x4, 0xdf, 0xa0, 0x0, 0x0,
    0x2, 0xf4, 0x0, 0x0, 0x0, 0x0, 0x0, 0x1,
    0xfb, 0x31, 0x22, 0x45, 0x10, 0x0, 0x0, 0x9f,
    0xff, 0xff, 0xff, 0x30, 0x0, 0x0, 0x2, 0x55,
    0x55, 0x43, 0x0,

    /* U+3060 "だ" */
    0x0, 0x5, 0xc3, 0x0, 0x0, 0x17, 0x50, 0x0,
    0x7, 0xf2, 0x0, 0x5, 0xd4, 0xe0, 0x54, 0x4c,
    0xf9, 0xc9, 0x0, 0xc6, 0x61, 0xff, 0xff, 0xfd,
    0xa5, 0x0, 0x10, 0x0, 0x11, 0x2f, 0x70, 0x13,
    0x34, 0x32, 0x0, 0x0, 0x5f, 0x30, 0x6f, 0xff,
    0xff, 0x0, 0x0, 0x9f, 0x0, 0x13, 0x22, 0x23,
    0x0, 0x0, 0xeb, 0x0, 0x0, 0x0, 0x0, 0x0,
    0x4, 0xf6, 0x3, 0x70, 0x0, 0x0, 0x0, 0x9,
    0xf1, 0x7, 0xf0, 0x0, 0x0, 0x0, 0x1f, 0xb0,
    0x8, 0xf3, 0x0, 0x0, 0x0, 0x7f, 0x50, 0x2,
    0xef, 0xed, 0xef, 0x30, 0x5a, 0x0, 0x0, 0x16,
    0x88, 0x86, 0x10,

    /* U+3064 "つ" */
    0x0, 0x0, 0x4, 0x8c, 0xde, 0xb6, 0x0, 0x2,
    0x6b, 0xff, 0xeb, 0x88, 0xcf, 0xb0, 0xd, 0xfe,
    0x83, 0x0, 0x0, 0x8, 0xf6, 0x4, 0x50, 0x0,
    0x0, 0x0, 0x0, 0xfa, 0x0, 0x0, 0x0, 0x0,
    0x0, 0x0, 0xfb, 0x0, 0x0, 0x0, 0x0, 0x0,
    0x3, 0xf8, 0x0, 0x0, 0x0, 0x0, 0x0, 0x1d,
    0xf2, 0x0, 0x0, 0x0, 0x0, 0x28, 0xff, 0x50,
    0x0, 0x0, 0x1b, 0xcf, 0xff, 0xc3, 0x0, 0x0,
    0x0, 0xb, 0xca, 0x72, 0x0, 0x0,

    /* U+3066 "て" */
    0x0, 0x0, 0x0, 0x0, 0x0, 0x0, 0x1, 0x34,
    0x67, 0x9a, 0xbd, 0xef, 0xf4, 0xcf, 0xff, 0xec,
    0xcf, 0xfa, 0x87, 0x14, 0x42, 0x0, 0x1d, 0xc1,
    0x0, 0x0, 0x0, 0x0, 0xa, 0xe1, 0x0, 0x0,
    0x0, 0x0, 0x2, 0xf6, 0x0, 0x0, 0x0, 0x0,
    0x0, 0x7f, 0x10, 0x0, 0x0, 0x0, 0x0, 0x8,
    0xf0, 0x0, 0x0, 0x0, 0x0, 0x0, 0x6f, 0x40,
    0x0, 0x0, 0x0, 0x0, 0x1, 0xfd, 0x10, 0x0,
    0x0, 0x0, 0x0, 0x6, 0xfe, 0x83, 0x10, 0x0,
    0x0, 0x0, 0x4, 0xdf, 0xfd, 0x0, 0x0, 0x0,
    0x0, 0x0, 0x37, 0x40, 0x0,

    /* U+3067 "で" */
    0x2, 0x35, 0x68, 0x9a, 0xcd, 0xef, 0x2d, 0xff,
    0xff, 0xdd, 0xff, 0xb9, 0x81, 0x66, 0x31, 0x1,
    0xdc, 0x10, 0x4, 0x0, 0x0, 0x0, 0xbd, 0x10,
    0x74, 0xd5, 0x0, 0x0, 0x2f, 0x50, 0x4, 0xd4,
    0xb0, 0x0, 0x7, 0xf0, 0x0, 0x7, 0x10, 0x0,
    0x0, 0x9f, 0x0, 0x0, 0x0, 0x0, 0x0, 0x7,
    0xf2, 0x0, 0x0, 0x0, 0x0, 0x0, 0x2f, 0xc0,
    0x0, 0x0, 0x0, 0x0, 0x0, 0x8f, 0xe7, 0x20,
    0x0, 0x0, 0x0, 0x0, 0x6e, 0xff, 0xc0, 0x0,
    0x0, 0x0, 0x0, 0x4, 0x85, 0x0,

    /* U+3068 "と" */
    0x3, 0x90, 0x0, 0x0, 0x0, 0x0, 0x7f, 0x40,
    0x0, 0x0, 0x0, 0x0, 0xfb, 0x0, 0x1, 0x8d,
    0x0, 0x8, 0xf3, 0x7, 0xef, 0x91, 0x0, 0x1f,
    0xce, 0xfa, 0x20, 0x0, 0x0, 0xdf, 0xa2, 0x0,
    0x0, 0x1, 0xde, 0x40, 0x0, 0x0, 0x0, 0xaf,
    0x30, 0x0, 0x0, 0x0, 0xf, 0x90, 0x0, 0x0,
    0x0, 0x2, 0xf8, 0x0, 0x0, 0x0, 0x0, 0xe,
    0xf7, 0x20, 0x1, 0x35, 0x50, 0x3e, 0xff, 0xff,
    0xff, 0xfa, 0x0, 0x4, 0x68, 0x87, 0x64, 0x20,

    /* U+306A "な" */
    0x0, 0x0, 0x0, 0x0, 0x0, 0x0, 0x0, 0x0,
    0x0, 0xcb, 0x0, 0x0, 0x0, 0x0, 0x0, 0x0,
    0xf9, 0x0, 0x0, 0x0, 0x0, 0x46, 0x68, 0xfd,
    0xd9, 0xa, 0x60, 0x0, 0x8f, 0xff, 0xfa, 0x72,
    0x1a, 0xfd, 0x40, 0x0, 0xe, 0x90, 0x0, 0x31,
    0x3d, 0xd0, 0x0, 0x6f, 0x30, 0x0, 0xf6, 0x0,
    0x10, 0x0, 0xeb, 0x0, 0x0, 0xf6, 0x0, 0x0,
    0x8, 0xf3, 0x0, 0x0, 0xe7, 0x0, 0x0, 0x3f,
    0xa0, 0x2a, 0xdd, 0xf9, 0x0, 0x0, 0x5d, 0x11,
    0xeb, 0x66, 0xef, 0xd4, 0x0, 0x0, 0x4, 0xf2,
    0x0, 0xeb, 0xcf, 0x60, 0x0, 0x2, 0xfb, 0x69,
    0xf6, 0x9, 0x20, 0x0, 0x0, 0x4c, 0xff, 0x90,
    0x0, 0x0,

    /* U+306B "に" */
    0x4, 0x60, 0x0, 0x0, 0x0, 0x0, 0x0, 0x9e,
    0x0, 0x3, 0x21, 0x12, 0x30, 0xb, 0xb0, 0x3,
    0xff, 0xff, 0xff, 0x10, 0xe8, 0x0, 0x4, 0x56,
    0x65, 0x40, 0xf, 0x60, 0x0, 0x0, 0x0, 0x0,
    0x2, 0xf4, 0x0, 0x0, 0x0, 0x0, 0x0, 0x3f,
    0x20, 0x0, 0x0, 0x0, 0x0, 0x4, 0xf4, 0x60,
    0x10, 0x0, 0x0, 0x0, 0x4f, 0xb8, 0xd, 0x80,
    0x0, 0x0, 0x3, 0xff, 0x20, 0xf8, 0x0, 0x0,
    0x0, 0x1f, 0xe0, 0xc, 0xfa, 0x78, 0x9b, 0x70,
    0xfa, 0x0, 0x1a, 0xef, 0xff, 0xd6, 0x6, 0x40,
    0x0, 0x0, 0x0, 0x0, 0x0,

    /* U+306E "の" */
    0x0, 0x0, 0x49, 0xba, 0x82, 0x0, 0x0, 0x3,
    0xdf, 0xdf, 0xee, 0xf9, 0x0, 0x4, 0xfc, 0x32,
    0xf6, 0x7, 0xfa, 0x1, 0xec, 0x0, 0x5f, 0x30,
    0x8, 0xf3, 0x7f, 0x20, 0x8, 0xf0, 0x0, 0xf,
    0x8b, 0xc0, 0x0, 0xdc, 0x0, 0x0, 0xdb, 0xdb,
    0x0, 0x2f, 0x70, 0x0, 0xe, 0xbc, 0xd0, 0x9,
    0xf1, 0x0, 0x2, 0xf8, 0x7f, 0x65, 0xf9, 0x0,
    0x0, 0xbf, 0x21, 0xef, 0xfd, 0x10, 0x3, 0xcf,
    0x80, 0x1, 0x88, 0x10, 0x7e, 0xff, 0x70, 0x0,
    0x0, 0x0, 0x1, 0xa6, 0x10, 0x0,

    /* U+306F "は" */
    0x7, 0x80, 0x0, 0x0, 0x3b, 0x30, 0x0, 0xc,
    0xb0, 0x0, 0x0, 0x3f, 0x40, 0x0, 0xe, 0x80,
    0x0, 0x0, 0x3f, 0x53, 0x30, 0xf, 0x60, 0x1f,
    0xfe, 0xff, 0xff, 0xb0, 0x2f, 0x30, 0x6, 0x67,
    0x8f, 0x73, 0x10, 0x4f, 0x10, 0x0, 0x0, 0x3f,
    0x40, 0x0, 0x5f, 0x0, 0x0, 0x0, 0x2f, 0x50,
    0x0, 0x6f, 0x33, 0x0, 0x1, 0x2f, 0x50, 0x0,
    0x6f, 0xa6, 0x8, 0xff, 0xff, 0xb1, 0x0, 0x5f,
    0xf1, 0x5f, 0x41, 0x2f, 0xff, 0x50, 0x3f, 0xb0,
    0x7f, 0x10, 0x4f, 0x7a, 0xf2, 0x1f, 0x80, 0x2e,
    0xfe, 0xfe, 0x10, 0x40, 0x8, 0x40, 0x1, 0x68,
    0x72, 0x0, 0x0,

    /* U+3078 "へ" */
    0x0, 0x0, 0x7, 0xa2, 0x0, 0x0, 0x0, 0x0,
    0x0, 0x8, 0xff, 0xe2, 0x0, 0x0, 0x0, 0x0,
    0x5, 0xfb, 0x4f, 0xe1, 0x0, 0x0, 0x0, 0x2,
    0xfd, 0x0, 0x4f, 0xc0, 0x0, 0x0, 0x1, 0xef,
    0x20, 0x0, 0x7f, 0xb0, 0x0, 0x1, 0xdf, 0x50,
    0x0, 0x0, 0x9f, 0x90, 0x0, 0x8, 0xa0, 0x0,
    0x0, 0x0, 0xbf, 0x90, 0x0, 0x0, 0x0, 0x0,
    0x0, 0x0, 0xcf, 0x90, 0x0, 0x0, 0x0, 0x0,
    0x0, 0x1, 0xdf, 0x20, 0x0, 0x0, 0x0, 0x0,
    0x0, 0x1, 0x30,

    /* U+307E "ま" */
    0x0, 0x0, 0xa, 0xe0, 0x0, 0x0, 0x6, 0x43,
    0x2a, 0xe3, 0x56, 0x60, 0xf, 0xff, 0xff, 0xff,
    0xfe, 0x90, 0x0, 0x1, 0x2a, 0xd1, 0x0, 0x0,
    0x2, 0x10, 0xa, 0xc1, 0x24, 0x50, 0x1f, 0xff,
    0xff, 0xff, 0xff, 0xe0, 0x3, 0x45, 0x5b, 0xe4,
    0x32, 0x0, 0x0, 0x0, 0x8, 0xe0, 0x0, 0x0,
    0x3, 0xae, 0xff, 0xf5, 0x0, 0x0, 0x2f, 0xb5,
    0x4a, 0xff, 0xe6, 0x0, 0x5f, 0x10, 0x7, 0xf2,
    0xbf, 0xb0, 0x2f, 0xb6, 0x6e, 0xe0, 0x7, 0xc0,
    0x5, 0xcf, 0xfc, 0x30, 0x0, 0x0,

    /* U+307F "み" */
    0x0, 0x1, 0x11, 0x23, 0x50, 0x0, 0x0, 0x0,
    0x0, 0xbf, 0xff, 0xff, 0x50, 0x0, 0x0, 0x0,
    0x3, 0x43, 0x2d, 0xc0, 0x0, 0x0, 0x0, 0x0,
    0x0, 0x3, 0xf5, 0x0, 0x0, 0x0, 0x0, 0x0,
    0x0, 0xad, 0x0, 0x9, 0xb0, 0x0, 0x0, 0x4a,
    0xdf, 0xe9, 0x50, 0xac, 0x0, 0x0, 0xbf, 0xbd,
    0xf9, 0xdf, 0xee, 0xa0, 0x0, 0x9e, 0x20, 0xf8,
    0x0, 0x2a, 0xff, 0x60, 0xf, 0x60, 0x7f, 0x20,
    0x0, 0x5f, 0xef, 0x20, 0xf7, 0x2f, 0xa0, 0x0,
    0xd, 0xd0, 0x70, 0xc, 0xff, 0xe1, 0x0, 0xb,
    0xf4, 0x0, 0x0, 0x7, 0x72, 0x0, 0x4d, 0xf6,
    0x0, 0x0, 0x0, 0x0, 0x0, 0x5, 0xc3, 0x0,
    0x0, 0x0,

    /* U+3080 "む" */
    0x0, 0xe, 0xa0, 0x0, 0x0, 0x0, 0x0, 0x0,
    0xd9, 0x25, 0x30, 0x32, 0x0, 0xcf, 0xef, 0xff,
    0xf6, 0xc, 0xe3, 0x3, 0x67, 0xeb, 0x31, 0x0,
    0x1c, 0xf4, 0x0, 0x3e, 0x90, 0x0, 0x0, 0x1d,
    0xa0, 0xcf, 0xfa, 0x0, 0x0, 0x0, 0x10, 0x7d,
    0x7, 0xf0, 0x0, 0x0, 0x0, 0xb, 0x90, 0x6e,
    0x0, 0x0, 0x2, 0x0, 0x9d, 0x3c, 0xb0, 0x0,
    0x0, 0xf7, 0x2, 0xef, 0xf4, 0x0, 0x0, 0xf,
    0x80, 0x0, 0x6f, 0x30, 0x0, 0x4, 0xf6, 0x0,
    0x2, 0xfd, 0x98, 0x9b, 0xfe, 0x10, 0x0, 0x6,
    0xcd, 0xed, 0xb8, 0x20, 0x0,

    /* U+3081 "め" */
    0x0, 0x0, 0x0, 0x4, 0x91, 0x0, 0x0, 0x3b,
    0x10, 0x0, 0x7f, 0x0, 0x0, 0x2, 0xf5, 0x3,
    0x6c, 0xd2, 0x0, 0x0, 0xd, 0xcd, 0xff, 0xff,
    0xfa, 0x10, 0x0, 0xcf, 0x92, 0x4f, 0x36, 0xfc,
    0x0, 0xaf, 0xf5, 0xa, 0xd0, 0x5, 0xf5, 0x4f,
    0x4b, 0xd2, 0xf7, 0x0, 0xe, 0xaa, 0xc0, 0x3f,
    0xde, 0x0, 0x0, 0xcb, 0xd8, 0x0, 0xbf, 0x70,
    0x0, 0xe, 0xac, 0xb0, 0x4f, 0xfd, 0x0, 0x7,
    0xf5, 0x7f, 0xef, 0xb3, 0x30, 0x18, 0xfb, 0x0,
    0x6a, 0x60, 0x3, 0xcf, 0xf9, 0x0, 0x0, 0x0,
    0x0, 0x9, 0x72, 0x0, 0x0,

    /* U+3082 "も" */
    0x0, 0x0, 0x0, 0x0, 0x0, 0x0, 0x0, 0x0,
    0xf, 0x90, 0x0, 0x0, 0x0, 0x0, 0x0, 0xf7,
    0x0, 0x0, 0x0, 0x5, 0xc9, 0x8f, 0x96, 0x71,
    0x0, 0x0, 0x39, 0xcf, 0xff, 0xfe, 0x20, 0x0,
    0x0, 0x0, 0x5f, 0x10, 0x0, 0x0, 0x0, 0x0,
    0x7, 0xf0, 0x0, 0x2, 0x40, 0xb, 0xda, 0xde,
    0x88, 0x90, 0x8f, 0x40, 0x49, 0xbf, 0xfe, 0xdc,
    0x0, 0xdc, 0x0, 0x0, 0xda, 0x0, 0x0, 0x8,
    0xf0, 0x0, 0xd, 0xa0, 0x0, 0x0, 0x8f, 0x10,
    0x0, 0xce, 0x0, 0x0, 0x3f, 0xd0, 0x0, 0x5,
    0xfd, 0x98, 0xbf, 0xf3, 0x0, 0x0, 0x5, 0xcf,
    0xfd, 0x91, 0x0,

    /* U+308A "り" */
    0x0, 0x0, 0x0, 0x0, 0x0, 0x7f, 0x10, 0x2,
    0x0, 0x0, 0x8e, 0x8, 0xff, 0xf5, 0x0, 0xab,
    0x9e, 0x53, 0xbf, 0x30, 0xcd, 0xe1, 0x0, 0x1f,
    0xa0, 0xef, 0x50, 0x0, 0xb, 0xe0, 0xfe, 0x0,
    0x0, 0x9, 0xf0, 0xfa, 0x0, 0x0, 0x9, 0xf0,
    0xe9, 0x0, 0x0, 0xb, 0xe0, 0x86, 0x0, 0x0,
    0x1f, 0xa0, 0x0, 0x0, 0x0, 0xbf, 0x30, 0x0,
    0x0, 0x4c, 0xf7, 0x0, 0x1, 0xae, 0xfe, 0x50,
    0x0, 0x0, 0x8a, 0x50, 0x0, 0x0,

    /* U+308B "る" */
    0x0, 0x12, 0x23, 0x34, 0x55, 0x0, 0x0, 0x8f,
    0xff, 0xff, 0xff, 0x20, 0x0, 0x23, 0x22, 0x2c,
    0xe4, 0x0, 0x0, 0x0, 0x2, 0xdc, 0x10, 0x0,
    0x0, 0x0, 0x5f, 0xa0, 0x0, 0x0, 0x0, 0x8,
    0xff, 0xef, 0xea, 0x20, 0x0, 0xbf, 0xc6, 0x33,
    0x6d, 0xf2, 0x2d, 0xf5, 0x0, 0x0, 0x1, 0xeb,
    0x1c, 0x20, 0x9d, 0xc4, 0x0, 0xae, 0x0, 0x8,
    0xe5, 0x8f, 0x40, 0xbd, 0x0, 0xb, 0xa0, 0xc,
    0xb5, 0xf8, 0x0, 0x6, 0xfa, 0x7c, 0xff, 0xb0,
    0x0, 0x0, 0x5b, 0xdd, 0xa5, 0x0,

    /* U+308C "れ" */
    0x0, 0x0, 0x0, 0x0, 0x0, 0x0, 0x0, 0x0,
    0x0, 0xf, 0xa0, 0x0, 0x0, 0x0, 0x0, 0x0,
    0x0, 0xf8, 0x0, 0x0, 0x0, 0x0, 0x0, 0x45,
    0x7f, 0xa0, 0x29, 0xdb, 0x20, 0x0, 0xf, 0xff,
    0xf8, 0x7f, 0xb9, 0xfc, 0x0, 0x0, 0x31, 0x2f,
    0xde, 0x40, 0x9, 0xe0, 0x0, 0x0, 0x7, 0xfd,
    0x10, 0x0, 0xad, 0x0, 0x0, 0x2, 0xff, 0x20,
    0x0, 0xc, 0xb0, 0x0, 0x0, 0xdf, 0xf0, 0x0,
    0x0, 0xe9, 0x0, 0x0, 0xaf, 0x8f, 0x0, 0x0,
    0xf, 0x70, 0x0, 0x4f, 0x66, 0xf0, 0x0, 0x1,
    0xf6, 0x2, 0x20, 0x80, 0x6f, 0x10, 0x0, 0x1f,
    0xc9, 0xf5, 0x0, 0x6, 0xf1, 0x0, 0x0, 0xbf,
    0xf9, 0x0, 0x0, 0x4a, 0x10, 0x0, 0x0, 0x10,
    0x0,

    /* U+308F "わ" */
    0x0, 0x0, 0x0, 0x0, 0x0, 0x0, 0x0, 0x0,
    0x0, 0x8, 0xf1, 0x0, 0x0, 0x0, 0x0, 0x0,
    0x0, 0x8f, 0x0, 0x0, 0x0, 0x0, 0x0, 0x24,
    0x6c, 0xf2, 0x0, 0x0, 0x0, 0x0, 0x9, 0xff,
    0xfe, 0x17, 0xdf, 0xfe, 0x60, 0x0, 0x22, 0xb,
    0xde, 0xe8, 0x55, 0xbf, 0x70, 0x0, 0x1, 0xef,
    0x90, 0x0, 0x0, 0xbf, 0x0, 0x0, 0xaf, 0x90,
    0x0, 0x0, 0x5, 0xf3, 0x0, 0x6f, 0xf7, 0x0,
    0x0, 0x0, 0x6f, 0x30, 0x3f, 0x9e, 0x70, 0x0,
    0x0, 0xc, 0xf0, 0xd, 0xd0, 0xf7, 0x0, 0x0,
    0x9, 0xf7, 0x0, 0x63, 0xf, 0x80, 0x4, 0x9e,
    0xf9, 0x0, 0x0, 0x0, 0xf8, 0x0, 0x9f, 0xb4,
    0x0, 0x0, 0x0, 0xa, 0x60, 0x0, 0x0, 0x0,
    0x0,

    /* U+3092 "を" */
    0x0, 0x0, 0x0, 0x0, 0x0, 0x0, 0x0, 0x0,
    0x8, 0xf0, 0x0, 0x0, 0x0, 0x15, 0x44, 0xcd,
    0x56, 0x8a, 0x0, 0x4, 0xff, 0xff, 0xff, 0xed,
    0xb0, 0x0, 0x0, 0x19, 0xe1, 0x0, 0x0, 0x0,
    0x0, 0x2, 0xf7, 0x43, 0x0, 0x3, 0x90, 0x0,
    0xdf, 0xfe, 0xfa, 0x5c, 0xfd, 0x20, 0xaf, 0x80,
    0xa, 0xff, 0xa4, 0x0, 0x7f, 0x60, 0x2c, 0xff,
    0x20, 0x0, 0x0, 0x40, 0x2e, 0xc6, 0xf0, 0x0,
    0x0, 0x0, 0xb, 0xd0, 0x4f, 0x10, 0x0, 0x0,
    0x0, 0xeb, 0x0, 0x10, 0x0, 0x0, 0x0, 0xa,
    0xfb, 0x88, 0x8a, 0xc3, 0x0, 0x0, 0x7, 0xcd,
    0xed, 0xcb, 0x20,

    /* U+3093 "ん" */
    0x0, 0x0, 0x0, 0x58, 0x10, 0x0, 0x0, 0x0,
    0x0, 0x0, 0xe, 0xe1, 0x0, 0x0, 0x0, 0x0,
    0x0, 0x7, 0xf5, 0x0, 0x0, 0x0, 0x0, 0x0,
    0x0, 0xec, 0x0, 0x0, 0x0, 0x0, 0x0, 0x0,
    0x7f, 0x30, 0x0, 0x0, 0x0, 0x0, 0x0, 0xe,
    0xa5, 0x61, 0x0, 0x0, 0x0, 0x0, 0x7, 0xff,
    0xff, 0xc0, 0x0, 0x0, 0x0, 0x0, 0xef, 0x40,
    0x9f, 0x0, 0x0, 0x30, 0x0, 0x7f, 0x50, 0x6,
    0xf1, 0x0, 0x4f, 0x20, 0xe, 0xc0, 0x0, 0x6f,
    0x10, 0xb, 0xe0, 0x5, 0xf5, 0x0, 0x5, 0xf4,
    0x8, 0xf6, 0x0, 0xcf, 0x0, 0x0, 0x2f, 0xff,
    0xf9, 0x0, 0x4, 0x60, 0x0, 0x0, 0x39, 0x94,
    0x0, 0x0,

    /* U+30A4 "イ" */
    0x0, 0x0, 0x0, 0x0, 0x0, 0x84, 0x0, 0x0,
    0x0, 0x0, 0x0, 0x8f, 0xc0, 0x0, 0x0, 0x0,
    0x0, 0xaf, 0xb1, 0x0, 0x0, 0x0, 0x4, 0xdf,
    0x80, 0x0, 0x0, 0x0, 0x3b, 0xff, 0x40, 0x0,
    0x0, 0x5, 0xbf, 0xfd, 0xf1, 0x0, 0x0, 0x8f,
    0xfe, 0x81, 0x9f, 0x10, 0x0, 0x4, 0xa5, 0x0,
    0x9, 0xf1, 0x0, 0x0, 0x0, 0x0, 0x0, 0x9f,
    0x10, 0x0, 0x0, 0x0, 0x0, 0x9, 0xf1, 0x0,
    0x0, 0x0, 0x0, 0x0, 0x9f, 0x10, 0x0, 0x0,
    0x0, 0x0, 0x9, 0xf1, 0x0, 0x0, 0x0, 0x0,
    0x0, 0x59, 0x10, 0x0, 0x0,

    /* U+30AA "オ" */
    0x0, 0x0, 0x0, 0x9, 0xf0, 0x0, 0x0, 0x0,
    0x0, 0x0, 0x8f, 0x0, 0x0, 0x2, 0x22, 0x22,
    0x28, 0xf2, 0x22, 0x13, 0xff, 0xff, 0xff, 0xff,
    0xff, 0xf8, 0x15, 0x55, 0x55, 0x9f, 0xf5, 0x55,
    0x20, 0x0, 0x0, 0x2e, 0xff, 0x0, 0x0, 0x0,
    0x0, 0x2e, 0xd7, 0xf1, 0x0, 0x0, 0x0, 0x5f,
    0xd1, 0x6f, 0x10, 0x0, 0x1, 0x9f, 0xc1, 0x6,
    0xf1, 0x0, 0x6, 0xef, 0x80, 0x0, 0x6f, 0x10,
    0x0, 0x4c, 0x30, 0x0, 0x6, 0xf2, 0x0, 0x0,
    0x0, 0x0, 0xff, 0xff, 0x10, 0x0, 0x0, 0x0,
    0x6, 0x78, 0x40, 0x0, 0x0,

    /* U+30AB "カ" */
    0x0, 0x0, 0xf, 0xb0, 0x0, 0x0, 0x0, 0x0,
    0xe, 0xa0, 0x0, 0x0, 0x3, 0x22, 0x2f, 0xa2,
    0x22, 0x30, 0x3f, 0xff, 0xff, 0xff, 0xff, 0xfc,
    0x14, 0x44, 0x5f, 0x84, 0x44, 0xcc, 0x0, 0x0,
    0x5f, 0x30, 0x0, 0xcc, 0x0, 0x0, 0x9f, 0x0,
    0x0, 0xcb, 0x0, 0x0, 0xfa, 0x0, 0x0, 0xe9,
    0x0, 0x8, 0xf4, 0x0, 0x0, 0xf7, 0x0, 0x4f,
    0xb0, 0x0, 0x2, 0xf5, 0x5, 0xfe, 0x10, 0x24,
    0x39, 0xf2, 0x3f, 0xe2, 0x0, 0x6f, 0xff, 0xc0,
    0x4, 0x10, 0x0, 0x14, 0x44, 0x0,

    /* U+30AD "キ" */
    0x0, 0x0, 0x6e, 0x20, 0x0, 0x0, 0x0, 0x0,
    0x4, 0xf5, 0x0, 0x1, 0x0, 0x0, 0x0, 0x2f,
    0xb8, 0xbe, 0xf1, 0x4, 0xac, 0xef, 0xff, 0xec,
    0x97, 0x10, 0x4e, 0xb8, 0x6c, 0xe0, 0x0, 0x0,
    0x0, 0x0, 0x0, 0x7f, 0x10, 0x0, 0x0, 0x0,
    0x0, 0x4, 0xf7, 0x79, 0xcf, 0x61, 0x57, 0xac,
    0xff, 0xff, 0xeb, 0x93, 0x5f, 0xfd, 0xb8, 0xeb,
    0x0, 0x0, 0x1, 0x30, 0x0, 0xb, 0xd0, 0x0,
    0x0, 0x0, 0x0, 0x0, 0x8f, 0x10, 0x0, 0x0,
    0x0, 0x0, 0x5, 0xf4, 0x0, 0x0, 0x0, 0x0,
    0x0, 0x2a, 0x40, 0x0, 0x0,

    /* U+30AF "ク" */
    0x0, 0x0, 0x1, 0x0, 0x0, 0x0, 0x0, 0x0,
    0x0, 0xbe, 0x10, 0x0, 0x0, 0x0, 0x0, 0x3f,
    0x90, 0x0, 0x0, 0x0, 0x0, 0xd, 0xff, 0xff,
    0xff, 0xd1, 0x0, 0xa, 0xf8, 0x66, 0x66, 0xfd,
    0x0, 0x9, 0xf7, 0x0, 0x0, 0x3f, 0x80, 0x1c,
    0xf8, 0x0, 0x0, 0xb, 0xf2, 0x3, 0xd6, 0x0,
    0x0, 0x3, 0xfa, 0x0, 0x0, 0x0, 0x0, 0x1,
    0xde, 0x10, 0x0, 0x0, 0x0, 0x1, 0xcf, 0x50,
    0x0, 0x0, 0x0, 0x2, 0xdf, 0x70, 0x0, 0x0,
    0x0, 0x18, 0xff, 0x50, 0x0, 0x0, 0x0, 0xaf,
    0xfb, 0x20, 0x0, 0x0, 0x0, 0x3, 0xa4, 0x0,
    0x0, 0x0, 0x0,

    /* U+30B5 "サ" */
    0x0, 0x1, 0xe7, 0x0, 0x9, 0xf0, 0x0, 0x0,
    0x0, 0xf7, 0x0, 0x8, 0xf0, 0x0, 0x0, 0x0,
    0xf7, 0x0, 0x8, 0xf0, 0x0, 0x1f, 0xff, 0xff,
    0xff, 0xff, 0xff, 0xfe, 0x8, 0x88, 0xfc, 0x88,
    0x8c, 0xf8, 0x87, 0x0, 0x0, 0xf7, 0x0, 0x8,
    0xf0, 0x0, 0x0, 0x0, 0xf7, 0x0, 0x9, 0xe0,
    0x0, 0x0, 0x0, 0xf8, 0x0, 0xc, 0xc0, 0x0,
    0x0, 0x0, 0x32, 0x0, 0x1f, 0x90, 0x0, 0x0,
    0x0, 0x0, 0x0, 0xaf, 0x30, 0x0, 0x0, 0x0,
    0x0, 0x1b, 0xf8, 0x0, 0x0, 0x0, 0x0, 0x5,
    0xff, 0x80, 0x0, 0x0, 0x0, 0x0, 0x0, 0x62,
    0x0, 0x0, 0x0,

    /* U+30B6 "ザ" */
    0x0, 0x0, 0x0, 0x0, 0x0, 0x0, 0x0, 0x0,
    0x0, 0x37, 0x0, 0x0, 0x85, 0x53, 0xa0, 0x0,
    0x7, 0xf1, 0x0, 0xf, 0x89, 0x6d, 0x10, 0x0,
    0x7f, 0x10, 0x0, 0xf8, 0x37, 0x20, 0x48, 0x7b,
    0xf8, 0x77, 0x7f, 0xc7, 0x74, 0x8, 0xff, 0xff,
    0xff, 0xff, 0xff, 0xff, 0x70, 0x0, 0x7, 0xf1,
    0x0, 0xf, 0x80, 0x0, 0x0, 0x0, 0x7f, 0x10,
    0x0, 0xf8, 0x0, 0x0, 0x0, 0x7, 0xf1, 0x0,
    0x2f, 0x60, 0x0, 0x0, 0x0, 0x5a, 0x10, 0x5,
    0xf3, 0x0, 0x0, 0x0, 0x0, 0x0, 0x0, 0xce,
    0x0, 0x0, 0x0, 0x0, 0x0, 0x0, 0xaf, 0x60,
    0x0, 0x0, 0x0, 0x0, 0x6, 0xdf, 0x90, 0x0,
    0x0, 0x0, 0x0, 0x0, 0x7d, 0x50, 0x0, 0x0,
    0x0, 0x0, 0x0, 0x0, 0x0, 0x0, 0x0, 0x0,
    0x0,

    /* U+30B9 "ス" */
    0x2, 0x99, 0x99, 0x99, 0x99, 0x80, 0x0, 0x4f,
    0xee, 0xee, 0xee, 0xfe, 0x0, 0x0, 0x0, 0x0,
    0x0, 0x5f, 0x70, 0x0, 0x0, 0x0, 0x0, 0xd,
    0xe0, 0x0, 0x0, 0x0, 0x0, 0x7, 0xf6, 0x0,
    0x0, 0x0, 0x0, 0x3, 0xfb, 0x0, 0x0, 0x0,
    0x0, 0x2, 0xef, 0xc1, 0x0, 0x0, 0x0, 0x3,
    0xee, 0x8f, 0xc1, 0x0, 0x0, 0x7, 0xfe, 0x20,
    0x6f, 0xc1, 0x0, 0x4c, 0xfc, 0x10, 0x0, 0x7f,
    0xc0, 0x5f, 0xf7, 0x0, 0x0, 0x0, 0x9f, 0x50,
    0x51, 0x0, 0x0, 0x0, 0x0, 0x50,

    /* U+30BB "セ" */
    0x0, 0x0, 0xaf, 0x0, 0x0, 0x0, 0x0, 0x0,
    0x0, 0x9f, 0x0, 0x0, 0x0, 0x0, 0x0, 0x0,
    0x9f, 0x0, 0x0, 0x26, 0x70, 0x0, 0x0, 0x9f,
    0x58, 0xbf, 0xff, 0xf3, 0x7, 0x9c, 0xff, 0xfe,
    0xb8, 0x5f, 0xb0, 0xf, 0xfb, 0xdf, 0x20, 0x0,
    0x9f, 0x20, 0x2, 0x0, 0x9f, 0x0, 0x5, 0xf7,
    0x0, 0x0, 0x0, 0x9f, 0x0, 0x1f, 0xb0, 0x0,
    0x0, 0x0, 0x9f, 0x0, 0x2, 0x0, 0x0, 0x0,
    0x0, 0x9f, 0x0, 0x0, 0x0, 0x0, 0x0, 0x0,
    0x8f, 0x51, 0x11, 0x35, 0x50, 0x0, 0x0, 0x3f,
    0xff, 0xff, 0xff, 0xb0, 0x0, 0x0, 0x1, 0x56,
    0x66, 0x53, 0x10,

    /* U+30BF "タ" */
    0x0, 0x0, 0x2, 0x10, 0x0, 0x0, 0x0, 0x0,
    0x0, 0xce, 0x10, 0x0, 0x0, 0x0, 0x0, 0x5f,
    0x93, 0x33, 0x31, 0x0, 0x0, 0x1e, 0xff, 0xff,
    0xff, 0xf1, 0x0, 0xc, 0xf4, 0x22, 0x23, 0xfc,
    0x0, 0xb, 0xf5, 0x0, 0x0, 0x5f, 0x60, 0x2c,
    0xf5, 0x2c, 0x30, 0xd, 0xe0, 0x5, 0xe4, 0x4,
    0xef, 0x97, 0xf6, 0x0, 0x0, 0x0, 0x0, 0xaf,
    0xfd, 0x0, 0x0, 0x0, 0x0, 0x2, 0xff, 0xf7,
    0x0, 0x0, 0x0, 0x4, 0xfe, 0x5d, 0xd0, 0x0,
    0x0, 0x2a, 0xfd, 0x20, 0x12, 0x0, 0x1, 0xbf,
    0xf9, 0x0, 0x0, 0x0, 0x0, 0x6, 0x92, 0x0,
    0x0, 0x0, 0x0,

    /* U+30C0 "ダ" */
    0x0, 0x0, 0x0, 0x0, 0x0, 0x2, 0x68, 0x0,
    0x0, 0x0, 0x1f, 0x70, 0x2, 0xe3, 0xe3, 0x0,
    0x0, 0x9, 0xf3, 0x0, 0x9, 0x84, 0x10, 0x0,
    0x4, 0xff, 0xff, 0xff, 0xf7, 0x0, 0x0, 0x1,
    0xed, 0x66, 0x66, 0xaf, 0x70, 0x0, 0x1, 0xde,
    0x20, 0x0, 0xa, 0xf1, 0x0, 0x2, 0xdf, 0x34,
    0x50, 0x2, 0xfa, 0x0, 0x0, 0xde, 0x30, 0xcf,
    0xb1, 0xbf, 0x20, 0x0, 0x1, 0x10, 0x0, 0x7f,
    0xff, 0x80, 0x0, 0x0, 0x0, 0x0, 0x0, 0x7f,
    0xfa, 0x0, 0x0, 0x0, 0x0, 0x0, 0x6f, 0xdb,
    0xf9, 0x0, 0x0, 0x0, 0x1, 0xaf, 0xc1, 0x6,
    0x0, 0x0, 0x0, 0x39, 0xff, 0x80, 0x0, 0x0,
    0x0, 0x0, 0x3, 0xda, 0x20, 0x0, 0x0, 0x0,
    0x0, 0x0, 0x0, 0x0, 0x0, 0x0, 0x0, 0x0,
    0x0,

    /* U+30C1 "チ" */
    0x0, 0x0, 0x0, 0x0, 0x4, 0x40, 0x0, 0x37,
    0x77, 0x8a, 0xdf, 0xfe, 0x10, 0x5, 0xee, 0xdc,
    0xfc, 0x62, 0x0, 0x0, 0x0, 0x0, 0xf, 0x80,
    0x0, 0x0, 0x0, 0x0, 0x0, 0xf8, 0x0, 0x0,
    0xb, 0xff, 0xff, 0xff, 0xff, 0xff, 0xfc, 0x57,
    0x77, 0x78, 0xfb, 0x77, 0x77, 0x60, 0x0, 0x0,
    0x3f, 0x60, 0x0, 0x0, 0x0, 0x0, 0x8, 0xf2,
    0x0, 0x0, 0x0, 0x0, 0x2, 0xfc, 0x0, 0x0,
    0x0, 0x0, 0x2, 0xdf, 0x30, 0x0, 0x0, 0x0,
    0x5, 0xff, 0x50, 0x0, 0x0, 0x0, 0x0, 0x8,
    0x20, 0x0, 0x0, 0x0, 0x0,

    /* U+30C3 "ッ" */
    0x0, 0x0, 0x76, 0x0, 0x2, 0x3, 0xd2, 0xa,
    0xe0, 0x0, 0xeb, 0x1f, 0x80, 0x4f, 0x40, 0x2f,
    0x70, 0xae, 0x0, 0xd5, 0x7, 0xf2, 0x4, 0xb1,
    0x0, 0x0, 0xeb, 0x0, 0x0, 0x0, 0x0, 0x9f,
    0x30, 0x0, 0x0, 0x0, 0x7f, 0x80, 0x0, 0x0,
    0x0, 0x9f, 0xb0, 0x0, 0x0, 0x17, 0xef, 0x90,
    0x0, 0x0, 0x3, 0xfc, 0x40, 0x0, 0x0, 0x0,
    0x1, 0x0, 0x0, 0x0, 0x0,

    /* U+30C7 "デ" */
    0x0, 0x0, 0x0, 0x0, 0x0, 0x12, 0xa0, 0x0,
    0x10, 0x0, 0x0, 0x1, 0xd5, 0xd6, 0x0, 0xff,
    0xff, 0xff, 0xff, 0x5d, 0x33, 0x0, 0x66, 0x66,
    0x66, 0x66, 0x1, 0x0, 0x0, 0x0, 0x0, 0x0,
    0x0, 0x0, 0x0, 0x67, 0x77, 0x77, 0x77, 0x77,
    0x77, 0x50, 0xdf, 0xff, 0xff, 0xff, 0xff, 0xff,
    0xa0, 0x0, 0x0, 0x2, 0xf7, 0x0, 0x0, 0x0,
    0x0, 0x0, 0x4, 0xf5, 0x0, 0x0, 0x0, 0x0,
    0x0, 0x8, 0xf2, 0x0, 0x0, 0x0, 0x0, 0x0,
    0x1e, 0xc0, 0x0, 0x0, 0x0, 0x0, 0x1, 0xcf,
    0x40, 0x0, 0x0, 0x0, 0x0, 0x4e, 0xf6, 0x0,
    0x0, 0x0, 0x0, 0x0, 0x19, 0x30, 0x0, 0x0,
    0x0, 0x0,

    /* U+30C8 "ト" */
    0x2f, 0x90, 0x0, 0x0, 0x1, 0xf8, 0x0, 0x0,
    0x0, 0x1f, 0x80, 0x0, 0x0, 0x1, 0xf8, 0x0,
    0x0, 0x0, 0x1f, 0xfa, 0x50, 0x0, 0x1, 0xfe,
    0xff, 0xe9, 0x20, 0x1f, 0x81, 0x6d, 0xff, 0x91,
    0xf8, 0x0, 0x4, 0xb6, 0x1f, 0x80, 0x0, 0x0,
    0x1, 0xf8, 0x0, 0x0, 0x0, 0x1f, 0x80, 0x0,
    0x0, 0x2, 0xf9, 0x0, 0x0, 0x0, 0x4, 0x20,
    0x0, 0x0, 0x0,

    /* U+30C9 "ド" */
    0x35, 0x0, 0x0, 0x5, 0x0, 0xaf, 0x0, 0x8,
    0x2c, 0x80, 0x9f, 0x0, 0x8, 0xc2, 0xe1, 0x9f,
    0x0, 0x0, 0xc2, 0x0, 0x9f, 0x20, 0x0, 0x0,
    0x0, 0x9f, 0xfc, 0x71, 0x0, 0x0, 0x9f, 0x9e,
    0xff, 0xb4, 0x0, 0x9f, 0x0, 0x5b, 0xff, 0x20,
    0x9f, 0x0, 0x0, 0x27, 0x0, 0x9f, 0x0, 0x0,
    0x0, 0x0, 0x9f, 0x0, 0x0, 0x0, 0x0, 0x9f,
    0x0, 0x0, 0x0, 0x0, 0xaf, 0x10, 0x0, 0x0,
    0x0,

    /* U+30CD "ネ" */
    0x0, 0x0, 0x1, 0xf8, 0x0, 0x0, 0x0, 0x0,
    0x0, 0x0, 0xf7, 0x0, 0x0, 0x0, 0xa, 0xee,
    0xee, 0xff, 0xee, 0xe4, 0x0, 0x6, 0x88, 0x88,
    0x88, 0x9f, 0xf3, 0x0, 0x0, 0x0, 0x0, 0x1,
    0xcf, 0x40, 0x0, 0x0, 0x0, 0x0, 0x2d, 0xf5,
    0x0, 0x0, 0x0, 0x0, 0x8, 0xfe, 0x32, 0x0,
    0x0, 0x0, 0x17, 0xef, 0xf7, 0x2f, 0xd3, 0x0,
    0x6c, 0xff, 0xb5, 0xf7, 0x5, 0xef, 0x90, 0x4d,
    0x82, 0x1, 0xf7, 0x0, 0xa, 0xb0, 0x0, 0x0,
    0x1, 0xf7, 0x0, 0x0, 0x0, 0x0, 0x0, 0x1,
    0xf7, 0x0, 0x0, 0x0, 0x0, 0x0, 0x1, 0xb5,
    0x0, 0x0, 0x0,

    /* U+30D1 "パ" */
    0x0, 0x0, 0x0, 0x0, 0x0, 0x6, 0xdc, 0x20,
    0x0, 0x1, 0x0, 0x0, 0x30, 0xd0, 0x58, 0x0,
    0x0, 0x8f, 0x20, 0x6f, 0x46, 0xdc, 0x20, 0x0,
    0xb, 0xe0, 0x0, 0xec, 0x0, 0x0, 0x0, 0x0,
    0xfa, 0x0, 0x7, 0xf4, 0x0, 0x0, 0x0, 0x3f,
    0x60, 0x0, 0x1f, 0xb0, 0x0, 0x0, 0x9, 0xf1,
    0x0, 0x0, 0xaf, 0x20, 0x0, 0x0, 0xec, 0x0,
    0x0, 0x4, 0xf8, 0x0, 0x0, 0x6f, 0x60, 0x0,
    0x0, 0xe, 0xe0, 0x0, 0xe, 0xe0, 0x0, 0x0,
    0x0, 0x9f, 0x30, 0x9, 0xf6, 0x0, 0x0, 0x0,
    0x4, 0xf9, 0x0, 0xbc, 0x0, 0x0, 0x0, 0x0,
    0xe, 0x80, 0x0, 0x0, 0x0, 0x0, 0x0, 0x0,
    0x0, 0x0,

    /* U+30D3 "ビ" */
    0x0, 0x0, 0x0, 0x0, 0x1, 0x50, 0x36, 0x0,
    0x0, 0x0, 0xb3, 0xe2, 0x8f, 0x10, 0x0, 0x0,
    0x9a, 0x76, 0x8f, 0x10, 0x0, 0x0, 0x35, 0x0,
    0x8f, 0x10, 0x0, 0x39, 0xf5, 0x0, 0x8f, 0x13,
    0x8d, 0xff, 0xa3, 0x0, 0x8f, 0xff, 0xfb, 0x60,
    0x0, 0x0, 0x8f, 0x94, 0x0, 0x0, 0x0, 0x0,
    0x8f, 0x10, 0x0, 0x0, 0x0, 0x0, 0x8f, 0x10,
    0x0, 0x0, 0x0, 0x0, 0x8f, 0x10, 0x0, 0x0,
    0x0, 0x0, 0x7f, 0x72, 0x11, 0x23, 0x47, 0x10,
    0x2e, 0xff, 0xff, 0xff, 0xff, 0x20, 0x0, 0x46,
    0x77, 0x65, 0x43, 0x0,

    /* U+30D7 "プ" */
    0x0, 0x0, 0x0, 0x0, 0x0, 0x3c, 0xc3, 0x0,
    0x0, 0x0, 0x0, 0x0, 0xa2, 0x2a, 0x28, 0x77,
    0x77, 0x77, 0x77, 0xd4, 0x4a, 0x3f, 0xff, 0xff,
    0xff, 0xff, 0xfe, 0xb1, 0x0, 0x0, 0x0, 0x0,
    0x5, 0xf6, 0x0, 0x0, 0x0, 0x0, 0x0, 0x8,
    0xf2, 0x0, 0x0, 0x0, 0x0, 0x0, 0xe, 0xd0,
    0x0, 0x0, 0x0, 0x0, 0x0, 0x6f, 0x70, 0x0,
    0x0, 0x0, 0x0, 0x1, 0xee, 0x0, 0x0, 0x0,
    0x0, 0x0, 0x1d, 0xf4, 0x0, 0x0, 0x0, 0x0,
    0x3, 0xdf, 0x70, 0x0, 0x0, 0x0, 0x3, 0xaf,
    0xf6, 0x0, 0x0, 0x0, 0x0, 0x9f, 0xfb, 0x20,
    0x0, 0x0, 0x0, 0x0, 0x7, 0x20, 0x0, 0x0,
    0x0, 0x0,

    /* U+30DB "ホ" */
    0x0, 0x0, 0x1, 0xf8, 0x0, 0x0, 0x0, 0x0,
    0x0, 0x0, 0xf7, 0x0, 0x0, 0x0, 0x25, 0x55,
    0x55, 0xfa, 0x55, 0x55, 0x30, 0x6f, 0xff, 0xff,
    0xff, 0xff, 0xff, 0x90, 0x12, 0x22, 0x22, 0xf8,
    0x22, 0x22, 0x10, 0x0, 0x0, 0x0, 0xf7, 0x0,
    0x10, 0x0, 0x0, 0x9e, 0x0, 0xf7, 0x7, 0xf2,
    0x0, 0x3, 0xf8, 0x0, 0xf7, 0x1, 0xed, 0x0,
    0x1e, 0xd0, 0x0, 0xf7, 0x0, 0x5f, 0x70, 0xaf,
    0x30, 0x0, 0xf7, 0x0, 0xb, 0xe0, 0x3, 0x0,
    0x1, 0xf7, 0x0, 0x2, 0x10, 0x0, 0x4, 0xfe,
    0xf7, 0x0, 0x0, 0x0, 0x0, 0x1, 0x78, 0x80,
    0x0, 0x0, 0x0,

    /* U+30E0 "ム" */
    0x0, 0x0, 0x7, 0x50, 0x0, 0x0, 0x0, 0x0,
    0x0, 0x1f, 0xc0, 0x0, 0x0, 0x0, 0x0, 0x0,
    0x5f, 0x60, 0x0, 0x0, 0x0, 0x0, 0x0, 0x9f,
    0x10, 0x0, 0x0, 0x0, 0x0, 0x0, 0xec, 0x0,
    0x0, 0x0, 0x0, 0x0, 0x4, 0xf6, 0x0, 0x2,
    0x0, 0x0, 0x0, 0x9, 0xf1, 0x0, 0x5f, 0x50,
    0x0, 0x0, 0xe, 0xc0, 0x0, 0xd, 0xe0, 0x0,
    0x0, 0x4f, 0x60, 0x0, 0x4, 0xf7, 0x0, 0x0,
    0xaf, 0x33, 0x57, 0x8a, 0xff, 0x10, 0xce, 0xff,
    0xff, 0xff, 0xfd, 0xcf, 0x80, 0xab, 0x98, 0x64,
    0x31, 0x0, 0xe, 0xe0, 0x0, 0x0, 0x0, 0x0,
    0x0, 0x4, 0x20,

    /* U+30E2 "モ" */
    0x4, 0xcc, 0xcc, 0xcc, 0xcc, 0xc6, 0x0, 0x3a,
    0xaa, 0xfd, 0xaa, 0xaa, 0x50, 0x0, 0x0, 0x1f,
    0x80, 0x0, 0x0, 0x0, 0x0, 0x1, 0xf8, 0x0,
    0x0, 0x0, 0x27, 0x77, 0x8f, 0xb7, 0x77, 0x77,
    0x54, 0xff, 0xff, 0xff, 0xff, 0xff, 0xfb, 0x0,
    0x0, 0x1f, 0x80, 0x0, 0x0, 0x0, 0x0, 0x1,
    0xf8, 0x0, 0x0, 0x0, 0x0, 0x0, 0x1f, 0x80,
    0x0, 0x0, 0x0, 0x0, 0x0, 0xfc, 0x10, 0x1,
    0x20, 0x0, 0x0, 0xb, 0xff, 0xff, 0xff, 0x30,
    0x0, 0x0, 0x5, 0x88, 0x87, 0x61,

    /* U+30E3 "ャ" */
    0x0, 0x3, 0x0, 0x0, 0x0, 0x0, 0x0, 0x8f,
    0x10, 0x0, 0x0, 0x0, 0x0, 0x3f, 0x50, 0x3,
    0x6a, 0x80, 0x1, 0x4f, 0xdd, 0xff, 0xef, 0xb0,
    0xbf, 0xff, 0xf7, 0x41, 0x7f, 0x20, 0x44, 0x16,
    0xf2, 0x4, 0xf6, 0x0, 0x0, 0x1, 0xf6, 0x2f,
    0xa0, 0x0, 0x0, 0x0, 0xdb, 0x2, 0x0, 0x0,
    0x0, 0x0, 0x9f, 0x0, 0x0, 0x0, 0x0, 0x0,
    0x4f, 0x40, 0x0, 0x0, 0x0, 0x0, 0xf, 0x90,
    0x0, 0x0, 0x0, 0x0, 0x4, 0x10, 0x0, 0x0,

    /* U+30E5 "ュ" */
    0x3, 0x88, 0x88, 0x88, 0x60, 0x0, 0x6e, 0xee,
    0xee, 0xff, 0x10, 0x0, 0x0, 0x0, 0xa, 0xf0,
    0x0, 0x0, 0x0, 0x0, 0xcd, 0x0, 0x0, 0x0,
    0x0, 0xe, 0xa0, 0x0, 0x0, 0x0, 0x1, 0xf8,
    0x0, 0x68, 0x88, 0x88, 0x9f, 0xb8, 0x7c, 0xff,
    0xff, 0xff, 0xff, 0xfd,

    /* U+30E9 "ラ" */
    0x0, 0x33, 0x33, 0x33, 0x33, 0x40, 0x0, 0xa,
    0xff, 0xff, 0xff, 0xff, 0x10, 0x0, 0x23, 0x33,
    0x33, 0x33, 0x30, 0x0, 0x0, 0x0, 0x0, 0x0,
    0x0, 0x0, 0x8, 0x77, 0x77, 0x77, 0x77, 0x86,
    0x0, 0xfe, 0xee, 0xee, 0xee, 0xef, 0xf1, 0x0,
    0x0, 0x0, 0x0, 0x0, 0xfb, 0x0, 0x0, 0x0,
    0x0, 0x0, 0x7f, 0x40, 0x0, 0x0, 0x0, 0x0,
    0x3f, 0xc0, 0x0, 0x0, 0x0, 0x0, 0x3e, 0xe1,
    0x0, 0x0, 0x0, 0x1, 0x9f, 0xe2, 0x0, 0x0,
    0x0, 0x4b, 0xff, 0xa1, 0x0, 0x0, 0x0, 0x1,
    0xc9, 0x20, 0x0, 0x0, 0x0,

    /* U+30EA "リ" */
    0x45, 0x0, 0x0, 0x6, 0x7b, 0xe0, 0x0, 0x0,
    0xce, 0xbe, 0x0, 0x0, 0xc, 0xeb, 0xe0, 0x0,
    0x0, 0xce, 0xbe, 0x0, 0x0, 0xc, 0xeb, 0xe0,
    0x0, 0x0, 0xce, 0xbe, 0x0, 0x0, 0xd, 0xdb,
    0xe0, 0x0, 0x0, 0xfa, 0x0, 0x0, 0x0, 0x5f,
    0x60, 0x0, 0x0, 0x2e, 0xe0, 0x0, 0x0, 0x6e,
    0xf4, 0x0, 0x4, 0xef, 0xd3, 0x0, 0x0, 0x7,
    0x60, 0x0, 0x0,

    /* U+30EB "ル" */
    0x0, 0x1, 0x52, 0x0, 0x53, 0x0, 0x0, 0x0,
    0x0, 0x2f, 0x60, 0x1f, 0x80, 0x0, 0x0, 0x0,
    0x2, 0xf6, 0x1, 0xf8, 0x0, 0x0, 0x0, 0x0,
    0x2f, 0x50, 0x1f, 0x80, 0x0, 0x0, 0x0, 0x3,
    0xf5, 0x1, 0xf8, 0x0, 0x0, 0x0, 0x0, 0x3f,
    0x40, 0x1f, 0x80, 0x0, 0x0, 0x0, 0x5, 0xf3,
    0x1, 0xf8, 0x0, 0x1, 0x0, 0x0, 0x8f, 0x10,
    0x1f, 0x80, 0x2, 0xe2, 0x0, 0xd, 0xd0, 0x1,
    0xf8, 0x2, 0xee, 0x20, 0x5, 0xf7, 0x0, 0x1f,
    0x86, 0xfe, 0x20, 0x2, 0xee, 0x0, 0x1, 0xff,
    0xfc, 0x10, 0x0, 0xdf, 0x40, 0x0, 0x1f, 0xf7,
    0x0, 0x0, 0x1, 0x30, 0x0, 0x0, 0x31, 0x0,
    0x0, 0x0,

    /* U+30EC "レ" */
    0x34, 0x0, 0x0, 0x0, 0x0, 0xb, 0xf0, 0x0,
    0x0, 0x0, 0x0, 0xbe, 0x0, 0x0, 0x0, 0x0,
    0xb, 0xe0, 0x0, 0x0, 0x0, 0x0, 0xbe, 0x0,
    0x0, 0x0, 0x0, 0xb, 0xe0, 0x0, 0x0, 0x0,
    0x31, 0xbe, 0x0, 0x0, 0x0, 0x3e, 0x8b, 0xe0,
    0x0, 0x0, 0x5f, 0xe2, 0xbe, 0x0, 0x1, 0xaf,
    0xd2, 0xb, 0xe0, 0x18, 0xff, 0x90, 0x0, 0xbf,
    0xbf, 0xfb, 0x30, 0x0, 0xa, 0xfe, 0x92, 0x0,
    0x0, 0x0, 0x4, 0x0, 0x0, 0x0, 0x0, 0x0,

    /* U+30EF "ワ" */
    0x8, 0x88, 0x88, 0x88, 0x88, 0x86, 0x1, 0xff,
    0xff, 0xff, 0xff, 0xff, 0xf3, 0x1f, 0x90, 0x0,
    0x0, 0x0, 0xbf, 0x1, 0xf9, 0x0, 0x0, 0x0,
    0xd, 0xd0, 0x1f, 0x90, 0x0, 0x0, 0x1, 0xf9,
    0x1, 0xd7, 0x0, 0x0, 0x0, 0x7f, 0x50, 0x0,
    0x0, 0x0, 0x0, 0xe, 0xe0, 0x0, 0x0, 0x0,
    0x0, 0x9, 0xf6, 0x0, 0x0, 0x0, 0x0, 0xa,
    0xfa, 0x0, 0x0, 0x0, 0x0, 0x5d, 0xfa, 0x0,
    0x0, 0x0, 0x3, 0xef, 0xf6, 0x0, 0x0, 0x0,
    0x0, 0x8, 0x71, 0x0, 0x0, 0x0,

    /* U+30F3 "ン" */
    0x0, 0x0, 0x0, 0x0, 0x0, 0x0, 0x0, 0x3e,
    0x70, 0x0, 0x0, 0x0, 0x0, 0x2, 0xcf, 0xa0,
    0x0, 0x0, 0x0, 0x0, 0x0, 0xaf, 0xc1, 0x0,
    0x0, 0x24, 0x0, 0x0, 0x8c, 0x0, 0x0, 0xc,
    0xc0, 0x0, 0x0, 0x0, 0x0, 0x8, 0xf7, 0x0,
    0x0, 0x0, 0x0, 0x6, 0xfc, 0x0, 0x0, 0x0,
    0x0, 0x7, 0xfd, 0x10, 0x0, 0x0, 0x0, 0x1a,
    0xfd, 0x10, 0x0, 0x0, 0x1, 0x8f, 0xfa, 0x0,
    0x0, 0x3, 0x7b, 0xff, 0xd4, 0x0, 0x0, 0x0,
    0xaf, 0xfb, 0x50, 0x0, 0x0, 0x0, 0x1, 0x40,
    0x0, 0x0, 0x0, 0x0, 0x0,

    /* U+30FB "・" */
    0x5, 0xa5, 0x1, 0xff, 0xf1, 0x2f, 0xff, 0x20,
    0x9f, 0x90,

    /* U+30FC "ー" */
    0x9b, 0xbb, 0xbb, 0xbb, 0xbb, 0xbb, 0x3c, 0xff,
    0xff, 0xff, 0xff, 0xff, 0xf5, 0x0, 0x0, 0x0,
    0x0, 0x0, 0x0, 0x0,

    /* U+4E00 "一" */
    0x19, 0x99, 0x99, 0x99, 0x99, 0x99, 0x99, 0x62,
    0xff, 0xff, 0xff, 0xff, 0xff, 0xff, 0xfa,

    /* U+4E0A "上" */
    0x0, 0x0, 0x0, 0xcc, 0x0, 0x0, 0x0, 0x0,
    0x0, 0x0, 0xc, 0xc0, 0x0, 0x0, 0x0, 0x0,
    0x0, 0x0, 0xcc, 0x0, 0x0, 0x0, 0x0, 0x0,
    0x0, 0xc, 0xc0, 0x0, 0x0, 0x0, 0x0, 0x0,
    0x0, 0xcc, 0x0, 0x0, 0x0, 0x0, 0x0, 0x0,
    0xc, 0xff, 0xff, 0xff, 0x40, 0x0, 0x0, 0x0,
    0xce, 0x77, 0x77, 0x71, 0x0, 0x0, 0x0, 0xc,
    0xc0, 0x0, 0x0, 0x0, 0x0, 0x0, 0x0, 0xcc,
    0x0, 0x0, 0x0, 0x0, 0x0, 0x0, 0xc, 0xc0,
    0x0, 0x0, 0x0, 0x0, 0x0, 0x0, 0xcc, 0x0,
    0x0, 0x0, 0x0, 0x0, 0x0, 0xc, 0xc0, 0x0,
    0x0, 0x0, 0x4e, 0xee, 0xee, 0xff, 0xee, 0xee,
    0xee, 0x42, 0x88, 0x88, 0x88, 0x88, 0x88, 0x88,
    0x82,

    /* U+4E0B "下" */
    0x19, 0x99, 0x99, 0x99, 0x99, 0x99, 0x99, 0x12,
    0xee, 0xee, 0xef, 0xfe, 0xee, 0xee, 0xe2, 0x0,
    0x0, 0x0, 0x9f, 0x0, 0x0, 0x0, 0x0, 0x0,
    0x0, 0x9, 0xf0, 0x0, 0x0, 0x0, 0x0, 0x0,
    0x0, 0x9f, 0xb4, 0x0, 0x0, 0x0, 0x0, 0x0,
    0x9, 0xfd, 0xfb, 0x20, 0x0, 0x0, 0x0, 0x0,
    0x9f, 0x6, 0xff, 0x80, 0x0, 0x0, 0x0, 0x9,
    0xf0, 0x1, 0xaf, 0x30, 0x0, 0x0, 0x0, 0x9f,
    0x0, 0x0, 0x20, 0x0, 0x0, 0x0, 0x9, 0xf0,
    0x0, 0x0, 0x0, 0x0, 0x0, 0x0, 0x9f, 0x0,
    0x0, 0x0, 0x0, 0x0, 0x0, 0x9, 0xf0, 0x0,
    0x0, 0x0, 0x0, 0x0, 0x0, 0x9f, 0x0, 0x0,
    0x0, 0x0,

    /* U+4E0D "不" */
    0x7, 0x77, 0x77, 0x77, 0x77, 0x77, 0x77, 0x0,
    0xff, 0xff, 0xff, 0xff, 0xff, 0xff, 0xf0, 0x0,
    0x0, 0x0, 0x1e, 0xd0, 0x0, 0x0, 0x0, 0x0,
    0x0, 0xb, 0xf5, 0x0, 0x0, 0x0, 0x0, 0x0,
    0x9, 0xff, 0x6a, 0x20, 0x0, 0x0, 0x0, 0x9,
    0xfc, 0xf7, 0xdf, 0x50, 0x0, 0x0, 0x1c, 0xf8,
    0x4f, 0x40, 0xaf, 0xa0, 0x0, 0x7f, 0xf5, 0x4,
    0xf4, 0x0, 0x7f, 0xc1, 0x1e, 0xb2, 0x0, 0x4f,
    0x40, 0x0, 0x5d, 0x20, 0x10, 0x0, 0x4, 0xf4,
    0x0, 0x0, 0x0, 0x0, 0x0, 0x0, 0x4f, 0x40,
    0x0, 0x0, 0x0, 0x0, 0x0, 0x4, 0xf4, 0x0,
    0x0, 0x0, 0x0, 0x0, 0x0, 0x4f, 0x40, 0x0,
    0x0, 0x0,

    /* U+4E24 "两" */
    0xa, 0xaa, 0xaa, 0xaa, 0xaa, 0xaa, 0xaa, 0x20,
    0xbb, 0xbb, 0xfc, 0xbc, 0xfb, 0xbb, 0xb2, 0x0,
    0x0, 0x1f, 0x50, 0x4f, 0x20, 0x0, 0x0, 0x25,
    0x56, 0xf9, 0x58, 0xf7, 0x57, 0x20, 0x7, 0xff,
    0xff, 0xff, 0xff, 0xff, 0xf8, 0x0, 0x7e, 0x2,
    0xf4, 0x5, 0xf0, 0xe, 0x80, 0x7, 0xe0, 0x4f,
    0x60, 0x7f, 0x30, 0xe8, 0x0, 0x7e, 0x7, 0xff,
    0x3b, 0xfe, 0x1e, 0x80, 0x7, 0xe0, 0xe9, 0xa8,
    0xf6, 0xbc, 0xf8, 0x0, 0x7e, 0x8f, 0x21, 0xbd,
    0x1, 0xbf, 0x80, 0x7, 0xe9, 0x60, 0xb, 0x30,
    0x0, 0xe8, 0x0, 0x7e, 0x0, 0x0, 0x0, 0x26,
    0x6f, 0x70, 0x7, 0xe0, 0x0, 0x0, 0x1, 0xff,
    0xd3, 0x0,

    /* U+4E2D "中" */
    0x0, 0x0, 0x4, 0xf3, 0x0, 0x0, 0x0, 0x0,
    0x0, 0x4f, 0x30, 0x0, 0x0, 0x0, 0x0, 0x4,
    0xf3, 0x0, 0x0, 0x9, 0xff, 0xff, 0xff, 0xff,
    0xff, 0xf9, 0x9e, 0x66, 0x68, 0xf8, 0x66, 0x6e,
    0x99, 0xd0, 0x0, 0x4f, 0x30, 0x0, 0xd9, 0x9d,
    0x0, 0x4, 0xf3, 0x0, 0xd, 0x99, 0xd0, 0x0,
    0x4f, 0x30, 0x0, 0xd9, 0x9f, 0xff, 0xff, 0xff,
    0xff, 0xff, 0x99, 0xe7, 0x77, 0x9f, 0x87, 0x77,
    0xe9, 0x34, 0x0, 0x4, 0xf3, 0x0, 0x3, 0x20,
    0x0, 0x0, 0x4f, 0x30, 0x0, 0x0, 0x0, 0x0,
    0x4, 0xf3, 0x0, 0x0, 0x0, 0x0, 0x0, 0x4f,
    0x30, 0x0, 0x0,

    /* U+4E88 "予" */
    0x0, 0x0, 0x0, 0x0, 0x0, 0x0, 0x0, 0x0,
    0xd, 0xff, 0xff, 0xff, 0xff, 0xf4, 0x0, 0x0,
    0x34, 0x44, 0x44, 0x48, 0xfb, 0x0, 0x0, 0x0,
    0x4, 0xb4, 0x7, 0xfa, 0x0, 0x0, 0x0, 0x0,
    0x3b, 0xff, 0xf7, 0x0, 0x0, 0x0, 0x0, 0x0,
    0x2, 0xaf, 0xe3, 0x0, 0x0, 0x4f, 0xff, 0xff,
    0xff, 0xff, 0xff, 0xfe, 0x1, 0x55, 0x55, 0x57,
    0xf9, 0x55, 0x7f, 0x90, 0x0, 0x0, 0x0, 0x2f,
    0x50, 0xb, 0xe1, 0x0, 0x0, 0x0, 0x2, 0xf5,
    0x2, 0xd4, 0x0, 0x0, 0x0, 0x0, 0x2f, 0x50,
    0x0, 0x0, 0x0, 0x0, 0x0, 0x2, 0xf5, 0x0,
    0x0, 0x0, 0x0, 0x0, 0x45, 0x7f, 0x50, 0x0,
    0x0, 0x0, 0x0, 0x7, 0xff, 0xc1, 0x0, 0x0,
    0x0, 0x0, 0x0, 0x0, 0x0, 0x0, 0x0, 0x0,
    0x0,

    /* U+4E8B "事" */
    0x0, 0x0, 0x0, 0x4f, 0x30, 0x0, 0x0, 0x0,
    0xdd, 0xdd, 0xde, 0xfe, 0xdd, 0xdd, 0xd1, 0x5,
    0x55, 0x55, 0x7f, 0x75, 0x55, 0x55, 0x0, 0x6,
    0xdd, 0xde, 0xfe, 0xdd, 0xd7, 0x0, 0x0, 0x7e,
    0x11, 0x4f, 0x41, 0x1e, 0x80, 0x0, 0x7, 0xff,
    0xff, 0xff, 0xff, 0xf8, 0x0, 0x0, 0x1, 0x11,
    0x4f, 0x41, 0x11, 0x0, 0x0, 0xd, 0xff, 0xff,
    0xff, 0xff, 0xfb, 0x0, 0x1, 0x12, 0x22, 0x5f,
    0x42, 0x2b, 0xc1, 0x5, 0xff, 0xff, 0xff, 0xff,
    0xff, 0xff, 0xf6, 0x0, 0x11, 0x11, 0x4f, 0x41,
    0x1b, 0xc0, 0x0, 0xf, 0xff, 0xff, 0xff, 0xff,
    0xfc, 0x0, 0x0, 0x0, 0x11, 0x5f, 0x30, 0x7,
    0x80, 0x0, 0x0, 0x4, 0xff, 0xc0, 0x0, 0x0,
    0x0, 0x0, 0x0, 0x0, 0x0, 0x0, 0x0, 0x0,
    0x0,

    /* U+4EAC "京" */
    0x0, 0x0, 0x0, 0x7f, 0x10, 0x0, 0x0, 0x0,
    0x0, 0x0, 0x7, 0xf1, 0x0, 0x0, 0x0, 0x3f,
    0xff, 0xff, 0xff, 0xff, 0xff, 0xff, 0x1, 0x66,
    0x66, 0x66, 0x66, 0x66, 0x66, 0x50, 0x0, 0x14,
    0x44, 0x44, 0x44, 0x44, 0x10, 0x0, 0x4, 0xff,
    0xff, 0xff, 0xff, 0xf6, 0x0, 0x0, 0x4f, 0x10,
    0x0, 0x0, 0x1f, 0x60, 0x0, 0x4, 0xf5, 0x33,
    0x33, 0x34, 0xf6, 0x0, 0x0, 0x4f, 0xff, 0xff,
    0xff, 0xff, 0x60, 0x0, 0x0, 0x20, 0x6, 0xf1,
    0x0, 0x10, 0x0, 0x0, 0x6f, 0x50, 0x6f, 0x10,
    0x7f, 0x30, 0x0, 0x4f, 0xa0, 0x6, 0xf1, 0x0,
    0xbe, 0x20, 0x3f, 0xb0, 0x34, 0x9f, 0x10, 0x0,
    0xdd, 0x0, 0x40, 0x6, 0xff, 0xb0, 0x0, 0x3,
    0x40, 0x0, 0x0, 0x0, 0x0, 0x0, 0x0, 0x0,
    0x0,

    /* U+4ECA "今" */
    0x0, 0x0, 0x0, 0xdf, 0x40, 0x0, 0x0, 0x0,
    0x0, 0x0, 0x8f, 0xee, 0x20, 0x0, 0x0, 0x0,
    0x0, 0x5f, 0xb1, 0xed, 0x10, 0x0, 0x0, 0x0,
    0x4f, 0xd1, 0x2, 0xed, 0x20, 0x0, 0x0, 0x6f,
    0xc1, 0x0, 0x2, 0xee, 0x40, 0x0, 0x9f, 0xbe,
    0xff, 0xff, 0xfa, 0xcf, 0x91, 0x3f, 0x70, 0x55,
    0x55, 0x55, 0x30, 0x8e, 0x10, 0x10, 0x0, 0x0,
    0x0, 0x0, 0x0, 0x0, 0x0, 0xbf, 0xff, 0xff,
    0xff, 0xff, 0x20, 0x0, 0x4, 0x66, 0x66, 0x66,
    0x6f, 0xc0, 0x0, 0x0, 0x0, 0x0, 0x0, 0x4,
    0xf5, 0x0, 0x0, 0x0, 0x0, 0x0, 0x0, 0xce,
    0x0, 0x0, 0x0, 0x0, 0x0, 0x0, 0x4f, 0x60,
    0x0, 0x0, 0x0, 0x0, 0x0, 0xb, 0xe0, 0x0,
    0x0, 0x0, 0x0, 0x0, 0x0, 0x2, 0x0, 0x0,
    0x0,

    /* U+4EF6 "件" */
    0x0, 0x0, 0x0, 0x0, 0x0, 0x0, 0x0, 0x0,
    0x0, 0x2e, 0x20, 0x0, 0xe8, 0x0, 0x0, 0x0,
    0x9, 0xe0, 0xab, 0xe, 0x80, 0x0, 0x0, 0x1,
    0xf7, 0xd, 0x90, 0xe8, 0x0, 0x0, 0x0, 0x8f,
    0x11, 0xfa, 0x7f, 0xb7, 0x75, 0x0, 0x2f, 0xe0,
    0x6f, 0xff, 0xff, 0xff, 0xc0, 0xb, 0xfe, 0xd,
    0x90, 0xe, 0x80, 0x0, 0x3, 0xfb, 0xe1, 0xa2,
    0x0, 0xe8, 0x0, 0x0, 0x4, 0x7e, 0x4, 0x44,
    0x4f, 0xa4, 0x44, 0x20, 0x7, 0xe2, 0xff, 0xff,
    0xff, 0xff, 0xf8, 0x0, 0x7e, 0x1, 0x11, 0x1f,
    0x81, 0x11, 0x0, 0x7, 0xe0, 0x0, 0x0, 0xe8,
    0x0, 0x0, 0x0, 0x7e, 0x0, 0x0, 0xe, 0x80,
    0x0, 0x0, 0x7, 0xe0, 0x0, 0x0, 0xe8, 0x0,
    0x0, 0x0, 0x6e, 0x0, 0x0, 0xe, 0x80, 0x0,
    0x0,

    /* U+4F1A "会" */
    0x0, 0x0, 0x0, 0x8f, 0xa0, 0x0, 0x0, 0x0,
    0x0, 0x0, 0x4f, 0xff, 0x70, 0x0, 0x0, 0x0,
    0x0, 0x3f, 0xe2, 0xbf, 0x70, 0x0, 0x0, 0x0,
    0x5f, 0xe2, 0x0, 0xbf, 0x90, 0x0, 0x0, 0x8f,
    0xd3, 0x11, 0x11, 0x9f, 0xd4, 0x1, 0xef, 0x8f,
    0xff, 0xff, 0xff, 0x7d, 0xf7, 0x7, 0x30, 0x34,
    0x44, 0x44, 0x40, 0x6, 0x10, 0x13, 0x33, 0x33,
    0x33, 0x33, 0x33, 0x20, 0x8, 0xff, 0xff, 0xff,
    0xff, 0xff, 0xfe, 0x0, 0x12, 0x22, 0xec, 0x22,
    0x35, 0x22, 0x20, 0x0, 0x0, 0x5f, 0x40, 0x9,
    0xf5, 0x0, 0x0, 0x0, 0xc, 0xb0, 0x0, 0xb,
    0xf5, 0x0, 0x4, 0xcd, 0xff, 0xef, 0xff, 0xff,
    0xf3, 0x0, 0x29, 0x88, 0x76, 0x65, 0x43, 0x3e,
    0x60, 0x0, 0x0, 0x0, 0x0, 0x0, 0x0, 0x0,
    0x0,

    /* U+4F4D "位" */
    0x0, 0x0, 0x0, 0x0, 0x0, 0x0, 0x0, 0x0,
    0x0, 0x2e, 0x30, 0x2, 0xf4, 0x0, 0x0, 0x0,
    0x9, 0xe0, 0x0, 0x2f, 0x40, 0x0, 0x0, 0x1,
    0xf7, 0x0, 0x2, 0xf4, 0x0, 0x0, 0x0, 0xaf,
    0xb, 0xdd, 0xdf, 0xdd, 0xdd, 0x30, 0x5f, 0xf0,
    0x78, 0x88, 0x88, 0x88, 0x82, 0x3f, 0xff, 0x0,
    0x55, 0x0, 0x5, 0x90, 0x6, 0xe8, 0xf0, 0x8,
    0xd0, 0x0, 0xad, 0x0, 0x2, 0x7f, 0x0, 0x4f,
    0x10, 0xe, 0x90, 0x0, 0x7, 0xf0, 0x1, 0xf4,
    0x1, 0xf5, 0x0, 0x0, 0x7f, 0x0, 0xe, 0x70,
    0x6f, 0x10, 0x0, 0x7, 0xf0, 0x0, 0xc9, 0xa,
    0xc0, 0x0, 0x0, 0x7f, 0x0, 0x4, 0x20, 0xf6,
    0x0, 0x0, 0x7, 0xf3, 0xff, 0xff, 0xff, 0xff,
    0xf9, 0x0, 0x7f, 0x16, 0x66, 0x66, 0x66, 0x66,
    0x30,

    /* U+4F4E "低" */
    0x0, 0x0, 0x33, 0x0, 0x0, 0x0, 0x0, 0x0,
    0x0, 0x0, 0xcc, 0x0, 0x1, 0x47, 0xbe, 0x20,
    0x0, 0x3, 0xf5, 0x8d, 0xef, 0xfe, 0x95, 0x10,
    0x0, 0xc, 0xc0, 0x8d, 0x41, 0x9c, 0x0, 0x0,
    0x0, 0x7f, 0x70, 0x8c, 0x0, 0x8d, 0x0, 0x0,
    0x3, 0xff, 0x60, 0x8d, 0x55, 0xae, 0x55, 0x51,
    0xd, 0xdf, 0x60, 0x8f, 0xff, 0xff, 0xff, 0xf3,
    0x5, 0x2e, 0x60, 0x8c, 0x0, 0x4f, 0x10, 0x0,
    0x0, 0xe, 0x60, 0x8c, 0x0, 0x1f, 0x40, 0x0,
    0x0, 0xe, 0x60, 0x8c, 0x0, 0xe, 0x70, 0x0,
    0x0, 0xe, 0x63, 0xbe, 0xce, 0xda, 0xb0, 0x30,
    0x0, 0xe, 0x69, 0xeb, 0x96, 0x35, 0xf1, 0xa7,
    0x0, 0xe, 0x61, 0x44, 0x44, 0x44, 0xdc, 0xe5,
    0x0, 0xe, 0x64, 0xff, 0xff, 0xff, 0x3c, 0xb0,

    /* U+4F53 "体" */
    0x0, 0xa, 0x80, 0x0, 0x7e, 0x0, 0x0, 0x0,
    0x1, 0xf6, 0x0, 0x7, 0xe0, 0x0, 0x0, 0x0,
    0x8f, 0x0, 0x0, 0x7e, 0x0, 0x0, 0x0, 0x1f,
    0x97, 0xff, 0xff, 0xff, 0xff, 0xf4, 0xa, 0xf6,
    0x36, 0x6a, 0xff, 0xe6, 0x66, 0x16, 0xff, 0x60,
    0x0, 0xbf, 0xff, 0x20, 0x0, 0x8b, 0xe6, 0x0,
    0x3f, 0x9e, 0xaa, 0x0, 0x1, 0x1e, 0x60, 0xb,
    0xa7, 0xe3, 0xf3, 0x0, 0x0, 0xe6, 0x6, 0xf2,
    0x7e, 0xb, 0xc0, 0x0, 0xe, 0x63, 0xf9, 0x7,
    0xe0, 0x2f, 0x90, 0x0, 0xe7, 0xed, 0xbe, 0xff,
    0xee, 0x9f, 0x50, 0xe, 0x65, 0x24, 0x6a, 0xf6,
    0x61, 0x60, 0x0, 0xe6, 0x0, 0x0, 0x7e, 0x0,
    0x0, 0x0, 0xe, 0x60, 0x0, 0x6, 0xd0, 0x0,
    0x0,

    /* U+4F59 "余" */
    0x0, 0x0, 0x0, 0xcf, 0x60, 0x0, 0x0, 0x0,
    0x0, 0x0, 0xaf, 0xdf, 0x50, 0x0, 0x0, 0x0,
    0x0, 0xbf, 0x70, 0xbf, 0x60, 0x0, 0x0, 0x2,
    0xdf, 0x60, 0x0, 0xaf, 0xa1, 0x0, 0x7, 0xff,
    0x84, 0x44, 0x44, 0xaf, 0xe7, 0x5, 0xf9, 0xaf,
    0xff, 0xff, 0xff, 0x5a, 0xe1, 0x1, 0x0, 0x0,
    0x6f, 0x10, 0x0, 0x1, 0x0, 0x12, 0x22, 0x28,
    0xf3, 0x22, 0x22, 0x10, 0xa, 0xff, 0xff, 0xff,
    0xff, 0xff, 0xf8, 0x0, 0x23, 0x33, 0x38, 0xf4,
    0x34, 0x33, 0x10, 0x0, 0x1d, 0xa0, 0x6f, 0x12,
    0xf9, 0x0, 0x0, 0x2d, 0xd1, 0x6, 0xf1, 0x4,
    0xfc, 0x10, 0x3f, 0xc1, 0x35, 0xaf, 0x10, 0x3,
    0xec, 0x0, 0x40, 0x4, 0xfe, 0x90, 0x0, 0x2,
    0x10,

    /* U+4F5C "作" */
    0x0, 0x1, 0xa2, 0x3, 0x80, 0x0, 0x0, 0x0,
    0x0, 0x7f, 0x10, 0x9e, 0x0, 0x0, 0x0, 0x0,
    0xe, 0xa0, 0x1f, 0xb6, 0x66, 0x66, 0x20, 0x8,
    0xf2, 0x8, 0xff, 0xff, 0xff, 0xf7, 0x3, 0xff,
    0x2, 0xf7, 0x7f, 0x0, 0x0, 0x1, 0xdf, 0xf0,
    0xcd, 0x7, 0xf0, 0x0, 0x0, 0x5f, 0xcf, 0x2e,
    0x30, 0x7f, 0xff, 0xff, 0x10, 0x58, 0xf0, 0x0,
    0x7, 0xf5, 0x55, 0x50, 0x0, 0x8f, 0x0, 0x0,
    0x7f, 0x0, 0x0, 0x0, 0x8, 0xf0, 0x0, 0x7,
    0xf6, 0x66, 0x62, 0x0, 0x8f, 0x0, 0x0, 0x7f,
    0xff, 0xff, 0x50, 0x8, 0xf0, 0x0, 0x7, 0xf0,
    0x0, 0x0, 0x0, 0x8f, 0x0, 0x0, 0x7f, 0x0,
    0x0, 0x0, 0x8, 0xe0, 0x0, 0x7, 0xf0, 0x0,
    0x0,

    /* U+4F7F "使" */
    0x0, 0x0, 0x0, 0x0, 0x0, 0x0, 0x0, 0x0,
    0x0, 0x4d, 0x10, 0x0, 0xf6, 0x0, 0x0, 0x0,
    0xa, 0xc1, 0x11, 0x2f, 0x61, 0x11, 0x0, 0x2,
    0xf5, 0xff, 0xff, 0xff, 0xff, 0xf8, 0x0, 0xaf,
    0x3, 0x33, 0x4f, 0x83, 0x33, 0x10, 0x4f, 0xf0,
    0x34, 0x45, 0xf8, 0x44, 0x40, 0x1e, 0xff, 0xe,
    0xfe, 0xef, 0xfe, 0xef, 0x17, 0xf9, 0xf0, 0xe6,
    0x0, 0xf6, 0x4, 0xf1, 0x4, 0x7f, 0xe, 0x83,
    0x4f, 0x83, 0x7f, 0x10, 0x7, 0xf0, 0xdf, 0xff,
    0xff, 0xff, 0xf1, 0x0, 0x7f, 0x7, 0x80, 0x5f,
    0x10, 0x0, 0x0, 0x7, 0xf0, 0x2e, 0x9c, 0xb0,
    0x0, 0x0, 0x0, 0x7f, 0x0, 0x2f, 0xf8, 0x10,
    0x0, 0x0, 0x7, 0xf1, 0x7d, 0xe8, 0xdf, 0xc8,
    0x52, 0x0, 0x7f, 0x3d, 0x70, 0x0, 0x38, 0xbe,
    0x30,

    /* U+4F8B "例" */
    0x0, 0x0, 0x0, 0x0, 0x0, 0x0, 0x0, 0x0,
    0xd, 0x50, 0x0, 0x0, 0x0, 0x6f, 0x0, 0x3f,
    0xaf, 0xff, 0xff, 0x0, 0x6f, 0x0, 0xad, 0x17,
    0xf4, 0x44, 0xf3, 0x6f, 0x1, 0xf7, 0x7, 0xe0,
    0x0, 0xf3, 0x6f, 0x9, 0xf6, 0xa, 0xfd, 0xd6,
    0xf3, 0x6f, 0x4f, 0xf6, 0xe, 0xa7, 0xf6, 0xf3,
    0x6f, 0xac, 0xe6, 0x4f, 0x11, 0xf3, 0xf3, 0x6f,
    0x32, 0xe6, 0xcf, 0x95, 0xf0, 0xf3, 0x6f, 0x0,
    0xe9, 0xf5, 0xef, 0xb0, 0xf3, 0x6f, 0x0, 0xe6,
    0x20, 0x3f, 0x50, 0xf3, 0x6f, 0x0, 0xe6, 0x0,
    0x9e, 0x0, 0xc2, 0x6f, 0x0, 0xe6, 0x5, 0xf5,
    0x0, 0x0, 0x6f, 0x0, 0xe6, 0x5f, 0xa0, 0x0,
    0x36, 0xae, 0x0, 0xe6, 0x4a, 0x0, 0x0, 0x5f,
    0xe7, 0x0, 0x0, 0x0, 0x0, 0x0, 0x0, 0x0,

    /* U+4F9B "供" */
    0x0, 0x0, 0x0, 0x0, 0x0, 0x0, 0x0, 0x0,
    0x0, 0x8b, 0x5, 0xf0, 0x5, 0xf0, 0x0, 0x0,
    0xe, 0x80, 0x5f, 0x0, 0x5f, 0x0, 0x0, 0x6,
    0xf2, 0x5, 0xf0, 0x5, 0xf0, 0x0, 0x0, 0xea,
    0x16, 0x9f, 0x66, 0xaf, 0x66, 0x0, 0x9f, 0x72,
    0xff, 0xff, 0xff, 0xff, 0xf1, 0x4f, 0xf7, 0x0,
    0x5f, 0x0, 0x5f, 0x0, 0xc, 0xce, 0x70, 0x5,
    0xf0, 0x5, 0xf0, 0x0, 0x31, 0xe7, 0x0, 0x5f,
    0x0, 0x5f, 0x0, 0x0, 0xe, 0x76, 0xde, 0xfd,
    0xde, 0xfd, 0xd3, 0x0, 0xe7, 0x49, 0x99, 0x99,
    0x99, 0x99, 0x20, 0xe, 0x70, 0x2, 0x91, 0x2,
    0x80, 0x0, 0x0, 0xe7, 0x1, 0xdc, 0x0, 0x2e,
    0xa0, 0x0, 0xe, 0x71, 0xdd, 0x10, 0x0, 0x3f,
    0x80, 0x0, 0xe7, 0x4c, 0x10, 0x0, 0x0, 0x6a,
    0x0, 0x0, 0x0, 0x0, 0x0, 0x0, 0x0, 0x0,

    /* U+4FDD "保" */
    0x0, 0x0, 0x81, 0x0, 0x0, 0x0, 0x0, 0x0,
    0x0, 0x6f, 0x4f, 0xff, 0xff, 0xff, 0x70, 0x0,
    0xe, 0xa2, 0xf5, 0x44, 0x44, 0xf7, 0x0, 0x7,
    0xf2, 0x2f, 0x20, 0x0, 0xe, 0x70, 0x2, 0xff,
    0x2, 0xf6, 0x44, 0x44, 0xf7, 0x1, 0xdf, 0xf0,
    0x2f, 0xff, 0xff, 0xff, 0x70, 0x6f, 0xaf, 0x0,
    0x0, 0x1f, 0x60, 0x0, 0x0, 0x47, 0xf1, 0x55,
    0x56, 0xf9, 0x55, 0x52, 0x0, 0x7f, 0x3f, 0xff,
    0xff, 0xff, 0xff, 0x60, 0x7, 0xf0, 0x0, 0x4f,
    0xff, 0x80, 0x0, 0x0, 0x7f, 0x0, 0x3f, 0x9f,
    0x9f, 0x70, 0x0, 0x7, 0xf0, 0x6f, 0xa1, 0xf6,
    0x6f, 0x80, 0x0, 0x7f, 0x6f, 0x90, 0x1f, 0x60,
    0x7f, 0x80, 0x6, 0xe0, 0x30, 0x1, 0xf6, 0x0,
    0x30,

    /* U+4FE1 "信" */
    0x0, 0x1, 0x71, 0x0, 0x0, 0x0, 0x0, 0x0,
    0x0, 0x7f, 0x1b, 0xff, 0xff, 0xff, 0x30, 0x0,
    0x1e, 0x80, 0x12, 0x22, 0x22, 0x20, 0x0, 0x9,
    0xf4, 0xff, 0xff, 0xff, 0xff, 0xf7, 0x5, 0xff,
    0x3, 0x33, 0x33, 0x33, 0x33, 0x13, 0xff, 0xf0,
    0xd, 0xee, 0xee, 0xee, 0x60, 0x6d, 0x8f, 0x0,
    0x33, 0x33, 0x33, 0x31, 0x0, 0x17, 0xf0, 0xd,
    0xee, 0xee, 0xee, 0x50, 0x0, 0x7f, 0x0, 0x34,
    0x44, 0x44, 0x41, 0x0, 0x7, 0xf0, 0x15, 0x55,
    0x55, 0x55, 0x30, 0x0, 0x7f, 0x3, 0xfd, 0xcc,
    0xcc, 0xf9, 0x0, 0x7, 0xf0, 0x3f, 0x30, 0x0,
    0xc, 0x90, 0x0, 0x7f, 0x3, 0xf8, 0x55, 0x55,
    0xd9, 0x0, 0x7, 0xf0, 0x3f, 0xdc, 0xcc, 0xcf,
    0x90, 0x0, 0x0, 0x0, 0x0, 0x0, 0x0, 0x0,
    0x0,

    /* U+5024 "値" */
    0x0, 0x0, 0x0, 0x0, 0x0, 0x0, 0x0, 0x0,
    0x0, 0x0, 0x69, 0x0, 0x0, 0xd9, 0x0, 0x0,
    0x0, 0x0, 0xea, 0x23, 0x33, 0xe9, 0x33, 0x30,
    0x0, 0x6, 0xf3, 0xef, 0xff, 0xff, 0xff, 0xf1,
    0x0, 0xe, 0xa0, 0x0, 0x1, 0xf5, 0x0, 0x0,
    0x0, 0x9f, 0x70, 0x40, 0x9e, 0xfe, 0xee, 0x40,
    0x6, 0xff, 0x60, 0xe2, 0xba, 0x22, 0x2f, 0x50,
    0xc, 0xae, 0x60, 0xe2, 0xbf, 0xdd, 0xdf, 0x50,
    0x2, 0xe, 0x60, 0xe2, 0xba, 0x11, 0x1f, 0x50,
    0x0, 0xe, 0x60, 0xe2, 0xbf, 0xff, 0xff, 0x50,
    0x0, 0xe, 0x60, 0xe2, 0xba, 0x0, 0x1f, 0x50,
    0x0, 0xe, 0x60, 0xe2, 0xbf, 0xee, 0xef, 0x50,
    0x0, 0xe, 0x60, 0xe2, 0x11, 0x11, 0x11, 0x0,
    0x0, 0xe, 0x60, 0xef, 0xee, 0xee, 0xee, 0xe2,
    0x0, 0xe, 0x60, 0xe7, 0x55, 0x55, 0x55, 0x50,

    /* U+5143 "元" */
    0x0, 0x56, 0x66, 0x66, 0x66, 0x66, 0x60, 0x0,
    0xb, 0xff, 0xff, 0xff, 0xff, 0xfe, 0x0, 0x0,
    0x0, 0x0, 0x0, 0x0, 0x0, 0x0, 0x0, 0x0,
    0x0, 0x0, 0x0, 0x0, 0x0, 0x0, 0x16, 0x66,
    0x66, 0x66, 0x66, 0x66, 0x66, 0x12, 0xff, 0xff,
    0xff, 0xff, 0xff, 0xff, 0xf2, 0x0, 0x0, 0x8f,
    0x0, 0x5f, 0x10, 0x0, 0x0, 0x0, 0xa, 0xd0,
    0x5, 0xf1, 0x0, 0x0, 0x0, 0x0, 0xea, 0x0,
    0x5f, 0x10, 0x0, 0x0, 0x0, 0x4f, 0x50, 0x5,
    0xf1, 0x0, 0xa3, 0x0, 0x1d, 0xd0, 0x0, 0x5f,
    0x10, 0xe, 0x50, 0x5e, 0xf3, 0x0, 0x5, 0xf7,
    0x56, 0xf3, 0x1e, 0xc2, 0x0, 0x0, 0x1d, 0xff,
    0xfb, 0x0, 0x10, 0x0, 0x0, 0x0, 0x0, 0x0,
    0x0,

    /* U+5165 "入" */
    0x0, 0x9, 0xff, 0xff, 0x70, 0x0, 0x0, 0x0,
    0x0, 0x47, 0x77, 0xf7, 0x0, 0x0, 0x0, 0x0,
    0x0, 0x0, 0xe, 0x90, 0x0, 0x0, 0x0, 0x0,
    0x0, 0x8, 0xfb, 0x0, 0x0, 0x0, 0x0, 0x0,
    0x0, 0xef, 0xf0, 0x0, 0x0, 0x0, 0x0, 0x0,
    0x3f, 0xbf, 0x40, 0x0, 0x0, 0x0, 0x0, 0xa,
    0xf1, 0xeb, 0x0, 0x0, 0x0, 0x0, 0x2, 0xfa,
    0x8, 0xf3, 0x0, 0x0, 0x0, 0x0, 0xbf, 0x20,
    0x1e, 0xd0, 0x0, 0x0, 0x0, 0x7f, 0x80, 0x0,
    0x5f, 0xa0, 0x0, 0x0, 0x7f, 0xb0, 0x0, 0x0,
    0x9f, 0xa0, 0x2, 0xbf, 0xc0, 0x0, 0x0, 0x0,
    0x9f, 0xd2, 0xb, 0x80, 0x0, 0x0, 0x0, 0x0,
    0x6b, 0x0, 0x0, 0x0, 0x0, 0x0, 0x0, 0x0,
    0x0,

    /* U+5168 "全" */
    0x0, 0x0, 0x0, 0xcf, 0x50, 0x0, 0x0, 0x0,
    0x0, 0x0, 0x8f, 0xef, 0x30, 0x0, 0x0, 0x0,
    0x0, 0x6f, 0x91, 0xde, 0x20, 0x0, 0x0, 0x0,
    0x7f, 0xb0, 0x2, 0xde, 0x40, 0x0, 0x0, 0x9f,
    0xa0, 0x0, 0x1, 0xcf, 0x80, 0x3, 0xdf, 0xb4,
    0x44, 0x44, 0x45, 0xdf, 0xd2, 0x2c, 0x3f, 0xff,
    0xff, 0xff, 0xfd, 0x4a, 0x0, 0x0, 0x0, 0x6,
    0xf1, 0x0, 0x0, 0x0, 0x0, 0x0, 0x0, 0x6f,
    0x10, 0x0, 0x0, 0x0, 0xb, 0xff, 0xff, 0xff,
    0xff, 0xf7, 0x0, 0x0, 0x34, 0x44, 0x9f, 0x54,
    0x44, 0x20, 0x0, 0x0, 0x0, 0x6, 0xf1, 0x0,
    0x0, 0x0, 0x9, 0xaa, 0xaa, 0xcf, 0xaa, 0xaa,
    0xa8, 0x0, 0xff, 0xff, 0xff, 0xff, 0xff, 0xff,
    0xd0,

    /* U+516D "六" */
    0x0, 0x0, 0x0, 0x7f, 0x10, 0x0, 0x0, 0x0,
    0x0, 0x0, 0x7, 0xf1, 0x0, 0x0, 0x0, 0x0,
    0x0, 0x0, 0x7f, 0x10, 0x0, 0x0, 0x0, 0x0,
    0x0, 0x7, 0xf1, 0x0, 0x0, 0x0, 0x4f, 0xff,
    0xff, 0xff, 0xff, 0xff, 0xff, 0x1, 0x77, 0x77,
    0x77, 0x77, 0x77, 0x77, 0x70, 0x0, 0x0, 0x0,
    0x0, 0x0, 0x0, 0x0, 0x0, 0x0, 0x8, 0x30,
    0x0, 0x46, 0x0, 0x0, 0x0, 0x6, 0xf6, 0x0,
    0x9, 0xf3, 0x0, 0x0, 0x0, 0xde, 0x0, 0x0,
    0x1e, 0xd0, 0x0, 0x0, 0x7f, 0x70, 0x0, 0x0,
    0x6f, 0x70, 0x0, 0x2f, 0xd0, 0x0, 0x0, 0x0,
    0xdf, 0x10, 0xc, 0xf3, 0x0, 0x0, 0x0, 0x4,
    0xf9, 0x4, 0xe8, 0x0, 0x0, 0x0, 0x0, 0xd,
    0xc0, 0x1, 0x0, 0x0, 0x0, 0x0, 0x0, 0x10,
    0x0,

    /* U+5171 "共" */
    0x0, 0x0, 0xf8, 0x0, 0x8, 0xf0, 0x0, 0x0,
    0x0, 0xf, 0x80, 0x0, 0x8f, 0x0, 0x0, 0x0,
    0x0, 0xf8, 0x0, 0x8, 0xf0, 0x0, 0x0, 0x46,
    0x6f, 0xb6, 0x66, 0xbf, 0x66, 0x50, 0xb, 0xff,
    0xff, 0xff, 0xff, 0xff, 0xfd, 0x0, 0x0, 0xf,
    0x80, 0x0, 0x8f, 0x0, 0x0, 0x0, 0x0, 0xf8,
    0x0, 0x8, 0xf0, 0x0, 0x0, 0x0, 0xf, 0x80,
    0x0, 0x8f, 0x0, 0x0, 0x4f, 0xff, 0xff, 0xff,
    0xff, 0xff, 0xff, 0x52, 0x66, 0x66, 0x66, 0x66,
    0x66, 0x66, 0x62, 0x0, 0x0, 0x89, 0x0, 0x9,
    0x80, 0x0, 0x0, 0x0, 0x9f, 0x80, 0x0, 0x6f,
    0xb1, 0x0, 0x2, 0xcf, 0x70, 0x0, 0x0, 0x4e,
    0xe3, 0x0, 0xce, 0x40, 0x0, 0x0, 0x0, 0x2e,
    0xc0, 0x0, 0x10, 0x0, 0x0, 0x0, 0x0, 0x10,
    0x0,

    /* U+5185 "内" */
    0x0, 0x0, 0x2, 0xf5, 0x0, 0x0, 0x0, 0x0,
    0x0, 0x2f, 0x50, 0x0, 0x0, 0x12, 0x22, 0x24,
    0xf7, 0x22, 0x23, 0x18, 0xff, 0xff, 0xff, 0xff,
    0xff, 0xfb, 0x8f, 0x44, 0x46, 0xf7, 0x44, 0x4c,
    0xb8, 0xe0, 0x0, 0x5f, 0x20, 0x0, 0xbb, 0x8e,
    0x0, 0x9, 0xf9, 0x0, 0xb, 0xb8, 0xe0, 0x2,
    0xfb, 0xfa, 0x0, 0xbb, 0x8e, 0x1, 0xcd, 0x3,
    0xfb, 0xb, 0xb8, 0xe3, 0xde, 0x20, 0x4, 0xfb,
    0xbb, 0x8e, 0x5c, 0x20, 0x0, 0x5, 0x5b, 0xb8,
    0xe0, 0x0, 0x0, 0x0, 0x0, 0xbb, 0x8e, 0x0,
    0x0, 0x0, 0x17, 0x6d, 0xb8, 0xe0, 0x0, 0x0,
    0x0, 0xff, 0xd4,

    /* U+518D "再" */
    0xe, 0xff, 0xff, 0xff, 0xff, 0xff, 0xfe, 0x0,
    0xab, 0xbb, 0xbc, 0xfc, 0xbb, 0xbb, 0xa0, 0x0,
    0x23, 0x33, 0x6f, 0x53, 0x33, 0x20, 0x0, 0xb,
    0xff, 0xff, 0xff, 0xff, 0xfb, 0x0, 0x0, 0xbb,
    0x11, 0x5f, 0x31, 0x1b, 0xb0, 0x0, 0xb, 0xc4,
    0x47, 0xf5, 0x44, 0xcb, 0x0, 0x0, 0xbf, 0xff,
    0xff, 0xff, 0xff, 0xb0, 0x0, 0xb, 0xb0, 0x4,
    0xf2, 0x0, 0xbb, 0x0, 0x49, 0xee, 0x99, 0xbf,
    0xa9, 0x9e, 0xe9, 0x45, 0xbe, 0xeb, 0xbb, 0xbb,
    0xbb, 0xee, 0xb5, 0x0, 0xbb, 0x0, 0x0, 0x0,
    0xb, 0xb0, 0x0, 0xb, 0xb0, 0x0, 0x0, 0x44,
    0xdb, 0x0, 0x0, 0xbb, 0x0, 0x0, 0xe, 0xfe,
    0x50, 0x0, 0x0, 0x0, 0x0, 0x0, 0x0, 0x0,
    0x0,

    /* U+51ED "凭" */
    0x0, 0x1, 0x61, 0x0, 0x0, 0x2, 0x50, 0x0,
    0x0, 0x9e, 0x58, 0xac, 0xdf, 0xfd, 0x40, 0x0,
    0x5f, 0x44, 0x87, 0x8f, 0x40, 0x0, 0x0, 0x4f,
    0xf1, 0x44, 0x46, 0xf6, 0x44, 0x41, 0x4f, 0xef,
    0x4f, 0xff, 0xff, 0xff, 0xff, 0x50, 0x47, 0xf0,
    0x0, 0x3, 0xf3, 0x0, 0x0, 0x0, 0x7f, 0x7,
    0xaa, 0xbf, 0xba, 0xaa, 0x0, 0x7, 0xf0, 0x68,
    0x88, 0x88, 0x88, 0x80, 0x0, 0x0, 0x55, 0x44,
    0x45, 0x40, 0x0, 0x0, 0x0, 0x3f, 0xff, 0xff,
    0xff, 0x0, 0x0, 0x0, 0x4, 0xf5, 0x0, 0x5,
    0xf0, 0x0, 0x0, 0x0, 0xbf, 0x10, 0x0, 0x5f,
    0x0, 0x86, 0x4, 0xcf, 0x60, 0x0, 0x4, 0xf4,
    0x4c, 0x91, 0xed, 0x40, 0x0, 0x0, 0x1d, 0xff,
    0xe3, 0x1, 0x0, 0x0, 0x0, 0x0, 0x0, 0x0,
    0x0,

    /* U+5206 "分" */
    0x0, 0x0, 0x55, 0x0, 0x17, 0x10, 0x0, 0x0,
    0x0, 0xe, 0xb0, 0x1, 0xfa, 0x0, 0x0, 0x0,
    0x9, 0xf3, 0x0, 0x7, 0xf5, 0x0, 0x0, 0x4,
    0xf9, 0x0, 0x0, 0xc, 0xf2, 0x0, 0x3, 0xfd,
    0x0, 0x0, 0x0, 0x2e, 0xe2, 0x4, 0xff, 0x64,
    0x44, 0x44, 0x44, 0x8f, 0xe2, 0x6e, 0x8f, 0xff,
    0xff, 0xff, 0xff, 0x4a, 0x0, 0x0, 0x11, 0xaf,
    0x11, 0x19, 0xf0, 0x0, 0x0, 0x0, 0xd, 0xc0,
    0x0, 0x9e, 0x0, 0x0, 0x0, 0x2, 0xf7, 0x0,
    0xa, 0xd0, 0x0, 0x0, 0x0, 0xbf, 0x10, 0x0,
    0xbc, 0x0, 0x0, 0x0, 0x9f, 0x70, 0x0, 0xd,
    0xa0, 0x0, 0x6, 0xdf, 0x90, 0x5, 0x67, 0xf7,
    0x0, 0x0, 0x9d, 0x50, 0x0, 0x9f, 0xfc, 0x10,
    0x0, 0x0, 0x0, 0x0, 0x0, 0x0, 0x0, 0x0,
    0x0,

    /* U+5207 "切" */
    0x0, 0xe7, 0x0, 0x77, 0x77, 0x77, 0x76, 0x0,
    0xe7, 0x0, 0xee, 0xff, 0xee, 0xfe, 0x0, 0xe7,
    0x0, 0x10, 0x9d, 0x0, 0x9d, 0x2, 0xfc, 0xcf,
    0xe0, 0xac, 0x0, 0xad, 0x9f, 0xfd, 0x95, 0x20,
    0xab, 0x0, 0xac, 0x22, 0xf7, 0x0, 0x0, 0xca,
    0x0, 0xbc, 0x0, 0xe7, 0x0, 0x0, 0xe8, 0x0,
    0xbb, 0x0, 0xe7, 0x6, 0x71, 0xf5, 0x0, 0xca,
    0x0, 0xe8, 0x9, 0xb6, 0xf1, 0x0, 0xda, 0x0,
    0xcf, 0xff, 0x7d, 0xb0, 0x0, 0xe9, 0x0, 0x15,
    0x54, 0x8f, 0x40, 0x1, 0xf7, 0x0, 0x0, 0x8,
    0xf9, 0x3, 0x69, 0xf4, 0x0, 0x0, 0x1d, 0x90,
    0x4, 0xff, 0xa0, 0x0, 0x0, 0x0, 0x0, 0x0,
    0x0, 0x0,

    /* U+5217 "列" */
    0x0, 0x0, 0x0, 0x0, 0x0, 0x0, 0x7e, 0x2f,
    0xff, 0xff, 0xff, 0x50, 0x0, 0x7e, 0x5, 0x5d,
    0xc5, 0x55, 0x4f, 0x40, 0x7e, 0x0, 0xf, 0x70,
    0x0, 0x2f, 0x40, 0x7e, 0x0, 0x5f, 0xcb, 0xb8,
    0x2f, 0x40, 0x7e, 0x0, 0xcd, 0xaa, 0xec, 0x2f,
    0x40, 0x7e, 0x4, 0xf4, 0x0, 0xe8, 0x2f, 0x40,
    0x7e, 0x1e, 0xfb, 0x23, 0xf3, 0x2f, 0x40, 0x7e,
    0x6e, 0x4c, 0xfc, 0xd0, 0x2f, 0x40, 0x7e, 0x1,
    0x0, 0x9f, 0x60, 0x2f, 0x40, 0x7e, 0x0, 0x0,
    0xcd, 0x0, 0x4, 0x10, 0x7e, 0x0, 0xb, 0xf3,
    0x0, 0x0, 0x0, 0x7e, 0x3, 0xdf, 0x40, 0x0,
    0x0, 0x66, 0xbe, 0x3, 0xd3, 0x0, 0x0, 0x0,
    0xbf, 0xe6, 0x0, 0x0, 0x0, 0x0, 0x0, 0x0,
    0x0,

    /* U+5229 "利" */
    0x0, 0x0, 0x4, 0x81, 0x0, 0x0, 0x7e, 0x15,
    0x8c, 0xff, 0xc5, 0x0, 0x0, 0x7e, 0x2d, 0xba,
    0xf2, 0x0, 0x3f, 0x10, 0x7e, 0x0, 0x4, 0xf1,
    0x0, 0x3f, 0x20, 0x7e, 0x14, 0x47, 0xf5, 0x43,
    0x3f, 0x20, 0x7e, 0x4f, 0xff, 0xff, 0xfe, 0x3f,
    0x20, 0x7e, 0x0, 0xc, 0xf2, 0x0, 0x3f, 0x20,
    0x7e, 0x0, 0x4f, 0xfa, 0x0, 0x3f, 0x20, 0x7e,
    0x0, 0xdc, 0xfe, 0xc1, 0x3f, 0x20, 0x7e, 0x8,
    0xe5, 0xf3, 0xda, 0x3f, 0x20, 0x7e, 0x5f, 0x54,
    0xf1, 0x11, 0x16, 0x0, 0x7e, 0x39, 0x4, 0xf1,
    0x0, 0x0, 0x0, 0x7e, 0x0, 0x4, 0xf1, 0x0,
    0x1, 0x66, 0xbe, 0x0, 0x4, 0xf1, 0x0, 0x0,
    0xef, 0xe6, 0x0, 0x0, 0x0, 0x0, 0x0, 0x0,
    0x0,

    /* U+522B "别" */
    0x0, 0x0, 0x0, 0x0, 0x0, 0x0, 0xe7, 0xe,
    0xff, 0xff, 0xf3, 0x0, 0x0, 0xe7, 0xe, 0x84,
    0x46, 0xf3, 0xf, 0x50, 0xe7, 0xe, 0x60, 0x2,
    0xf3, 0xf, 0x60, 0xe7, 0xe, 0x83, 0x35, 0xf3,
    0xf, 0x60, 0xe7, 0xe, 0xff, 0xff, 0xf3, 0xf,
    0x60, 0xe7, 0x0, 0x19, 0x51, 0x10, 0xf, 0x60,
    0xe7, 0x17, 0x7f, 0xa7, 0x73, 0xf, 0x60, 0xe7,
    0x2c, 0xcf, 0xdc, 0xf7, 0xf, 0x60, 0xe7, 0x0,
    0x3f, 0x10, 0xf6, 0xf, 0x60, 0xe7, 0x0, 0x7e,
    0x0, 0xf5, 0x7, 0x20, 0xe7, 0x0, 0xe8, 0x2,
    0xf4, 0x0, 0x0, 0xe7, 0x1c, 0xd1, 0x58, 0xf2,
    0x1, 0x77, 0xf7, 0x3c, 0x10, 0xef, 0xa0, 0x0,
    0xef, 0xc2, 0x0, 0x0, 0x0, 0x0, 0x0, 0x0,
    0x0,

    /* U+5236 "制" */
    0x0, 0x0, 0x10, 0x0, 0x0, 0x0, 0x0, 0x3,
    0x80, 0xf5, 0x0, 0x0, 0x0, 0x7e, 0x8, 0xd0,
    0xf5, 0x0, 0x1, 0x50, 0x7e, 0xc, 0xd9, 0xfb,
    0x99, 0x24, 0xf1, 0x7e, 0x2f, 0xcb, 0xfd, 0xbb,
    0x24, 0xf1, 0x7e, 0x6d, 0x0, 0xf5, 0x0, 0x4,
    0xf1, 0x7e, 0x8e, 0xee, 0xff, 0xee, 0xc4, 0xf1,
    0x7e, 0x36, 0x66, 0xfa, 0x66, 0x54, 0xf1, 0x7e,
    0x4, 0x44, 0xf8, 0x44, 0x14, 0xf1, 0x7e, 0xe,
    0xff, 0xff, 0xff, 0x64, 0xf1, 0x7e, 0xe, 0x50,
    0xf5, 0xe, 0x64, 0xf1, 0x7e, 0xe, 0x50, 0xf5,
    0xe, 0x60, 0x0, 0x7e, 0xe, 0x50, 0xf5, 0x1e,
    0x50, 0x0, 0x7e, 0xe, 0x50, 0xf5, 0xef, 0x30,
    0x56, 0xbe, 0x0, 0x0, 0xf5, 0x10, 0x0, 0x7f,
    0xe7, 0x0, 0x0, 0x0, 0x0, 0x0, 0x0, 0x0,

    /* U+523B "刻" */
    0x0, 0x1, 0xf5, 0x0, 0x0, 0x0, 0x0, 0x0,
    0x1, 0xf5, 0x0, 0x0, 0x0, 0x7e, 0x3d, 0xdd,
    0xfe, 0xdd, 0x6e, 0x60, 0x7e, 0x27, 0x7d, 0xf7,
    0x77, 0x3e, 0x60, 0x7e, 0x0, 0x4f, 0x50, 0x50,
    0xe, 0x60, 0x7e, 0x1d, 0xe8, 0x7, 0xf2, 0xe,
    0x60, 0x7e, 0x8, 0xf9, 0x4f, 0x60, 0xe, 0x60,
    0x7e, 0x0, 0x5f, 0xf8, 0x5, 0xe, 0x60, 0x7e,
    0x0, 0x8f, 0x80, 0x9f, 0x2e, 0x60, 0x7e, 0x1d,
    0xf5, 0x7, 0xf5, 0xe, 0x60, 0x7e, 0x6, 0x20,
    0x9f, 0x70, 0x5, 0x20, 0x7e, 0x0, 0x3d, 0xfd,
    0xe3, 0x0, 0x0, 0x7e, 0x2b, 0xfc, 0x20, 0xcf,
    0x50, 0x66, 0xbe, 0x1c, 0x60, 0x0, 0x9, 0x20,
    0xaf, 0xe7,

    /* U+524A "削" */
    0x6, 0x22, 0xf3, 0x1a, 0x20, 0x0, 0x6f, 0x0,
    0xc9, 0x2f, 0x36, 0xf1, 0x42, 0x6, 0xf0, 0x6,
    0xe2, 0xf3, 0xba, 0xe, 0x70, 0x6f, 0x0, 0x2c,
    0x3f, 0x3b, 0x30, 0xe7, 0x6, 0xf0, 0x6, 0xcc,
    0xfc, 0xc8, 0xe, 0x70, 0x6f, 0x0, 0x8e, 0x99,
    0x9e, 0xa0, 0xe7, 0x6, 0xf0, 0x8, 0xd0, 0x0,
    0xba, 0xe, 0x70, 0x6f, 0x0, 0x8f, 0xff, 0xff,
    0xa0, 0xe7, 0x6, 0xf0, 0x8, 0xd4, 0x44, 0xca,
    0xe, 0x70, 0x6f, 0x0, 0x8d, 0x44, 0x4c, 0xa0,
    0xe7, 0x6, 0xf0, 0x8, 0xff, 0xff, 0xfa, 0xa,
    0x50, 0x6f, 0x0, 0x8d, 0x0, 0xb, 0xa0, 0x0,
    0x6, 0xf0, 0x8, 0xd0, 0x14, 0xca, 0x1, 0x77,
    0xaf, 0x0, 0x8d, 0x3, 0xff, 0x50, 0xd, 0xfe,
    0x80, 0x0, 0x10, 0x0, 0x0, 0x0, 0x0, 0x0,
    0x0,

    /* U+524D "前" */
    0x0, 0x6, 0x50, 0x0, 0x0, 0x47, 0x10, 0x0,
    0x0, 0x8f, 0x30, 0x0, 0xd, 0xd0, 0x0, 0x5,
    0x55, 0xfa, 0x55, 0x59, 0xf8, 0x55, 0x21, 0xff,
    0xff, 0xff, 0xff, 0xff, 0xff, 0xf6, 0x0, 0x0,
    0x0, 0x10, 0x0, 0x0, 0x42, 0x0, 0x5f, 0xff,
    0xff, 0x50, 0xe4, 0xf, 0x80, 0x5, 0xf2, 0x23,
    0xf5, 0xf, 0x40, 0xf8, 0x0, 0x5f, 0xaa, 0xaf,
    0x50, 0xf4, 0xf, 0x80, 0x5, 0xf7, 0x77, 0xf5,
    0xf, 0x40, 0xf8, 0x0, 0x5f, 0x44, 0x4f, 0x50,
    0xf4, 0xf, 0x80, 0x5, 0xfc, 0xcc, 0xf5, 0xf,
    0x40, 0xf8, 0x0, 0x5f, 0x0, 0xf, 0x50, 0x31,
    0xf, 0x80, 0x5, 0xf0, 0x24, 0xf5, 0x0, 0x55,
    0xf7, 0x0, 0x5f, 0x8, 0xfd, 0x10, 0xd, 0xfc,
    0x20,

    /* U+52A0 "加" */
    0x0, 0x3f, 0x20, 0x0, 0x0, 0x0, 0x0, 0x0,
    0x3f, 0x20, 0x0, 0x1, 0x11, 0x11, 0x0, 0x4f,
    0x10, 0x0, 0x8f, 0xff, 0xfa, 0x3f, 0xff, 0xff,
    0xf7, 0x8e, 0x77, 0xda, 0x17, 0x9f, 0x77, 0xf7,
    0x8d, 0x0, 0xca, 0x0, 0x5f, 0x0, 0xe7, 0x8d,
    0x0, 0xca, 0x0, 0x6f, 0x0, 0xe7, 0x8d, 0x0,
    0xca, 0x0, 0x8d, 0x0, 0xf6, 0x8d, 0x0, 0xca,
    0x0, 0xab, 0x0, 0xf6, 0x8d, 0x0, 0xca, 0x0,
    0xd9, 0x0, 0xf5, 0x8d, 0x0, 0xca, 0x1, 0xf5,
    0x1, 0xf5, 0x8d, 0x0, 0xca, 0x7, 0xf1, 0x3,
    0xf3, 0x8e, 0x66, 0xda, 0x1e, 0xa2, 0x49, 0xf1,
    0x8f, 0xff, 0xfa, 0x4f, 0x13, 0xff, 0xa0, 0x8d,
    0x0, 0xca, 0x1, 0x0, 0x10, 0x0, 0x1, 0x0,
    0x0,

    /* U+52D5 "動" */
    0x0, 0x13, 0x57, 0x95, 0x5, 0xf0, 0x0, 0x2f,
    0xff, 0xfc, 0xa6, 0x5, 0xf0, 0x0, 0x2, 0x25,
    0xf2, 0x11, 0x5, 0xf0, 0x0, 0x6f, 0xff, 0xff,
    0xff, 0x47, 0xf3, 0x33, 0x0, 0x4, 0xf1, 0x0,
    0xff, 0xff, 0xfe, 0xf, 0xef, 0xfe, 0xfe, 0x18,
    0xe1, 0x8e, 0xf, 0x56, 0xf3, 0x7e, 0x8, 0xd0,
    0x8d, 0xf, 0xcc, 0xfb, 0xce, 0xa, 0xb0, 0x8d,
    0xf, 0x8a, 0xf7, 0xae, 0xd, 0x80, 0x9c, 0x5,
    0x58, 0xf6, 0x55, 0x1f, 0x50, 0xab, 0xf, 0xff,
    0xff, 0xfe, 0x7f, 0x0, 0xba, 0x1, 0x15, 0xf2,
    0x24, 0xe9, 0x0, 0xc9, 0x3a, 0xbd, 0xff, 0xff,
    0xe1, 0x45, 0xf7, 0x27, 0x53, 0x20, 0x2d, 0x40,
    0xbf, 0xd1, 0x0, 0x0, 0x0, 0x0, 0x0, 0x0,
    0x0,

    /* U+5305 "包" */
    0x0, 0x1, 0x92, 0x0, 0x0, 0x0, 0x0, 0x0,
    0x0, 0x8f, 0x20, 0x0, 0x0, 0x0, 0x0, 0x0,
    0x2f, 0xff, 0xff, 0xff, 0xff, 0xf7, 0x0, 0xb,
    0xf6, 0x66, 0x66, 0x66, 0x6f, 0x70, 0x8, 0xf9,
    0x33, 0x33, 0x30, 0x0, 0xf7, 0x6, 0xfa, 0xff,
    0xff, 0xff, 0x10, 0xf, 0x60, 0x6, 0x0, 0x0,
    0x5, 0xf1, 0x1, 0xf5, 0x0, 0x0, 0x0, 0x0,
    0x5f, 0x10, 0x2f, 0x40, 0x0, 0x5e, 0xdd, 0xde,
    0xf1, 0x5, 0xf2, 0x0, 0x6, 0xf5, 0x55, 0x55,
    0x8d, 0xfe, 0x0, 0x0, 0x6f, 0x0, 0x0, 0x2,
    0x76, 0x11, 0x0, 0x6, 0xf0, 0x0, 0x0, 0x0,
    0x1, 0xf4, 0x0, 0x5f, 0x75, 0x55, 0x55, 0x55,
    0xaf, 0x20, 0x0, 0xae, 0xff, 0xff, 0xff, 0xfe,
    0x70,

    /* U+533A "区" */
    0xbf, 0xff, 0xff, 0xff, 0xff, 0xff, 0xf0, 0xbd,
    0x66, 0x66, 0x66, 0x67, 0x66, 0x50, 0xbb, 0x0,
    0x0, 0x0, 0xe, 0x90, 0x0, 0xbb, 0x9, 0xe4,
    0x0, 0x8f, 0x20, 0x0, 0xbb, 0x1, 0xbf, 0x84,
    0xf8, 0x0, 0x0, 0xbb, 0x0, 0x7, 0xff, 0xc0,
    0x0, 0x0, 0xbb, 0x0, 0x1, 0xdf, 0xe3, 0x0,
    0x0, 0xbb, 0x0, 0x1d, 0xf5, 0xdf, 0x30, 0x0,
    0xbb, 0x4, 0xee, 0x30, 0x1d, 0xf3, 0x0, 0xbb,
    0x3f, 0xd2, 0x0, 0x2, 0xb1, 0x0, 0xbb, 0x4,
    0x0, 0x0, 0x0, 0x0, 0x0, 0xbf, 0xff, 0xff,
    0xff, 0xff, 0xff, 0xf5, 0xbd, 0x66, 0x66, 0x66,
    0x66, 0x66, 0x62,

    /* U+5358 "単" */
    0x0, 0x56, 0x0, 0xa5, 0x0, 0x9, 0x70, 0x0,
    0x6, 0xf4, 0xa, 0xe0, 0x3, 0xf7, 0x0, 0x0,
    0x2d, 0x92, 0x5e, 0x53, 0xdd, 0x20, 0x0, 0xe,
    0xff, 0xff, 0xff, 0xff, 0xff, 0x0, 0x0, 0xe7,
    0x0, 0x5f, 0x20, 0x8, 0xf0, 0x0, 0xe, 0x94,
    0x48, 0xf6, 0x44, 0xaf, 0x0, 0x0, 0xee, 0xdd,
    0xef, 0xdd, 0xde, 0xf0, 0x0, 0xe, 0x70, 0x5,
    0xf2, 0x0, 0x8f, 0x0, 0x0, 0xef, 0xff, 0xff,
    0xff, 0xff, 0xf0, 0x0, 0x2, 0x22, 0x26, 0xf4,
    0x22, 0x22, 0x0, 0x27, 0x77, 0x77, 0xaf, 0x87,
    0x77, 0x77, 0x14, 0xee, 0xee, 0xef, 0xfe, 0xee,
    0xee, 0xe2, 0x0, 0x0, 0x0, 0x5f, 0x20, 0x0,
    0x0, 0x0, 0x0, 0x0, 0x5, 0xf2, 0x0, 0x0,
    0x0,

    /* U+539F "原" */
    0x5, 0xff, 0xff, 0xff, 0xff, 0xff, 0xff, 0x0,
    0x5f, 0x54, 0x44, 0xaf, 0x64, 0x44, 0x40, 0x5,
    0xf0, 0x22, 0x2b, 0xf2, 0x22, 0x20, 0x0, 0x5f,
    0xe, 0xff, 0xff, 0xff, 0xfe, 0x0, 0x5, 0xf0,
    0xe7, 0x11, 0x11, 0x19, 0xe0, 0x0, 0x6f, 0xe,
    0xff, 0xff, 0xff, 0xfe, 0x0, 0x6, 0xf0, 0xe7,
    0x11, 0x11, 0x19, 0xe0, 0x0, 0x7e, 0xe, 0xff,
    0xff, 0xff, 0xfe, 0x0, 0x9, 0xc0, 0x4, 0x3,
    0xf3, 0x3, 0x0, 0x0, 0xca, 0x5, 0xf3, 0x3f,
    0x35, 0xf7, 0x0, 0xf, 0x64, 0xf7, 0x3, 0xf3,
    0x5, 0xf7, 0x6, 0xf5, 0xf9, 0x13, 0x6f, 0x20,
    0x6, 0xe1, 0x5a, 0x2, 0x1, 0xff, 0xc0, 0x0,
    0x1, 0x0, 0x0, 0x0, 0x0, 0x0, 0x0, 0x0,
    0x0,

    /* U+53CC "双" */
    0x6, 0x66, 0x67, 0x43, 0x66, 0x66, 0x74, 0x1,
    0xff, 0xff, 0xfc, 0x9f, 0xff, 0xff, 0xc0, 0x0,
    0x0, 0xc, 0x94, 0xf0, 0x0, 0xca, 0x0, 0x43,
    0x0, 0xf7, 0x1f, 0x30, 0xf, 0x70, 0xb, 0xe1,
    0x2f, 0x40, 0xe7, 0x3, 0xf3, 0x0, 0x1e, 0xc7,
    0xf0, 0xa, 0xb0, 0x8e, 0x0, 0x0, 0x3f, 0xfb,
    0x0, 0x6f, 0x1e, 0x90, 0x0, 0x0, 0x7f, 0x80,
    0x1, 0xfd, 0xf3, 0x0, 0x0, 0x9, 0xfe, 0x10,
    0xa, 0xfb, 0x0, 0x0, 0x2, 0xfa, 0xf9, 0x0,
    0xcf, 0x80, 0x0, 0x0, 0xce, 0x8, 0xd0, 0xaf,
    0xcf, 0x50, 0x0, 0xaf, 0x40, 0x13, 0xcf, 0x60,
    0xcf, 0x60, 0x3f, 0x60, 0x0, 0xae, 0x50, 0x1,
    0xcf, 0x20, 0x20, 0x0, 0x1, 0x10, 0x0, 0x0,
    0x20,

    /* U+53D6 "取" */
    0x7f, 0xff, 0xff, 0xff, 0x0, 0x0, 0x0, 0x4,
    0xbf, 0x99, 0xce, 0xca, 0xaa, 0xab, 0x80, 0x6,
    0xf0, 0x8, 0xd5, 0xfc, 0xbb, 0xec, 0x0, 0x6f,
    0xee, 0xfd, 0x1f, 0x40, 0xc, 0xa0, 0x6, 0xf6,
    0x6b, 0xd0, 0xe8, 0x0, 0xf6, 0x0, 0x6f, 0x0,
    0x8d, 0x9, 0xd0, 0x4f, 0x20, 0x6, 0xf5, 0x5b,
    0xd0, 0x4f, 0x3a, 0xd0, 0x0, 0x6f, 0xee, 0xfd,
    0x0, 0xdc, 0xf7, 0x0, 0x6, 0xf0, 0x8, 0xd0,
    0x6, 0xfe, 0x0, 0x0, 0x6f, 0x35, 0xcd, 0x0,
    0x7f, 0xe1, 0x0, 0x9f, 0xff, 0xff, 0xd0, 0x6f,
    0xbf, 0xc1, 0x4, 0x64, 0x20, 0x8d, 0x9f, 0xa0,
    0x4f, 0xd3, 0x0, 0x0, 0x8, 0xd6, 0x60, 0x0,
    0x3a, 0x0,

    /* U+53E3 "口" */
    0x12, 0x22, 0x22, 0x22, 0x22, 0x22, 0x7, 0xff,
    0xff, 0xff, 0xff, 0xff, 0xf4, 0x7f, 0x44, 0x44,
    0x44, 0x44, 0x7f, 0x47, 0xf0, 0x0, 0x0, 0x0,
    0x4, 0xf4, 0x7f, 0x0, 0x0, 0x0, 0x0, 0x4f,
    0x47, 0xf0, 0x0, 0x0, 0x0, 0x4, 0xf4, 0x7f,
    0x0, 0x0, 0x0, 0x0, 0x4f, 0x47, 0xf0, 0x0,
    0x0, 0x0, 0x4, 0xf4, 0x7f, 0x0, 0x0, 0x0,
    0x0, 0x4f, 0x47, 0xf0, 0x0, 0x0, 0x0, 0x4,
    0xf4, 0x7f, 0xff, 0xff, 0xff, 0xff, 0xff, 0x47,
    0xf8, 0x88, 0x88, 0x88, 0x8a, 0xf4, 0x7f, 0x0,
    0x0, 0x0, 0x0, 0x4f, 0x40, 0x10, 0x0, 0x0,
    0x0, 0x0, 0x0,

    /* U+53EF "可" */
    0x7, 0x77, 0x77, 0x77, 0x77, 0x77, 0x77, 0x21,
    0xff, 0xff, 0xff, 0xff, 0xff, 0xff, 0xf5, 0x0,
    0x0, 0x0, 0x0, 0x0, 0xe, 0x90, 0x0, 0x2,
    0x43, 0x33, 0x31, 0x0, 0xe9, 0x0, 0x0, 0x9f,
    0xff, 0xff, 0x70, 0xe, 0x90, 0x0, 0x9, 0xd2,
    0x22, 0xe7, 0x0, 0xe9, 0x0, 0x0, 0x9c, 0x0,
    0xe, 0x70, 0xe, 0x90, 0x0, 0x9, 0xc0, 0x0,
    0xe7, 0x0, 0xe9, 0x0, 0x0, 0x9f, 0xff, 0xff,
    0x70, 0xe, 0x90, 0x0, 0x9, 0xe6, 0x66, 0x63,
    0x0, 0xe9, 0x0, 0x0, 0x57, 0x0, 0x0, 0x0,
    0xe, 0x90, 0x0, 0x0, 0x0, 0x0, 0x17, 0x77,
    0xf8, 0x0, 0x0, 0x0, 0x0, 0x0, 0xdf, 0xfc,
    0x20, 0x0, 0x0, 0x0, 0x0, 0x0, 0x0, 0x0,
    0x0,

    /* U+53F3 "右" */
    0x0, 0x0, 0x0, 0x92, 0x0, 0x0, 0x0, 0x0,
    0x0, 0x0, 0x4f, 0x30, 0x0, 0x0, 0x0, 0x0,
    0x0, 0x9, 0xf0, 0x0, 0x0, 0x0, 0x1, 0xff,
    0xff, 0xff, 0xff, 0xff, 0xff, 0xf1, 0x6, 0x66,
    0xaf, 0x86, 0x66, 0x66, 0x66, 0x0, 0x0, 0xb,
    0xd0, 0x0, 0x0, 0x0, 0x0, 0x0, 0x3, 0xf6,
    0x0, 0x0, 0x0, 0x0, 0x0, 0x0, 0xdf, 0xff,
    0xff, 0xff, 0xff, 0x0, 0x0, 0xaf, 0xf9, 0x66,
    0x66, 0x6a, 0xf1, 0x0, 0xaf, 0x7f, 0x50, 0x0,
    0x0, 0x7f, 0x10, 0x4f, 0x61, 0xf5, 0x0, 0x0,
    0x7, 0xf1, 0x0, 0x10, 0x1f, 0x50, 0x0, 0x0,
    0x7f, 0x10, 0x0, 0x1, 0xff, 0xff, 0xff, 0xff,
    0xf1, 0x0, 0x0, 0x1f, 0xa6, 0x66, 0x66, 0xaf,
    0x10, 0x0, 0x0, 0x10, 0x0, 0x0, 0x0, 0x0,
    0x0,

    /* U+53F7 "号" */
    0x0, 0x6f, 0xff, 0xff, 0xff, 0xff, 0x40, 0x0,
    0x6, 0xf4, 0x44, 0x44, 0x46, 0xf4, 0x0, 0x0,
    0x6f, 0x0, 0x0, 0x0, 0x3f, 0x40, 0x0, 0x6,
    0xff, 0xff, 0xff, 0xff, 0xf4, 0x0, 0x0, 0x24,
    0x44, 0x44, 0x44, 0x44, 0x10, 0x2, 0x55, 0x55,
    0x55, 0x55, 0x55, 0x55, 0x50, 0x6f, 0xff, 0xff,
    0xff, 0xff, 0xff, 0xff, 0x10, 0x0, 0x9f, 0x21,
    0x11, 0x11, 0x10, 0x0, 0x0, 0xe, 0xff, 0xff,
    0xff, 0xff, 0x30, 0x0, 0x4, 0xf5, 0x33, 0x33,
    0x39, 0xf0, 0x0, 0x0, 0x0, 0x0, 0x0, 0x0,
    0xbd, 0x0, 0x0, 0x0, 0x0, 0x2, 0x54, 0x6f,
    0x90, 0x0, 0x0, 0x0, 0x0, 0x3f, 0xff, 0xc1,
    0x0, 0x0, 0x0, 0x0, 0x0, 0x0, 0x0, 0x0,
    0x0,

    /* U+540C "同" */
    0xef, 0xff, 0xff, 0xff, 0xff, 0xff, 0x9e, 0xa5,
    0x55, 0x55, 0x55, 0x55, 0xe9, 0xe7, 0x13, 0x33,
    0x33, 0x33, 0xd, 0x9e, 0x77, 0xff, 0xff, 0xff,
    0xf1, 0xd9, 0xe7, 0x0, 0x0, 0x0, 0x0, 0xd,
    0x9e, 0x70, 0x7e, 0xdd, 0xdd, 0x40, 0xd9, 0xe7,
    0x8, 0xd5, 0x55, 0xf5, 0xd, 0x9e, 0x70, 0x8b,
    0x0, 0xe, 0x50, 0xd9, 0xe7, 0x8, 0xb0, 0x0,
    0xe5, 0xd, 0x9e, 0x70, 0x8f, 0xff, 0xff, 0x50,
    0xd9, 0xe7, 0x8, 0xc4, 0x44, 0x41, 0xd, 0x9e,
    0x70, 0x23, 0x0, 0x0, 0x66, 0xe8, 0xe7, 0x0,
    0x0, 0x0, 0xc, 0xfd, 0x30,

    /* U+542B "含" */
    0x0, 0x0, 0x1, 0xdf, 0x60, 0x0, 0x0, 0x0,
    0x0, 0x1, 0xcf, 0xdf, 0x70, 0x0, 0x0, 0x0,
    0x3, 0xef, 0x60, 0x9f, 0xb2, 0x0, 0x0, 0x19,
    0xff, 0x86, 0x66, 0xaf, 0xf8, 0x10, 0x5f, 0xe6,
    0x7d, 0xdd, 0xdd, 0x47, 0xef, 0x41, 0x53, 0x44,
    0x44, 0x44, 0x45, 0x20, 0x50, 0x0, 0xaf, 0xff,
    0xff, 0xff, 0xfc, 0x0, 0x0, 0x0, 0x0, 0x0,
    0x0, 0x8f, 0x30, 0x0, 0x0, 0x1, 0x11, 0x11,
    0x3f, 0xa1, 0x0, 0x0, 0x6, 0xff, 0xff, 0xff,
    0xff, 0xf5, 0x0, 0x0, 0x6f, 0x22, 0x22, 0x22,
    0x6f, 0x50, 0x0, 0x6, 0xf0, 0x0, 0x0, 0x4,
    0xf5, 0x0, 0x0, 0x6f, 0x55, 0x55, 0x55, 0x7f,
    0x50, 0x0, 0x6, 0xfe, 0xee, 0xee, 0xef, 0xf5,
    0x0,

    /* U+548C "和" */
    0x0, 0x0, 0x3, 0x50, 0x0, 0x0, 0x0, 0x5,
    0x8b, 0xff, 0xd3, 0x44, 0x44, 0x42, 0xb, 0xac,
    0xf1, 0x5, 0xff, 0xff, 0xfa, 0x0, 0x7, 0xf0,
    0x5, 0xf1, 0x11, 0xda, 0x13, 0x39, 0xf3, 0x37,
    0xf0, 0x0, 0xda, 0x4f, 0xff, 0xff, 0xfc, 0xf0,
    0x0, 0xda, 0x1, 0x1f, 0xf3, 0x16, 0xf0, 0x0,
    0xda, 0x0, 0x6f, 0xfd, 0x15, 0xf0, 0x0, 0xda,
    0x0, 0xdd, 0xfb, 0xc6, 0xf0, 0x0, 0xda, 0x8,
    0xe7, 0xf1, 0xe8, 0xf0, 0x0, 0xda, 0x4f, 0x57,
    0xf0, 0x15, 0xf0, 0x0, 0xda, 0x4b, 0x7, 0xf0,
    0x5, 0xff, 0xff, 0xfa, 0x0, 0x7, 0xf0, 0x5,
    0xf5, 0x55, 0xea, 0x0, 0x7, 0xf0, 0x3, 0x90,
    0x0, 0x64,

    /* U+54C1 "品" */
    0x0, 0x8f, 0xff, 0xff, 0xff, 0xf3, 0x0, 0x0,
    0x8e, 0x55, 0x55, 0x59, 0xf3, 0x0, 0x0, 0x8d,
    0x0, 0x0, 0x5, 0xf3, 0x0, 0x0, 0x8d, 0x33,
    0x33, 0x37, 0xf3, 0x0, 0x0, 0x8f, 0xff, 0xff,
    0xff, 0xf3, 0x0, 0x0, 0x12, 0x22, 0x22, 0x22,
    0x20, 0x0, 0x36, 0x66, 0x65, 0x4, 0x66, 0x66,
    0x62, 0x9f, 0xff, 0xfd, 0xa, 0xff, 0xff, 0xf5,
    0x9b, 0x0, 0x9d, 0xa, 0xb0, 0x1, 0xf5, 0x9b,
    0x0, 0x9d, 0xa, 0xb0, 0x1, 0xf5, 0x9b, 0x0,
    0x9d, 0xa, 0xb0, 0x1, 0xf5, 0x9f, 0xff, 0xfd,
    0xa, 0xff, 0xff, 0xf5, 0x9d, 0x66, 0xcd, 0xa,
    0xd6, 0x67, 0xf5, 0x11, 0x0, 0x0, 0x1, 0x10,
    0x0, 0x0,

    /* U+56DE "回" */
    0xdf, 0xff, 0xff, 0xff, 0xff, 0xff, 0xad, 0xc7,
    0x77, 0x77, 0x77, 0x77, 0xfa, 0xda, 0x0, 0x0,
    0x0, 0x0, 0xe, 0xad, 0xa0, 0x25, 0x55, 0x55,
    0x20, 0xea, 0xda, 0x6, 0xfe, 0xee, 0xf7, 0xe,
    0xad, 0xa0, 0x6e, 0x0, 0xf, 0x70, 0xea, 0xda,
    0x6, 0xe0, 0x0, 0xf7, 0xe, 0xad, 0xa0, 0x6f,
    0x33, 0x3f, 0x70, 0xea, 0xda, 0x6, 0xff, 0xff,
    0xf7, 0xe, 0xad, 0xa0, 0x0, 0x0, 0x0, 0x0,
    0xea, 0xda, 0x0, 0x0, 0x0, 0x0, 0xe, 0xad,
    0xff, 0xff, 0xff, 0xff, 0xff, 0xfa, 0xdc, 0x66,
    0x66, 0x66, 0x66, 0x6f, 0xa0,

    /* U+571F "土" */
    0x0, 0x0, 0x0, 0x7f, 0x10, 0x0, 0x0, 0x0,
    0x0, 0x0, 0x7, 0xf1, 0x0, 0x0, 0x0, 0x0,
    0x0, 0x0, 0x7f, 0x10, 0x0, 0x0, 0x0, 0x0,
    0x0, 0x7, 0xf1, 0x0, 0x0, 0x0, 0x0, 0x0,
    0x0, 0x7f, 0x10, 0x0, 0x0, 0x0, 0x6f, 0xff,
    0xff, 0xff, 0xff, 0xff, 0x20, 0x3, 0x77, 0x77,
    0xbf, 0x77, 0x77, 0x71, 0x0, 0x0, 0x0, 0x7,
    0xf1, 0x0, 0x0, 0x0, 0x0, 0x0, 0x0, 0x7f,
    0x10, 0x0, 0x0, 0x0, 0x0, 0x0, 0x7, 0xf1,
    0x0, 0x0, 0x0, 0x0, 0x0, 0x0, 0x7f, 0x10,
    0x0, 0x0, 0x0, 0x0, 0x0, 0x7, 0xf1, 0x0,
    0x0, 0x0, 0x6e, 0xee, 0xee, 0xff, 0xfe, 0xee,
    0xee, 0x23, 0x77, 0x77, 0x77, 0x77, 0x77, 0x77,
    0x71,

    /* U+5728 "在" */
    0x0, 0x0, 0x3, 0x70, 0x0, 0x0, 0x0, 0x0,
    0x0, 0x0, 0x9e, 0x0, 0x0, 0x0, 0x0, 0x6,
    0x66, 0x6f, 0xc6, 0x66, 0x66, 0x66, 0x1, 0xff,
    0xff, 0xff, 0xff, 0xff, 0xff, 0xf1, 0x0, 0x0,
    0xeb, 0x0, 0x2, 0x0, 0x0, 0x0, 0x0, 0x8f,
    0x30, 0x1, 0xf5, 0x0, 0x0, 0x0, 0x4f, 0x80,
    0x0, 0x1f, 0x50, 0x0, 0x0, 0x3f, 0xf3, 0x26,
    0x67, 0xfa, 0x66, 0x30, 0x3f, 0xff, 0x35, 0xee,
    0xef, 0xfe, 0xe7, 0x1, 0xb5, 0xf3, 0x0, 0x1,
    0xf5, 0x0, 0x0, 0x0, 0x3f, 0x30, 0x0, 0x1f,
    0x50, 0x0, 0x0, 0x3, 0xf3, 0x0, 0x1, 0xf5,
    0x0, 0x0, 0x0, 0x3f, 0x39, 0xaa, 0xbf, 0xca,
    0xaa, 0x10, 0x3, 0xf3, 0xff, 0xff, 0xff, 0xff,
    0xf1,

    /* U+5730 "地" */
    0x0, 0x6e, 0x0, 0x0, 0x6, 0xe0, 0x0, 0x0,
    0x6, 0xe0, 0x3, 0x80, 0x6e, 0x0, 0x0, 0x0,
    0x6e, 0x0, 0x7e, 0x6, 0xe0, 0x2, 0x0, 0x17,
    0xf1, 0x17, 0xe0, 0x6f, 0x6d, 0xf0, 0x4f, 0xff,
    0xf9, 0x7e, 0x2b, 0xff, 0xdf, 0x1, 0x38, 0xf3,
    0x28, 0xff, 0xff, 0x25, 0xf0, 0x0, 0x6e, 0xc,
    0xff, 0x67, 0xe0, 0x5f, 0x0, 0x6, 0xe0, 0x6a,
    0xe0, 0x6e, 0x5, 0xf0, 0x0, 0x6e, 0x13, 0x7e,
    0x6, 0xe0, 0x6e, 0x0, 0x8, 0xff, 0xb7, 0xe0,
    0x6e, 0x8f, 0xb0, 0x3d, 0xfd, 0x60, 0x7e, 0x3,
    0x71, 0x24, 0x21, 0xb5, 0x0, 0x7, 0xe0, 0x0,
    0x0, 0xaa, 0x0, 0x0, 0x0, 0x5f, 0x54, 0x44,
    0x4e, 0x70, 0x0, 0x0, 0x1, 0xcf, 0xff, 0xff,
    0xc1,

    /* U+5747 "均" */
    0x0, 0x0, 0x0, 0x0, 0x0, 0x0, 0x0, 0x0,
    0x7, 0xe0, 0x0, 0xba, 0x0, 0x0, 0x0, 0x0,
    0x7e, 0x0, 0x1f, 0x70, 0x0, 0x0, 0x0, 0x7,
    0xe0, 0x6, 0xf5, 0x33, 0x33, 0x30, 0x3, 0x9f,
    0x32, 0xdf, 0xff, 0xff, 0xff, 0x3, 0xff, 0xff,
    0xef, 0x52, 0x22, 0x28, 0xf0, 0x2, 0x8f, 0x2f,
    0xc2, 0x22, 0x20, 0x7f, 0x0, 0x7, 0xe0, 0x39,
    0xff, 0xff, 0x18, 0xe0, 0x0, 0x7e, 0x0, 0x2,
    0x22, 0x20, 0x8d, 0x0, 0x7, 0xe2, 0x50, 0x0,
    0x1, 0x19, 0xc0, 0x1, 0xaf, 0xfc, 0x1, 0x6b,
    0xf6, 0xab, 0x5, 0xff, 0xa4, 0xb, 0xff, 0x93,
    0xc, 0xa0, 0x17, 0x10, 0x0, 0x85, 0x0, 0x0,
    0xf8, 0x0, 0x0, 0x0, 0x0, 0x0, 0x66, 0x9f,
    0x50, 0x0, 0x0, 0x0, 0x0, 0xa, 0xff, 0xa0,
    0x0, 0x0, 0x0, 0x0, 0x0, 0x0, 0x0, 0x0,

    /* U+57DF "域" */
    0x0, 0xf6, 0x0, 0x0, 0x2, 0xf4, 0xc2, 0x0,
    0xf, 0x60, 0x0, 0x0, 0x2f, 0x3b, 0xe0, 0x0,
    0xf6, 0x5, 0x55, 0x57, 0xf7, 0x6d, 0x10, 0xf,
    0x61, 0xff, 0xff, 0xff, 0xff, 0xf4, 0x6e, 0xff,
    0x90, 0x0, 0x0, 0xf4, 0x0, 0x2, 0x4f, 0x93,
    0xdf, 0xff, 0x2f, 0x56, 0xc0, 0x0, 0xf6, 0xd,
    0x52, 0xf2, 0xe6, 0xab, 0x0, 0xf, 0x60, 0xd3,
    0xf, 0x2d, 0x9f, 0x50, 0x0, 0xf6, 0x1d, 0xed,
    0xf2, 0xbf, 0xe0, 0x0, 0xf, 0xed, 0x34, 0x44,
    0x18, 0xf6, 0x0, 0x3c, 0xfd, 0x51, 0x59, 0xcc,
    0xcf, 0x0, 0x3, 0xd6, 0x6, 0xff, 0xb7, 0xdf,
    0xf4, 0x75, 0x0, 0x0, 0x13, 0x1, 0xbf, 0x4b,
    0xcc, 0x60, 0x0, 0x0, 0x0, 0x1a, 0x30, 0x2e,
    0xd1,

    /* U+5831 "報" */
    0x0, 0xe, 0x60, 0x0, 0x0, 0x0, 0x0, 0x0,
    0x33, 0xe8, 0x31, 0x8f, 0xff, 0xff, 0x80, 0x2f,
    0xff, 0xff, 0x88, 0xd4, 0x44, 0xd8, 0x0, 0x0,
    0xe6, 0x0, 0x8c, 0x0, 0xc, 0x80, 0x7b, 0xbf,
    0xdb, 0xb9, 0xc0, 0xbe, 0xf6, 0x5, 0xcc, 0x88,
    0xf9, 0x9c, 0x2, 0x42, 0x0, 0x5, 0xd0, 0x3f,
    0x8, 0xfd, 0xdd, 0xea, 0x3, 0x9f, 0x8b, 0xd7,
    0x8e, 0xf5, 0x5d, 0xa0, 0x4b, 0xbf, 0xdb, 0xa8,
    0xcd, 0x60, 0xf5, 0x0, 0x0, 0xe6, 0x0, 0x8c,
    0x6e, 0x7f, 0x0, 0x4f, 0xff, 0xff, 0xa8, 0xc0,
    0xdf, 0x80, 0x1, 0x44, 0xe9, 0x42, 0x8c, 0xa,
    0xf8, 0x0, 0x0, 0xe, 0x60, 0x8, 0xc8, 0xf9,
    0xf9, 0x10, 0x0, 0xd6, 0x0, 0x8d, 0xc4, 0x5,
    0xc1, 0x0, 0x0, 0x0, 0x0, 0x0, 0x0, 0x0,
    0x0,

    /* U+5834 "場" */
    0x0, 0x6e, 0x0, 0x0, 0x0, 0x0, 0x0, 0x0,
    0x6, 0xe0, 0x9, 0xff, 0xff, 0xff, 0x60, 0x0,
    0x6e, 0x0, 0x9b, 0x11, 0x11, 0xe6, 0x0, 0x6a,
    0xf6, 0x29, 0xec, 0xcc, 0xcf, 0x60, 0xf, 0xff,
    0xf6, 0x9c, 0x44, 0x44, 0xe6, 0x0, 0x6, 0xe0,
    0x7, 0xdd, 0xdd, 0xdd, 0x50, 0x0, 0x6e, 0x5,
    0x55, 0x55, 0x55, 0x55, 0x20, 0x6, 0xe0, 0xce,
    0xfe, 0xee, 0xee, 0xe7, 0x0, 0x6e, 0x42, 0x7f,
    0x43, 0x33, 0x33, 0x0, 0x19, 0xff, 0xcf, 0xef,
    0xff, 0xff, 0xf1, 0x2f, 0xf9, 0x9e, 0x45, 0xe1,
    0xb8, 0x5f, 0x0, 0x71, 0x0, 0x16, 0xf4, 0x5e,
    0x17, 0xd0, 0x0, 0x0, 0x9, 0xf4, 0x4f, 0x61,
    0xca, 0x0, 0x0, 0x0, 0x12, 0xc, 0x74, 0xfe,
    0x40, 0x0, 0x0, 0x0, 0x0, 0x0, 0x0, 0x0,
    0x0,

    /* U+58F0 "声" */
    0x0, 0x0, 0x0, 0x4f, 0x20, 0x0, 0x0, 0x4,
    0x44, 0x44, 0x7f, 0x64, 0x44, 0x44, 0xf, 0xff,
    0xff, 0xff, 0xff, 0xff, 0xff, 0x0, 0x0, 0x0,
    0x4f, 0x20, 0x0, 0x0, 0x1, 0xff, 0xff, 0xff,
    0xff, 0xff, 0xf5, 0x0, 0x33, 0x33, 0x33, 0x33,
    0x33, 0x31, 0x0, 0x79, 0x99, 0x99, 0x99, 0x99,
    0x80, 0x0, 0xcd, 0x99, 0xbf, 0xa9, 0x9c, 0xf0,
    0x0, 0xc9, 0x0, 0x3f, 0x20, 0x7, 0xf0, 0x0,
    0xde, 0xbb, 0xcf, 0xcb, 0xbd, 0xf0, 0x0, 0xfa,
    0x77, 0x77, 0x77, 0x7b, 0xf0, 0x5, 0xf2, 0x0,
    0x0, 0x0, 0x1, 0x30, 0x1e, 0xb0, 0x0, 0x0,
    0x0, 0x0, 0x0, 0x4e, 0x20, 0x0, 0x0, 0x0,
    0x0, 0x0, 0x0, 0x0, 0x0, 0x0, 0x0, 0x0,
    0x0,

    /* U+591A "多" */
    0x0, 0x0, 0x0, 0x44, 0x0, 0x0, 0x0, 0x0,
    0x0, 0x0, 0x6f, 0xc3, 0x33, 0x10, 0x0, 0x0,
    0x1, 0xaf, 0xff, 0xff, 0xfc, 0x0, 0x0, 0x39,
    0xff, 0x90, 0x0, 0xaf, 0x20, 0x0, 0x6, 0xc5,
    0x6e, 0xd5, 0xcf, 0x30, 0x0, 0x0, 0x0, 0x0,
    0x2f, 0xfd, 0x82, 0x0, 0x0, 0x0, 0x15, 0xbf,
    0xd7, 0xdf, 0x42, 0x20, 0x0, 0xcf, 0xfa, 0x46,
    0xef, 0xff, 0xff, 0xe0, 0x3, 0x41, 0x5c, 0xf9,
    0x11, 0x14, 0xf7, 0x0, 0x2, 0xef, 0xae, 0xe5,
    0x2, 0xec, 0x0, 0x0, 0x4, 0x10, 0x9, 0xfa,
    0xec, 0x10, 0x0, 0x0, 0x0, 0x0, 0x4e, 0xf9,
    0x0, 0x0, 0x0, 0x13, 0x6a, 0xef, 0xb3, 0x0,
    0x0, 0x0, 0xa, 0xff, 0xb7, 0x20, 0x0, 0x0,
    0x0, 0x0, 0x12, 0x0, 0x0, 0x0, 0x0, 0x0,
    0x0,

    /* U+5929 "天" */
    0x18, 0x88, 0x88, 0x88, 0x88, 0x88, 0x88, 0x2,
    0xff, 0xff, 0xff, 0xff, 0xff, 0xff, 0xf1, 0x0,
    0x0, 0x0, 0x6f, 0x10, 0x0, 0x0, 0x0, 0x0,
    0x0, 0x6, 0xf1, 0x0, 0x0, 0x0, 0x0, 0x0,
    0x0, 0x6f, 0x10, 0x0, 0x0, 0x0, 0xaf, 0xff,
    0xff, 0xff, 0xff, 0xff, 0xa0, 0x5, 0x88, 0x88,
    0xdf, 0xc8, 0x88, 0x85, 0x0, 0x0, 0x0, 0xe,
    0xfd, 0x0, 0x0, 0x0, 0x0, 0x0, 0x6, 0xf9,
    0xf7, 0x0, 0x0, 0x0, 0x0, 0x3, 0xfd, 0xa,
    0xf3, 0x0, 0x0, 0x0, 0x6, 0xfe, 0x20, 0x1d,
    0xf6, 0x0, 0x0, 0x5c, 0xfc, 0x20, 0x0, 0x1d,
    0xfc, 0x61, 0x2f, 0xd6, 0x0, 0x0, 0x0, 0x7,
    0xee, 0x10, 0x20, 0x0, 0x0, 0x0, 0x0, 0x0,
    0x20,

    /* U+5931 "失" */
    0x0, 0x8, 0x60, 0x5f, 0x20, 0x0, 0x0, 0x0,
    0x0, 0xf8, 0x5, 0xf2, 0x0, 0x0, 0x0, 0x0,
    0x6f, 0x52, 0x6f, 0x42, 0x22, 0x20, 0x0, 0xd,
    0xff, 0xff, 0xff, 0xff, 0xff, 0x0, 0x5, 0xf8,
    0x44, 0x8f, 0x64, 0x44, 0x40, 0x0, 0xec, 0x0,
    0x5, 0xf2, 0x0, 0x0, 0x0, 0x1, 0x20, 0x0,
    0x6f, 0x10, 0x0, 0x0, 0x3, 0xff, 0xff, 0xff,
    0xff, 0xff, 0xff, 0xf3, 0x17, 0x77, 0x77, 0xff,
    0xe7, 0x77, 0x77, 0x10, 0x0, 0x0, 0x6f, 0xaf,
    0x50, 0x0, 0x0, 0x0, 0x0, 0x3f, 0xc0, 0xbe,
    0x20, 0x0, 0x0, 0x0, 0x6f, 0xe2, 0x1, 0xef,
    0x50, 0x0, 0x5, 0xcf, 0xc2, 0x0, 0x1, 0xdf,
    0xc6, 0x12, 0xed, 0x60, 0x0, 0x0, 0x0, 0x7e,
    0xf3, 0x1, 0x0, 0x0, 0x0, 0x0, 0x0, 0x2,
    0x0,

    /* U+5B58 "存" */
    0x0, 0x0, 0x6, 0xb0, 0x0, 0x0, 0x0, 0x0,
    0x0, 0x0, 0xcd, 0x0, 0x0, 0x0, 0x0, 0x1e,
    0xee, 0xef, 0xfe, 0xee, 0xee, 0xee, 0x10, 0x77,
    0x7d, 0xf7, 0x77, 0x77, 0x77, 0x70, 0x0, 0x1,
    0xf9, 0x0, 0x0, 0x0, 0x0, 0x0, 0x0, 0xbf,
    0x1a, 0xff, 0xff, 0xff, 0x30, 0x0, 0x7f, 0x70,
    0x35, 0x55, 0x8f, 0xb0, 0x0, 0x5f, 0xf2, 0x0,
    0x0, 0x6e, 0xa0, 0x0, 0x5f, 0xff, 0x20, 0x0,
    0xd, 0xb0, 0x0, 0x1, 0xa5, 0xf2, 0xef, 0xff,
    0xff, 0xff, 0xf6, 0x0, 0x4f, 0x23, 0x44, 0x4e,
    0xb4, 0x44, 0x10, 0x4, 0xf2, 0x0, 0x0, 0xd9,
    0x0, 0x0, 0x0, 0x4f, 0x20, 0x5, 0x5e, 0x90,
    0x0, 0x0, 0x4, 0xf2, 0x0, 0xef, 0xe4, 0x0,
    0x0, 0x0, 0x0, 0x0, 0x0, 0x0, 0x0, 0x0,
    0x0,

    /* U+5B9A "定" */
    0x0, 0x0, 0x0, 0x5f, 0x20, 0x0, 0x0, 0x0,
    0x0, 0x0, 0x5, 0xf2, 0x0, 0x0, 0x0, 0xe,
    0xff, 0xff, 0xff, 0xff, 0xff, 0xfe, 0x0, 0xea,
    0x55, 0x55, 0x55, 0x55, 0x5b, 0xe0, 0xe, 0x74,
    0x55, 0x55, 0x55, 0x53, 0x8e, 0x0, 0x73, 0xdf,
    0xff, 0xff, 0xff, 0xb4, 0x70, 0x0, 0x0, 0x0,
    0x5f, 0x20, 0x0, 0x0, 0x0, 0x0, 0x94, 0x5,
    0xf2, 0x0, 0x0, 0x0, 0x0, 0x1f, 0x60, 0x5f,
    0x76, 0x66, 0x30, 0x0, 0x5, 0xf4, 0x5, 0xff,
    0xff, 0xf9, 0x0, 0x0, 0xaf, 0xb0, 0x5f, 0x20,
    0x0, 0x0, 0x0, 0x2f, 0xaf, 0xa6, 0xf2, 0x0,
    0x0, 0x0, 0xc, 0xe1, 0x4f, 0xff, 0x96, 0x66,
    0x66, 0x24, 0xf4, 0x0, 0x18, 0xce, 0xff, 0xff,
    0xf1, 0x1, 0x0, 0x0, 0x0, 0x0, 0x0, 0x0,
    0x0,

    /* U+5B9F "実" */
    0x0, 0x0, 0x0, 0x4f, 0x30, 0x0, 0x0, 0x0,
    0x0, 0x0, 0x4, 0xf4, 0x0, 0x0, 0x0, 0xe,
    0xff, 0xff, 0xff, 0xff, 0xff, 0xfe, 0x0, 0xe9,
    0x33, 0x35, 0xa4, 0x33, 0x3a, 0xe0, 0xb, 0xa7,
    0x77, 0xaf, 0x97, 0x77, 0xbb, 0x0, 0x6, 0xaa,
    0xac, 0xfb, 0xaa, 0xa7, 0x0, 0x0, 0x13, 0x33,
    0x6f, 0x53, 0x33, 0x10, 0x0, 0x5, 0xff, 0xff,
    0xff, 0xff, 0xf7, 0x0, 0x0, 0x0, 0x0, 0x6f,
    0x10, 0x0, 0x0, 0x0, 0xff, 0xff, 0xff, 0xff,
    0xff, 0xff, 0xf2, 0x4, 0x44, 0x49, 0xfc, 0xf6,
    0x44, 0x44, 0x0, 0x0, 0x8, 0xfa, 0xb, 0xe4,
    0x0, 0x0, 0x3, 0x8e, 0xf6, 0x0, 0xa, 0xfc,
    0x73, 0x0, 0xcd, 0x71, 0x0, 0x0, 0x3, 0xae,
    0xd0, 0x0, 0x0, 0x0, 0x0, 0x0, 0x0, 0x0,
    0x0,

    /* U+5BA2 "客" */
    0x0, 0x0, 0x0, 0x4f, 0x20, 0x0, 0x0, 0x0,
    0x22, 0x22, 0x26, 0xf4, 0x22, 0x22, 0x20, 0xe,
    0xff, 0xff, 0xff, 0xff, 0xff, 0xfe, 0x0, 0xe8,
    0x22, 0xbc, 0x22, 0x22, 0x29, 0xe0, 0xd, 0x60,
    0x9f, 0xff, 0xff, 0xf4, 0x7d, 0x0, 0x4, 0xdf,
    0xd2, 0x22, 0xcf, 0x30, 0x0, 0x5, 0xfb, 0x5f,
    0xc4, 0xcf, 0x50, 0x0, 0x0, 0x3, 0x0, 0x3f,
    0xff, 0x70, 0x0, 0x0, 0x0, 0x4, 0xaf, 0xf9,
    0xef, 0xd9, 0x52, 0x3, 0xcf, 0xff, 0xa4, 0x34,
    0x9e, 0xff, 0xf2, 0xa, 0x6c, 0xff, 0xff, 0xff,
    0xfd, 0x34, 0x0, 0x0, 0xbb, 0x0, 0x0, 0xa,
    0xc0, 0x0, 0x0, 0xb, 0xc3, 0x33, 0x33, 0xcc,
    0x0, 0x0, 0x0, 0xbf, 0xff, 0xff, 0xff, 0xc0,
    0x0, 0x0, 0x0, 0x0, 0x0, 0x0, 0x0, 0x0,
    0x0,

    /* U+5BA4 "室" */
    0x0, 0x0, 0x0, 0x4f, 0x30, 0x0, 0x0, 0x0,
    0xdd, 0xdd, 0xdd, 0xfd, 0xdd, 0xdd, 0xd0, 0xf,
    0xa7, 0x77, 0x77, 0x77, 0x77, 0xaf, 0x10, 0xf6,
    0x0, 0x0, 0x0, 0x0, 0x6, 0xf1, 0x2, 0x7f,
    0xff, 0xff, 0xff, 0xff, 0x82, 0x0, 0x1, 0x45,
    0xf9, 0x44, 0x7a, 0x42, 0x0, 0x0, 0x0, 0x9e,
    0x0, 0x5, 0xfa, 0x0, 0x0, 0xe, 0xef, 0xff,
    0xff, 0xff, 0xfc, 0x10, 0x0, 0x65, 0x55, 0x7f,
    0x53, 0x23, 0xc3, 0x0, 0x2, 0x33, 0x36, 0xf5,
    0x33, 0x33, 0x0, 0x0, 0xcf, 0xff, 0xff, 0xff,
    0xff, 0xf0, 0x0, 0x0, 0x0, 0x4, 0xf3, 0x0,
    0x0, 0x0, 0x17, 0x77, 0x77, 0xaf, 0x97, 0x77,
    0x77, 0x12, 0xff, 0xff, 0xff, 0xff, 0xff, 0xff,
    0xf3,

    /* U+5BFE "対" */
    0x0, 0x6, 0xe0, 0x0, 0x0, 0x7, 0xe0, 0x0,
    0x0, 0x6e, 0x0, 0x0, 0x0, 0x7e, 0x0, 0x16,
    0x6a, 0xf6, 0x65, 0x0, 0x7, 0xe0, 0x3, 0xff,
    0xff, 0xff, 0xe4, 0x44, 0x9f, 0x42, 0x0, 0x0,
    0x8, 0x4a, 0xff, 0xff, 0xff, 0xa0, 0x25, 0x0,
    0xf6, 0x12, 0x22, 0x8f, 0x21, 0x7, 0xf5, 0x3f,
    0x30, 0x50, 0x7, 0xe0, 0x0, 0x9, 0xfb, 0xe0,
    0x4f, 0x40, 0x7e, 0x0, 0x0, 0xc, 0xf9, 0x0,
    0xbd, 0x7, 0xe0, 0x0, 0x0, 0x6f, 0xc0, 0x3,
    0xf2, 0x7e, 0x0, 0x0, 0x1e, 0xcf, 0x60, 0x1,
    0x7, 0xe0, 0x0, 0x1d, 0xe1, 0xab, 0x0, 0x0,
    0x7e, 0x0, 0x3e, 0xe2, 0x1, 0x0, 0x6, 0x7c,
    0xe0, 0x1, 0xa2, 0x0, 0x0, 0x0, 0x9f, 0xe6,
    0x0,

    /* U+5C02 "専" */
    0x0, 0x0, 0x0, 0x5f, 0x0, 0x0, 0x0, 0x0,
    0x55, 0x55, 0x59, 0xf5, 0x55, 0x55, 0x40, 0xd,
    0xdd, 0xdd, 0xef, 0xdd, 0xdd, 0xdb, 0x0, 0x4,
    0x44, 0x48, 0xf4, 0x44, 0x43, 0x0, 0x0, 0xed,
    0xbb, 0xdf, 0xbb, 0xbe, 0xc0, 0x0, 0xe, 0x94,
    0x48, 0xf4, 0x44, 0xac, 0x0, 0x0, 0xed, 0xbb,
    0xdf, 0xbb, 0xbd, 0xc0, 0x0, 0xe, 0xa6, 0x6a,
    0xf6, 0x66, 0xbc, 0x0, 0x0, 0x78, 0x88, 0x88,
    0x8c, 0xf8, 0x60, 0x1, 0x44, 0x44, 0x44, 0x44,
    0xaf, 0x44, 0x41, 0x4f, 0xff, 0xff, 0xff, 0xff,
    0xff, 0xff, 0x30, 0x0, 0xbb, 0x10, 0x0, 0x7e,
    0x0, 0x0, 0x0, 0x1, 0xce, 0x3, 0x39, 0xe0,
    0x0, 0x0, 0x0, 0x0, 0x20, 0xaf, 0xf9, 0x0,
    0x0, 0x0, 0x0, 0x0, 0x0, 0x0, 0x0, 0x0,
    0x0,

    /* U+5C4F "屏" */
    0x0, 0xdf, 0xff, 0xff, 0xff, 0xff, 0xf6, 0x0,
    0xd, 0xa3, 0x33, 0x33, 0x33, 0x3f, 0x60, 0x0,
    0xdb, 0x44, 0x44, 0x44, 0x44, 0xf6, 0x0, 0xd,
    0xff, 0xff, 0xff, 0xff, 0xff, 0x60, 0x0, 0xd9,
    0x7, 0xd0, 0x0, 0x5f, 0x30, 0x0, 0xd, 0x95,
    0x6f, 0x85, 0x5d, 0xc5, 0x50, 0x0, 0xe9, 0xdd,
    0xfe, 0xdd, 0xfe, 0xdc, 0x0, 0xf, 0x60, 0xe,
    0x60, 0xe, 0x70, 0x0, 0x2, 0xf6, 0x44, 0xf9,
    0x44, 0xf9, 0x44, 0x10, 0x5f, 0xaf, 0xff, 0xff,
    0xff, 0xff, 0xf4, 0x9, 0xd0, 0x8, 0xf1, 0x0,
    0xe7, 0x0, 0x1, 0xf8, 0x7, 0xf7, 0x0, 0xe,
    0x70, 0x0, 0x3c, 0x13, 0xd5, 0x0, 0x0, 0xe7,
    0x0, 0x0, 0x0, 0x0, 0x0, 0x0, 0x0, 0x0,
    0x0,

    /* U+5C71 "山" */
    0x0, 0x0, 0x6, 0xf1, 0x0, 0x0, 0x0, 0x0,
    0x0, 0x6f, 0x10, 0x0, 0x0, 0x24, 0x0, 0x6,
    0xf1, 0x0, 0x4, 0x28, 0xf0, 0x0, 0x6f, 0x10,
    0x0, 0xe9, 0x8f, 0x0, 0x6, 0xf1, 0x0, 0xe,
    0x98, 0xf0, 0x0, 0x6f, 0x10, 0x0, 0xe9, 0x8f,
    0x0, 0x6, 0xf1, 0x0, 0xe, 0x98, 0xf0, 0x0,
    0x6f, 0x10, 0x0, 0xe9, 0x8f, 0x0, 0x6, 0xf1,
    0x0, 0xe, 0x98, 0xf0, 0x0, 0x6f, 0x10, 0x0,
    0xe9, 0x8f, 0xbb, 0xbd, 0xfb, 0xbb, 0xbf, 0x98,
    0xfb, 0xbb, 0xbb, 0xbb, 0xbb, 0xf9, 0x8f, 0x0,
    0x0, 0x0, 0x0, 0xd, 0x80,

    /* U+5DE6 "左" */
    0x0, 0x0, 0x6, 0x70, 0x0, 0x0, 0x0, 0x0,
    0x0, 0x0, 0xcb, 0x0, 0x0, 0x0, 0x0, 0x0,
    0x0, 0xf, 0x80, 0x0, 0x0, 0x0, 0x0, 0xff,
    0xff, 0xff, 0xff, 0xff, 0xff, 0xf0, 0x5, 0x55,
    0xaf, 0x55, 0x55, 0x55, 0x55, 0x0, 0x0, 0xb,
    0xc0, 0x0, 0x0, 0x0, 0x0, 0x0, 0x1, 0xf9,
    0x44, 0x44, 0x44, 0x42, 0x0, 0x0, 0x7f, 0xef,
    0xff, 0xff, 0xff, 0xb0, 0x0, 0xe, 0xa1, 0x11,
    0xbd, 0x11, 0x11, 0x0, 0x7, 0xf2, 0x0, 0xa,
    0xc0, 0x0, 0x0, 0x2, 0xf9, 0x0, 0x0, 0xac,
    0x0, 0x0, 0x1, 0xdd, 0x0, 0x0, 0xa, 0xc0,
    0x0, 0x0, 0x5e, 0x25, 0xbb, 0xbb, 0xef, 0xbb,
    0xbb, 0x30, 0x10, 0x7f, 0xff, 0xff, 0xff, 0xff,
    0xf4,

    /* U+5DF2 "已" */
    0x8f, 0xff, 0xff, 0xff, 0xff, 0xf8, 0x0, 0x36,
    0x66, 0x66, 0x66, 0x66, 0xf8, 0x0, 0x3, 0x20,
    0x0, 0x0, 0x0, 0xf8, 0x0, 0xd, 0xa0, 0x0,
    0x0, 0x0, 0xf8, 0x0, 0xd, 0xa0, 0x0, 0x0,
    0x0, 0xf8, 0x0, 0xd, 0xff, 0xff, 0xff, 0xff,
    0xf8, 0x0, 0xd, 0xc7, 0x77, 0x77, 0x77, 0xf8,
    0x0, 0xd, 0xa0, 0x0, 0x0, 0x0, 0x21, 0x0,
    0xd, 0xa0, 0x0, 0x0, 0x0, 0x0, 0x30, 0xd,
    0xa0, 0x0, 0x0, 0x0, 0x1, 0xf6, 0xd, 0xa0,
    0x0, 0x0, 0x0, 0x4, 0xf4, 0xa, 0xf7, 0x66,
    0x66, 0x66, 0x7d, 0xf0, 0x2, 0xbf, 0xff, 0xff,
    0xff, 0xfd, 0x40,

    /* U+5E74 "年" */
    0x0, 0x1, 0x51, 0x0, 0x0, 0x0, 0x0, 0x0,
    0x0, 0x7f, 0x20, 0x0, 0x0, 0x0, 0x0, 0x0,
    0x1e, 0xfb, 0xbb, 0xbb, 0xbb, 0xb6, 0x0, 0x9,
    0xfa, 0xaa, 0xdf, 0xaa, 0xaa, 0x50, 0x5, 0xf7,
    0x0, 0x7, 0xf0, 0x0, 0x0, 0x1, 0xfb, 0x55,
    0x55, 0xaf, 0x55, 0x55, 0x10, 0x2, 0xe, 0xff,
    0xff, 0xff, 0xff, 0xf3, 0x0, 0x0, 0xe7, 0x0,
    0x7f, 0x0, 0x0, 0x0, 0x0, 0xe, 0x70, 0x7,
    0xf0, 0x0, 0x0, 0x4, 0xbb, 0xfd, 0xbb, 0xdf,
    0xbb, 0xbb, 0xb3, 0x4b, 0xbb, 0xbb, 0xbd, 0xfb,
    0xbb, 0xbb, 0x30, 0x0, 0x0, 0x0, 0x7f, 0x0,
    0x0, 0x0, 0x0, 0x0, 0x0, 0x7, 0xf0, 0x0,
    0x0, 0x0, 0x0, 0x0, 0x0, 0x7f, 0x0, 0x0,
    0x0,

    /* U+5E95 "底" */
    0x0, 0x0, 0x0, 0xe, 0x80, 0x0, 0x0, 0x0,
    0x0, 0x0, 0x0, 0xe8, 0x0, 0x0, 0x0, 0x5,
    0xff, 0xff, 0xff, 0xff, 0xff, 0xff, 0x30, 0x5f,
    0x54, 0x44, 0x44, 0x58, 0xc6, 0x40, 0x5, 0xf1,
    0x4a, 0xac, 0xef, 0xfb, 0x60, 0x0, 0x5f, 0x16,
    0xf7, 0x54, 0xf5, 0x0, 0x0, 0x5, 0xf0, 0x6f,
    0x0, 0xf, 0x60, 0x0, 0x0, 0x5f, 0x6, 0xff,
    0xff, 0xff, 0xff, 0xf2, 0x5, 0xf0, 0x6f, 0x44,
    0x4d, 0xb4, 0x44, 0x0, 0x7e, 0x6, 0xf0, 0x0,
    0x9c, 0x0, 0x0, 0x9, 0xc2, 0x9f, 0x8a, 0xc9,
    0xf1, 0x2, 0x0, 0xd8, 0xaf, 0xec, 0xa7, 0x2f,
    0x60, 0xe2, 0x2f, 0x43, 0x43, 0x33, 0x33, 0x9f,
    0x7f, 0x16, 0xe0, 0x8f, 0xff, 0xff, 0xf1, 0xaf,
    0x90, 0x1, 0x0, 0x0, 0x0, 0x0, 0x0, 0x0,
    0x0,

    /* U+5EA6 "度" */
    0x0, 0x0, 0x0, 0xd, 0xb0, 0x0, 0x0, 0x0,
    0x0, 0x0, 0x0, 0xdb, 0x0, 0x0, 0x0, 0x5,
    0xff, 0xff, 0xff, 0xff, 0xff, 0xff, 0x50, 0x5f,
    0x54, 0x5a, 0x44, 0x47, 0xa4, 0x41, 0x5, 0xf2,
    0x36, 0xf4, 0x33, 0x9f, 0x33, 0x0, 0x5f, 0x8e,
    0xef, 0xee, 0xef, 0xfe, 0xe3, 0x5, 0xf0, 0x4,
    0xf1, 0x0, 0x7e, 0x0, 0x0, 0x5f, 0x0, 0x4f,
    0xdd, 0xde, 0xe0, 0x0, 0x6, 0xf0, 0x11, 0x44,
    0x44, 0x43, 0x10, 0x0, 0x7e, 0x4f, 0xff, 0xff,
    0xff, 0xff, 0x10, 0x9, 0xc0, 0x16, 0xf4, 0x11,
    0x5f, 0x80, 0x0, 0xd8, 0x0, 0x8, 0xf9, 0x9f,
    0x80, 0x0, 0x2f, 0x40, 0x14, 0x7e, 0xff, 0xd7,
    0x31, 0x5, 0xd0, 0xaf, 0xfc, 0x83, 0x49, 0xef,
    0xf3, 0x0, 0x1, 0x20, 0x0, 0x0, 0x0, 0x13,
    0x0,

    /* U+5F53 "当" */
    0x3, 0x0, 0x7, 0xf1, 0x0, 0x33, 0x3, 0xf6,
    0x0, 0x7f, 0x10, 0xc, 0xe0, 0xa, 0xe1, 0x7,
    0xf1, 0x3, 0xf6, 0x0, 0x2f, 0x70, 0x7f, 0x10,
    0xbd, 0x0, 0x0, 0x73, 0x7, 0xf1, 0x9, 0x40,
    0x2, 0xaa, 0xaa, 0xcf, 0xaa, 0xaa, 0x90, 0x2c,
    0xcc, 0xcc, 0xcc, 0xcc, 0xef, 0x0, 0x0, 0x0,
    0x0, 0x0, 0x8, 0xf0, 0x1, 0x22, 0x22, 0x22,
    0x22, 0xaf, 0x0, 0xbf, 0xff, 0xff, 0xff, 0xff,
    0xf0, 0x2, 0x33, 0x33, 0x33, 0x33, 0xaf, 0x0,
    0x0, 0x0, 0x0, 0x0, 0x8, 0xf0, 0x7f, 0xff,
    0xff, 0xff, 0xff, 0xff, 0x3, 0x77, 0x77, 0x77,
    0x77, 0x7c, 0xf0,

    /* U+5F62 "形" */
    0x0, 0x0, 0x0, 0x0, 0x0, 0x0, 0x65, 0x0,
    0xff, 0xff, 0xff, 0xfc, 0x0, 0x5f, 0x80, 0xc,
    0xef, 0xcc, 0xfe, 0x90, 0x6f, 0x90, 0x0, 0x6,
    0xe0, 0xf, 0x61, 0xaf, 0x70, 0x0, 0x0, 0x6e,
    0x0, 0xf6, 0x7, 0x30, 0x2, 0x0, 0x6, 0xe0,
    0xf, 0x60, 0x0, 0xa, 0xe1, 0x4f, 0xff, 0xff,
    0xff, 0xe0, 0x1b, 0xf3, 0x1, 0x6a, 0xf6, 0x6f,
    0xa5, 0x6e, 0xd2, 0x0, 0x0, 0x8d, 0x0, 0xf6,
    0x8, 0x90, 0x3, 0x0, 0xa, 0xb0, 0xf, 0x60,
    0x0, 0x4, 0xf7, 0x0, 0xe8, 0x0, 0xf6, 0x0,
    0x4, 0xfb, 0x0, 0x4f, 0x40, 0xf, 0x60, 0x7,
    0xfb, 0x0, 0xd, 0xc0, 0x0, 0xf6, 0x4d, 0xf8,
    0x0, 0x1, 0xc3, 0x0, 0xf, 0x64, 0xc3, 0x0,
    0x0, 0x0, 0x0, 0x0, 0x0, 0x0, 0x0, 0x0,
    0x0,

    /* U+5F85 "待" */
    0x0, 0x9, 0x90, 0x0, 0xf, 0x60, 0x0, 0x0,
    0x7, 0xf5, 0x0, 0x0, 0xf6, 0x0, 0x0, 0x8,
    0xf7, 0x3, 0xff, 0xff, 0xff, 0xfb, 0x3, 0xf7,
    0x13, 0x15, 0x55, 0xf9, 0x55, 0x30, 0x3, 0x9,
    0xe0, 0x0, 0xf, 0x60, 0x0, 0x0, 0x6, 0xf6,
    0xff, 0xff, 0xff, 0xff, 0xf7, 0x5, 0xff, 0x6,
    0x66, 0x66, 0x6f, 0xb6, 0x35, 0xfe, 0xf0, 0x12,
    0x22, 0x22, 0xf8, 0x20, 0x3b, 0x5f, 0xf, 0xff,
    0xff, 0xff, 0xff, 0x60, 0x5, 0xf0, 0x25, 0x72,
    0x22, 0xf9, 0x21, 0x0, 0x5f, 0x0, 0x8f, 0x20,
    0xf, 0x70, 0x0, 0x5, 0xf0, 0x0, 0xcd, 0x0,
    0xf7, 0x0, 0x0, 0x5f, 0x0, 0x2, 0x24, 0x4f,
    0x70, 0x0, 0x5, 0xf0, 0x0, 0x0, 0xdf, 0xd3,
    0x0, 0x0, 0x0, 0x0, 0x0, 0x0, 0x0, 0x0,
    0x0,

    /* U+5F97 "得" */
    0x0, 0x2, 0x10, 0x0, 0x0, 0x0, 0x0, 0x0,
    0x2, 0xea, 0xe, 0xff, 0xff, 0xff, 0x60, 0x3,
    0xec, 0x0, 0xe7, 0x11, 0x11, 0xf6, 0x4, 0xfb,
    0x10, 0xe, 0xff, 0xff, 0xff, 0x60, 0x6, 0x8,
    0xe0, 0xe7, 0x11, 0x11, 0xf6, 0x0, 0x5, 0xf6,
    0xe, 0xff, 0xff, 0xff, 0x60, 0x5, 0xff, 0x3,
    0x44, 0x44, 0x44, 0x44, 0x6, 0xff, 0xf0, 0xbe,
    0xee, 0xef, 0xff, 0xe0, 0x4a, 0x7f, 0x0, 0x0,
    0x0, 0x4f, 0x20, 0x0, 0x7, 0xf1, 0xff, 0xff,
    0xff, 0xff, 0xf4, 0x0, 0x7f, 0x3, 0x98, 0x33,
    0x7f, 0x53, 0x10, 0x7, 0xf0, 0x6, 0xf5, 0x4,
    0xf2, 0x0, 0x0, 0x7f, 0x0, 0x7, 0x73, 0x7f,
    0x20, 0x0, 0x7, 0xf0, 0x0, 0x0, 0xff, 0xc0,
    0x0, 0x0, 0x0, 0x0, 0x0, 0x0, 0x0, 0x0,
    0x0,

    /* U+5FC5 "必" */
    0x0, 0x0, 0x8, 0x20, 0x0, 0x0, 0x0, 0x0,
    0x0, 0x2, 0xdf, 0x60, 0x0, 0x79, 0x0, 0x0,
    0x0, 0x0, 0xaf, 0xa0, 0x1f, 0xa0, 0x0, 0x0,
    0x2, 0x30, 0x7b, 0xa, 0xf1, 0x0, 0x0, 0x51,
    0x8f, 0x0, 0x5, 0xf6, 0x0, 0x0, 0x1f, 0x48,
    0xf0, 0x2, 0xfb, 0x65, 0x0, 0x5, 0xf1, 0x8f,
    0x1, 0xdd, 0x1b, 0xe1, 0x0, 0xad, 0x8, 0xf1,
    0xde, 0x20, 0x2f, 0x80, 0x1f, 0x70, 0x8f, 0xde,
    0x30, 0x0, 0x9f, 0x14, 0xe1, 0x8, 0xfe, 0x20,
    0x0, 0x2, 0xf7, 0x0, 0x8, 0xff, 0x10, 0x0,
    0x6b, 0x6, 0x10, 0x5d, 0xfd, 0xf0, 0x0, 0x7,
    0xe0, 0x0, 0x3f, 0xb2, 0x7f, 0x76, 0x66, 0xdb,
    0x0, 0x0, 0x20, 0x1, 0xdf, 0xff, 0xfe, 0x30,
    0x0,

    /* U+5FD8 "忘" */
    0x0, 0x0, 0x0, 0x3f, 0x20, 0x0, 0x0, 0x0,
    0x0, 0x0, 0x3, 0xf2, 0x0, 0x0, 0x0, 0xc,
    0xcc, 0xcc, 0xdf, 0xdc, 0xcc, 0xcc, 0x0, 0xac,
    0xfb, 0xaa, 0xaa, 0xaa, 0xaa, 0xa0, 0x0, 0x4f,
    0x20, 0x0, 0x0, 0x0, 0x0, 0x0, 0x3, 0xf3,
    0x0, 0x0, 0x0, 0x0, 0x0, 0x0, 0x1e, 0xff,
    0xff, 0xff, 0xff, 0xf0, 0x0, 0x0, 0x14, 0x6c,
    0x65, 0x55, 0x55, 0x0, 0x0, 0x0, 0x3, 0xee,
    0x30, 0x0, 0x0, 0x0, 0x7, 0x35, 0x81, 0xbf,
    0x11, 0xa4, 0x0, 0x1, 0xf5, 0x9d, 0x0, 0x40,
    0x9, 0xf2, 0x0, 0x8f, 0x9, 0xd0, 0x0, 0xc,
    0x2d, 0xd0, 0x4f, 0x70, 0x9e, 0x44, 0x46, 0xf2,
    0x3f, 0x50, 0x50, 0x3, 0xef, 0xff, 0xfa, 0x0,
    0x30,

    /* U+5FDC "応" */
    0x0, 0x0, 0x0, 0x1f, 0x70, 0x0, 0x0, 0x0,
    0x0, 0x0, 0x1, 0xf7, 0x0, 0x0, 0x0, 0x4,
    0xdc, 0xcc, 0xdf, 0xec, 0xcc, 0xcc, 0x40, 0x6f,
    0x98, 0x88, 0x98, 0x88, 0x88, 0x82, 0x6, 0xf1,
    0x0, 0x6f, 0x70, 0x0, 0x0, 0x0, 0x6f, 0x10,
    0x0, 0x7f, 0xe4, 0x0, 0x0, 0x6, 0xf0, 0x0,
    0x63, 0x2c, 0x80, 0x0, 0x0, 0x6f, 0x1, 0xe,
    0x70, 0x0, 0x34, 0x0, 0x7, 0xf0, 0xf3, 0xe7,
    0x0, 0x8, 0xf1, 0x0, 0x8d, 0x2f, 0x1e, 0x70,
    0x0, 0x1f, 0x90, 0xb, 0xb5, 0xe0, 0xe7, 0x0,
    0x45, 0x9f, 0x10, 0xe8, 0xab, 0xe, 0x70, 0x7,
    0xc3, 0xf6, 0x3f, 0x49, 0x50, 0xea, 0x44, 0xba,
    0xb, 0x46, 0xd0, 0x0, 0x8, 0xff, 0xfe, 0x30,
    0x0, 0x1, 0x0, 0x0, 0x0, 0x0, 0x0, 0x0,
    0x0,

    /* U+606F "息" */
    0x0, 0x0, 0x0, 0x28, 0x20, 0x0, 0x0, 0x0,
    0x0, 0x44, 0x49, 0xf5, 0x44, 0x41, 0x0, 0x0,
    0x1f, 0xed, 0xdd, 0xdd, 0xef, 0x40, 0x0, 0x1,
    0xf5, 0x22, 0x22, 0x23, 0xf4, 0x0, 0x0, 0x1f,
    0xee, 0xee, 0xee, 0xef, 0x40, 0x0, 0x1, 0xf5,
    0x11, 0x11, 0x13, 0xf4, 0x0, 0x0, 0x1f, 0xff,
    0xff, 0xff, 0xff, 0x40, 0x0, 0x1, 0xf6, 0x22,
    0x22, 0x24, 0xf4, 0x0, 0x0, 0x1f, 0xff, 0xff,
    0xff, 0xff, 0x40, 0x0, 0x1, 0x0, 0x19, 0xb1,
    0x0, 0x20, 0x0, 0x0, 0xf5, 0x9d, 0x1c, 0xd1,
    0xd, 0xc1, 0x0, 0x8f, 0x19, 0xd0, 0x16, 0x6,
    0x3e, 0xb0, 0x3f, 0x80, 0x9e, 0x44, 0x47, 0xf1,
    0x4f, 0x60, 0x50, 0x4, 0xef, 0xff, 0xfa, 0x0,
    0x50,

    /* U+60C5 "情" */
    0x0, 0xc8, 0x0, 0x0, 0x3f, 0x20, 0x0, 0x0,
    0xc, 0x80, 0xbc, 0xcd, 0xfc, 0xcc, 0xc0, 0x0,
    0xcb, 0x64, 0x44, 0x7f, 0x64, 0x44, 0x0, 0xdc,
    0xbe, 0x7d, 0xde, 0xfe, 0xdd, 0x80, 0x2e, 0xc8,
    0xc3, 0x33, 0x6f, 0x53, 0x32, 0x4, 0xcc, 0x85,
    0xdd, 0xde, 0xfe, 0xdd, 0xd5, 0x7a, 0xc8, 0x13,
    0x44, 0x44, 0x44, 0x43, 0x12, 0x3c, 0x80, 0x5f,
    0xff, 0xff, 0xff, 0x50, 0x0, 0xc8, 0x5, 0xf1,
    0x11, 0x11, 0xf5, 0x0, 0xc, 0x80, 0x5f, 0xff,
    0xff, 0xff, 0x50, 0x0, 0xc8, 0x5, 0xf1, 0x11,
    0x11, 0xf5, 0x0, 0xc, 0x80, 0x5f, 0xff, 0xff,
    0xff, 0x50, 0x0, 0xc8, 0x5, 0xf0, 0x0, 0x33,
    0xf5, 0x0, 0xc, 0x80, 0x5f, 0x0, 0x9, 0xfc,
    0x20,

    /* U+611F "感" */
    0x0, 0x0, 0x0, 0x0, 0x0, 0x0, 0x0, 0x0,
    0x0, 0x0, 0x0, 0xf, 0x5a, 0xc3, 0x0, 0x0,
    0x33, 0x33, 0x33, 0xf8, 0x4c, 0xb2, 0x0, 0x5f,
    0xff, 0xff, 0xff, 0xff, 0xff, 0xe0, 0x5, 0xf0,
    0x0, 0x0, 0x9c, 0x2, 0x10, 0x0, 0x5f, 0x8f,
    0xff, 0xf5, 0xf0, 0xc9, 0x0, 0x6, 0xe1, 0x31,
    0x11, 0x1f, 0xaf, 0x30, 0x0, 0x8c, 0x7f, 0xde,
    0xd0, 0xbf, 0x90, 0x0, 0xc, 0x96, 0xc0, 0x6d,
    0x1c, 0xf6, 0xb, 0x33, 0xf3, 0x6d, 0xcd, 0xcd,
    0xea, 0xf8, 0xf3, 0x5a, 0x0, 0x2, 0xd7, 0x71,
    0x7, 0xd9, 0x0, 0x9, 0x4a, 0x95, 0xea, 0x1,
    0xc5, 0x0, 0x3, 0xf4, 0xbb, 0x2, 0x12, 0x68,
    0xf4, 0x1, 0xdc, 0xb, 0xd4, 0x44, 0x8f, 0xa,
    0xf1, 0x2b, 0x10, 0x5e, 0xff, 0xff, 0x80, 0x17,
    0x0,

    /* U+614B "態" */
    0x0, 0x1, 0x0, 0x0, 0x0, 0x0, 0x0, 0x0,
    0x3, 0xf3, 0x21, 0xe, 0x60, 0x25, 0x0, 0x0,
    0xba, 0xa, 0xd0, 0xeb, 0xcf, 0xb1, 0x1, 0xdf,
    0xee, 0xef, 0x8e, 0xc6, 0x10, 0x20, 0x4, 0x43,
    0x32, 0x46, 0xe9, 0x33, 0x6f, 0x0, 0x6e, 0xee,
    0xff, 0x9, 0xff, 0xff, 0xa0, 0x6, 0xe2, 0x24,
    0xf0, 0x94, 0x0, 0x0, 0x0, 0x6f, 0xdd, 0xdf,
    0xe, 0x75, 0xaf, 0x30, 0x6, 0xf8, 0x89, 0xf0,
    0xef, 0xb7, 0x20, 0x0, 0x6e, 0x44, 0x6f, 0xe,
    0x60, 0x1, 0xe1, 0x6, 0xe0, 0x6e, 0xf0, 0xbf,
    0xff, 0xfd, 0x0, 0x14, 0x12, 0x6a, 0xe5, 0x23,
    0x74, 0x0, 0x0, 0xba, 0x6f, 0x6, 0xa0, 0x4c,
    0xd2, 0x0, 0x8f, 0x26, 0xf3, 0x22, 0x4f, 0x2c,
    0xe1, 0x1a, 0x40, 0x2d, 0xff, 0xff, 0xb0, 0x1a,
    0x10,

    /* U+6216 "或" */
    0x0, 0x0, 0x0, 0x0, 0x0, 0x0, 0x0, 0x0,
    0x0, 0x0, 0x0, 0xe, 0xa3, 0xd4, 0x0, 0x0,
    0x0, 0x0, 0x0, 0xda, 0x1a, 0xf6, 0x0, 0x55,
    0x55, 0x55, 0x5d, 0xc5, 0x5c, 0x80, 0x1f, 0xff,
    0xff, 0xff, 0xff, 0xff, 0xff, 0x20, 0x0, 0x0,
    0x0, 0xa, 0xd0, 0x2, 0x0, 0x4, 0xff, 0xff,
    0xf1, 0x8f, 0x1, 0xf6, 0x0, 0x4f, 0x44, 0x7f,
    0x16, 0xf1, 0x7f, 0x10, 0x4, 0xf0, 0x4, 0xf1,
    0x4f, 0x4e, 0xa0, 0x0, 0x4f, 0x44, 0x7f, 0x11,
    0xfd, 0xf2, 0x0, 0x4, 0xff, 0xff, 0xf1, 0xd,
    0xf8, 0x0, 0x0, 0x0, 0x0, 0x14, 0x31, 0xef,
    0x10, 0x72, 0x5, 0x8b, 0xef, 0xfa, 0xde, 0xf7,
    0xe, 0x60, 0xfc, 0x96, 0x26, 0xee, 0x2a, 0xf9,
    0xf3, 0x0, 0x0, 0x0, 0x6b, 0x10, 0xb, 0xfa,
    0x0, 0x0, 0x0, 0x0, 0x0, 0x0, 0x0, 0x0,

    /* U+6240 "所" */
    0x0, 0x0, 0x0, 0x0, 0x0, 0x0, 0x44, 0x1,
    0xff, 0xff, 0xff, 0x73, 0x47, 0xdf, 0xd1, 0x4,
    0x44, 0x44, 0x42, 0xbf, 0xe9, 0x40, 0x0, 0x13,
    0x33, 0x33, 0xb, 0xb0, 0x0, 0x0, 0x9, 0xff,
    0xff, 0xf1, 0xba, 0x0, 0x0, 0x0, 0x9c, 0x11,
    0x5f, 0x1b, 0xd9, 0x99, 0x95, 0x9, 0xc0, 0x4,
    0xf1, 0xbf, 0xff, 0xff, 0x80, 0x9d, 0x66, 0x8f,
    0x1d, 0x80, 0x5f, 0x0, 0xa, 0xfe, 0xee, 0xe1,
    0xf6, 0x5, 0xf0, 0x0, 0xaa, 0x0, 0x0, 0x2f,
    0x30, 0x5f, 0x0, 0xc, 0x80, 0x0, 0x8, 0xe0,
    0x5, 0xf0, 0x0, 0xf5, 0x0, 0x1, 0xe8, 0x0,
    0x5f, 0x0, 0x5f, 0x10, 0x0, 0xbe, 0x10, 0x5,
    0xf0, 0x4, 0x90, 0x0, 0x9, 0x40, 0x0, 0x5f,
    0x0, 0x0, 0x0, 0x0, 0x0, 0x0, 0x0, 0x0,
    0x0,

    /* U+62D6 "拖" */
    0x0, 0x7e, 0x0, 0x8, 0xb0, 0x0, 0x0, 0x0,
    0x7, 0xe0, 0x0, 0xe9, 0x0, 0x0, 0x0, 0x0,
    0x7e, 0x0, 0x5f, 0xed, 0xdd, 0xdd, 0x83, 0xce,
    0xfc, 0x4d, 0xd9, 0x99, 0x99, 0x95, 0x29, 0xcf,
    0x9b, 0xf2, 0x4, 0xe0, 0x0, 0x0, 0x7, 0xe0,
    0x78, 0xc2, 0x4e, 0x18, 0x70, 0x0, 0x7e, 0x0,
    0x1f, 0x38, 0xff, 0xfc, 0x0, 0x9, 0xfe, 0x54,
    0xff, 0xff, 0x37, 0xc0, 0x4f, 0xff, 0x79, 0xff,
    0x75, 0xe0, 0x7c, 0x1, 0x69, 0xe0, 0x13, 0xf3,
    0x4e, 0x8, 0xc0, 0x0, 0x7e, 0x0, 0x1f, 0x34,
    0xe7, 0xf9, 0x0, 0x7, 0xe0, 0x1, 0xf3, 0x3a,
    0x12, 0x43, 0x5, 0xae, 0x0, 0xf, 0x74, 0x44,
    0x4c, 0x90, 0xbf, 0x80, 0x0, 0x9e, 0xff, 0xff,
    0xd2,

    /* U+6301 "持" */
    0x0, 0x0, 0x0, 0x0, 0x0, 0x0, 0x0, 0x0,
    0x6, 0xe0, 0x0, 0x0, 0x7e, 0x0, 0x0, 0x0,
    0x6e, 0x0, 0x11, 0x18, 0xf1, 0x11, 0x0, 0x6,
    0xe0, 0x9, 0xff, 0xff, 0xff, 0xf0, 0x3f, 0xff,
    0xf5, 0x24, 0x49, 0xf4, 0x44, 0x1, 0x6a, 0xf6,
    0x20, 0x0, 0x7e, 0x0, 0x0, 0x0, 0x6e, 0x4,
    0xff, 0xff, 0xff, 0xff, 0x70, 0x6, 0xe0, 0x26,
    0x66, 0x66, 0xbf, 0x63, 0x1, 0x9f, 0xe7, 0x22,
    0x22, 0x28, 0xe2, 0x4, 0xff, 0xf6, 0x8f, 0xff,
    0xff, 0xff, 0xf6, 0x15, 0x6e, 0x1, 0x28, 0x42,
    0x29, 0xe2, 0x10, 0x6, 0xe0, 0x0, 0xcc, 0x0,
    0x7e, 0x0, 0x0, 0x6e, 0x0, 0x2, 0xf7, 0x7,
    0xe0, 0x0, 0x59, 0xe0, 0x0, 0x3, 0x34, 0xad,
    0x0, 0xa, 0xe8, 0x0, 0x0, 0x4, 0xff, 0x80,
    0x0, 0x0, 0x0, 0x0, 0x0, 0x0, 0x0, 0x0,

    /* U+6309 "按" */
    0x0, 0x7e, 0x0, 0x0, 0xa, 0xd0, 0x0, 0x0,
    0x7, 0xe0, 0x0, 0x0, 0xad, 0x0, 0x0, 0x0,
    0x7e, 0x0, 0xee, 0xef, 0xfe, 0xee, 0x76, 0xff,
    0xff, 0x7f, 0xb9, 0xa9, 0x99, 0xf8, 0x26, 0xaf,
    0x63, 0xf4, 0x4f, 0x20, 0xd, 0x80, 0x7, 0xe0,
    0x6, 0x19, 0xd0, 0x0, 0x53, 0x0, 0x7e, 0x2,
    0xaa, 0xfe, 0xaa, 0xaa, 0x70, 0x2a, 0xfe, 0xc9,
    0xcf, 0xa9, 0xbf, 0xb6, 0x7f, 0xff, 0x72, 0xa,
    0xc0, 0x7, 0xf0, 0x2, 0x47, 0xe0, 0x0, 0xfb,
    0x20, 0xdb, 0x0, 0x0, 0x7e, 0x0, 0x4e, 0xdf,
    0xdf, 0x30, 0x0, 0x7, 0xe0, 0x0, 0x2, 0xdf,
    0xfb, 0x20, 0x4, 0x9e, 0x3, 0x7b, 0xfd, 0x45,
    0xef, 0x50, 0xef, 0x80, 0x5e, 0xa5, 0x0, 0x1,
    0xa2, 0x0, 0x0, 0x0, 0x0, 0x0, 0x0, 0x0,
    0x0,

    /* U+636E "据" */
    0x0, 0xe6, 0x0, 0x0, 0x0, 0x0, 0x0, 0x0,
    0xe, 0x60, 0x6f, 0xff, 0xff, 0xff, 0xe0, 0x0,
    0xe6, 0x6, 0xf3, 0x33, 0x33, 0x9e, 0x7, 0xcf,
    0xdc, 0x6f, 0x33, 0x33, 0x39, 0xe0, 0x58, 0xfb,
    0x86, 0xff, 0xff, 0xff, 0xfe, 0x0, 0xe, 0x60,
    0x6f, 0x0, 0x6f, 0x0, 0x0, 0x0, 0xe6, 0x6,
    0xf4, 0x48, 0xf4, 0x44, 0x0, 0x1e, 0xdd, 0x7f,
    0xff, 0xff, 0xff, 0xf2, 0x9f, 0xfc, 0x68, 0xd0,
    0x6, 0xf0, 0x0, 0x3, 0x4e, 0x60, 0xab, 0x68,
    0xbf, 0x88, 0x80, 0x0, 0xe6, 0xd, 0x8b, 0xca,
    0xaa, 0xcf, 0x0, 0xe, 0x61, 0xf4, 0xb6, 0x0,
    0x5, 0xf0, 0x16, 0xf6, 0x7e, 0xb, 0x83, 0x33,
    0x7f, 0x0, 0xdc, 0x2b, 0x70, 0xbf, 0xff, 0xff,
    0xf0, 0x0, 0x0, 0x0, 0x0, 0x0, 0x0, 0x0,
    0x0,

    /* U+63A5 "接" */
    0x0, 0x6e, 0x0, 0x0, 0xf, 0x80, 0x0, 0x0,
    0x7, 0xe0, 0x0, 0x0, 0xf8, 0x0, 0x0, 0x0,
    0x7e, 0x6, 0xff, 0xff, 0xff, 0xff, 0x3, 0xac,
    0xfa, 0x33, 0xe8, 0x33, 0xda, 0x30, 0x27, 0xbf,
    0x71, 0x9, 0xb0, 0x2f, 0x20, 0x0, 0x7, 0xe0,
    0xde, 0xff, 0xef, 0xfe, 0xe6, 0x0, 0x7e, 0x15,
    0x55, 0xec, 0x55, 0x55, 0x20, 0x3a, 0xff, 0x62,
    0x4f, 0x72, 0x22, 0x20, 0x8f, 0xff, 0x6e, 0xff,
    0xff, 0xff, 0xff, 0x63, 0x47, 0xe0, 0x2, 0xf6,
    0x11, 0xe8, 0x10, 0x0, 0x7e, 0x0, 0x9f, 0x82,
    0x7f, 0x20, 0x0, 0x7, 0xe0, 0x6, 0x7b, 0xff,
    0xb0, 0x0, 0x6, 0xae, 0x3, 0x69, 0xee, 0x9f,
    0xe7, 0x0, 0xde, 0x80, 0xdd, 0x95, 0x0, 0x18,
    0xa0, 0x0, 0x0, 0x0, 0x0, 0x0, 0x0, 0x0,
    0x0,

    /* U+63A7 "控" */
    0x0, 0xd6, 0x0, 0x0, 0x3f, 0x30, 0x0, 0x0,
    0xe, 0x70, 0x67, 0x79, 0xf9, 0x77, 0x70, 0x0,
    0xe7, 0xe, 0xdd, 0xfc, 0xfd, 0xcf, 0x29, 0xff,
    0xfc, 0xe5, 0x7d, 0xe, 0x63, 0xf2, 0x36, 0xfa,
    0x57, 0x29, 0xb0, 0xe6, 0x18, 0x0, 0xe, 0x70,
    0x2, 0xf6, 0xe, 0x60, 0xe3, 0x0, 0xe9, 0x67,
    0xfc, 0x0, 0xcf, 0xff, 0x11, 0x7f, 0xfe, 0x36,
    0x0, 0x0, 0x33, 0x10, 0xbf, 0xf8, 0x1, 0x99,
    0x99, 0x99, 0x96, 0x2, 0xe, 0x70, 0x1b, 0xbc,
    0xfc, 0xbb, 0x70, 0x0, 0xe7, 0x0, 0x0, 0x3f,
    0x30, 0x0, 0x0, 0xe, 0x70, 0x0, 0x3, 0xf3,
    0x0, 0x0, 0x25, 0xe6, 0xa, 0xaa, 0xbf, 0xba,
    0xaa, 0x43, 0xfd, 0x21, 0xff, 0xff, 0xff, 0xff,
    0xf7,

    /* U+63CF "描" */
    0x0, 0xe5, 0x0, 0xf, 0x70, 0x2f, 0x30, 0x0,
    0xe, 0x60, 0x0, 0xf7, 0x2, 0xf3, 0x0, 0x0,
    0xe6, 0x8, 0xdf, 0xed, 0xef, 0xed, 0x49, 0xff,
    0xfd, 0x47, 0xfb, 0x78, 0xf9, 0x72, 0x36, 0xfa,
    0x50, 0xf, 0x70, 0x2f, 0x30, 0x0, 0xe, 0x60,
    0x0, 0x83, 0x1, 0x82, 0x0, 0x0, 0xe6, 0x3,
    0xaa, 0xaa, 0xaa, 0xa6, 0x0, 0x1f, 0xcc, 0x4f,
    0x99, 0xfb, 0x9e, 0x90, 0xaf, 0xfb, 0x54, 0xf0,
    0xf, 0x40, 0xc9, 0x3, 0x2e, 0x60, 0x4f, 0xff,
    0xff, 0xff, 0x90, 0x0, 0xe6, 0x4, 0xf4, 0x4f,
    0x74, 0xd9, 0x0, 0xe, 0x60, 0x4f, 0x0, 0xf4,
    0xc, 0x90, 0x25, 0xf5, 0x4, 0xfe, 0xef, 0xee,
    0xf9, 0x4, 0xfd, 0x10, 0x4f, 0x55, 0x55, 0x5d,
    0x90, 0x0, 0x0, 0x0, 0x10, 0x0, 0x0, 0x0,
    0x0,

    /* U+63D0 "提" */
    0x0, 0xe6, 0x0, 0x0, 0x0, 0x0, 0x0, 0x0,
    0xe, 0x60, 0x1f, 0xff, 0xff, 0xff, 0x20, 0x0,
    0xe6, 0x1, 0xf3, 0x0, 0x3, 0xf2, 0x6, 0x9f,
    0xc9, 0x1f, 0xff, 0xff, 0xff, 0x20, 0x7b, 0xfd,
    0xb1, 0xf4, 0x11, 0x14, 0xf2, 0x0, 0xe, 0x60,
    0x1f, 0xff, 0xff, 0xff, 0x20, 0x0, 0xe6, 0x3,
    0x33, 0x33, 0x33, 0x32, 0x0, 0x1f, 0xee, 0xef,
    0xff, 0xff, 0xff, 0xc0, 0x9f, 0xfc, 0x50, 0x41,
    0x5f, 0x0, 0x0, 0x6, 0x6e, 0x60, 0xf, 0x45,
    0xf4, 0x44, 0x0, 0x0, 0xe6, 0x3, 0xf3, 0x5f,
    0xdd, 0xd2, 0x0, 0xe, 0x60, 0x9f, 0xb5, 0xf0,
    0x0, 0x0, 0x13, 0xf6, 0x3f, 0x5c, 0xef, 0x43,
    0x33, 0x3, 0xfe, 0x2b, 0xa0, 0x8, 0xdf, 0xff,
    0xf0, 0x0, 0x0, 0x0, 0x0, 0x0, 0x0, 0x0,
    0x0,

    /* U+64CD "操" */
    0x0, 0xe6, 0x0, 0x0, 0x0, 0x0, 0x0, 0x0,
    0xe, 0x60, 0x7, 0xff, 0xff, 0xf6, 0x0, 0x0,
    0xe6, 0x0, 0x7f, 0x0, 0xe, 0x60, 0x5, 0xaf,
    0xc8, 0x7, 0xfa, 0xaa, 0xf6, 0x0, 0x5a, 0xfc,
    0x70, 0x36, 0x65, 0x66, 0x20, 0x0, 0xe, 0x60,
    0xef, 0xff, 0x4f, 0xff, 0xf0, 0x0, 0xe6, 0x1e,
    0x20, 0xf4, 0xf0, 0x4f, 0x0, 0x4f, 0xfc, 0xeb,
    0xaf, 0x4f, 0xab, 0xf0, 0x8f, 0xfa, 0x13, 0x44,
    0x5d, 0x64, 0x44, 0x1, 0x1e, 0x60, 0xad, 0xdd,
    0xfd, 0xdd, 0xd4, 0x0, 0xe6, 0x4, 0x58, 0xff,
    0xf8, 0x55, 0x10, 0xe, 0x60, 0x6, 0xfb, 0xfa,
    0xf6, 0x0, 0x4, 0xf6, 0x6d, 0xf7, 0x2f, 0x36,
    0xfd, 0x30, 0xee, 0x25, 0x92, 0x2, 0xf3, 0x2,
    0x80,

    /* U+652F "支" */
    0x0, 0x0, 0x0, 0x4f, 0x30, 0x0, 0x0, 0x0,
    0x0, 0x0, 0x4, 0xf3, 0x0, 0x0, 0x0, 0x6,
    0x77, 0x77, 0x9f, 0x87, 0x77, 0x76, 0x0, 0xdf,
    0xff, 0xff, 0xff, 0xff, 0xff, 0xc0, 0x0, 0x0,
    0x0, 0x4f, 0x30, 0x0, 0x0, 0x0, 0x0, 0x0,
    0x4, 0xf3, 0x0, 0x0, 0x0, 0x3, 0xff, 0xff,
    0xff, 0xff, 0xff, 0x50, 0x0, 0x16, 0xae, 0x66,
    0x66, 0x6c, 0xf3, 0x0, 0x0, 0x4, 0xf5, 0x0,
    0x3, 0xf9, 0x0, 0x0, 0x0, 0x9, 0xf4, 0x2,
    0xed, 0x0, 0x0, 0x0, 0x0, 0xb, 0xf9, 0xfd,
    0x10, 0x0, 0x0, 0x0, 0x0, 0x6f, 0xff, 0x60,
    0x0, 0x0, 0x4, 0x7b, 0xff, 0xb6, 0xdf, 0xea,
    0x63, 0x2, 0xff, 0xc8, 0x20, 0x0, 0x4a, 0xef,
    0xf2, 0x2, 0x0, 0x0, 0x0, 0x0, 0x0, 0x23,
    0x0,

    /* U+6557 "敗" */
    0x0, 0x0, 0x0, 0x0, 0x46, 0x0, 0x0, 0x0,
    0xef, 0xff, 0xf7, 0xa, 0xd0, 0x0, 0x0, 0xe,
    0x82, 0x2e, 0x70, 0xe9, 0x0, 0x0, 0x0, 0xe8,
    0x22, 0xe7, 0x3f, 0xed, 0xdd, 0xd2, 0xe, 0xff,
    0xff, 0x79, 0xf9, 0x9c, 0xf9, 0x10, 0xe7, 0x0,
    0xe9, 0xff, 0x20, 0xad, 0x0, 0xe, 0x95, 0x5f,
    0xff, 0xf7, 0xd, 0x90, 0x0, 0xee, 0xcc, 0xfc,
    0x6a, 0xc2, 0xf5, 0x0, 0xe, 0x70, 0xe, 0x70,
    0x4f, 0xbf, 0x0, 0x0, 0xef, 0xff, 0xf7, 0x0,
    0xdf, 0x80, 0x0, 0x3, 0xa5, 0x77, 0x10, 0xc,
    0xf7, 0x0, 0x0, 0x7f, 0x17, 0xf2, 0xb, 0xfc,
    0xf5, 0x0, 0x2f, 0x80, 0xc, 0xce, 0xf5, 0xc,
    0xfa, 0x16, 0xc0, 0x0, 0x16, 0xd3, 0x0, 0x9,
    0xb0, 0x0, 0x0, 0x0, 0x0, 0x0, 0x0, 0x0,
    0x0,

    /* U+6570 "数" */
    0x5, 0x35, 0xf0, 0x63, 0xb, 0x90, 0x0, 0x0,
    0x8c, 0x5f, 0x1f, 0x40, 0xe8, 0x0, 0x0, 0x2,
    0xc6, 0xf5, 0x90, 0x2f, 0x40, 0x0, 0x5, 0xff,
    0xff, 0xff, 0xf6, 0xff, 0xff, 0xf6, 0x1, 0x4f,
    0xfb, 0x31, 0xcf, 0x55, 0xfb, 0x20, 0x5e, 0xcf,
    0x9e, 0x6f, 0xf1, 0x1f, 0x50, 0x4f, 0x65, 0xf0,
    0x6b, 0xef, 0x55, 0xf2, 0x0, 0x10, 0xe9, 0x0,
    0x75, 0xca, 0x9d, 0x0, 0x7f, 0xff, 0xff, 0xff,
    0x7, 0xff, 0x80, 0x1, 0x4f, 0x83, 0xcb, 0x30,
    0x1f, 0xf2, 0x0, 0x8, 0xf9, 0x4f, 0x50, 0x3,
    0xff, 0x20, 0x0, 0x67, 0xdf, 0xf1, 0x3, 0xed,
    0xed, 0x10, 0x15, 0x9f, 0xce, 0xea, 0xfc, 0x14,
    0xfd, 0x31, 0xeb, 0x50, 0x7, 0xb9, 0x0, 0x4,
    0xc1, 0x0, 0x0, 0x0, 0x0, 0x0, 0x0, 0x0,
    0x0,

    /* U+6599 "料" */
    0x0, 0x0, 0x0, 0x0, 0x0, 0x0, 0x0, 0x0,
    0x0, 0xf5, 0x0, 0x0, 0x0, 0x7e, 0x0, 0x2d,
    0xf, 0x58, 0x90, 0xb3, 0x7, 0xe0, 0x0, 0xf2,
    0xf5, 0xc6, 0xa, 0xf6, 0x7e, 0x0, 0xc, 0x5f,
    0x5f, 0x20, 0x8, 0xa7, 0xe0, 0x0, 0x96, 0xf8,
    0xc0, 0x0, 0x0, 0x7e, 0x0, 0x27, 0x6f, 0x97,
    0x47, 0x40, 0x7, 0xe0, 0x5, 0xef, 0xff, 0xe9,
    0x8f, 0xa0, 0x7e, 0x0, 0x0, 0xaf, 0xb0, 0x0,
    0x3b, 0x7, 0xe0, 0x0, 0x1e, 0xfe, 0x90, 0x0,
    0x0, 0x7e, 0x44, 0x9, 0x9f, 0x6f, 0x54, 0x7a,
    0xcf, 0xff, 0x93, 0xf2, 0xf5, 0x54, 0xfd, 0xa7,
    0xae, 0x0, 0x59, 0xf, 0x50, 0x0, 0x0, 0x7,
    0xe0, 0x0, 0x0, 0xf5, 0x0, 0x0, 0x0, 0x7e,
    0x0, 0x0, 0xf, 0x50, 0x0, 0x0, 0x7, 0xe0,
    0x0, 0x0, 0x0, 0x0, 0x0, 0x0, 0x0, 0x0,

    /* U+65AD "断" */
    0x0, 0x3, 0xf0, 0x0, 0x0, 0x0, 0x20, 0xc7,
    0x53, 0xf0, 0x62, 0x24, 0x9e, 0xf2, 0xc7, 0xd5,
    0xf4, 0xc7, 0xfe, 0xa6, 0x10, 0xc7, 0x99, 0xfa,
    0x67, 0xe0, 0x0, 0x0, 0xc8, 0x56, 0xf6, 0x37,
    0xe0, 0x0, 0x0, 0xca, 0xff, 0xff, 0xf7, 0xfa,
    0xaa, 0xa7, 0xc7, 0x8, 0xf3, 0x7, 0xfa, 0xbf,
    0xb7, 0xc7, 0x2f, 0xfe, 0x47, 0xe0, 0x3f, 0x20,
    0xc8, 0xca, 0xf5, 0xb8, 0xd0, 0x3f, 0x20, 0xcc,
    0xd3, 0xf0, 0x9, 0xb0, 0x3f, 0x20, 0xc7, 0x13,
    0xf0, 0xc, 0x80, 0x3f, 0x20, 0xca, 0x55, 0x75,
    0x5f, 0x30, 0x3f, 0x20, 0xcf, 0xee, 0xee, 0xfc,
    0x0, 0x3f, 0x20, 0xc7, 0x0, 0x1, 0xd2, 0x0,
    0x3f, 0x20, 0x0, 0x0, 0x0, 0x0, 0x0, 0x0,
    0x0,

    /* U+65B0 "新" */
    0x0, 0x7, 0xe0, 0x0, 0x0, 0x0, 0x23, 0x0,
    0x0, 0x7e, 0x0, 0x3, 0x37, 0xcf, 0xd1, 0x1f,
    0xff, 0xff, 0xf9, 0xaf, 0xd9, 0x40, 0x0, 0x4e,
    0x32, 0xaa, 0x1a, 0xb0, 0x0, 0x0, 0x0, 0xe4,
    0xe, 0x50, 0xab, 0x0, 0x0, 0x3, 0xae, 0xba,
    0xea, 0x7a, 0xe9, 0x99, 0x94, 0x28, 0x8c, 0xf8,
    0x86, 0xae, 0xcd, 0xfc, 0x60, 0x22, 0x8f, 0x22,
    0x1a, 0xa0, 0x7e, 0x0, 0x4f, 0xff, 0xff, 0xf9,
    0xb9, 0x7, 0xe0, 0x0, 0x2, 0xff, 0x50, 0xe,
    0x70, 0x7e, 0x0, 0x0, 0xcf, 0xfe, 0x82, 0xf4,
    0x7, 0xe0, 0x1, 0xcd, 0x8e, 0x3b, 0x9e, 0x0,
    0x7e, 0x0, 0x4d, 0x17, 0xe0, 0x3f, 0x70, 0x7,
    0xe0, 0x0, 0x0, 0x7e, 0x5, 0xc0, 0x0, 0x7e,
    0x0, 0x0, 0x0, 0x0, 0x0, 0x0, 0x0, 0x0,
    0x0,

    /* U+65B9 "方" */
    0x0, 0x0, 0x0, 0x4f, 0x20, 0x0, 0x0, 0x0,
    0x0, 0x0, 0x4, 0xf2, 0x0, 0x0, 0x0, 0x16,
    0x66, 0x66, 0x9f, 0x76, 0x66, 0x66, 0x14, 0xff,
    0xff, 0xff, 0xff, 0xff, 0xff, 0xf4, 0x0, 0x0,
    0xc, 0xc0, 0x0, 0x0, 0x0, 0x0, 0x0, 0x0,
    0xda, 0x0, 0x0, 0x0, 0x0, 0x0, 0x0, 0xf,
    0xc6, 0x66, 0x67, 0x30, 0x0, 0x0, 0x2, 0xff,
    0xff, 0xff, 0xf7, 0x0, 0x0, 0x0, 0x7f, 0x20,
    0x0, 0xf, 0x60, 0x0, 0x0, 0xd, 0xd0, 0x0,
    0x2, 0xf4, 0x0, 0x0, 0x6, 0xf5, 0x0, 0x0,
    0x4f, 0x20, 0x0, 0x5, 0xfb, 0x0, 0x0, 0x7,
    0xf0, 0x0, 0x19, 0xfc, 0x10, 0x6, 0x55, 0xec,
    0x0, 0x0, 0xc9, 0x0, 0x0, 0xcf, 0xfd, 0x30,
    0x0, 0x0, 0x0, 0x0, 0x0, 0x0, 0x0, 0x0,
    0x0,

    /* U+65E5 "日" */
    0x8f, 0xff, 0xff, 0xff, 0xff, 0x98, 0xf7, 0x77,
    0x77, 0x77, 0xf9, 0x8f, 0x0, 0x0, 0x0, 0xe,
    0x98, 0xf0, 0x0, 0x0, 0x0, 0xe9, 0x8f, 0x0,
    0x0, 0x0, 0xe, 0x98, 0xf7, 0x77, 0x77, 0x77,
    0xf9, 0x8f, 0xff, 0xff, 0xff, 0xff, 0x98, 0xf0,
    0x0, 0x0, 0x0, 0xe9, 0x8f, 0x0, 0x0, 0x0,
    0xe, 0x98, 0xf0, 0x0, 0x0, 0x0, 0xe9, 0x8f,
    0x55, 0x55, 0x55, 0x5f, 0x98, 0xff, 0xff, 0xff,
    0xff, 0xf9, 0x8f, 0x11, 0x11, 0x11, 0x1f, 0x90,
    0x0, 0x0, 0x0, 0x0, 0x0,

    /* U+65E7 "旧" */
    0x7f, 0x10, 0x57, 0x77, 0x77, 0x77, 0x37, 0xf1,
    0xd, 0xfe, 0xee, 0xee, 0xf8, 0x7f, 0x10, 0xda,
    0x0, 0x0, 0xf, 0x87, 0xf1, 0xd, 0xa0, 0x0,
    0x0, 0xf8, 0x7f, 0x10, 0xda, 0x0, 0x0, 0xf,
    0x87, 0xf1, 0xd, 0xc6, 0x66, 0x66, 0xf8, 0x7f,
    0x10, 0xdf, 0xff, 0xff, 0xff, 0x87, 0xf1, 0xd,
    0xa0, 0x0, 0x0, 0xf8, 0x7f, 0x10, 0xda, 0x0,
    0x0, 0xf, 0x87, 0xf1, 0xd, 0xa0, 0x0, 0x0,
    0xf8, 0x7f, 0x10, 0xdb, 0x33, 0x33, 0x3f, 0x87,
    0xf1, 0xd, 0xff, 0xff, 0xff, 0xf8, 0x7f, 0x10,
    0xdb, 0x22, 0x22, 0x2f, 0x80, 0x0, 0x1, 0x10,
    0x0, 0x0, 0x0,

    /* U+660E "明" */
    0xcf, 0xff, 0xf5, 0x7f, 0xff, 0xff, 0xec, 0xb5,
    0x5f, 0x57, 0xf5, 0x55, 0xae, 0xc8, 0x0, 0xf5,
    0x7e, 0x0, 0x8, 0xec, 0x80, 0xf, 0x57, 0xf7,
    0x77, 0xbe, 0xcf, 0xff, 0xf5, 0x7f, 0xdd, 0xde,
    0xec, 0xb5, 0x5f, 0x57, 0xe0, 0x0, 0x8e, 0xc8,
    0x0, 0xf5, 0x7e, 0x0, 0x8, 0xec, 0x80, 0xf,
    0x59, 0xfc, 0xcc, 0xee, 0xcf, 0xff, 0xf5, 0xcc,
    0x77, 0x7c, 0xec, 0xa4, 0x44, 0x3f, 0x50, 0x0,
    0x8e, 0x75, 0x0, 0xa, 0xf0, 0x0, 0x8, 0xe0,
    0x0, 0x7, 0xf6, 0x0, 0x35, 0xbe, 0x0, 0x0,
    0xc9, 0x0, 0x8, 0xff, 0x70, 0x0, 0x0, 0x0,
    0x0, 0x0, 0x0,

    /* U+6642 "時" */
    0x0, 0x0, 0x0, 0x0, 0x6f, 0x0, 0x0, 0xbf,
    0xff, 0xb0, 0x0, 0x6f, 0x0, 0x0, 0xbb, 0x4b,
    0xb6, 0xff, 0xff, 0xff, 0xf2, 0xb9, 0xa, 0xb1,
    0x44, 0x8f, 0x44, 0x40, 0xb9, 0xa, 0xb1, 0x11,
    0x6f, 0x11, 0x10, 0xbc, 0x6c, 0xbf, 0xff, 0xff,
    0xff, 0xf7, 0xbf, 0xdf, 0xb3, 0x33, 0x33, 0x8f,
    0x31, 0xb9, 0xa, 0xb4, 0x44, 0x44, 0x9f, 0x41,
    0xb9, 0xa, 0xbe, 0xff, 0xff, 0xff, 0xf5, 0xb9,
    0xa, 0xb0, 0x62, 0x0, 0x6f, 0x0, 0xbf, 0xff,
    0xb0, 0xbe, 0x10, 0x6f, 0x0, 0xbb, 0x55, 0x30,
    0x1e, 0xa0, 0x6f, 0x0, 0x75, 0x0, 0x0, 0x4,
    0x44, 0x9f, 0x0, 0x0, 0x0, 0x0, 0x0, 0x5f,
    0xf9, 0x0, 0x0, 0x0, 0x0, 0x0, 0x0, 0x0,
    0x0,

    /* U+6674 "晴" */
    0x0, 0x0, 0x0, 0x0, 0x7e, 0x0, 0x0, 0xde,
    0xee, 0x29, 0xcc, 0xef, 0xcc, 0xc3, 0xe9, 0x6f,
    0x33, 0x44, 0x9f, 0x44, 0x41, 0xe4, 0xf, 0x34,
    0xee, 0xff, 0xee, 0xe0, 0xe4, 0xf, 0x30, 0x11,
    0x8f, 0x11, 0x10, 0xe7, 0x4f, 0x5e, 0xee, 0xff,
    0xee, 0xe9, 0xef, 0xff, 0x33, 0x33, 0x33, 0x33,
    0x32, 0xe4, 0xf, 0x35, 0xff, 0xff, 0xff, 0x90,
    0xe4, 0xf, 0x35, 0xf1, 0x11, 0x1b, 0x90, 0xe4,
    0xf, 0x35, 0xff, 0xff, 0xff, 0x90, 0xee, 0xef,
    0x35, 0xf0, 0x0, 0xb, 0x90, 0xe9, 0x77, 0x15,
    0xff, 0xff, 0xff, 0x90, 0x82, 0x0, 0x5, 0xf0,
    0x0, 0x2c, 0x90, 0x0, 0x0, 0x5, 0xf0, 0x0,
    0xfe, 0x50,

    /* U+66C7 "曇" */
    0x0, 0x8e, 0xbb, 0xbb, 0xbb, 0xbf, 0x70, 0x0,
    0x8, 0xe9, 0x99, 0x99, 0x99, 0xf7, 0x0, 0x0,
    0x8e, 0xbb, 0xbb, 0xbb, 0xbf, 0x70, 0x0, 0x18,
    0x88, 0x88, 0x88, 0x88, 0x88, 0x10, 0x1, 0x77,
    0x77, 0x9f, 0x87, 0x77, 0x71, 0x0, 0xee, 0xee,
    0xee, 0xfe, 0xee, 0xee, 0xf0, 0xe, 0x59, 0xaa,
    0x4f, 0x3a, 0xa9, 0x5f, 0x0, 0x23, 0xaa, 0xa4,
    0xf3, 0xaa, 0xa4, 0x20, 0x0, 0x49, 0x99, 0x99,
    0x99, 0x99, 0x60, 0x0, 0x3, 0x66, 0x66, 0x66,
    0x66, 0x64, 0x0, 0x1f, 0xff, 0xff, 0xff, 0xff,
    0xff, 0xff, 0x10, 0x0, 0xa, 0xd0, 0x0, 0x8f,
    0x91, 0x0, 0x1, 0xef, 0xff, 0xff, 0xfe, 0xee,
    0xe3, 0x0, 0x1, 0x10, 0x0, 0x0, 0x0, 0x4,
    0x0,

    /* U+66F4 "更" */
    0x4f, 0xff, 0xff, 0xff, 0xff, 0xff, 0xfd, 0x0,
    0x22, 0x22, 0x26, 0xf4, 0x22, 0x22, 0x10, 0x0,
    0x45, 0x55, 0x8f, 0x75, 0x55, 0x40, 0x0, 0xe,
    0xed, 0xde, 0xfe, 0xdd, 0xee, 0x0, 0x0, 0xe7,
    0x11, 0x6f, 0x41, 0x18, 0xe0, 0x0, 0xe, 0xff,
    0xff, 0xff, 0xff, 0xfe, 0x0, 0x0, 0xe6, 0x0,
    0x5f, 0x20, 0x7, 0xe0, 0x0, 0xe, 0xff, 0xff,
    0xff, 0xff, 0xfe, 0x0, 0x0, 0x6c, 0x43, 0xce,
    0x33, 0x33, 0x30, 0x0, 0x1, 0xeb, 0x4f, 0x80,
    0x0, 0x0, 0x0, 0x0, 0x3, 0xff, 0xe1, 0x0,
    0x0, 0x0, 0x1, 0x59, 0xef, 0xbf, 0xfd, 0xa8,
    0x76, 0x61, 0x2f, 0xd8, 0x20, 0x4, 0x8b, 0xde,
    0xfe, 0x0, 0x0, 0x0, 0x0, 0x0, 0x0, 0x0,
    0x0,

    /* U+6700 "最" */
    0x0, 0x6f, 0xff, 0xff, 0xff, 0xff, 0x70, 0x0,
    0x6, 0xf2, 0x22, 0x22, 0x22, 0xf7, 0x0, 0x0,
    0x6f, 0xcc, 0xcc, 0xcc, 0xcf, 0x70, 0x0, 0x6,
    0xf8, 0x88, 0x88, 0x88, 0xf7, 0x0, 0x2, 0x36,
    0x66, 0x66, 0x66, 0x66, 0x42, 0x2, 0xff, 0xff,
    0xff, 0xff, 0xff, 0xff, 0xf5, 0x0, 0xe7, 0x11,
    0xf6, 0x22, 0x22, 0x30, 0x0, 0xe, 0xff, 0xff,
    0xcf, 0xff, 0xff, 0xa0, 0x0, 0xe7, 0x11, 0xf5,
    0x9a, 0x5, 0xf4, 0x0, 0xe, 0xff, 0xff, 0x53,
    0xf7, 0xea, 0x0, 0x0, 0xe7, 0x23, 0xf5, 0x8,
    0xfe, 0x0, 0x3, 0xef, 0xff, 0xef, 0x78, 0xfb,
    0xfc, 0x40, 0x3, 0x21, 0x0, 0xfc, 0xb3, 0x1,
    0x8d, 0x30,

    /* U+6708 "月" */
    0x0, 0xf, 0xff, 0xff, 0xff, 0xff, 0x80, 0x0,
    0xfb, 0x66, 0x66, 0x66, 0xf8, 0x0, 0xf, 0x80,
    0x0, 0x0, 0xf, 0x80, 0x0, 0xfa, 0x55, 0x55,
    0x55, 0xf8, 0x0, 0xf, 0xff, 0xff, 0xff, 0xff,
    0x80, 0x0, 0xf8, 0x0, 0x0, 0x0, 0xf8, 0x0,
    0xf, 0x60, 0x0, 0x0, 0xf, 0x80, 0x2, 0xff,
    0xee, 0xee, 0xee, 0xf8, 0x0, 0x5f, 0x77, 0x77,
    0x77, 0x7f, 0x80, 0xb, 0xd0, 0x0, 0x0, 0x0,
    0xf8, 0x3, 0xf7, 0x0, 0x0, 0x0, 0xf, 0x81,
    0xde, 0x0, 0x0, 0x6, 0x67, 0xf8, 0x2d, 0x30,
    0x0, 0x0, 0xcf, 0xfc, 0x20, 0x0, 0x0, 0x0,
    0x0, 0x0, 0x0,

    /* U+6709 "有" */
    0x0, 0x0, 0x5, 0xa0, 0x0, 0x0, 0x0, 0x0,
    0x0, 0x0, 0xbc, 0x0, 0x0, 0x0, 0x0, 0x1f,
    0xff, 0xff, 0xff, 0xff, 0xff, 0xff, 0x20, 0x66,
    0x6c, 0xf6, 0x66, 0x66, 0x66, 0x60, 0x0, 0x1,
    0xf8, 0x0, 0x0, 0x0, 0x0, 0x0, 0x0, 0xbf,
    0xff, 0xff, 0xff, 0xf6, 0x0, 0x0, 0x7f, 0xf6,
    0x55, 0x55, 0x5f, 0x60, 0x0, 0x5f, 0xcf, 0x54,
    0x44, 0x44, 0xf6, 0x0, 0x3f, 0x84, 0xff, 0xff,
    0xff, 0xff, 0x60, 0x0, 0x30, 0x4f, 0x10, 0x0,
    0x0, 0xf6, 0x0, 0x0, 0x4, 0xff, 0xff, 0xff,
    0xff, 0x60, 0x0, 0x0, 0x4f, 0x43, 0x33, 0x33,
    0xf6, 0x0, 0x0, 0x4, 0xf1, 0x0, 0x15, 0x5f,
    0x60, 0x0, 0x0, 0x4f, 0x10, 0x1, 0xff, 0xd2,
    0x0,

    /* U+670D "服" */
    0x8, 0xff, 0xff, 0x4c, 0xff, 0xff, 0xfb, 0x0,
    0x8d, 0x56, 0xf4, 0xcb, 0x55, 0x5c, 0xc0, 0x8,
    0xc0, 0x1f, 0x4c, 0x80, 0x0, 0x9c, 0x0, 0x8e,
    0x77, 0xf4, 0xc8, 0x7, 0xce, 0xb0, 0x8, 0xfe,
    0xef, 0x4c, 0x80, 0x26, 0x51, 0x0, 0x8c, 0x1,
    0xf4, 0xce, 0xcc, 0xcc, 0xb1, 0x8, 0xc1, 0x2f,
    0x4c, 0xcf, 0x76, 0xaf, 0x0, 0x8f, 0xff, 0xf4,
    0xc8, 0xc7, 0xb, 0xa0, 0x9, 0xb3, 0x4f, 0x4c,
    0x85, 0xe4, 0xf4, 0x0, 0xb8, 0x1, 0xf4, 0xc8,
    0xc, 0xfb, 0x0, 0xe, 0x50, 0x1f, 0x4c, 0x80,
    0xaf, 0xa0, 0x3, 0xf2, 0x56, 0xf3, 0xca, 0xbf,
    0x7f, 0xc2, 0x3b, 0x9, 0xfc, 0xc, 0x9b, 0x20,
    0x3c, 0x20, 0x0, 0x0, 0x0, 0x0, 0x0, 0x0,
    0x0,

    /* U+671F "期" */
    0x4, 0xf0, 0xb, 0xa0, 0x0, 0x0, 0x0, 0x4,
    0xf0, 0xb, 0xa0, 0x9f, 0xff, 0xfc, 0x7f, 0xff,
    0xff, 0xfa, 0x9d, 0x44, 0xbc, 0x27, 0xf4, 0x4c,
    0xb3, 0x9c, 0x0, 0xac, 0x4, 0xf2, 0x2b, 0xa0,
    0x9d, 0x55, 0xcc, 0x4, 0xff, 0xff, 0xa0, 0x9f,
    0xff, 0xfc, 0x4, 0xf0, 0xb, 0xa0, 0x9c, 0x0,
    0xac, 0x4, 0xff, 0xff, 0xa0, 0x9c, 0x11, 0xac,
    0x4, 0xf1, 0x1b, 0xa0, 0xaf, 0xff, 0xfc, 0x6b,
    0xf9, 0x9e, 0xe6, 0xba, 0x33, 0xbc, 0x6a, 0xba,
    0xab, 0xa6, 0xe7, 0x0, 0xac, 0x2, 0xf5, 0x4f,
    0x32, 0xf4, 0x0, 0xac, 0x1d, 0xc0, 0xa, 0xe9,
    0xf0, 0x35, 0xcb, 0x5c, 0x10, 0x1, 0x38, 0x80,
    0x4f, 0xe5, 0x0, 0x0, 0x0, 0x0, 0x0, 0x0,
    0x0,

    /* U+6728 "木" */
    0x0, 0x0, 0x0, 0x7f, 0x10, 0x0, 0x0, 0x0,
    0x0, 0x0, 0x7, 0xf1, 0x0, 0x0, 0x0, 0x0,
    0x0, 0x0, 0x7f, 0x10, 0x0, 0x0, 0x0, 0x0,
    0x0, 0x7, 0xf2, 0x0, 0x0, 0x0, 0x3f, 0xff,
    0xff, 0xff, 0xff, 0xff, 0xfe, 0x1, 0x55, 0x55,
    0x8f, 0xfe, 0x55, 0x55, 0x40, 0x0, 0x0, 0xc,
    0xff, 0xf6, 0x0, 0x0, 0x0, 0x0, 0x7, 0xfa,
    0xf9, 0xf2, 0x0, 0x0, 0x0, 0x5, 0xf8, 0x7f,
    0x1c, 0xe1, 0x0, 0x0, 0x5, 0xfb, 0x7, 0xf1,
    0x1e, 0xd2, 0x0, 0x8, 0xfb, 0x0, 0x7f, 0x10,
    0x2e, 0xe5, 0x8, 0xfa, 0x0, 0x7, 0xf1, 0x0,
    0x1d, 0xf2, 0x4, 0x0, 0x0, 0x7f, 0x10, 0x0,
    0x3, 0x0, 0x0, 0x0, 0x7, 0xf1, 0x0, 0x0,
    0x0,

    /* U+672A "未" */
    0x0, 0x0, 0x0, 0x6f, 0x10, 0x0, 0x0, 0x0,
    0x0, 0x0, 0x6, 0xf1, 0x0, 0x0, 0x0, 0x0,
    0x44, 0x44, 0x9f, 0x54, 0x44, 0x40, 0x0, 0x3f,
    0xff, 0xff, 0xff, 0xff, 0xff, 0x0, 0x0, 0x22,
    0x22, 0x8f, 0x32, 0x22, 0x10, 0x0, 0x0, 0x0,
    0x6, 0xf1, 0x0, 0x0, 0x0, 0x27, 0x77, 0x77,
    0xbf, 0x87, 0x77, 0x77, 0x4, 0xff, 0xff, 0xff,
    0xff, 0xff, 0xff, 0xf0, 0x0, 0x0, 0xa, 0xff,
    0xf5, 0x0, 0x0, 0x0, 0x0, 0x9, 0xfa, 0xf9,
    0xf5, 0x0, 0x0, 0x0, 0x1c, 0xf4, 0x6f, 0x18,
    0xf8, 0x0, 0x0, 0x7f, 0xe3, 0x6, 0xf1, 0x6,
    0xfd, 0x40, 0x5f, 0xa1, 0x0, 0x6f, 0x10, 0x3,
    0xce, 0x10, 0x10, 0x0, 0x6, 0xf1, 0x0, 0x0,
    0x10,

    /* U+672C "本" */
    0x0, 0x0, 0x0, 0x6f, 0x10, 0x0, 0x0, 0x0,
    0x0, 0x0, 0x6, 0xf1, 0x0, 0x0, 0x0, 0x0,
    0x0, 0x0, 0x6f, 0x10, 0x0, 0x0, 0x1, 0x88,
    0x88, 0x8b, 0xf8, 0x88, 0x88, 0x70, 0x3f, 0xff,
    0xff, 0xff, 0xff, 0xff, 0xfe, 0x0, 0x0, 0x0,
    0x9f, 0xff, 0x40, 0x0, 0x0, 0x0, 0x0, 0x3f,
    0xcf, 0xcd, 0x0, 0x0, 0x0, 0x0, 0x1e, 0xb6,
    0xf3, 0xfb, 0x0, 0x0, 0x0, 0x1c, 0xe1, 0x6f,
    0x15, 0xf9, 0x0, 0x0, 0x2d, 0xf3, 0x6, 0xf1,
    0x7, 0xfb, 0x10, 0x5f, 0xe6, 0xff, 0xff, 0xff,
    0xc7, 0xfe, 0x31, 0x91, 0x17, 0x7b, 0xf8, 0x76,
    0x3, 0x80, 0x0, 0x0, 0x0, 0x6f, 0x10, 0x0,
    0x0, 0x0, 0x0, 0x0, 0x6, 0xf1, 0x0, 0x0,
    0x0,

    /* U+673A "机" */
    0x0, 0xe, 0x70, 0x0, 0x0, 0x0, 0x0, 0x0,
    0x0, 0xe7, 0x0, 0xaf, 0xff, 0xf9, 0x0, 0x0,
    0xe, 0x70, 0xa, 0xd5, 0x5e, 0x90, 0x1, 0x66,
    0xfa, 0x63, 0xac, 0x0, 0xd9, 0x0, 0x4f, 0xff,
    0xff, 0x8a, 0xc0, 0xd, 0x90, 0x0, 0x4, 0xf7,
    0x0, 0xac, 0x0, 0xd9, 0x0, 0x0, 0xaf, 0xc0,
    0xa, 0xb0, 0xd, 0x90, 0x0, 0x1f, 0xff, 0xb0,
    0xba, 0x0, 0xd9, 0x0, 0x8, 0xbe, 0x7e, 0x7c,
    0x90, 0xd, 0x90, 0x2, 0xf3, 0xe7, 0x31, 0xf6,
    0x0, 0xd9, 0x0, 0x7b, 0xe, 0x70, 0x3f, 0x20,
    0xd, 0x93, 0x70, 0x10, 0xe7, 0xa, 0xd0, 0x0,
    0xd9, 0x4c, 0x0, 0xe, 0x74, 0xf5, 0x0, 0xd,
    0xb9, 0xb0, 0x0, 0xe7, 0x6a, 0x0, 0x0, 0x7f,
    0xf5,

    /* U+6761 "条" */
    0x0, 0x0, 0x5, 0x60, 0x0, 0x0, 0x0, 0x0,
    0x0, 0x4, 0xfb, 0x44, 0x44, 0x0, 0x0, 0x0,
    0x4, 0xff, 0xff, 0xff, 0xf9, 0x0, 0x0, 0x8,
    0xff, 0xc1, 0x1, 0xce, 0x10, 0x0, 0x9, 0xf6,
    0x2d, 0xd6, 0xde, 0x20, 0x0, 0x0, 0x1, 0x0,
    0x4f, 0xff, 0x70, 0x0, 0x0, 0x1, 0x48, 0xdf,
    0xc6, 0xbf, 0xfb, 0x85, 0x10, 0xef, 0xd9, 0x33,
    0xc2, 0x16, 0xae, 0xd0, 0x7, 0x64, 0x44, 0x7f,
    0x74, 0x44, 0x45, 0x2, 0xff, 0xff, 0xff, 0xff,
    0xff, 0xff, 0xf2, 0x0, 0x0, 0x2d, 0xdf, 0xdd,
    0x30, 0x0, 0x0, 0x1, 0x8f, 0x94, 0xf3, 0x9f,
    0x92, 0x0, 0x2a, 0xfd, 0x40, 0x4f, 0x30, 0x4d,
    0xfb, 0x20, 0x95, 0x0, 0x4, 0xf3, 0x0, 0x5,
    0x80,

    /* U+6765 "来" */
    0x0, 0x0, 0x0, 0x1f, 0x60, 0x0, 0x0, 0x0,
    0x0, 0x0, 0x1, 0xf6, 0x0, 0x0, 0x0, 0x4,
    0xff, 0xff, 0xff, 0xff, 0xff, 0xfb, 0x0, 0x26,
    0x98, 0x67, 0xfa, 0x66, 0xa8, 0x50, 0x0, 0xe,
    0x90, 0x1f, 0x60, 0x1f, 0x90, 0x0, 0x0, 0x6f,
    0x21, 0xf6, 0x8, 0xf1, 0x0, 0x1, 0x11, 0xc3,
    0x2f, 0x71, 0xa7, 0x11, 0x0, 0xff, 0xff, 0xff,
    0xff, 0xff, 0xff, 0xf6, 0x5, 0x55, 0x58, 0xff,
    0xfc, 0x55, 0x55, 0x10, 0x0, 0x3, 0xeb, 0xfb,
    0xf7, 0x0, 0x0, 0x0, 0x5, 0xfa, 0x1f, 0x65,
    0xf9, 0x0, 0x0, 0x1a, 0xf9, 0x1, 0xf6, 0x4,
    0xfd, 0x40, 0x1f, 0xe5, 0x0, 0x1f, 0x60, 0x2,
    0xcf, 0x60, 0x30, 0x0, 0x1, 0xf6, 0x0, 0x0,
    0x40,

    /* U+6771 "東" */
    0x0, 0x0, 0x0, 0x6f, 0x10, 0x0, 0x0, 0x1,
    0x55, 0x55, 0x59, 0xf5, 0x55, 0x55, 0x50, 0x3f,
    0xff, 0xff, 0xff, 0xff, 0xff, 0xff, 0x0, 0x0,
    0x0, 0x6, 0xf1, 0x0, 0x0, 0x0, 0x0, 0xef,
    0xff, 0xff, 0xff, 0xff, 0xe0, 0x0, 0xe, 0x70,
    0x7, 0xf1, 0x0, 0x8e, 0x0, 0x0, 0xee, 0xdd,
    0xef, 0xdd, 0xde, 0xe0, 0x0, 0xe, 0x93, 0x38,
    0xf4, 0x33, 0xae, 0x0, 0x0, 0xe8, 0x22, 0x8f,
    0x32, 0x29, 0xe0, 0x0, 0xe, 0xff, 0xff, 0xff,
    0xff, 0xfe, 0x0, 0x0, 0x0, 0x5f, 0xef, 0xdc,
    0x20, 0x0, 0x0, 0x2, 0xaf, 0x76, 0xf2, 0xbf,
    0x70, 0x0, 0x2a, 0xfc, 0x30, 0x6f, 0x10, 0x6e,
    0xe9, 0x10, 0xa5, 0x0, 0x6, 0xf1, 0x0, 0x7,
    0x90,

    /* U+679C "果" */
    0x0, 0x8f, 0xff, 0xff, 0xff, 0xff, 0xe0, 0x0,
    0x8, 0xe0, 0x1, 0xf7, 0x0, 0x9e, 0x0, 0x0,
    0x8f, 0x44, 0x4f, 0x94, 0x4b, 0xe0, 0x0, 0x8,
    0xfe, 0xee, 0xff, 0xee, 0xfe, 0x0, 0x0, 0x8e,
    0x0, 0x1f, 0x60, 0x9, 0xe0, 0x0, 0x8, 0xff,
    0xff, 0xff, 0xff, 0xfe, 0x0, 0x0, 0x1, 0x11,
    0x2f, 0x71, 0x11, 0x10, 0x0, 0xef, 0xff, 0xff,
    0xff, 0xff, 0xff, 0xf4, 0x5, 0x55, 0x5b, 0xff,
    0xfe, 0x65, 0x55, 0x10, 0x0, 0x8, 0xf8, 0xf8,
    0xdd, 0x30, 0x0, 0x0, 0x6e, 0xf5, 0x1f, 0x61,
    0xbf, 0xa2, 0x1, 0xef, 0xa1, 0x1, 0xf6, 0x0,
    0x5e, 0xf6, 0x4, 0x20, 0x0, 0x1f, 0x60, 0x0,
    0x5, 0x0,

    /* U+67D3 "染" */
    0x0, 0x0, 0x0, 0x0, 0x0, 0x0, 0x0, 0x0,
    0x1c, 0x60, 0x0, 0x6f, 0x0, 0x0, 0x0, 0x1,
    0x8f, 0x90, 0x7, 0xe0, 0x0, 0x0, 0x0, 0x50,
    0x12, 0xdf, 0xff, 0xff, 0xa0, 0x0, 0x2c, 0xf6,
    0x3, 0x3e, 0xa3, 0xca, 0x0, 0x0, 0x3, 0x70,
    0x3, 0xf3, 0xc, 0xa0, 0x50, 0x0, 0x5f, 0x41,
    0xdb, 0x0, 0xca, 0xd, 0x60, 0x5f, 0x75, 0xed,
    0x10, 0xa, 0xfe, 0xf3, 0xa, 0x80, 0x39, 0x3c,
    0x20, 0x4, 0x52, 0x0, 0x44, 0x44, 0x47, 0xf6,
    0x44, 0x44, 0x40, 0x2f, 0xff, 0xff, 0xff, 0xff,
    0xff, 0xff, 0x20, 0x0, 0x2, 0xdd, 0xfd, 0xd2,
    0x0, 0x0, 0x0, 0x8, 0xf9, 0x4f, 0x39, 0xf9,
    0x10, 0x2, 0x9f, 0xd4, 0x3, 0xf3, 0x4, 0xdf,
    0xb2, 0xa, 0x60, 0x0, 0x3f, 0x30, 0x0, 0x58,
    0x0,

    /* U+6848 "案" */
    0x0, 0x0, 0x0, 0x3f, 0x30, 0x0, 0x0, 0x0,
    0xac, 0xcc, 0xcd, 0xfd, 0xcc, 0xcc, 0xb0, 0xd,
    0xa6, 0x67, 0xc7, 0x66, 0x66, 0xae, 0x0, 0x85,
    0x22, 0xbe, 0x22, 0x22, 0x25, 0x80, 0xf, 0xff,
    0xff, 0xff, 0xff, 0xff, 0xff, 0x10, 0x0, 0x3f,
    0x80, 0x0, 0x8f, 0x10, 0x0, 0x0, 0xc, 0xef,
    0xd9, 0xaf, 0x50, 0x0, 0x0, 0x0, 0x24, 0x8e,
    0xff, 0xfc, 0x71, 0x0, 0x5, 0xff, 0xec, 0xaa,
    0x12, 0x7d, 0xf1, 0x1, 0x46, 0x54, 0x47, 0xf6,
    0x44, 0x46, 0x41, 0x3e, 0xee, 0xef, 0xff, 0xff,
    0xee, 0xee, 0x40, 0x0, 0x6, 0xec, 0xfb, 0xe7,
    0x0, 0x0, 0x15, 0xaf, 0xc3, 0x4f, 0x23, 0xbf,
    0xa6, 0x21, 0xb8, 0x20, 0x4, 0xf2, 0x0, 0x28,
    0xc2,

    /* U+691C "検" */
    0x0, 0x4f, 0x0, 0x0, 0x4f, 0xb0, 0x0, 0x0,
    0x4, 0xf0, 0x0, 0x1e, 0xef, 0x90, 0x0, 0x0,
    0x4f, 0x0, 0x1d, 0xf3, 0x4f, 0xb1, 0x2, 0x8a,
    0xf9, 0x8e, 0xf6, 0x22, 0x6f, 0xe5, 0x3c, 0xef,
    0xcc, 0xbf, 0xff, 0xff, 0xba, 0x50, 0x9, 0xf2,
    0x0, 0x0, 0xe6, 0x0, 0x0, 0x0, 0xdf, 0xb0,
    0xef, 0xff, 0xff, 0xfe, 0x0, 0x3f, 0xfd, 0x5e,
    0x62, 0xf7, 0x27, 0xe0, 0xa, 0xbf, 0x69, 0xe5,
    0xe, 0x50, 0x5e, 0x2, 0xf6, 0xf0, 0x1e, 0xff,
    0xff, 0xff, 0xe0, 0x69, 0x4f, 0x0, 0x22, 0x7f,
    0xf5, 0x22, 0x0, 0x14, 0xf0, 0x0, 0x2e, 0x9c,
    0xd1, 0x0, 0x0, 0x4f, 0x1, 0x8f, 0xa0, 0x1c,
    0xf8, 0x20, 0x4, 0xf0, 0x9d, 0x50, 0x0, 0x7,
    0xe4, 0x0, 0x0, 0x0, 0x0, 0x0, 0x0, 0x0,
    0x0,

    /* U+6A5F "機" */
    0x0, 0x0, 0x0, 0x0, 0x0, 0x0, 0x0, 0x0,
    0x5, 0xe0, 0x5, 0x60, 0xf4, 0x38, 0x0, 0x0,
    0x5e, 0x0, 0xb5, 0xe, 0x49, 0x80, 0x0, 0x5,
    0xe0, 0x7c, 0x3b, 0xea, 0xe4, 0xc0, 0x5, 0x9f,
    0x59, 0xdc, 0x5d, 0xae, 0xc6, 0x2, 0xff, 0xff,
    0x6a, 0x91, 0xc5, 0x8b, 0x30, 0x0, 0x9f, 0x14,
    0xe7, 0xdb, 0xae, 0x9f, 0x30, 0xe, 0xfa, 0xcd,
    0xbd, 0xcd, 0xbb, 0x95, 0x3, 0xff, 0xe5, 0x22,
    0x29, 0xb5, 0xf5, 0x0, 0x9c, 0xe6, 0xef, 0xff,
    0xff, 0xff, 0xf4, 0x2f, 0x7e, 0x0, 0xe9, 0x3,
    0xf1, 0xb3, 0x3, 0x95, 0xe0, 0x1f, 0xfa, 0x1e,
    0xce, 0x10, 0x0, 0x5e, 0x6, 0xf2, 0xb3, 0xcf,
    0x33, 0x20, 0x5, 0xe2, 0xe8, 0x4, 0xde, 0xf7,
    0x97, 0x0, 0x5e, 0x3a, 0x1, 0xc8, 0x5, 0xee,
    0x20,

    /* U+6B21 "次" */
    0x0, 0x0, 0x0, 0x47, 0x0, 0x0, 0x0, 0x0,
    0x35, 0x0, 0xb, 0xd0, 0x0, 0x0, 0x0, 0xa,
    0xf9, 0x0, 0xf8, 0x0, 0x0, 0x0, 0x0, 0x8,
    0xf7, 0x5f, 0xff, 0xff, 0xff, 0xf4, 0x0, 0x5,
    0xc, 0xd6, 0xbf, 0x66, 0xaf, 0x30, 0x0, 0x5,
    0xf5, 0x9, 0xe0, 0xb, 0xd0, 0x0, 0x0, 0xcc,
    0x0, 0x9f, 0x2, 0xf6, 0x0, 0x0, 0x22, 0x10,
    0xc, 0xf1, 0x5, 0x0, 0x0, 0x2e, 0x90, 0x1,
    0xff, 0x60, 0x0, 0x0, 0x2e, 0xd1, 0x0, 0x8e,
    0x9d, 0x0, 0x0, 0x2e, 0xe2, 0x0, 0x3f, 0x62,
    0xf8, 0x0, 0x1, 0xd2, 0x0, 0x3e, 0xa0, 0x7,
    0xf7, 0x0, 0x0, 0x1, 0x8f, 0xb0, 0x0, 0xa,
    0xfa, 0x20, 0x0, 0x7f, 0x70, 0x0, 0x0, 0x7,
    0xf5, 0x0, 0x0, 0x10, 0x0, 0x0, 0x0, 0x1,
    0x0,

    /* U+6B8B "残" */
    0x0, 0x0, 0x0, 0x0, 0x0, 0x0, 0x0, 0x0,
    0x0, 0x0, 0x0, 0x3, 0xf3, 0xd9, 0x0, 0x1f,
    0xff, 0xff, 0xc0, 0x2f, 0x32, 0xd7, 0x0, 0x4a,
    0xe4, 0x44, 0x47, 0xfa, 0x9c, 0xc0, 0x0, 0xaa,
    0x0, 0x5e, 0xdf, 0xc9, 0x76, 0x0, 0xe, 0xff,
    0xf5, 0x1, 0xf8, 0x56, 0x60, 0x4, 0xf5, 0x6f,
    0x4f, 0xff, 0xec, 0xa8, 0x0, 0xac, 0x4, 0xf1,
    0x20, 0xca, 0x13, 0x42, 0x3f, 0xf9, 0x8d, 0x3b,
    0xcf, 0xff, 0xed, 0x51, 0x84, 0xef, 0x82, 0x75,
    0x9f, 0x5, 0xc0, 0x0, 0x5, 0xf3, 0x0, 0x3,
    0xf8, 0xf6, 0x0, 0x0, 0xac, 0x0, 0x0, 0xf,
    0xf7, 0x0, 0x0, 0x5f, 0x30, 0x0, 0x5d, 0xfe,
    0x4, 0x80, 0x4f, 0x80, 0x8, 0xdf, 0xa3, 0xfb,
    0xaa, 0x7, 0xa0, 0x0, 0x99, 0x20, 0x4, 0xee,
    0x30, 0x0, 0x0, 0x0, 0x0, 0x0, 0x0, 0x0,

    /* U+6BCF "每" */
    0x0, 0x2, 0x92, 0x0, 0x0, 0x0, 0x0, 0x0,
    0x0, 0x9f, 0x10, 0x0, 0x0, 0x0, 0x0, 0x0,
    0x2f, 0xff, 0xff, 0xff, 0xff, 0xfe, 0x0, 0xc,
    0xe5, 0x44, 0x44, 0x44, 0x44, 0x40, 0x8, 0xf9,
    0x65, 0x55, 0x55, 0x56, 0x20, 0x2, 0xe9, 0xcf,
    0xef, 0xee, 0xee, 0xf6, 0x0, 0x1, 0xe, 0x70,
    0xbd, 0x50, 0xf, 0x50, 0x1, 0x55, 0xf8, 0x44,
    0x9f, 0x55, 0xf8, 0x52, 0x6f, 0xff, 0xfe, 0xfe,
    0xee, 0xff, 0xff, 0x60, 0x5, 0xf0, 0x2f, 0x91,
    0x2, 0xf3, 0x0, 0x0, 0x7e, 0x0, 0x1b, 0xc0,
    0x4f, 0x20, 0x0, 0xa, 0xff, 0xff, 0xff, 0xff,
    0xff, 0xd0, 0x0, 0xa9, 0x44, 0x44, 0x66, 0xce,
    0x44, 0x0, 0x0, 0x0, 0x0, 0xb, 0xfe, 0x60,
    0x0, 0x0, 0x0, 0x0, 0x0, 0x0, 0x0, 0x0,
    0x0,

    /* U+6BD4 "比" */
    0x0, 0x8f, 0x0, 0x0, 0xe8, 0x0, 0x0, 0x0,
    0x8, 0xf0, 0x0, 0xe, 0x80, 0x0, 0x0, 0x0,
    0x8f, 0x0, 0x0, 0xe8, 0x0, 0x0, 0x0, 0x8,
    0xf0, 0x0, 0xe, 0x80, 0x1, 0x10, 0x0, 0x8f,
    0x11, 0x10, 0xe8, 0x6, 0xec, 0x0, 0x8, 0xff,
    0xff, 0x3e, 0xcd, 0xfa, 0x20, 0x0, 0x8f, 0x44,
    0x40, 0xef, 0x92, 0x0, 0x0, 0x8, 0xf0, 0x0,
    0xe, 0x80, 0x0, 0x0, 0x0, 0x8f, 0x0, 0x0,
    0xe8, 0x0, 0x0, 0x0, 0x8, 0xf0, 0x0, 0xe,
    0x80, 0x0, 0x0, 0x0, 0x8f, 0x0, 0x0, 0xe8,
    0x0, 0x9, 0x40, 0x8, 0xf5, 0x8c, 0x8e, 0x80,
    0x0, 0xd8, 0x3b, 0xef, 0xfe, 0xa4, 0xdc, 0x55,
    0x6f, 0x52, 0xc9, 0x51, 0x0, 0x6, 0xff, 0xff,
    0xb0,

    /* U+6C14 "气" */
    0x0, 0x4, 0x80, 0x0, 0x0, 0x0, 0x0, 0x0,
    0x0, 0xbd, 0x11, 0x11, 0x11, 0x11, 0x0, 0x0,
    0x3f, 0xff, 0xff, 0xff, 0xff, 0xff, 0x0, 0xd,
    0xc2, 0x22, 0x22, 0x22, 0x22, 0x10, 0x9, 0xf5,
    0xff, 0xff, 0xff, 0xff, 0xc0, 0x5, 0xf6, 0x1,
    0x11, 0x11, 0x11, 0x11, 0x0, 0x3, 0xaf, 0xff,
    0xff, 0xff, 0xfa, 0x0, 0x0, 0x3, 0x44, 0x44,
    0x44, 0x4c, 0xb0, 0x0, 0x0, 0x0, 0x0, 0x0,
    0x0, 0xac, 0x0, 0x0, 0x0, 0x0, 0x0, 0x0,
    0x9, 0xe0, 0x0, 0x0, 0x0, 0x0, 0x0, 0x0,
    0x6f, 0x1, 0x0, 0x0, 0x0, 0x0, 0x0, 0x3,
    0xf4, 0x85, 0x0, 0x0, 0x0, 0x0, 0x0, 0xd,
    0xcc, 0x60, 0x0, 0x0, 0x0, 0x0, 0x0, 0x3e,
    0xe1,

    /* U+6C17 "気" */
    0x0, 0x4, 0x80, 0x0, 0x0, 0x0, 0x0, 0x0,
    0x0, 0xbe, 0x22, 0x22, 0x22, 0x22, 0x10, 0x0,
    0x3f, 0xff, 0xff, 0xff, 0xff, 0xfe, 0x0, 0xc,
    0xe1, 0x11, 0x11, 0x11, 0x11, 0x0, 0x9, 0xf7,
    0xff, 0xff, 0xff, 0xff, 0x80, 0x3, 0xe7, 0x1,
    0x11, 0x11, 0x11, 0x10, 0x0, 0x1, 0xef, 0xff,
    0xff, 0xff, 0xfd, 0x0, 0x0, 0x3, 0x44, 0x44,
    0x98, 0x4a, 0xe0, 0x0, 0x0, 0x4d, 0x50, 0x2f,
    0x90, 0x7f, 0x0, 0x0, 0x1, 0x9f, 0xcd, 0xd0,
    0x6, 0xf0, 0x0, 0x0, 0x0, 0x5f, 0xf8, 0x0,
    0x5f, 0x11, 0x0, 0x0, 0x4e, 0xda, 0xfa, 0x2,
    0xf4, 0x85, 0x3, 0xbf, 0xa1, 0x7, 0xf7, 0xd,
    0xcc, 0x50, 0x9d, 0x50, 0x0, 0x3, 0x0, 0x3e,
    0xe1, 0x0, 0x0, 0x0, 0x0, 0x0, 0x0, 0x0,
    0x0,

    /* U+6C34 "水" */
    0x0, 0x0, 0x0, 0x6f, 0x10, 0x0, 0x0, 0x0,
    0x0, 0x0, 0x6, 0xf1, 0x0, 0x0, 0x0, 0x0,
    0x0, 0x0, 0x6f, 0x10, 0x0, 0x20, 0x0, 0x0,
    0x0, 0x6, 0xf4, 0x0, 0x2f, 0x90, 0x5f, 0xff,
    0xfc, 0x6f, 0x90, 0x2e, 0xe2, 0x2, 0x77, 0x7e,
    0xc6, 0xff, 0x2d, 0xd1, 0x0, 0x0, 0x1, 0xf7,
    0x6f, 0xff, 0xc1, 0x0, 0x0, 0x0, 0x7f, 0x26,
    0xf9, 0xf1, 0x0, 0x0, 0x0, 0xe, 0xb0, 0x6f,
    0x2e, 0xa0, 0x0, 0x0, 0xa, 0xf2, 0x6, 0xf1,
    0x5f, 0x80, 0x0, 0x8, 0xf8, 0x0, 0x6f, 0x10,
    0x9f, 0x90, 0x7, 0xfa, 0x0, 0x6, 0xf1, 0x0,
    0x9f, 0xd2, 0x6, 0x0, 0x88, 0xcf, 0x0, 0x0,
    0x58, 0x0, 0x0, 0xa, 0xfe, 0x70, 0x0, 0x0,
    0x0,

    /* U+6CA1 "没" */
    0x0, 0x30, 0x0, 0x0, 0x0, 0x0, 0x0, 0x0,
    0x5f, 0xb2, 0x9, 0xff, 0xff, 0xc0, 0x0, 0x0,
    0x3d, 0xa0, 0x9e, 0x55, 0xcc, 0x0, 0x0, 0x0,
    0x1, 0xa, 0xb0, 0xa, 0xc0, 0x51, 0x4, 0x0,
    0x1, 0xf7, 0x0, 0xac, 0xc, 0x63, 0xfe, 0x62,
    0xde, 0x10, 0x7, 0xff, 0xf3, 0x1, 0x9b, 0x1b,
    0x31, 0x11, 0x14, 0x41, 0x0, 0x0, 0x0, 0xdf,
    0xff, 0xff, 0xff, 0x10, 0x0, 0x4, 0x13, 0x9d,
    0x44, 0x4f, 0xc0, 0x0, 0x0, 0xd9, 0x3, 0xf6,
    0x9, 0xf3, 0x0, 0x0, 0x6f, 0x20, 0x8, 0xfa,
    0xf8, 0x0, 0x0, 0x1e, 0xa0, 0x0, 0x3f, 0xfd,
    0x10, 0x0, 0x9, 0xf2, 0x26, 0xbf, 0xd8, 0xff,
    0x94, 0x0, 0x88, 0xa, 0xfc, 0x50, 0x1, 0x9e,
    0xf2, 0x0, 0x0, 0x11, 0x0, 0x0, 0x0, 0x2,
    0x0,

    /* U+6CC1 "況" */
    0x0, 0x71, 0x0, 0x0, 0x0, 0x0, 0x0, 0x0,
    0x3e, 0xf8, 0x3f, 0xff, 0xff, 0xff, 0x90, 0x0,
    0x7, 0x93, 0xf6, 0x55, 0x55, 0xe9, 0x0, 0x0,
    0x0, 0x3f, 0x20, 0x0, 0xd, 0x90, 0x5, 0x0,
    0x3, 0xf2, 0x0, 0x0, 0xd9, 0x3, 0xff, 0x80,
    0x3f, 0x20, 0x0, 0xd, 0x90, 0x1, 0x8d, 0x3,
    0xff, 0xff, 0xff, 0xf9, 0x0, 0x0, 0x0, 0x14,
    0xda, 0x4f, 0xa4, 0x20, 0x0, 0x1, 0x70, 0xe,
    0x80, 0xe8, 0x0, 0x0, 0x0, 0x9e, 0x0, 0xf6,
    0xe, 0x80, 0x0, 0x0, 0x3f, 0x60, 0x4f, 0x20,
    0xe8, 0x2, 0x0, 0xd, 0xc0, 0xc, 0xd0, 0xe,
    0x80, 0xc7, 0x7, 0xf3, 0x3c, 0xf4, 0x0, 0xea,
    0x4e, 0x50, 0x68, 0x7, 0xd4, 0x0, 0x9, 0xff,
    0xd1, 0x0, 0x0, 0x0, 0x0, 0x0, 0x0, 0x0,
    0x0,

    /* U+6D77 "海" */
    0x2, 0x60, 0x0, 0x68, 0x0, 0x0, 0x0, 0x0,
    0x6f, 0xd2, 0xd, 0xa0, 0x0, 0x0, 0x0, 0x0,
    0x2c, 0x24, 0xff, 0xff, 0xff, 0xff, 0x40, 0x0,
    0x0, 0xdc, 0x55, 0x55, 0x55, 0x51, 0x6, 0x0,
    0x8f, 0x97, 0x66, 0x66, 0x73, 0x3, 0xee, 0x52,
    0x6e, 0xed, 0xfe, 0xdf, 0x70, 0x1, 0xa7, 0x0,
    0xf4, 0xf, 0x40, 0xe6, 0x0, 0x0, 0x3, 0x7f,
    0x76, 0xf7, 0x5f, 0x93, 0x0, 0x4, 0xaf, 0xff,
    0xff, 0xff, 0xff, 0x90, 0x5, 0xf1, 0x7e, 0x4,
    0xf0, 0xf, 0x40, 0x0, 0xcb, 0x9, 0xb0, 0x6d,
    0x2, 0xf2, 0x0, 0x4f, 0x40, 0xcf, 0xff, 0xff,
    0xff, 0xf7, 0xd, 0xc0, 0x9, 0x63, 0x35, 0x5c,
    0xe3, 0x10, 0x74, 0x0, 0x0, 0x0, 0x9f, 0xf6,
    0x0, 0x0, 0x0, 0x0, 0x0, 0x0, 0x0, 0x0,
    0x0,

    /* U+6E08 "済" */
    0x1, 0xa1, 0x0, 0x0, 0xf, 0x60, 0x0, 0x0,
    0x3e, 0xe4, 0x0, 0x0, 0xf6, 0x0, 0x0, 0x0,
    0x1b, 0xbf, 0xff, 0xff, 0xff, 0xff, 0x70, 0x0,
    0x1, 0x47, 0xf8, 0x44, 0xed, 0x41, 0x3, 0x0,
    0x0, 0x7, 0xfa, 0xdd, 0x10, 0x1, 0xfe, 0x60,
    0x3, 0x7e, 0xff, 0xc7, 0x30, 0x1, 0x9c, 0x4f,
    0xfc, 0x71, 0x49, 0xef, 0x60, 0x0, 0x0, 0x4c,
    0x91, 0x11, 0x1e, 0x70, 0x0, 0x4, 0x20, 0xcf,
    0xff, 0xff, 0xf6, 0x0, 0x0, 0xda, 0xd, 0x91,
    0x11, 0x1f, 0x60, 0x0, 0x6f, 0x20, 0xff, 0xee,
    0xee, 0xf6, 0x0, 0x1e, 0xa0, 0x3f, 0x65, 0x55,
    0x5f, 0x60, 0xa, 0xf1, 0xc, 0xc0, 0x0, 0x0,
    0xf6, 0x0, 0x46, 0x5, 0xe2, 0x0, 0x0, 0xf,
    0x60, 0x0, 0x0, 0x0, 0x0, 0x0, 0x0, 0x0,
    0x0,

    /* U+6E29 "温" */
    0x0, 0x40, 0x0, 0x0, 0x0, 0x0, 0x0, 0x0,
    0x5f, 0xc3, 0x6f, 0xff, 0xff, 0xfe, 0x0, 0x0,
    0x19, 0x76, 0xf3, 0x33, 0x38, 0xe0, 0x0, 0x0,
    0x0, 0x6f, 0xdd, 0xdd, 0xee, 0x0, 0x6, 0x0,
    0x6, 0xf3, 0x33, 0x39, 0xe0, 0x4, 0xfd, 0x30,
    0x6f, 0x33, 0x33, 0x9e, 0x0, 0x2, 0xcc, 0x6,
    0xff, 0xff, 0xff, 0xe0, 0x0, 0x0, 0x10, 0x0,
    0x0, 0x0, 0x0, 0x0, 0x0, 0x6, 0xe, 0xff,
    0xff, 0xff, 0xf7, 0x0, 0x2, 0xf4, 0xe7, 0x5d,
    0x5e, 0x2e, 0x70, 0x0, 0xad, 0xe, 0x53, 0xd2,
    0xe0, 0xe7, 0x0, 0x3f, 0x60, 0xe5, 0x3d, 0x2e,
    0xe, 0x70, 0xc, 0xd1, 0xaf, 0xcb, 0xfb, 0xfa,
    0xfc, 0x30, 0xc5, 0x2f, 0xff, 0xff, 0xff, 0xff,
    0xf6, 0x0, 0x0, 0x0, 0x0, 0x0, 0x0, 0x0,
    0x0,

    /* U+6E32 "渲" */
    0x6, 0x60, 0x0, 0x0, 0x8e, 0x0, 0x0, 0x0,
    0x8f, 0xa0, 0x0, 0x8, 0xe0, 0x0, 0x0, 0x0,
    0x5e, 0x9f, 0xff, 0xff, 0xff, 0xff, 0x0, 0x0,
    0x16, 0xe3, 0x33, 0x33, 0x38, 0xf0, 0x2, 0x0,
    0x49, 0xff, 0xff, 0xff, 0xba, 0x6, 0xfb, 0x20,
    0x3, 0x33, 0x33, 0x31, 0x0, 0x3, 0xc5, 0x3,
    0xee, 0xee, 0xee, 0xa0, 0x0, 0x0, 0x0, 0x4f,
    0x21, 0x11, 0xab, 0x0, 0x0, 0x9, 0x4, 0xfc,
    0xcc, 0xce, 0xb0, 0x0, 0x5, 0xf2, 0x4f, 0x33,
    0x33, 0xbb, 0x0, 0x0, 0xdb, 0x4, 0xf2, 0x22,
    0x2a, 0xb0, 0x0, 0x5f, 0x40, 0x3e, 0xee, 0xee,
    0xea, 0x0, 0xd, 0xc0, 0x34, 0x44, 0x44, 0x44,
    0x44, 0x11, 0xb4, 0xd, 0xff, 0xff, 0xff, 0xff,
    0xf3, 0x0, 0x0, 0x0, 0x0, 0x0, 0x0, 0x0,
    0x0,

    /* U+6E7F "湿" */
    0x0, 0x40, 0x0, 0x0, 0x0, 0x0, 0x0, 0x0,
    0x5f, 0xd3, 0x6f, 0xff, 0xff, 0xff, 0x70, 0x0,
    0x1a, 0x66, 0xe2, 0x22, 0x22, 0xe7, 0x0, 0x0,
    0x0, 0x6f, 0xdd, 0xdd, 0xdf, 0x70, 0xa, 0x20,
    0x6, 0xf4, 0x44, 0x44, 0xe7, 0x2, 0xdf, 0x70,
    0x6f, 0x33, 0x33, 0x3e, 0x70, 0x0, 0x8a, 0x6,
    0xff, 0xff, 0xff, 0xf7, 0x0, 0x0, 0x0, 0x0,
    0x48, 0x9, 0x40, 0x0, 0x0, 0x6, 0xb, 0x36,
    0xd0, 0xe6, 0x3d, 0x20, 0x6, 0xf1, 0xab, 0x6d,
    0xe, 0x68, 0xc0, 0x0, 0xcb, 0x4, 0xf8, 0xd0,
    0xe7, 0xe5, 0x0, 0x4f, 0x40, 0xa, 0x8d, 0xe,
    0x99, 0x0, 0xb, 0xd0, 0xaa, 0xac, 0xfa, 0xfc,
    0xaa, 0x50, 0xb6, 0xf, 0xff, 0xff, 0xff, 0xff,
    0xf8, 0x0, 0x0, 0x0, 0x0, 0x0, 0x0, 0x0,
    0x0,

    /* U+6ED1 "滑" */
    0x0, 0x40, 0x0, 0x0, 0x0, 0x0, 0x0, 0x0,
    0x5f, 0xc3, 0xe, 0xff, 0xff, 0xfd, 0x0, 0x0,
    0x3d, 0x90, 0xe8, 0x11, 0x18, 0xd0, 0x0, 0x0,
    0x0, 0xe, 0x72, 0xfe, 0xfd, 0x0, 0x3, 0x0,
    0x0, 0xe7, 0x2e, 0x8, 0xd0, 0x2, 0xfd, 0x56,
    0xff, 0xff, 0xff, 0xff, 0xf5, 0x1, 0xac, 0x6e,
    0x22, 0x22, 0x23, 0x3f, 0x50, 0x0, 0x3, 0x9e,
    0xff, 0xff, 0xfe, 0xa3, 0x0, 0x4, 0x10, 0xe8,
    0x11, 0x18, 0xd0, 0x0, 0x0, 0xe9, 0xe, 0xff,
    0xff, 0xfd, 0x0, 0x0, 0x8f, 0x20, 0xe8, 0x11,
    0x18, 0xd0, 0x0, 0x2f, 0x90, 0xe, 0xff, 0xff,
    0xfd, 0x0, 0xb, 0xe1, 0x0, 0xe7, 0x0, 0x18,
    0xd0, 0x0, 0x45, 0x0, 0xe, 0x70, 0xe, 0xf8,
    0x0,

    /* U+6EDA "滚" */
    0x5, 0x80, 0x0, 0x0, 0x8e, 0x0, 0x0, 0x0,
    0x6f, 0xe6, 0xbb, 0xbe, 0xfb, 0xbb, 0xb3, 0x0,
    0x2c, 0x37, 0x77, 0x77, 0x77, 0x77, 0x20, 0x0,
    0x0, 0x3, 0x29, 0xab, 0x90, 0x0, 0x5, 0x0,
    0x2, 0xf6, 0x77, 0x8f, 0x90, 0x3, 0xee, 0x55,
    0xf9, 0x6b, 0x3, 0x4e, 0xd3, 0x1, 0x96, 0x37,
    0xd, 0x61, 0xca, 0x27, 0x0, 0x0, 0x0, 0x6c,
    0xfd, 0xef, 0xfa, 0x0, 0x0, 0x7, 0x4, 0x68,
    0xfd, 0x12, 0x91, 0x0, 0x5, 0xf1, 0x7, 0xf9,
    0xf3, 0x2d, 0x90, 0x0, 0xca, 0x7e, 0xfe, 0x9,
    0xef, 0x90, 0x0, 0x4f, 0x37, 0x76, 0xe0, 0xd,
    0xc1, 0x0, 0xc, 0xc0, 0x2, 0x9f, 0xbe, 0x8e,
    0xe5, 0x0, 0x94, 0x0, 0x8d, 0xa7, 0x40, 0x19,
    0xf2, 0x0, 0x0, 0x0, 0x0, 0x0, 0x0, 0x0,
    0x0,

    /* U+6F14 "演" */
    0x3, 0x90, 0x0, 0x0, 0x1f, 0x50, 0x0, 0x0,
    0x5f, 0xd2, 0x22, 0x23, 0xf6, 0x22, 0x20, 0x0,
    0x2d, 0x9f, 0xff, 0xff, 0xff, 0xff, 0x40, 0x0,
    0x12, 0xf5, 0x11, 0x11, 0x11, 0xc4, 0x7, 0x20,
    0x3, 0xef, 0xff, 0xff, 0xf8, 0x3, 0xdf, 0x80,
    0x1, 0x12, 0xf5, 0x11, 0x0, 0x0, 0x76, 0x5,
    0xff, 0xff, 0xff, 0xfe, 0x0, 0x0, 0x0, 0x5e,
    0x1, 0xf4, 0x6, 0xe0, 0x0, 0x7, 0x15, 0xff,
    0xff, 0xff, 0xfe, 0x0, 0x2, 0xf5, 0x5e, 0x12,
    0xf5, 0x17, 0xe0, 0x0, 0xae, 0x5, 0xfb, 0xbf,
    0xcb, 0xde, 0x0, 0x2f, 0x70, 0x26, 0xb8, 0x66,
    0xd7, 0x50, 0xb, 0xe0, 0x4, 0xcf, 0x60, 0x2c,
    0xe4, 0x0, 0x97, 0x7, 0xfb, 0x20, 0x0, 0x6,
    0xf3, 0x0, 0x0, 0x2, 0x0, 0x0, 0x0, 0x1,
    0x0,

    /* U+706B "火" */
    0x0, 0x0, 0x0, 0x7f, 0x10, 0x0, 0x0, 0x0,
    0x0, 0x0, 0x7, 0xf1, 0x0, 0x0, 0x0, 0x0,
    0x0, 0x0, 0x7f, 0x10, 0x0, 0x10, 0x0, 0x5,
    0xf1, 0x7, 0xf1, 0x0, 0x3f, 0x50, 0x0, 0x9e,
    0x0, 0x7f, 0x10, 0xa, 0xf1, 0x0, 0x1f, 0x90,
    0x8, 0xf2, 0x2, 0xf7, 0x0, 0xa, 0xf2, 0x0,
    0xbf, 0x50, 0xbd, 0x0, 0x0, 0x66, 0x0, 0x1f,
    0xeb, 0x3, 0x30, 0x0, 0x0, 0x0, 0x8, 0xe5,
    0xf3, 0x0, 0x0, 0x0, 0x0, 0x3, 0xf7, 0xc,
    0xe1, 0x0, 0x0, 0x0, 0x3, 0xec, 0x0, 0x2e,
    0xd1, 0x0, 0x0, 0x7, 0xfd, 0x10, 0x0, 0x3f,
    0xf6, 0x0, 0x2e, 0xfa, 0x0, 0x0, 0x0, 0x2c,
    0xfd, 0x0, 0x74, 0x0, 0x0, 0x0, 0x0, 0x5,
    0x50,

    /* U+70B9 "点" */
    0x0, 0x0, 0x0, 0x5f, 0x50, 0x0, 0x0, 0x0,
    0x0, 0x0, 0x5, 0xf7, 0x33, 0x33, 0x20, 0x0,
    0x0, 0x0, 0x5f, 0xff, 0xff, 0xff, 0x0, 0x0,
    0x0, 0x5, 0xf7, 0x22, 0x22, 0x20, 0x0, 0x0,
    0x0, 0x5f, 0x50, 0x0, 0x0, 0x0, 0x6, 0xff,
    0xff, 0xff, 0xff, 0xfe, 0x0, 0x0, 0x6f, 0x55,
    0x55, 0x55, 0x5a, 0xe0, 0x0, 0x6, 0xe0, 0x0,
    0x0, 0x0, 0x8e, 0x0, 0x0, 0x6f, 0x55, 0x55,
    0x55, 0x5b, 0xe0, 0x0, 0x6, 0xff, 0xff, 0xff,
    0xff, 0xfe, 0x0, 0x0, 0x11, 0x0, 0x0, 0x0,
    0x0, 0x30, 0x0, 0xa, 0xd0, 0xa7, 0x7, 0xd0,
    0x4f, 0x50, 0x4, 0xf5, 0xa, 0xa0, 0x2f, 0x40,
    0xae, 0x10, 0xeb, 0x0, 0x9d, 0x0, 0xd9, 0x1,
    0xf7, 0x2, 0x10, 0x2, 0x10, 0x1, 0x0, 0x1,
    0x0,

    /* U+7121 "無" */
    0x0, 0x5, 0xa1, 0x0, 0x0, 0x0, 0x0, 0x0,
    0x1, 0xed, 0x33, 0x33, 0x33, 0x33, 0x20, 0x0,
    0xcf, 0xff, 0xff, 0xff, 0xff, 0xfb, 0x1, 0xbf,
    0xf2, 0x5e, 0xe, 0x52, 0xf3, 0x0, 0x1d, 0x8f,
    0x14, 0xe0, 0xe4, 0x1f, 0x30, 0x1, 0x57, 0xf6,
    0x8f, 0x5f, 0x86, 0xf7, 0x51, 0x3f, 0xff, 0xff,
    0xff, 0xff, 0xff, 0xff, 0x30, 0x2, 0xf1, 0x4e,
    0xe, 0x41, 0xf3, 0x0, 0x0, 0x2f, 0x14, 0xe0,
    0xe4, 0x1f, 0x30, 0x0, 0xff, 0xff, 0xff, 0xff,
    0xff, 0xff, 0xf0, 0x5, 0x65, 0x55, 0x55, 0x55,
    0x55, 0x75, 0x0, 0xd, 0x90, 0x79, 0xa, 0x70,
    0x9e, 0x10, 0x5, 0xf3, 0x8, 0xd0, 0x9e, 0x1,
    0xeb, 0x1, 0xea, 0x0, 0x6e, 0x4, 0xf3, 0x5,
    0xf4, 0x1, 0x0, 0x0, 0x0, 0x0, 0x0, 0x1,
    0x0,

    /* U+7248 "版" */
    0x0, 0x0, 0xe6, 0x0, 0x0, 0x0, 0x0, 0x0,
    0x8c, 0xe, 0x60, 0xaf, 0xff, 0xff, 0xf3, 0x8,
    0xc0, 0xe6, 0xa, 0xc4, 0x44, 0x44, 0x10, 0x8c,
    0xe, 0x60, 0xaa, 0x0, 0x0, 0x0, 0x8, 0xe9,
    0xfc, 0x5a, 0xb2, 0x22, 0x21, 0x0, 0x8e, 0xaa,
    0xa6, 0xaf, 0xff, 0xff, 0xf0, 0x8, 0xc0, 0x0,
    0xb, 0xef, 0x22, 0xcd, 0x0, 0x8d, 0x55, 0x30,
    0xb9, 0xf4, 0xe, 0x90, 0x9, 0xff, 0xfb, 0xc,
    0x7b, 0xa5, 0xf4, 0x0, 0xaa, 0x9, 0xb0, 0xe6,
    0x4f, 0xdd, 0x0, 0xc, 0x80, 0x9b, 0x2f, 0x30,
    0xdf, 0x50, 0x0, 0xf5, 0x9, 0xb6, 0xf0, 0x3f,
    0xfa, 0x0, 0x5f, 0x10, 0x9b, 0xcb, 0x6f, 0xc6,
    0xfc, 0x35, 0x90, 0x9, 0xca, 0x48, 0x90, 0x4,
    0xd3, 0x0, 0x0, 0x0, 0x0, 0x0, 0x0, 0x0,
    0x0,

    /* U+72B6 "状" */
    0x0, 0x0, 0x0, 0x0, 0x0, 0x0, 0x0, 0x0,
    0x0, 0x7f, 0x0, 0x4, 0xf2, 0x33, 0x0, 0x0,
    0x7, 0xf0, 0x0, 0x4f, 0x2a, 0xd0, 0x1, 0xb2,
    0x7f, 0x0, 0x4, 0xf2, 0x1e, 0x80, 0xd, 0xc7,
    0xf0, 0x0, 0x4f, 0x20, 0x67, 0x0, 0x4f, 0xcf,
    0x35, 0x58, 0xf7, 0x55, 0x51, 0x0, 0x89, 0xf9,
    0xff, 0xff, 0xff, 0xff, 0x40, 0x0, 0x7f, 0x1,
    0x18, 0xf7, 0x11, 0x10, 0x0, 0xb, 0xf0, 0x0,
    0xaf, 0xb0, 0x0, 0x0, 0x1c, 0xff, 0x0, 0xe,
    0xcf, 0x20, 0x0, 0x3e, 0xd8, 0xf0, 0x5, 0xf3,
    0xd9, 0x0, 0x2, 0xa0, 0x7f, 0x0, 0xdc, 0x5,
    0xf3, 0x0, 0x0, 0x7, 0xf0, 0x8f, 0x30, 0xc,
    0xe1, 0x0, 0x0, 0x7f, 0x6f, 0x80, 0x0, 0x2e,
    0xe3, 0x0, 0x7, 0xf8, 0x90, 0x0, 0x0, 0x2c,
    0x10, 0x0, 0x0, 0x0, 0x0, 0x0, 0x0, 0x0,

    /* U+7387 "率" */
    0x0, 0x0, 0x0, 0x4f, 0x30, 0x0, 0x0, 0x0,
    0x0, 0x0, 0x4, 0xf3, 0x0, 0x0, 0x0, 0xc,
    0xff, 0xff, 0xff, 0xff, 0xff, 0xfc, 0x0, 0x35,
    0x44, 0x4e, 0xa4, 0x44, 0x48, 0x30, 0x7, 0xe5,
    0x19, 0xd0, 0x86, 0x7, 0xf5, 0x0, 0x6, 0xf7,
    0xea, 0x6e, 0x25, 0xe4, 0x0, 0x0, 0x1, 0x11,
    0xdf, 0x75, 0x12, 0x0, 0x0, 0x17, 0xda, 0x4f,
    0x66, 0xfc, 0xf8, 0x0, 0x1f, 0xc6, 0xbf, 0xff,
    0xdd, 0xd3, 0xdd, 0x0, 0x10, 0x0, 0x4, 0xf3,
    0x3, 0x0, 0x20, 0x3f, 0xff, 0xff, 0xff, 0xff,
    0xff, 0xff, 0x31, 0x55, 0x55, 0x58, 0xf7, 0x55,
    0x55, 0x51, 0x0, 0x0, 0x0, 0x4f, 0x30, 0x0,
    0x0, 0x0, 0x0, 0x0, 0x4, 0xf3, 0x0, 0x0,
    0x0,

    /* U+7528 "用" */
    0x0, 0x68, 0x88, 0x88, 0x88, 0x88, 0x83, 0x0,
    0xcf, 0xdd, 0xdf, 0xed, 0xdd, 0xf6, 0x0, 0xca,
    0x0, 0x1f, 0x50, 0x0, 0xf6, 0x0, 0xcb, 0x22,
    0x3f, 0x62, 0x22, 0xf6, 0x0, 0xcf, 0xff, 0xff,
    0xff, 0xff, 0xf6, 0x0, 0xcb, 0x22, 0x4f, 0x72,
    0x22, 0xf6, 0x0, 0xc9, 0x0, 0x1f, 0x50, 0x0,
    0xf6, 0x0, 0xdc, 0x66, 0x7f, 0x96, 0x66, 0xf6,
    0x0, 0xff, 0xff, 0xff, 0xff, 0xff, 0xf6, 0x2,
    0xf4, 0x0, 0x1f, 0x50, 0x0, 0xf6, 0x7, 0xf0,
    0x0, 0x1f, 0x50, 0x0, 0xf6, 0x1e, 0xa0, 0x0,
    0x1f, 0x53, 0x55, 0xf6, 0x3e, 0x20, 0x0, 0x1f,
    0x55, 0xff, 0xd1, 0x0, 0x0, 0x0, 0x0, 0x0,
    0x0, 0x0,

    /* U+753B "画" */
    0x3f, 0xff, 0xff, 0xff, 0xff, 0xff, 0xff, 0x32,
    0xdd, 0xdd, 0xde, 0xfe, 0xdd, 0xdd, 0xd2, 0x1,
    0x10, 0x0, 0x4f, 0x20, 0x0, 0x11, 0x0, 0xba,
    0x1e, 0xee, 0xfe, 0xee, 0x1a, 0xc0, 0xb, 0xa1,
    0xf5, 0x6f, 0x55, 0xf1, 0xac, 0x0, 0xba, 0x1f,
    0x24, 0xf2, 0x3f, 0x1a, 0xc0, 0xb, 0xa1, 0xff,
    0xff, 0xff, 0xf1, 0xac, 0x0, 0xba, 0x1f, 0x13,
    0xf1, 0x2f, 0x1a, 0xc0, 0xb, 0xa1, 0xf2, 0x4f,
    0x23, 0xf1, 0xac, 0x0, 0xba, 0x1f, 0xff, 0xff,
    0xff, 0x1a, 0xc0, 0xb, 0xa0, 0x11, 0x11, 0x11,
    0x10, 0xac, 0x0, 0xbf, 0xff, 0xff, 0xff, 0xff,
    0xff, 0xc0, 0xb, 0xc5, 0x55, 0x55, 0x55, 0x55,
    0xbb, 0x0,

    /* U+7559 "留" */
    0x0, 0x0, 0x39, 0x60, 0x0, 0x0, 0x0, 0x5,
    0xce, 0xfb, 0x68, 0xff, 0xff, 0xfd, 0x5, 0xf4,
    0x0, 0x0, 0x1f, 0x71, 0xac, 0x4, 0xf1, 0x5e,
    0x10, 0x1f, 0x30, 0xab, 0x3, 0xf2, 0xe, 0xb0,
    0x7f, 0x0, 0xba, 0x5, 0xfc, 0xff, 0xf7, 0xf8,
    0x22, 0xe8, 0x5f, 0xfb, 0x62, 0x9f, 0xb0, 0xaf,
    0xf3, 0x3, 0x12, 0x22, 0x26, 0x22, 0x23, 0x10,
    0x0, 0x7f, 0xff, 0xff, 0xff, 0xff, 0x90, 0x0,
    0x7e, 0x0, 0x3f, 0x20, 0xd, 0x90, 0x0, 0x7f,
    0xff, 0xff, 0xff, 0xff, 0x90, 0x0, 0x7f, 0x22,
    0x4f, 0x42, 0x2e, 0x90, 0x0, 0x7f, 0xaa, 0xbf,
    0xba, 0xaf, 0x90, 0x0, 0x7f, 0x88, 0x88, 0x88,
    0x8e, 0x90, 0x0, 0x0, 0x0, 0x0, 0x0, 0x0,
    0x0,

    /* U+767A "発" */
    0x0, 0x0, 0x0, 0x1, 0x70, 0x3, 0x0, 0x0,
    0x2f, 0xff, 0xfe, 0x2f, 0x58, 0xf2, 0x0, 0x0,
    0x63, 0x4f, 0xb0, 0x9f, 0xe3, 0x27, 0x0, 0x2f,
    0x99, 0xf2, 0x1, 0xeb, 0x3e, 0xa0, 0x0, 0x3f,
    0xf6, 0x0, 0x4, 0xff, 0x70, 0x0, 0x1a, 0xfd,
    0x77, 0x77, 0x7c, 0xfc, 0x20, 0x4e, 0xec, 0xef,
    0xee, 0xff, 0xec, 0xef, 0x40, 0x60, 0x2, 0xf4,
    0x7, 0xf0, 0x1, 0x60, 0x0, 0x11, 0x3f, 0x51,
    0x8f, 0x21, 0x10, 0x0, 0x8f, 0xff, 0xff, 0xff,
    0xff, 0xff, 0x70, 0x1, 0x33, 0x9f, 0x43, 0x9f,
    0x43, 0x31, 0x0, 0x0, 0x2e, 0xa0, 0x7, 0xf0,
    0x5, 0x80, 0x1, 0x7f, 0xd1, 0x0, 0x6f, 0x54,
    0xac, 0x0, 0x7f, 0x90, 0x0, 0x2, 0xef, 0xff,
    0x60, 0x0, 0x0, 0x0, 0x0, 0x0, 0x0, 0x0,
    0x0,

    /* U+767E "百" */
    0x1f, 0xff, 0xff, 0xff, 0xff, 0xff, 0xff, 0x10,
    0x66, 0x66, 0x6b, 0xf7, 0x66, 0x66, 0x60, 0x0,
    0x0, 0x0, 0xaf, 0x0, 0x0, 0x0, 0x0, 0x2,
    0x55, 0x5d, 0xd5, 0x55, 0x53, 0x0, 0x0, 0x7f,
    0xff, 0xff, 0xff, 0xff, 0xa0, 0x0, 0x7, 0xf0,
    0x0, 0x0, 0x0, 0xda, 0x0, 0x0, 0x7f, 0x0,
    0x0, 0x0, 0xd, 0xa0, 0x0, 0x7, 0xff, 0xff,
    0xff, 0xff, 0xfa, 0x0, 0x0, 0x7f, 0x55, 0x55,
    0x55, 0x5e, 0xa0, 0x0, 0x7, 0xf0, 0x0, 0x0,
    0x0, 0xda, 0x0, 0x0, 0x7f, 0x0, 0x0, 0x0,
    0xd, 0xa0, 0x0, 0x7, 0xff, 0xff, 0xff, 0xff,
    0xfa, 0x0, 0x0, 0x7f, 0x55, 0x55, 0x55, 0x5e,
    0xa0, 0x0,

    /* U+7684 "的" */
    0x0, 0x67, 0x0, 0x3, 0x80, 0x0, 0x0, 0xc,
    0xa0, 0x0, 0x8d, 0x0, 0x0, 0x34, 0xf7, 0x42,
    0xe, 0xb5, 0x55, 0x4c, 0xff, 0xff, 0xa4, 0xff,
    0xff, 0xfd, 0xc8, 0x0, 0xaa, 0xbb, 0x0, 0x8,
    0xcc, 0x80, 0xa, 0xdf, 0x30, 0x0, 0x9c, 0xc9,
    0x22, 0xba, 0x38, 0x50, 0x9, 0xbc, 0xff, 0xff,
    0xa0, 0x8f, 0x10, 0xaa, 0xc9, 0x11, 0xba, 0x0,
    0xdb, 0xb, 0x9c, 0x80, 0xa, 0xa0, 0x4, 0xf2,
    0xc8, 0xc8, 0x0, 0xaa, 0x0, 0x2, 0xe, 0x7c,
    0xb5, 0x5c, 0xa0, 0x0, 0x0, 0xf5, 0xcf, 0xee,
    0xe9, 0x0, 0x45, 0x9f, 0x2c, 0x80, 0x0, 0x0,
    0xe, 0xff, 0x80, 0x0, 0x0, 0x0, 0x0, 0x0,
    0x0, 0x0,

    /* U+770B "看" */
    0x0, 0x0, 0x0, 0x0, 0x23, 0x46, 0x40, 0x0,
    0x1e, 0xee, 0xff, 0xff, 0xed, 0xb8, 0x0, 0x0,
    0x33, 0x24, 0xf6, 0x0, 0x0, 0x0, 0x0, 0x1f,
    0xff, 0xff, 0xff, 0xff, 0xff, 0x40, 0x0, 0x11,
    0x1e, 0xb1, 0x11, 0x11, 0x10, 0x2, 0xff, 0xff,
    0xff, 0xff, 0xff, 0xff, 0xf2, 0x2, 0x22, 0xec,
    0x22, 0x22, 0x22, 0x22, 0x0, 0x0, 0x9f, 0xff,
    0xff, 0xff, 0xfa, 0x0, 0x0, 0x7f, 0xf5, 0x22,
    0x22, 0x2c, 0xb0, 0x0, 0x9f, 0xaf, 0xfe, 0xee,
    0xee, 0xfb, 0x0, 0x3f, 0x62, 0xf3, 0x0, 0x0,
    0xb, 0xb0, 0x0, 0x0, 0x2f, 0xee, 0xee, 0xee,
    0xfb, 0x0, 0x0, 0x2, 0xf5, 0x22, 0x22, 0x2c,
    0xb0, 0x0, 0x0, 0x2f, 0xff, 0xff, 0xff, 0xfb,
    0x0,

    /* U+78BA "確" */
    0x0, 0x0, 0x0, 0x0, 0x8, 0x80, 0x0, 0x3,
    0xff, 0xff, 0xf5, 0x33, 0xe9, 0x33, 0x31, 0x14,
    0xbd, 0x44, 0xdf, 0xff, 0xff, 0xff, 0x50, 0xc,
    0x90, 0xd, 0x5b, 0xb0, 0x72, 0xe5, 0x0, 0xf6,
    0x0, 0x55, 0xf4, 0x5f, 0x16, 0x20, 0x3f, 0x74,
    0x41, 0xdf, 0xef, 0xfe, 0xc0, 0x7, 0xff, 0xff,
    0xcf, 0xa5, 0xf9, 0x54, 0x0, 0xdf, 0x5, 0xfb,
    0xf9, 0x3f, 0x83, 0x10, 0x4f, 0xf0, 0x4e, 0xe,
    0xfe, 0xff, 0xe8, 0x7, 0xdf, 0x4, 0xe0, 0xe7,
    0xe, 0x60, 0x0, 0x4, 0xf0, 0x4e, 0xe, 0xff,
    0xff, 0xf8, 0x0, 0x3f, 0xdd, 0xe0, 0xe8, 0x1f,
    0x71, 0x0, 0x3, 0xf6, 0x65, 0xe, 0xc9, 0xfc,
    0x99, 0x30, 0x28, 0x0, 0x0, 0xec, 0x99, 0x99,
    0x93,

    /* U+793A "示" */
    0x0, 0x67, 0x77, 0x77, 0x77, 0x77, 0x40, 0x0,
    0xe, 0xff, 0xff, 0xff, 0xff, 0xfa, 0x0, 0x0,
    0x0, 0x0, 0x0, 0x0, 0x0, 0x0, 0x0, 0x0,
    0x0, 0x0, 0x0, 0x0, 0x0, 0x0, 0x1c, 0xcc,
    0xcc, 0xcc, 0xcc, 0xcc, 0xcc, 0x11, 0xaa, 0xaa,
    0xac, 0xfb, 0xaa, 0xaa, 0xa1, 0x0, 0x0, 0x0,
    0x5f, 0x30, 0x0, 0x0, 0x0, 0x1, 0xf6, 0x5,
    0xf3, 0xa, 0xd0, 0x0, 0x0, 0xaf, 0x10, 0x5f,
    0x30, 0x2f, 0xa0, 0x0, 0x4f, 0x60, 0x5, 0xf3,
    0x0, 0x8f, 0x40, 0x3f, 0xb0, 0x0, 0x5f, 0x30,
    0x0, 0xed, 0x0, 0x70, 0x6, 0x6a, 0xf2, 0x0,
    0x5, 0x50, 0x0, 0x0, 0x9f, 0xfb, 0x0, 0x0,
    0x0, 0x0, 0x0, 0x0, 0x0, 0x0, 0x0, 0x0,
    0x0,

    /* U+79BB "离" */
    0x0, 0x0, 0x0, 0x4f, 0x30, 0x0, 0x0, 0x1,
    0x99, 0x99, 0x9b, 0xfb, 0x99, 0x99, 0x91, 0x19,
    0x99, 0x99, 0x99, 0xaa, 0x99, 0x99, 0x10, 0x5,
    0xe0, 0xaa, 0x5c, 0x80, 0xd7, 0x0, 0x0, 0x6f,
    0x2, 0xef, 0xe3, 0xf, 0x70, 0x0, 0x6, 0xf3,
    0xe8, 0x16, 0xa0, 0xf7, 0x0, 0x0, 0x6f, 0xdd,
    0xdd, 0xdd, 0xdf, 0x70, 0x0, 0x1, 0x44, 0x4d,
    0xd4, 0x44, 0x42, 0x0, 0x1, 0x55, 0x55, 0xfb,
    0x55, 0x55, 0x51, 0x0, 0x5f, 0xee, 0xef, 0xee,
    0xee, 0xef, 0x50, 0x5, 0xf1, 0x7, 0xe0, 0x2f,
    0x32, 0xf5, 0x0, 0x5f, 0x6d, 0xff, 0xff, 0xfe,
    0x2f, 0x50, 0x5, 0xf3, 0x44, 0x32, 0x0, 0xa6,
    0xf5, 0x0, 0x5f, 0x10, 0x0, 0x0, 0xb, 0xfd,
    0x20, 0x0, 0x0, 0x0, 0x0, 0x0, 0x0, 0x0,
    0x0,

    /* U+79D2 "秒" */
    0x0, 0x0, 0x23, 0x0, 0x6, 0xf0, 0x0, 0x1,
    0x69, 0xdf, 0xd0, 0x0, 0x6f, 0x0, 0x0, 0x2d,
    0xaf, 0x70, 0x0, 0x6, 0xf0, 0x10, 0x0, 0x0,
    0xf6, 0x0, 0xb9, 0x6f, 0x1f, 0x40, 0x26, 0x6f,
    0xa6, 0x1f, 0x66, 0xf0, 0xac, 0x5, 0xff, 0xff,
    0xf6, 0xf2, 0x6f, 0x4, 0xf2, 0x0, 0x6f, 0x70,
    0xbc, 0x6, 0xf0, 0xf, 0x70, 0xd, 0xff, 0x5b,
    0x40, 0x6f, 0x1, 0x52, 0x5, 0xdf, 0xaf, 0x20,
    0x7b, 0xf0, 0xe8, 0x1, 0xe6, 0xf6, 0x60, 0x9,
    0xc7, 0x6f, 0x30, 0x7d, 0xf, 0x60, 0x0, 0x0,
    0x3f, 0x90, 0x0, 0x20, 0xf6, 0x0, 0x0, 0x7f,
    0xb0, 0x0, 0x0, 0xf, 0x60, 0x59, 0xef, 0x70,
    0x0, 0x0, 0x0, 0xf6, 0xa, 0xc7, 0x10, 0x0,
    0x0, 0x0, 0x0, 0x0, 0x0, 0x0, 0x0, 0x0,
    0x0,

    /* U+7A0B "程" */
    0x0, 0x0, 0x12, 0x0, 0x0, 0x0, 0x0, 0x1,
    0x47, 0xbf, 0xe2, 0xff, 0xff, 0xff, 0x70, 0x2d,
    0xaf, 0x80, 0x1f, 0x63, 0x33, 0xe7, 0x0, 0x0,
    0xf6, 0x1, 0xf3, 0x0, 0xe, 0x70, 0x14, 0x4f,
    0x94, 0x2f, 0x64, 0x44, 0xe7, 0x5, 0xff, 0xff,
    0xf3, 0xff, 0xff, 0xff, 0x70, 0x0, 0x6f, 0x90,
    0x23, 0x33, 0x33, 0x33, 0x0, 0xd, 0xff, 0x79,
    0xff, 0xff, 0xff, 0xf2, 0x5, 0xdf, 0x9f, 0x30,
    0x7, 0xf0, 0x0, 0x1, 0xe6, 0xf6, 0x51, 0x44,
    0x9f, 0x44, 0x30, 0x7d, 0xf, 0x60, 0x4f, 0xff,
    0xff, 0xfc, 0x1, 0x30, 0xf6, 0x0, 0x0, 0x7f,
    0x0, 0x0, 0x0, 0xf, 0x60, 0x22, 0x28, 0xf2,
    0x22, 0x10, 0x0, 0xf6, 0x3f, 0xff, 0xff, 0xff,
    0xf7,

    /* U+7A93 "窓" */
    0x0, 0x0, 0x0, 0x3f, 0x30, 0x0, 0x0, 0x0,
    0x99, 0x99, 0x9b, 0xfb, 0x99, 0x99, 0x90, 0xf,
    0xcb, 0xbf, 0xdb, 0xfd, 0xbb, 0xcf, 0x10, 0xf6,
    0x5, 0xf5, 0xe, 0x80, 0x29, 0xf1, 0x3, 0x59,
    0xfa, 0x10, 0xde, 0xcd, 0xd0, 0x0, 0x7f, 0xc6,
    0x4f, 0x31, 0x56, 0x51, 0x0, 0x0, 0x10, 0xd,
    0xb0, 0x9, 0xd2, 0x0, 0x0, 0x1, 0x27, 0xf6,
    0x45, 0x6e, 0xe3, 0x0, 0x0, 0xff, 0xff, 0xff,
    0xed, 0xcd, 0xf3, 0x0, 0x2, 0x11, 0x1c, 0x90,
    0x0, 0x7, 0x20, 0x0, 0x8a, 0x5c, 0x2c, 0xe1,
    0x1d, 0x70, 0x0, 0x2f, 0x66, 0xf0, 0x3, 0x26,
    0x6f, 0x50, 0x1d, 0xd0, 0x6f, 0x33, 0x38, 0xe0,
    0x9f, 0x22, 0xb2, 0x2, 0xdf, 0xff, 0xf7, 0x0,
    0xa2,

    /* U+7A97 "窗" */
    0x0, 0x0, 0x0, 0x3f, 0x30, 0x0, 0x0, 0x0,
    0xbb, 0xbb, 0xbc, 0xfc, 0xbb, 0xbb, 0xb4, 0xf,
    0xb8, 0x9f, 0xb8, 0xed, 0x88, 0x9f, 0x60, 0xf6,
    0x9, 0xf2, 0xd, 0x90, 0x6, 0xe4, 0x6, 0x9e,
    0xf5, 0x42, 0xbf, 0xdd, 0xf5, 0x0, 0x9a, 0x61,
    0x2f, 0x60, 0x33, 0x32, 0x0, 0x1, 0xdd, 0xde,
    0xfd, 0xdd, 0xdd, 0xd5, 0x0, 0x1f, 0x75, 0x55,
    0xa5, 0x55, 0x5f, 0x60, 0x1, 0xf4, 0x33, 0xaf,
    0xbc, 0x60, 0xf6, 0x0, 0x1f, 0x46, 0xff, 0x43,
    0xf3, 0xf, 0x60, 0x1, 0xf5, 0xd5, 0x4e, 0xf8,
    0x0, 0xf6, 0x0, 0x1f, 0x40, 0x4b, 0xe7, 0xe7,
    0xf, 0x60, 0x1, 0xf5, 0x5f, 0x92, 0x23, 0x42,
    0xf6, 0x0, 0x1f, 0xee, 0xee, 0xee, 0xee, 0xef,
    0x60, 0x0, 0x10, 0x0, 0x0, 0x0, 0x0, 0x0,
    0x0,

    /* U+7B2C "第" */
    0x0, 0x34, 0x0, 0x0, 0x43, 0x0, 0x0, 0x0,
    0xc, 0xc3, 0x33, 0x1e, 0xa3, 0x33, 0x30, 0x6,
    0xff, 0xfe, 0xea, 0xff, 0xfe, 0xee, 0x13, 0xf8,
    0x6e, 0x7, 0xf4, 0x1e, 0x70, 0x0, 0x18, 0x56,
    0xc5, 0x7a, 0x55, 0xa9, 0x30, 0x0, 0xd, 0xdd,
    0xde, 0xfd, 0xdd, 0xfc, 0x0, 0x0, 0x0, 0x0,
    0x6f, 0x0, 0xa, 0xc0, 0x0, 0xb, 0xff, 0xff,
    0xff, 0xff, 0xfc, 0x0, 0x0, 0xea, 0x0, 0x6f,
    0x0, 0x0, 0x0, 0x0, 0x1f, 0xff, 0xff, 0xff,
    0xff, 0xff, 0x80, 0x2, 0x94, 0x5e, 0xff, 0x44,
    0x44, 0xf7, 0x0, 0x0, 0x7f, 0xa7, 0xf0, 0x0,
    0x2f, 0x50, 0x18, 0xee, 0x50, 0x6f, 0x4, 0xde,
    0xf1, 0x0, 0x87, 0x0, 0x6, 0xf0, 0x6, 0x62,
    0x0,

    /* U+7B54 "答" */
    0x0, 0x57, 0x0, 0x0, 0x57, 0x0, 0x0, 0x0,
    0xd, 0xc4, 0x44, 0x1e, 0xc4, 0x44, 0x40, 0x7,
    0xff, 0xff, 0xfb, 0xff, 0xff, 0xff, 0x15, 0xf7,
    0x5f, 0x16, 0xf4, 0xc, 0xc0, 0x0, 0x17, 0x0,
    0x74, 0xef, 0xa0, 0x26, 0x0, 0x0, 0x0, 0x3,
    0xee, 0x7f, 0xb1, 0x0, 0x0, 0x0, 0x7, 0xfd,
    0x20, 0x5f, 0xe5, 0x0, 0x0, 0x5d, 0xfe, 0xff,
    0xff, 0xff, 0xfd, 0x50, 0x7f, 0xd4, 0x23, 0x33,
    0x33, 0x25, 0xdf, 0x20, 0x50, 0x45, 0x55, 0x55,
    0x55, 0x50, 0x30, 0x0, 0xe, 0xfe, 0xee, 0xee,
    0xff, 0x0, 0x0, 0x0, 0xe6, 0x0, 0x0, 0x8,
    0xf0, 0x0, 0x0, 0xe, 0x83, 0x33, 0x33, 0xaf,
    0x0, 0x0, 0x0, 0xef, 0xff, 0xff, 0xff, 0xf0,
    0x0, 0x0, 0x0, 0x0, 0x0, 0x0, 0x0, 0x0,
    0x0,

    /* U+7D04 "約" */
    0x0, 0x36, 0x0, 0x0, 0x75, 0x0, 0x0, 0x0,
    0xa, 0xb0, 0x0, 0x1f, 0x90, 0x0, 0x0, 0x3,
    0xf3, 0x87, 0x8, 0xf3, 0x0, 0x0, 0x4, 0xfa,
    0x2f, 0x41, 0xef, 0xff, 0xff, 0xf5, 0xa, 0xec,
    0x90, 0xaf, 0x65, 0x55, 0x5f, 0x50, 0xd, 0xd6,
    0x9e, 0x80, 0x0, 0x1, 0xf4, 0x4, 0xf5, 0x8f,
    0x20, 0x82, 0x0, 0x1f, 0x47, 0xff, 0xff, 0xf8,
    0xb, 0xc0, 0x2, 0xf3, 0x12, 0x1f, 0x36, 0x40,
    0x2f, 0x60, 0x3f, 0x20, 0xd5, 0xf8, 0xe0, 0x0,
    0x9b, 0x4, 0xf1, 0x1f, 0x3f, 0x3e, 0x50, 0x1,
    0x0, 0x6f, 0x5, 0xe0, 0xf3, 0x96, 0x0, 0x0,
    0x9, 0xd0, 0x47, 0xf, 0x30, 0x0, 0x5, 0x66,
    0xea, 0x0, 0x0, 0xf3, 0x0, 0x0, 0x7f, 0xfd,
    0x20, 0x0, 0x1, 0x0, 0x0, 0x0, 0x0, 0x0,
    0x0,

    /* U+7D30 "細" */
    0x0, 0x26, 0x0, 0x0, 0x0, 0x0, 0x0, 0x0,
    0xac, 0x0, 0x27, 0x77, 0x77, 0x76, 0x3, 0xf3,
    0x77, 0x4f, 0xde, 0xfd, 0xec, 0x4f, 0xa2, 0xf4,
    0x4f, 0x5, 0xf0, 0x8c, 0xa, 0xdc, 0x90, 0x4f,
    0x5, 0xf0, 0x8c, 0x0, 0xdd, 0x58, 0x4f, 0x5,
    0xf0, 0x8c, 0x15, 0xf7, 0x8f, 0x6f, 0x58, 0xf5,
    0xac, 0x8f, 0xff, 0xcd, 0xcf, 0xff, 0xff, 0xfc,
    0x11, 0xf, 0x34, 0x9f, 0x5, 0xf0, 0x8c, 0xc,
    0x5f, 0x7c, 0x4f, 0x5, 0xf0, 0x8c, 0xf, 0x4f,
    0x4f, 0x7f, 0x5, 0xf0, 0x8c, 0x3f, 0x1f, 0x3b,
    0xbf, 0x5, 0xf0, 0x8c, 0x6b, 0xf, 0x31, 0x4f,
    0xff, 0xff, 0xfc, 0x0, 0xf, 0x30, 0x4f, 0x44,
    0x44, 0xac,

    /* U+7D42 "終" */
    0x0, 0x36, 0x0, 0x0, 0x48, 0x0, 0x0, 0x0,
    0xa, 0xb0, 0x0, 0xd, 0xb2, 0x23, 0x0, 0x3,
    0xf2, 0x95, 0x8, 0xff, 0xff, 0xf6, 0x4, 0xf9,
    0x3f, 0x25, 0xfe, 0x11, 0x8f, 0x10, 0xa, 0xed,
    0x74, 0xf8, 0xda, 0x4f, 0x60, 0x0, 0xd, 0xc9,
    0x34, 0x2, 0xef, 0x90, 0x0, 0x4, 0xf5, 0xab,
    0x0, 0x8f, 0xfc, 0x10, 0x7, 0xff, 0xfe, 0xf8,
    0xef, 0x62, 0xdf, 0x81, 0x12, 0x2f, 0x27, 0x99,
    0x3a, 0x40, 0x7e, 0x30, 0xe7, 0xf8, 0xb0, 0x1,
    0x8f, 0xb1, 0x0, 0x1f, 0x4f, 0x2f, 0x11, 0x0,
    0x28, 0x0, 0x5, 0xe2, 0xf1, 0x83, 0xdf, 0xa4,
    0x0, 0x0, 0x47, 0x2f, 0x10, 0x0, 0x4a, 0xfd,
    0x60, 0x0, 0x2, 0xf1, 0x0, 0x0, 0x1, 0x8d,
    0x10, 0x0, 0x0, 0x0, 0x0, 0x0, 0x0, 0x0,
    0x0,

    /* U+7D9A "続" */
    0x0, 0x49, 0x0, 0x0, 0x7, 0xe0, 0x0, 0x0,
    0xb, 0xa0, 0x3, 0x33, 0x9f, 0x33, 0x30, 0x2,
    0xf2, 0x73, 0xef, 0xff, 0xff, 0xff, 0x34, 0xf9,
    0x3f, 0x20, 0x0, 0x7e, 0x0, 0x0, 0xb, 0xcd,
    0x70, 0x4f, 0xff, 0xff, 0xfc, 0x0, 0x1e, 0xb9,
    0x20, 0x22, 0x22, 0x22, 0x20, 0x15, 0xf5, 0xca,
    0xef, 0xff, 0xff, 0xff, 0x58, 0xff, 0xfe, 0xff,
    0x62, 0x21, 0x21, 0xe5, 0x1, 0x3f, 0x8, 0xc4,
    0xf6, 0x2f, 0x1c, 0x40, 0xd6, 0xf7, 0x80, 0xf,
    0x52, 0xf1, 0x0, 0x1f, 0x5f, 0x3d, 0x3, 0xf3,
    0x2f, 0x10, 0x5, 0xe3, 0xf0, 0xb0, 0xbd, 0x2,
    0xf1, 0x65, 0x57, 0x3f, 0x1, 0xaf, 0x30, 0x2f,
    0x4a, 0x80, 0x3, 0xf0, 0x7d, 0x30, 0x0, 0xdf,
    0xf3, 0x0, 0x2, 0x0, 0x0, 0x0, 0x0, 0x0,
    0x0,

    /* U+7F51 "网" */
    0xef, 0xff, 0xff, 0xff, 0xff, 0xff, 0xae, 0xc9,
    0x9f, 0xb9, 0x9f, 0xb9, 0xea, 0xe7, 0x0, 0xf5,
    0x0, 0xf4, 0xc, 0xae, 0x71, 0xf, 0x43, 0x1f,
    0x30, 0xca, 0xe7, 0xe8, 0xf3, 0xeb, 0xf1, 0xc,
    0xae, 0x74, 0xff, 0x2, 0xdf, 0x0, 0xca, 0xe7,
    0x7, 0xf6, 0x6, 0xf9, 0xc, 0xae, 0x70, 0x9e,
    0xf3, 0xac, 0xf6, 0xca, 0xe7, 0xe, 0x77, 0x2e,
    0x65, 0x4c, 0xae, 0x75, 0xf1, 0x6, 0xf1, 0x0,
    0xca, 0xe7, 0xe9, 0x1, 0xf8, 0x0, 0xc, 0xae,
    0x75, 0x0, 0x6, 0x0, 0x55, 0xd9, 0xe7, 0x0,
    0x0, 0x0, 0xb, 0xfd, 0x40,

    /* U+7F6E "置" */
    0x5, 0xff, 0xff, 0xff, 0xff, 0xff, 0xf7, 0x0,
    0x5f, 0x0, 0xe6, 0x7, 0xd0, 0xf, 0x70, 0x5,
    0xff, 0xff, 0xff, 0xff, 0xff, 0xf7, 0x0, 0x44,
    0x44, 0x45, 0xf8, 0x44, 0x44, 0x40, 0xd, 0xdd,
    0xdd, 0xdf, 0xdd, 0xdd, 0xdd, 0x0, 0x0, 0x3,
    0x7a, 0xf7, 0x77, 0x76, 0x0, 0x3, 0xf3, 0x7e,
    0x66, 0x66, 0x6b, 0xe0, 0x0, 0x4f, 0x37, 0xfb,
    0xbb, 0xbb, 0xde, 0x0, 0x4, 0xf3, 0x7f, 0xaa,
    0xaa, 0xad, 0xe0, 0x0, 0x4f, 0x37, 0xd2, 0x22,
    0x22, 0x9e, 0x0, 0x4, 0xf3, 0x7e, 0xee, 0xee,
    0xee, 0xc0, 0x0, 0x4f, 0x63, 0x33, 0x33, 0x33,
    0x33, 0x31, 0x4, 0xfe, 0xee, 0xee, 0xee, 0xee,
    0xee, 0x50,

    /* U+7F8E "美" */
    0x0, 0x3, 0x80, 0x0, 0x0, 0x93, 0x0, 0x0,
    0x0, 0x3f, 0x70, 0x0, 0x8f, 0x20, 0x0, 0x6,
    0xbb, 0xfe, 0xbb, 0xbf, 0xeb, 0xb6, 0x0, 0x59,
    0x99, 0x9b, 0xfa, 0x99, 0x99, 0x50, 0x0, 0x34,
    0x44, 0x7f, 0x64, 0x44, 0x30, 0x0, 0xc, 0xff,
    0xff, 0xff, 0xff, 0xfe, 0x0, 0x0, 0x0, 0x0,
    0x4f, 0x40, 0x0, 0x0, 0x1, 0xff, 0xff, 0xff,
    0xff, 0xff, 0xff, 0xf2, 0x2, 0x22, 0x22, 0x9f,
    0x32, 0x22, 0x22, 0x2, 0xee, 0xee, 0xef, 0xfe,
    0xee, 0xee, 0xe6, 0x15, 0x55, 0x58, 0xfd, 0xf8,
    0x55, 0x55, 0x20, 0x0, 0x4, 0xee, 0x1c, 0xe5,
    0x0, 0x0, 0x15, 0x9d, 0xfb, 0x10, 0xa, 0xfe,
    0x96, 0x20, 0xec, 0x83, 0x0, 0x0, 0x3, 0x9d,
    0xf2, 0x0, 0x0, 0x0, 0x0, 0x0, 0x0, 0x0,
    0x0,

    /* U+80FD "能" */
    0x0, 0x0, 0x0, 0x0, 0x0, 0x0, 0x0, 0x0,
    0x4, 0xe2, 0x0, 0xe, 0x70, 0x0, 0x0, 0x0,
    0xad, 0x1c, 0x30, 0xe7, 0x5, 0xb1, 0x0, 0x1f,
    0x60, 0xbc, 0xe, 0xce, 0xf9, 0x20, 0x5d, 0xfe,
    0xff, 0xf5, 0xec, 0x50, 0x0, 0x3, 0x87, 0x65,
    0x4c, 0x9e, 0x70, 0x0, 0xd2, 0x2, 0x33, 0x33,
    0x40, 0xea, 0x33, 0x6f, 0x10, 0x9f, 0xff, 0xfc,
    0x9, 0xff, 0xff, 0xb0, 0x9, 0xd4, 0x4b, 0xc0,
    0xc7, 0x11, 0x10, 0x0, 0x9f, 0xdd, 0xfc, 0xe,
    0x70, 0x6e, 0x50, 0x9, 0xc0, 0xa, 0xc0, 0xed,
    0xef, 0x91, 0x0, 0x9f, 0xff, 0xfc, 0xe, 0xc5,
    0x0, 0x0, 0x9, 0xc2, 0x2b, 0xc0, 0xe7, 0x0,
    0xd, 0x40, 0x9c, 0x4, 0xcb, 0xe, 0xb5, 0x56,
    0xf3, 0x9, 0xc0, 0xee, 0x60, 0x6d, 0xee, 0xea,
    0x0,

    /* U+81EA "自" */
    0x0, 0x0, 0x25, 0x10, 0x0, 0x0, 0x0, 0x9,
    0xf1, 0x0, 0x0, 0x47, 0x77, 0xed, 0x77, 0x77,
    0x6a, 0xfe, 0xee, 0xee, 0xee, 0xfe, 0xac, 0x0,
    0x0, 0x0, 0x9, 0xea, 0xd5, 0x55, 0x55, 0x55,
    0xbe, 0xaf, 0xff, 0xff, 0xff, 0xff, 0xea, 0xc0,
    0x0, 0x0, 0x0, 0x9e, 0xac, 0x22, 0x22, 0x22,
    0x2a, 0xea, 0xff, 0xff, 0xff, 0xff, 0xfe, 0xac,
    0x33, 0x33, 0x33, 0x3a, 0xea, 0xc0, 0x0, 0x0,
    0x0, 0x9e, 0xaf, 0xff, 0xff, 0xff, 0xff, 0xea,
    0xd6, 0x66, 0x66, 0x66, 0xce, 0x0, 0x0, 0x0,
    0x0, 0x0, 0x0,

    /* U+884C "行" */
    0x0, 0x6, 0xa1, 0x0, 0x0, 0x0, 0x0, 0x0,
    0x4, 0xfa, 0x6, 0xff, 0xff, 0xff, 0xf0, 0x5,
    0xfc, 0x0, 0x25, 0x55, 0x55, 0x55, 0x4, 0xfc,
    0x3, 0x10, 0x0, 0x0, 0x0, 0x0, 0x8, 0x2,
    0xf9, 0x0, 0x0, 0x0, 0x0, 0x0, 0x0, 0xcd,
    0x16, 0x66, 0x66, 0x66, 0x62, 0x0, 0xbf, 0x40,
    0xff, 0xff, 0xff, 0xff, 0x51, 0xbf, 0xf3, 0x0,
    0x0, 0x4, 0xf3, 0x0, 0x5f, 0x8f, 0x30, 0x0,
    0x0, 0x4f, 0x30, 0x0, 0x23, 0xf3, 0x0, 0x0,
    0x4, 0xf3, 0x0, 0x0, 0x3f, 0x30, 0x0, 0x0,
    0x4f, 0x30, 0x0, 0x3, 0xf3, 0x0, 0x0, 0x4,
    0xf3, 0x0, 0x0, 0x3f, 0x30, 0x0, 0x45, 0x8f,
    0x20, 0x0, 0x3, 0xf3, 0x0, 0x9, 0xff, 0xb0,
    0x0, 0x0, 0x1, 0x0, 0x0, 0x0, 0x0, 0x0,
    0x0,

    /* U+8868 "表" */
    0x0, 0x0, 0x0, 0x4f, 0x20, 0x0, 0x0, 0x0,
    0x24, 0x44, 0x47, 0xf6, 0x44, 0x44, 0x20, 0x8,
    0xee, 0xee, 0xef, 0xee, 0xee, 0xe8, 0x0, 0x2,
    0x33, 0x36, 0xf5, 0x33, 0x33, 0x0, 0x0, 0xdf,
    0xff, 0xff, 0xff, 0xff, 0xf0, 0x0, 0x0, 0x0,
    0x4, 0xf2, 0x0, 0x0, 0x0, 0x1f, 0xff, 0xff,
    0xff, 0xff, 0xff, 0xff, 0x10, 0x33, 0x33, 0xbf,
    0xbf, 0x43, 0x36, 0x30, 0x0, 0x5, 0xde, 0x50,
    0xe7, 0x6, 0xf8, 0x2, 0x7d, 0xff, 0x70, 0x8,
    0xeb, 0xf7, 0x0, 0x2e, 0x92, 0xe7, 0x0, 0x1e,
    0xf2, 0x0, 0x0, 0x0, 0xe, 0x71, 0x48, 0x5f,
    0xb1, 0x0, 0x0, 0x26, 0xff, 0xff, 0xc1, 0x5f,
    0xe7, 0x10, 0xd, 0xfc, 0x84, 0x0, 0x0, 0x2b,
    0xf2, 0x0, 0x10, 0x0, 0x0, 0x0, 0x0, 0x1,
    0x0,

    /* U+88FD "製" */
    0x4, 0x93, 0xf0, 0x0, 0x0, 0x0, 0xe6, 0x0,
    0xcf, 0xef, 0xdd, 0x83, 0xf1, 0xe, 0x60, 0x2d,
    0x24, 0xf1, 0x10, 0x3f, 0x10, 0xe6, 0x7, 0xff,
    0xff, 0xff, 0xf5, 0xf1, 0xe, 0x60, 0x13, 0x36,
    0xf3, 0x33, 0x3f, 0x10, 0xe6, 0x0, 0xce, 0xef,
    0xef, 0xa3, 0xf1, 0xe, 0x60, 0xc, 0x53, 0xf2,
    0xaa, 0x0, 0x22, 0xf6, 0x0, 0x62, 0x3d, 0x2a,
    0xa0, 0x7, 0xdb, 0x10, 0x4a, 0xaa, 0xaa, 0xdf,
    0xaa, 0xaa, 0xaa, 0x23, 0x88, 0x89, 0xff, 0xed,
    0x88, 0x9c, 0x81, 0x1, 0x5a, 0xfb, 0x25, 0xf4,
    0x5e, 0xb1, 0x5, 0xfd, 0x9f, 0x30, 0x9, 0xff,
    0x50, 0x0, 0x1, 0x26, 0xfb, 0xbd, 0xb8, 0xfd,
    0x72, 0x0, 0x8, 0xdb, 0x96, 0x41, 0x2, 0x9e,
    0xd1, 0x0, 0x0, 0x0, 0x0, 0x0, 0x0, 0x0,
    0x0,

    /* U+8981 "要" */
    0xf, 0xff, 0xff, 0xff, 0xff, 0xff, 0xff, 0x0,
    0x11, 0x11, 0xf6, 0x19, 0xd1, 0x11, 0x10, 0x4,
    0xff, 0xff, 0xff, 0xff, 0xff, 0xf6, 0x0, 0x4f,
    0x33, 0xf7, 0x3a, 0xd3, 0x3f, 0x60, 0x4, 0xf0,
    0xf, 0x50, 0x8d, 0x0, 0xf6, 0x0, 0x4f, 0xdd,
    0xfe, 0xde, 0xfd, 0xdf, 0x60, 0x1, 0x44, 0x4b,
    0xf5, 0x44, 0x44, 0x42, 0x0, 0x44, 0x45, 0xfa,
    0x44, 0x44, 0x44, 0x42, 0x1e, 0xee, 0xff, 0xee,
    0xee, 0xff, 0xee, 0x80, 0x0, 0x7f, 0x20, 0x0,
    0x9f, 0x10, 0x0, 0x0, 0x2f, 0xfe, 0xa7, 0xaf,
    0x50, 0x0, 0x0, 0x0, 0x23, 0x9f, 0xff, 0xfb,
    0x61, 0x0, 0xa, 0xdf, 0xff, 0xb5, 0x15, 0x9e,
    0xf8, 0x0, 0x46, 0x42, 0x0, 0x0, 0x0, 0x5,
    0x10,

    /* U+89D2 "角" */
    0x0, 0x0, 0x7c, 0x10, 0x0, 0x0, 0x0, 0x0,
    0x2f, 0xff, 0xff, 0xe1, 0x0, 0x0, 0xd, 0xd3,
    0x33, 0xdc, 0x0, 0x0, 0xb, 0xf6, 0x33, 0x7f,
    0x63, 0x33, 0x1c, 0xff, 0xff, 0xff, 0xff, 0xff,
    0xe0, 0xa9, 0xf0, 0x0, 0xf5, 0x0, 0x8e, 0x0,
    0x6f, 0x33, 0x3f, 0x83, 0x3a, 0xe0, 0x6, 0xff,
    0xff, 0xff, 0xff, 0xfe, 0x0, 0x6f, 0x0, 0xf,
    0x50, 0x8, 0xe0, 0x9, 0xd0, 0x0, 0xf5, 0x0,
    0x8e, 0x0, 0xdf, 0xff, 0xff, 0xff, 0xff, 0xe0,
    0x5f, 0x63, 0x33, 0x33, 0x33, 0x9e, 0x3e, 0xb0,
    0x0, 0x0, 0x25, 0x5b, 0xe4, 0xc1, 0x0, 0x0,
    0x2, 0xff, 0xe7, 0x0, 0x0, 0x0, 0x0, 0x0,
    0x0, 0x0,

    /* U+89E3 "解" */
    0x0, 0x49, 0x0, 0x0, 0x0, 0x0, 0x0, 0x0,
    0xa, 0xc2, 0x20, 0x5f, 0xff, 0xff, 0xf1, 0x1,
    0xff, 0xff, 0x12, 0x6c, 0xd6, 0x8f, 0x0, 0x8e,
    0x7, 0xc0, 0x0, 0xd8, 0x3, 0xf0, 0x3f, 0xfd,
    0xfe, 0xd2, 0x9f, 0x24, 0x8d, 0x2, 0xdc, 0x4e,
    0x4f, 0xcf, 0x60, 0xbd, 0x60, 0x7, 0xc3, 0xe1,
    0xf4, 0x96, 0x5b, 0x0, 0x0, 0x7f, 0xff, 0xef,
    0x3c, 0xba, 0xf5, 0x52, 0x7, 0xb1, 0xe0, 0xf6,
    0xfe, 0xff, 0xee, 0x50, 0x7e, 0xbf, 0xbf, 0x98,
    0x7, 0xe0, 0x0, 0x9, 0xb5, 0x55, 0xf9, 0xff,
    0xff, 0xff, 0x90, 0xc6, 0x0, 0xf, 0x55, 0x5a,
    0xf5, 0x53, 0x1f, 0x20, 0x12, 0xf2, 0x0, 0x7e,
    0x0, 0x4, 0xb0, 0x7, 0xfd, 0x0, 0x7, 0xe0,
    0x0, 0x0, 0x0, 0x0, 0x0, 0x0, 0x0, 0x0,
    0x0,

    /* U+89E6 "触" */
    0x0, 0x5b, 0x0, 0x0, 0x0, 0xf5, 0x0, 0x0,
    0xb, 0xc2, 0x20, 0x0, 0xf, 0x50, 0x0, 0x2,
    0xff, 0xfe, 0x0, 0x0, 0xf5, 0x0, 0x0, 0xae,
    0x1b, 0x91, 0x29, 0x9f, 0xc9, 0x90, 0x5f, 0xff,
    0xff, 0xe4, 0xf5, 0xf9, 0x8f, 0x1, 0xda, 0x2d,
    0x3e, 0x4e, 0xf, 0x55, 0xf0, 0x8, 0xa3, 0xd4,
    0xe4, 0xe0, 0xf5, 0x5f, 0x0, 0x8f, 0xff, 0xfe,
    0x4e, 0xf, 0x55, 0xf0, 0x8, 0x92, 0xd3, 0xe4,
    0xfd, 0xfe, 0xef, 0x0, 0x9e, 0xdf, 0xde, 0x13,
    0x3f, 0x74, 0x30, 0xa, 0x94, 0x46, 0xe0, 0x0,
    0xf5, 0xd6, 0x0, 0xd5, 0x0, 0x3e, 0x0, 0xf,
    0x57, 0xe0, 0x2f, 0x10, 0x25, 0xd7, 0xcd, 0xff,
    0xff, 0x44, 0x90, 0x8, 0xf8, 0x46, 0x43, 0x10,
    0xa6, 0x0, 0x0, 0x0, 0x0, 0x0, 0x0, 0x0,
    0x0,

    /* U+8A2D "設" */
    0xe, 0xff, 0xf8, 0xa, 0xff, 0xff, 0x30, 0x0,
    0x22, 0x22, 0x10, 0xac, 0x45, 0xf3, 0x0, 0xbf,
    0xff, 0xff, 0x1b, 0xa0, 0x1f, 0x36, 0x10, 0x22,
    0x22, 0x11, 0xf7, 0x1, 0xf6, 0xe4, 0xf, 0xff,
    0xfb, 0xde, 0x10, 0xc, 0xfd, 0x0, 0x11, 0x11,
    0x7, 0x52, 0x22, 0x23, 0x0, 0xf, 0xff, 0xf9,
    0x7f, 0xff, 0xff, 0xf5, 0x0, 0x0, 0x0, 0x0,
    0x8a, 0x11, 0x7f, 0x10, 0xf, 0xff, 0xf8, 0x4,
    0xf3, 0x1e, 0x90, 0x0, 0xf5, 0x2b, 0x80, 0xb,
    0xed, 0xe1, 0x0, 0xf, 0x30, 0xb8, 0x0, 0x6f,
    0xf8, 0x0, 0x0, 0xff, 0xef, 0xa7, 0xdf, 0xdb,
    0xfd, 0x71, 0xf, 0x63, 0x32, 0xdd, 0x60, 0x5,
    0xdd, 0x0, 0x0, 0x0, 0x0, 0x0, 0x0, 0x0,
    0x0,

    /* U+8A3C "証" */
    0xb, 0xff, 0xf8, 0x4f, 0xff, 0xff, 0xff, 0x70,
    0x33, 0x33, 0x22, 0x99, 0x9f, 0xd9, 0x94, 0x7f,
    0xff, 0xff, 0x0, 0x0, 0xd9, 0x0, 0x0, 0x0,
    0x0, 0x0, 0x0, 0xd, 0x90, 0x0, 0xb, 0xff,
    0xf7, 0xc, 0x50, 0xd9, 0x0, 0x0, 0x34, 0x44,
    0x20, 0xe6, 0xd, 0xb6, 0x62, 0x9, 0xcc, 0xc6,
    0xe, 0x60, 0xdf, 0xff, 0x50, 0x34, 0x44, 0x20,
    0xe6, 0xd, 0x90, 0x0, 0xc, 0xff, 0xf9, 0xe,
    0x60, 0xd9, 0x0, 0x0, 0xc8, 0x3b, 0x90, 0xe6,
    0xd, 0x90, 0x0, 0xc, 0x60, 0xa9, 0xe, 0x60,
    0xd9, 0x0, 0x0, 0xca, 0x5c, 0x96, 0xfa, 0x6e,
    0xb6, 0x64, 0xc, 0xed, 0xd7, 0xbc, 0xcc, 0xcc,
    0xcc, 0x80,

    /* U+8A66 "試" */
    0x0, 0x0, 0x0, 0x0, 0x0, 0x5f, 0x64, 0x0,
    0xbf, 0xff, 0x70, 0x0, 0x5, 0xf6, 0xe1, 0x2,
    0x22, 0x21, 0x0, 0x0, 0x4f, 0xb, 0x47, 0xff,
    0xff, 0xe8, 0xaa, 0xab, 0xfa, 0xa3, 0x1, 0x22,
    0x21, 0x89, 0x99, 0xbf, 0xa9, 0x30, 0xcf, 0xff,
    0x90, 0x0, 0x3, 0xf1, 0x0, 0x0, 0x0, 0x0,
    0x57, 0x77, 0x5f, 0x20, 0x0, 0xcf, 0xff, 0x89,
    0xdf, 0xc6, 0xf2, 0x0, 0x1, 0x11, 0x11, 0x5,
    0xf0, 0xf, 0x40, 0x0, 0xdf, 0xff, 0x80, 0x5f,
    0x0, 0xf5, 0x0, 0xd, 0x72, 0xb8, 0x5, 0xf0,
    0xd, 0x81, 0x0, 0xd6, 0xa, 0x83, 0x9f, 0xba,
    0x9c, 0x6a, 0xd, 0xfe, 0xf8, 0xed, 0x96, 0x24,
    0xfe, 0x70, 0xd8, 0x33, 0x10, 0x0, 0x0, 0xa,
    0xe1, 0x0, 0x0, 0x0, 0x0, 0x0, 0x0, 0x0,
    0x0,

    /* U+8A73 "詳" */
    0x0, 0x0, 0x0, 0x2, 0x20, 0x0, 0x51, 0x0,
    0xef, 0xff, 0xa0, 0xbb, 0x0, 0x2f, 0x50, 0x1,
    0x11, 0x11, 0x4, 0xf2, 0x9, 0xc0, 0xa, 0xff,
    0xff, 0xf6, 0x9f, 0xa9, 0xec, 0x91, 0x23, 0x33,
    0x33, 0x6b, 0xbd, 0xfb, 0xbb, 0x10, 0xee, 0xee,
    0x90, 0x0, 0x7e, 0x0, 0x0, 0x2, 0x22, 0x21,
    0x2b, 0xbd, 0xfb, 0xb9, 0x0, 0xff, 0xff, 0xa1,
    0x77, 0xbf, 0x77, 0x60, 0x0, 0x0, 0x0, 0x0,
    0x7, 0xe0, 0x0, 0x0, 0xee, 0xdd, 0x86, 0x66,
    0xbf, 0x66, 0x62, 0xf, 0x85, 0xca, 0xde, 0xef,
    0xfe, 0xee, 0x50, 0xf4, 0xa, 0xa0, 0x0, 0x7e,
    0x0, 0x0, 0xf, 0xfe, 0xfa, 0x0, 0x7, 0xe0,
    0x0, 0x0, 0xf6, 0x33, 0x20, 0x0, 0x7e, 0x0,
    0x0,

    /* U+8A8D "認" */
    0x1, 0x22, 0x20, 0x0, 0x0, 0x0, 0x0, 0x0,
    0xbf, 0xff, 0x76, 0xff, 0xff, 0xff, 0xf0, 0x12,
    0x22, 0x22, 0x14, 0x4f, 0x73, 0x6e, 0x7, 0xff,
    0xff, 0xe4, 0xfd, 0xf1, 0x4, 0xd0, 0x1, 0x11,
    0x10, 0x2, 0xef, 0xd3, 0x6c, 0x0, 0xcf, 0xff,
    0x80, 0x7f, 0x5a, 0x38, 0xa0, 0x1, 0x11, 0x10,
    0x9f, 0x60, 0x7e, 0xf7, 0x0, 0xcf, 0xff, 0x85,
    0x44, 0xe7, 0x54, 0x0, 0x0, 0x0, 0x0, 0x0,
    0x7, 0xfa, 0x0, 0x0, 0xdf, 0xff, 0x82, 0x3e,
    0x63, 0x78, 0x40, 0xd, 0x72, 0xb8, 0x8a, 0xe6,
    0x0, 0x8d, 0x0, 0xd5, 0xb, 0x8c, 0x7e, 0x60,
    0x47, 0xf4, 0xd, 0xfe, 0xfb, 0xf1, 0xe9, 0x4a,
    0xba, 0x80, 0xc7, 0x33, 0x11, 0x9, 0xff, 0xf5,
    0x0,

    /* U+8AAC "説" */
    0x0, 0x0, 0x0, 0x3, 0x10, 0x0, 0x52, 0x0,
    0xbf, 0xff, 0x80, 0xcb, 0x0, 0x1f, 0x70, 0x1,
    0x22, 0x21, 0x5, 0xf2, 0x8, 0xe0, 0x7, 0xff,
    0xff, 0xf5, 0xdf, 0xcc, 0xde, 0xc1, 0x1, 0x11,
    0x11, 0x5f, 0x55, 0x55, 0xaf, 0x10, 0xcf, 0xff,
    0x85, 0xf0, 0x0, 0x7, 0xf1, 0x1, 0x11, 0x10,
    0x5f, 0x0, 0x0, 0x7f, 0x10, 0xbf, 0xff, 0x75,
    0xff, 0xff, 0xff, 0xf1, 0x1, 0x11, 0x10, 0x2,
    0xf9, 0x7f, 0x22, 0x0, 0xcf, 0xff, 0x90, 0xf,
    0x65, 0xf0, 0x0, 0xc, 0x83, 0xa9, 0x4, 0xf3,
    0x5f, 0x2, 0x0, 0xc6, 0x9, 0x90, 0xad, 0x5,
    0xf0, 0x7b, 0xc, 0xa5, 0xb9, 0x7f, 0x50, 0x5f,
    0x4a, 0xa0, 0xce, 0xdd, 0xae, 0x70, 0x2, 0xef,
    0xf5, 0x1, 0x0, 0x0, 0x0, 0x0, 0x0, 0x0,
    0x0,

    /* U+8AAD "読" */
    0x0, 0x0, 0x0, 0x0, 0x7, 0xf0, 0x0, 0x0,
    0x8f, 0xff, 0x73, 0x33, 0x9f, 0x33, 0x31, 0x0,
    0x11, 0x10, 0xef, 0xff, 0xff, 0xff, 0x44, 0xff,
    0xff, 0xe0, 0x0, 0x7f, 0x0, 0x0, 0x0, 0x11,
    0x10, 0x7f, 0xff, 0xff, 0xfb, 0x0, 0x9f, 0xff,
    0x71, 0x22, 0x22, 0x22, 0x20, 0x0, 0x11, 0x10,
    0xff, 0xff, 0xff, 0xff, 0x50, 0x9e, 0xee, 0x7f,
    0x63, 0x32, 0x32, 0xe6, 0x0, 0x0, 0x0, 0xc3,
    0xc8, 0x2f, 0x3a, 0x50, 0xaf, 0xff, 0x80, 0xe,
    0x72, 0xf3, 0x0, 0xa, 0x92, 0xb8, 0x1, 0xf4,
    0x2f, 0x30, 0x0, 0xa8, 0xa, 0x80, 0x8f, 0x2,
    0xf3, 0x5b, 0xa, 0xff, 0xf9, 0x8f, 0x70, 0x1f,
    0x69, 0xb0, 0xa9, 0x33, 0x5f, 0x60, 0x0, 0xdf,
    0xf6, 0x0, 0x0, 0x0, 0x0, 0x0, 0x0, 0x0,
    0x0,

    /* U+8B70 "議" */
    0x0, 0x0, 0x0, 0x15, 0x0, 0x3, 0x40, 0x0,
    0xff, 0xfb, 0x4, 0xe8, 0x34, 0xe9, 0x30, 0x14,
    0x44, 0x31, 0xcc, 0xcf, 0xdc, 0xcc, 0xa, 0xff,
    0xff, 0x34, 0x78, 0xfa, 0x77, 0x40, 0x1, 0x11,
    0x10, 0x48, 0x9f, 0xa8, 0x84, 0x1, 0xff, 0xfb,
    0x9a, 0xab, 0xfc, 0xaa, 0xa3, 0x1, 0x11, 0x5,
    0x67, 0xa7, 0xa7, 0x86, 0x21, 0xff, 0xfb, 0x4e,
    0xfd, 0x5f, 0x4d, 0x90, 0x0, 0x0, 0x3, 0x3f,
    0x73, 0xf6, 0x4b, 0x12, 0xff, 0xfb, 0xde, 0xff,
    0xef, 0xfe, 0xe4, 0x2f, 0x27, 0xb1, 0x2f, 0x95,
    0xa8, 0x86, 0x2, 0xf0, 0x6b, 0xcd, 0xfb, 0x56,
    0xfe, 0x20, 0x2f, 0xff, 0xb0, 0xe, 0x54, 0xdf,
    0x77, 0x72, 0xf3, 0x32, 0xe, 0xe4, 0xd6, 0x5f,
    0xf2, 0x0, 0x0, 0x0, 0x0, 0x0, 0x0, 0x0,
    0x0,

    /* U+8CC7 "資" */
    0x0, 0x0, 0x0, 0x5, 0x20, 0x0, 0x0, 0x0,
    0x6f, 0xb5, 0x5, 0xf8, 0x66, 0x67, 0x50, 0x0,
    0x29, 0xb4, 0xfa, 0xcf, 0xba, 0xf9, 0x0, 0x0,
    0x25, 0x66, 0xc, 0xfb, 0x3b, 0x10, 0x2a, 0xef,
    0xb4, 0x8e, 0xb2, 0xcd, 0x73, 0x0, 0x86, 0x65,
    0xae, 0x95, 0x56, 0xbe, 0xc0, 0x0, 0x5f, 0x77,
    0x77, 0x77, 0x7f, 0x80, 0x0, 0x5, 0xfc, 0xcc,
    0xcc, 0xcc, 0xf8, 0x0, 0x0, 0x5f, 0x11, 0x11,
    0x11, 0x1e, 0x80, 0x0, 0x5, 0xff, 0xff, 0xff,
    0xff, 0xf8, 0x0, 0x0, 0x5f, 0x0, 0x0, 0x0,
    0xe, 0x80, 0x0, 0x4, 0xee, 0xee, 0xee, 0xee,
    0xe7, 0x0, 0x0, 0x16, 0xcd, 0x10, 0x1d, 0xc6,
    0x0, 0x0, 0xbf, 0xd7, 0x10, 0x0, 0x16, 0xdf,
    0x90, 0x2, 0x20, 0x0, 0x0, 0x0, 0x0, 0x41,
    0x0,

    /* U+8ECA "車" */
    0x0, 0x0, 0x0, 0x7f, 0x0, 0x0, 0x0, 0x0,
    0x99, 0x99, 0x9c, 0xf9, 0x99, 0x99, 0x50, 0xd,
    0xdd, 0xdd, 0xef, 0xdd, 0xdd, 0xd8, 0x0, 0x1,
    0x22, 0x28, 0xf2, 0x22, 0x21, 0x0, 0x0, 0xef,
    0xff, 0xff, 0xff, 0xff, 0x80, 0x0, 0xe, 0x70,
    0x8, 0xf0, 0x0, 0xe8, 0x0, 0x0, 0xef, 0xee,
    0xff, 0xee, 0xef, 0x80, 0x0, 0xe, 0x82, 0x29,
    0xf2, 0x22, 0xe8, 0x0, 0x0, 0xe8, 0x33, 0x9f,
    0x33, 0x3f, 0x80, 0x0, 0xe, 0xff, 0xff, 0xff,
    0xff, 0xf7, 0x0, 0x12, 0x22, 0x22, 0x8f, 0x22,
    0x22, 0x22, 0x7, 0xff, 0xff, 0xff, 0xff, 0xff,
    0xff, 0xf2, 0x12, 0x22, 0x22, 0x9f, 0x22, 0x22,
    0x22, 0x0, 0x0, 0x0, 0x7, 0xf0, 0x0, 0x0,
    0x0,

    /* U+8F66 "车" */
    0x0, 0x0, 0x4, 0x70, 0x0, 0x0, 0x0, 0x0,
    0x0, 0x0, 0xce, 0x0, 0x0, 0x0, 0x0, 0x6,
    0x66, 0x7f, 0xc6, 0x66, 0x66, 0x66, 0x0, 0xdf,
    0xff, 0xff, 0xff, 0xff, 0xff, 0xe0, 0x0, 0x2,
    0xf7, 0x2, 0x60, 0x0, 0x0, 0x0, 0x0, 0xbd,
    0x0, 0x7f, 0x0, 0x0, 0x0, 0x0, 0x7f, 0x73,
    0x39, 0xf4, 0x33, 0x30, 0x0, 0xd, 0xff, 0xff,
    0xff, 0xff, 0xff, 0x0, 0x0, 0x22, 0x22, 0x28,
    0xf2, 0x22, 0x10, 0x0, 0x0, 0x0, 0x0, 0x7f,
    0x0, 0x0, 0x0, 0x2f, 0xff, 0xff, 0xff, 0xff,
    0xff, 0xff, 0x31, 0x77, 0x77, 0x77, 0xbf, 0x77,
    0x77, 0x71, 0x0, 0x0, 0x0, 0x7, 0xf0, 0x0,
    0x0, 0x0, 0x0, 0x0, 0x0, 0x7f, 0x0, 0x0,
    0x0,

    /* U+8FBC "込" */
    0x1, 0x0, 0x0, 0x0, 0x0, 0x0, 0x0, 0x0,
    0xdd, 0x20, 0x2f, 0xff, 0xc0, 0x0, 0x0, 0x1,
    0xde, 0x10, 0x55, 0x9e, 0x0, 0x0, 0x0, 0x1,
    0x90, 0x0, 0x5, 0xf0, 0x0, 0x0, 0x0, 0x0,
    0x0, 0x0, 0xdf, 0x30, 0x0, 0x0, 0x0, 0x0,
    0x0, 0x1f, 0xf7, 0x0, 0x0, 0x4f, 0xff, 0x0,
    0x6, 0xfc, 0xc0, 0x0, 0x1, 0x69, 0xf0, 0x0,
    0xdb, 0x5f, 0x30, 0x0, 0x0, 0x5f, 0x0, 0x6f,
    0x30, 0xec, 0x0, 0x0, 0x5, 0xf0, 0x3f, 0xa0,
    0x5, 0xf9, 0x0, 0x0, 0x5f, 0x3f, 0xc0, 0x0,
    0x8, 0xfb, 0x0, 0x1c, 0xf7, 0x81, 0x0, 0x0,
    0x5, 0x40, 0x3e, 0xe8, 0xfc, 0x75, 0x55, 0x55,
    0x66, 0x12, 0xd2, 0x3, 0xbe, 0xff, 0xff, 0xff,
    0xf0, 0x0, 0x0, 0x0, 0x0, 0x0, 0x0, 0x0,
    0x0,

    /* U+8FD4 "返" */
    0x1, 0x0, 0x0, 0x0, 0x0, 0x0, 0x0, 0x0,
    0xdc, 0x10, 0x6f, 0xff, 0xff, 0xff, 0xd0, 0x2,
    0xed, 0x6, 0xf5, 0x55, 0x55, 0x54, 0x0, 0x2,
    0x90, 0x6f, 0x0, 0x0, 0x0, 0x0, 0x0, 0x0,
    0x6, 0xff, 0xff, 0xff, 0xf4, 0x0, 0x0, 0x0,
    0x6f, 0xcb, 0x44, 0x8f, 0x10, 0x4f, 0xfe, 0x7,
    0xe6, 0xf1, 0xb, 0xb0, 0x1, 0x6a, 0xe0, 0x9c,
    0xe, 0xa5, 0xf3, 0x0, 0x0, 0x7e, 0xc, 0x90,
    0x5f, 0xf9, 0x0, 0x0, 0x7, 0xe2, 0xf5, 0x6,
    0xff, 0x90, 0x0, 0x0, 0x7e, 0x9e, 0x4c, 0xfa,
    0x8f, 0xe7, 0x10, 0x2d, 0xf7, 0x44, 0xc4, 0x0,
    0x3b, 0xd0, 0x4f, 0xd8, 0xfb, 0x75, 0x55, 0x55,
    0x67, 0x22, 0xc1, 0x4, 0xbe, 0xff, 0xff, 0xff,
    0xf1, 0x0, 0x0, 0x0, 0x0, 0x0, 0x0, 0x0,
    0x0,

    /* U+8FF0 "述" */
    0x0, 0x0, 0x0, 0x0, 0x0, 0x0, 0x0, 0x0,
    0x63, 0x0, 0x0, 0x4, 0xf2, 0xba, 0x0, 0xc,
    0xf4, 0x0, 0x0, 0x4f, 0x24, 0xf7, 0x0, 0xc,
    0xf2, 0x0, 0x4, 0xf2, 0x7, 0x40, 0x0, 0x1a,
    0x3f, 0xff, 0xff, 0xff, 0xff, 0x30, 0x0, 0x0,
    0x55, 0x58, 0xf7, 0x55, 0x51, 0x0, 0x0, 0x0,
    0x85, 0x4f, 0x27, 0x60, 0x4, 0xff, 0xf0, 0xf,
    0x74, 0xf2, 0x7f, 0x0, 0x16, 0x9f, 0x4, 0xf2,
    0x4f, 0x21, 0xf7, 0x0, 0x5, 0xf0, 0xbd, 0x4,
    0xf2, 0xa, 0xd0, 0x0, 0x5f, 0x4f, 0x60, 0x4f,
    0x20, 0x5f, 0x20, 0x5, 0xf0, 0x50, 0x4, 0xf2,
    0x0, 0x30, 0x1, 0xcf, 0x70, 0x0, 0x3e, 0x20,
    0x0, 0x3, 0xee, 0x8f, 0xc7, 0x55, 0x55, 0x56,
    0x63, 0x2d, 0x10, 0x3a, 0xef, 0xff, 0xff, 0xff,
    0x30, 0x0, 0x0, 0x0, 0x0, 0x0, 0x0, 0x0,

    /* U+9031 "週" */
    0x0, 0x0, 0x0, 0x0, 0x0, 0x0, 0x0, 0x0,
    0xcb, 0x0, 0x9f, 0xff, 0xff, 0xff, 0x90, 0x2,
    0xeb, 0x9, 0xc2, 0x2f, 0x62, 0xc9, 0x0, 0x3,
    0x70, 0x9b, 0xdf, 0xff, 0xab, 0x90, 0x0, 0x0,
    0x9, 0xb0, 0x1f, 0x50, 0xb9, 0x0, 0x0, 0x0,
    0x9b, 0xcc, 0xfd, 0x9b, 0x90, 0x1c, 0xcb, 0x9,
    0xa3, 0x44, 0x43, 0xb9, 0x1, 0x8b, 0xe0, 0xb9,
    0x7f, 0xef, 0xcb, 0x90, 0x0, 0x7e, 0xd, 0x77,
    0xa0, 0x5c, 0xb9, 0x0, 0x7, 0xe1, 0xf3, 0x7e,
    0xac, 0xcb, 0x90, 0x0, 0x7e, 0x7e, 0x7, 0xc5,
    0x56, 0xc9, 0x0, 0xb, 0xf9, 0x60, 0x0, 0x0,
    0xcf, 0x50, 0x1c, 0xe8, 0xfa, 0x54, 0x33, 0x34,
    0x45, 0x20, 0xd2, 0x4, 0xbe, 0xff, 0xff, 0xff,
    0xf4, 0x0, 0x0, 0x0, 0x0, 0x0, 0x0, 0x0,
    0x0,

    /* U+90E8 "部" */
    0x0, 0x2, 0xf3, 0x0, 0x0, 0x0, 0x0, 0x0,
    0x0, 0x2f, 0x30, 0x5, 0xff, 0xff, 0xc1, 0x1f,
    0xff, 0xff, 0xff, 0x7f, 0x65, 0xbf, 0x10, 0x4a,
    0x43, 0x4c, 0x55, 0xf1, 0xe, 0x90, 0x0, 0xe6,
    0x4, 0xf1, 0x5f, 0x14, 0xf2, 0x0, 0x9, 0x70,
    0x79, 0x5, 0xf1, 0xab, 0x0, 0xaf, 0xff, 0xff,
    0xff, 0x7f, 0x1e, 0x90, 0x3, 0x55, 0x55, 0x55,
    0x55, 0xf1, 0x3f, 0x50, 0x2, 0x44, 0x44, 0x42,
    0x5f, 0x10, 0x9d, 0x0, 0x7f, 0xff, 0xff, 0x95,
    0xf1, 0x5, 0xf0, 0x7, 0xd0, 0x0, 0xc9, 0x5f,
    0x10, 0x8f, 0x0, 0x7d, 0x0, 0xc, 0x95, 0xf3,
    0xff, 0x90, 0x7, 0xff, 0xff, 0xf9, 0x5f, 0x13,
    0x20, 0x0, 0x7e, 0x44, 0x4d, 0x85, 0xf1, 0x0,
    0x0, 0x0, 0x0, 0x0, 0x0, 0x0, 0x0, 0x0,
    0x0,

    /* U+914D "配" */
    0x1, 0x11, 0x11, 0x10, 0x0, 0x0, 0x0, 0x3,
    0xff, 0xff, 0xff, 0x8c, 0xff, 0xff, 0xb0, 0x1,
    0x6a, 0xa8, 0x10, 0x45, 0x55, 0xcb, 0x0, 0x59,
    0xcb, 0xa5, 0x0, 0x0, 0xb, 0xb0, 0x1f, 0xef,
    0xfe, 0xf2, 0x0, 0x0, 0xbb, 0x1, 0xf2, 0x9b,
    0xf, 0x23, 0x44, 0x4c, 0xb0, 0x1f, 0x29, 0xb0,
    0xf2, 0xbf, 0xff, 0xfb, 0x1, 0xf5, 0x6b, 0xf,
    0x2b, 0xb2, 0x2b, 0xb0, 0x1f, 0xb1, 0x6b, 0xf2,
    0xba, 0x0, 0x0, 0x1, 0xf1, 0x11, 0x1f, 0x2b,
    0xa0, 0x0, 0x0, 0x1f, 0xff, 0xff, 0xf2, 0xba,
    0x0, 0x3, 0x1, 0xf0, 0x0, 0xf, 0x2b, 0xa0,
    0x1, 0xf3, 0x1f, 0xff, 0xff, 0xf2, 0xbd, 0x55,
    0x8f, 0x11, 0xf2, 0x22, 0x2e, 0x25, 0xff, 0xff,
    0x90, 0x1, 0x0, 0x0, 0x0, 0x0, 0x0, 0x0,
    0x0,

    /* U+9192 "醒" */
    0x0, 0x0, 0x0, 0x0, 0x0, 0x0, 0x0, 0x4,
    0xff, 0xff, 0xff, 0x4f, 0xff, 0xff, 0xe0, 0x0,
    0x78, 0xc3, 0x3, 0xf1, 0x11, 0x6e, 0x0, 0x39,
    0x9d, 0x62, 0x3f, 0xff, 0xff, 0xe0, 0x1f, 0xff,
    0xff, 0xf3, 0xf1, 0x11, 0x6e, 0x1, 0xf4, 0x8c,
    0x3f, 0x3f, 0xff, 0xff, 0xe0, 0x1f, 0x48, 0xc3,
    0xf0, 0x94, 0x85, 0x22, 0x1, 0xf8, 0x5c, 0x6f,
    0x2f, 0x3f, 0x72, 0x20, 0x1f, 0xb0, 0x5a, 0xf9,
    0xff, 0xff, 0xfe, 0x1, 0xf5, 0x55, 0x7f, 0xc1,
    0xe, 0x50, 0x0, 0x1f, 0xbb, 0xbc, 0xf3, 0xff,
    0xff, 0xfd, 0x1, 0xf1, 0x11, 0x4f, 0x2, 0x2f,
    0x72, 0x20, 0x1f, 0xff, 0xff, 0xf6, 0x77, 0xfa,
    0x77, 0x21, 0xf0, 0x0, 0x3f, 0xcf, 0xff, 0xff,
    0xf5,

    /* U+91CD "重" */
    0x0, 0x0, 0x1, 0x23, 0x46, 0x8a, 0x10, 0x0,
    0xf, 0xff, 0xff, 0xfd, 0xca, 0x82, 0x0, 0x1,
    0x33, 0x21, 0x7f, 0x11, 0x11, 0x11, 0x5, 0xff,
    0xff, 0xff, 0xff, 0xff, 0xff, 0xf0, 0x2, 0x23,
    0x33, 0x8f, 0x33, 0x33, 0x22, 0x0, 0xd, 0xfe,
    0xef, 0xfe, 0xee, 0xf8, 0x0, 0x0, 0xd9, 0x0,
    0x7f, 0x0, 0xe, 0x80, 0x0, 0xd, 0xfe, 0xef,
    0xfe, 0xee, 0xf8, 0x0, 0x0, 0xda, 0x22, 0x8f,
    0x22, 0x2e, 0x80, 0x0, 0xa, 0xdd, 0xde, 0xfd,
    0xdd, 0xd6, 0x0, 0x1, 0x66, 0x66, 0xaf, 0x66,
    0x66, 0x61, 0x0, 0x28, 0x88, 0x8b, 0xf8, 0x88,
    0x88, 0x10, 0x38, 0x88, 0x88, 0xcf, 0x88, 0x88,
    0x88, 0x16, 0xff, 0xff, 0xff, 0xff, 0xff, 0xff,
    0xf2,

    /* U+91CF "量" */
    0x0, 0x6f, 0xcc, 0xcc, 0xcc, 0xcf, 0x50, 0x0,
    0x6, 0xf8, 0x88, 0x88, 0x89, 0xf5, 0x0, 0x0,
    0x6f, 0x44, 0x44, 0x44, 0x5f, 0x50, 0x0, 0x4,
    0xbb, 0xbb, 0xbb, 0xbb, 0xb3, 0x0, 0xc, 0xcc,
    0xcc, 0xcc, 0xcc, 0xcc, 0xcc, 0x50, 0x35, 0x77,
    0x77, 0x77, 0x77, 0x76, 0x31, 0x0, 0xad, 0x88,
    0xaf, 0xa8, 0x8d, 0xc0, 0x0, 0xa, 0xeb, 0xbc,
    0xfc, 0xbb, 0xec, 0x0, 0x0, 0xac, 0x44, 0x6f,
    0x64, 0x4b, 0xc0, 0x0, 0x7, 0xbb, 0xbc, 0xfb,
    0xbb, 0xb8, 0x0, 0x0, 0xaa, 0xaa, 0xbf, 0xba,
    0xaa, 0xa0, 0x0, 0x4, 0x44, 0x46, 0xf6, 0x44,
    0x44, 0x0, 0x2f, 0xff, 0xff, 0xff, 0xff, 0xff,
    0xff, 0x80,

    /* U+91D1 "金" */
    0x0, 0x0, 0x0, 0xcf, 0x60, 0x0, 0x0, 0x0,
    0x0, 0x0, 0x8f, 0xdf, 0x40, 0x0, 0x0, 0x0,
    0x0, 0x8f, 0xa1, 0xdf, 0x40, 0x0, 0x0, 0x0,
    0x9f, 0xa0, 0x1, 0xdf, 0x60, 0x0, 0x2, 0xcf,
    0xc4, 0x44, 0x44, 0xdf, 0xb2, 0x4, 0xfe, 0xaf,
    0xff, 0xff, 0xff, 0x8f, 0xf3, 0x8, 0x10, 0x0,
    0x6f, 0x10, 0x0, 0x16, 0x0, 0x1, 0x11, 0x17,
    0xf2, 0x11, 0x11, 0x0, 0x4, 0xff, 0xff, 0xff,
    0xff, 0xff, 0xf0, 0x0, 0x2, 0x94, 0x28, 0xf3,
    0x27, 0x72, 0x0, 0x0, 0xa, 0xc0, 0x6f, 0x11,
    0xf7, 0x0, 0x0, 0x0, 0x2f, 0x36, 0xf1, 0xac,
    0x0, 0x0, 0x9, 0xaa, 0xca, 0xcf, 0xab, 0xba,
    0xa8, 0x0, 0xff, 0xff, 0xff, 0xff, 0xff, 0xff,
    0xd0,

    /* U+9577 "長" */
    0x0, 0x8, 0xff, 0xff, 0xff, 0xff, 0xe0, 0x0,
    0x0, 0x8f, 0x33, 0x33, 0x33, 0x32, 0x0, 0x0,
    0x8, 0xfd, 0xdd, 0xdd, 0xdd, 0x60, 0x0, 0x0,
    0x8f, 0x22, 0x22, 0x22, 0x21, 0x0, 0x0, 0x8,
    0xfe, 0xee, 0xee, 0xee, 0x60, 0x0, 0x0, 0x8f,
    0x33, 0x33, 0x33, 0x31, 0x0, 0x8, 0x8c, 0xf8,
    0x88, 0x88, 0x88, 0x88, 0x31, 0xbb, 0xef, 0xbc,
    0xfd, 0xbb, 0xbd, 0xb4, 0x0, 0x8, 0xe0, 0xb,
    0xc0, 0x6, 0xf7, 0x0, 0x0, 0x8e, 0x0, 0x2f,
    0xac, 0xe6, 0x0, 0x0, 0x8, 0xe0, 0x0, 0x6f,
    0xf2, 0x0, 0x0, 0x14, 0xbf, 0xbd, 0xf9, 0x4e,
    0xf9, 0x40, 0x4, 0xfe, 0xb9, 0x64, 0x10, 0x18,
    0xef, 0x40, 0x1, 0x0, 0x0, 0x0, 0x0, 0x0,
    0x20,

    /* U+9589 "閉" */
    0xbf, 0xff, 0xfe, 0xe, 0xff, 0xff, 0xdb, 0xb0,
    0x7, 0xe0, 0xe7, 0x0, 0xad, 0xbf, 0xff, 0xfe,
    0xe, 0xff, 0xff, 0xdb, 0xb0, 0x7, 0xe0, 0xe7,
    0x0, 0xad, 0xbf, 0xff, 0xfe, 0xe, 0xfe, 0xef,
    0xdb, 0xb1, 0x11, 0x11, 0x82, 0x22, 0xbd, 0xbb,
    0x2, 0x22, 0x4f, 0x42, 0xa, 0xdb, 0xb3, 0xff,
    0xff, 0xff, 0xf4, 0xad, 0xbb, 0x0, 0x3, 0xff,
    0x20, 0xa, 0xdb, 0xb0, 0x4, 0xe8, 0xf2, 0x0,
    0xad, 0xbb, 0x19, 0xe4, 0x2f, 0x20, 0xa, 0xdb,
    0xb3, 0x91, 0x25, 0xf2, 0x66, 0xcc, 0xbb, 0x0,
    0x7, 0xfc, 0xd, 0xfe, 0x60, 0x0, 0x0, 0x0,
    0x0, 0x0, 0x0,

    /* U+958B "開" */
    0xbf, 0xff, 0xfa, 0x2f, 0xff, 0xff, 0xdb, 0xa0,
    0xa, 0xa2, 0xf3, 0x0, 0x9d, 0xbf, 0xff, 0xfa,
    0x2f, 0xff, 0xff, 0xdb, 0xa0, 0xa, 0xa2, 0xf3,
    0x0, 0x9d, 0xbf, 0xff, 0xfa, 0x2f, 0xfe, 0xef,
    0xdb, 0xb2, 0x33, 0x32, 0x44, 0x31, 0xad, 0xba,
    0x6f, 0xff, 0xff, 0xff, 0x9, 0xdb, 0xa0, 0xe,
    0x50, 0xe6, 0x0, 0x9d, 0xba, 0x23, 0xe7, 0x3e,
    0x83, 0x9, 0xdb, 0xaa, 0xff, 0xff, 0xff, 0xf3,
    0x9d, 0xba, 0x3, 0xf1, 0xe, 0x60, 0x9, 0xdb,
    0xa0, 0xba, 0x0, 0xe6, 0x56, 0xcc, 0xba, 0x3c,
    0x10, 0xe, 0x69, 0xfe, 0x60, 0x0, 0x0, 0x0,
    0x0, 0x0, 0x0,

    /* U+9593 "間" */
    0xbf, 0xff, 0xfe, 0xd, 0xff, 0xff, 0xdb, 0xb0,
    0x7, 0xe0, 0xd8, 0x0, 0xad, 0xbf, 0xff, 0xfe,
    0xd, 0xff, 0xff, 0xdb, 0xb0, 0x8, 0xe0, 0xd8,
    0x0, 0xad, 0xbf, 0xee, 0xfe, 0xd, 0xfe, 0xef,
    0xdb, 0xb1, 0x11, 0x10, 0x11, 0x11, 0xad, 0xbb,
    0x5, 0xff, 0xff, 0xf5, 0xa, 0xdb, 0xb0, 0x5f,
    0x22, 0x2e, 0x50, 0xad, 0xbb, 0x5, 0xf4, 0x44,
    0xf5, 0xa, 0xdb, 0xb0, 0x5f, 0xcc, 0xcf, 0x50,
    0xad, 0xbb, 0x5, 0xf2, 0x22, 0xe5, 0xa, 0xdb,
    0xb0, 0x5f, 0xff, 0xff, 0x96, 0xcc, 0xbb, 0x4,
    0xa0, 0x0, 0xa, 0xfe, 0x60, 0x0, 0x0, 0x0,
    0x0, 0x0, 0x0,

    /* U+964D "降" */
    0x0, 0x0, 0x0, 0x4, 0x70, 0x0, 0x0, 0xef,
    0xff, 0x40, 0x1e, 0xa2, 0x23, 0x0, 0xe8, 0x6f,
    0x30, 0xbf, 0xff, 0xff, 0x20, 0xe5, 0x6d, 0x1c,
    0xfd, 0x11, 0xd9, 0x0, 0xe5, 0xc7, 0x3a, 0x1b,
    0xdd, 0xc0, 0x0, 0xe6, 0xf4, 0x0, 0x19, 0xff,
    0xa3, 0x0, 0xe5, 0x7c, 0x4b, 0xfd, 0x48, 0xef,
    0xe3, 0xe5, 0x1f, 0x4b, 0x62, 0x2f, 0x84, 0x70,
    0xe5, 0xe, 0x5e, 0xff, 0xff, 0xff, 0xc0, 0xe7,
    0x8f, 0x40, 0xe5, 0xe, 0x70, 0x0, 0xe7, 0xea,
    0x0, 0xe5, 0xe, 0x70, 0x0, 0xe5, 0x0, 0xaf,
    0xff, 0xff, 0xff, 0xf3, 0xe5, 0x0, 0x23, 0x33,
    0x3f, 0x93, 0x30, 0xe5, 0x0, 0x0, 0x0, 0xe,
    0x70, 0x0, 0x0, 0x0, 0x0, 0x0, 0x0, 0x0,
    0x0,

    /* U+9650 "限" */
    0x0, 0x0, 0x0, 0x0, 0x0, 0x0, 0x0, 0xef,
    0xff, 0xb7, 0xff, 0xff, 0xff, 0x60, 0xe9, 0x4e,
    0x97, 0xe3, 0x33, 0x3f, 0x60, 0xe6, 0x2f, 0x37,
    0xe3, 0x33, 0x3f, 0x60, 0xe6, 0x7d, 0x7, 0xff,
    0xff, 0xff, 0x60, 0xe6, 0xc8, 0x7, 0xe0, 0x0,
    0xf, 0x60, 0xe6, 0x4f, 0x27, 0xf4, 0x44, 0x4f,
    0x60, 0xe6, 0xc, 0x97, 0xff, 0xff, 0xff, 0x60,
    0xe6, 0x8, 0xc7, 0xe0, 0x8b, 0x6, 0x80, 0xe7,
    0x5d, 0xa7, 0xe0, 0x2f, 0x8f, 0x60, 0xe6, 0xdc,
    0x37, 0xe0, 0xc, 0xf4, 0x0, 0xe6, 0x0, 0x7,
    0xe0, 0x25, 0xf5, 0x0, 0xe6, 0x0, 0x7c, 0xff,
    0xf8, 0x6f, 0x70, 0xe6, 0x0, 0x9a, 0x85, 0x20,
    0x5, 0xc1,

    /* U+9664 "除" */
    0x0, 0x0, 0x0, 0x5, 0xf9, 0x0, 0x0, 0xef,
    0xff, 0x50, 0x1e, 0xef, 0x50, 0x0, 0xe8, 0x6f,
    0x30, 0xce, 0x1a, 0xf4, 0x0, 0xe5, 0x6d, 0x1b,
    0xf3, 0x0, 0xbf, 0x50, 0xe5, 0xb8, 0xdf, 0x84,
    0x44, 0x5d, 0xf5, 0xe5, 0xf4, 0x54, 0xee, 0xfe,
    0xe8, 0x50, 0xe5, 0x7c, 0x0, 0x0, 0xf5, 0x0,
    0x0, 0xe5, 0x1f, 0x47, 0x77, 0xfa, 0x77, 0x50,
    0xe5, 0xe, 0x7c, 0xcc, 0xfd, 0xcc, 0x90, 0xe7,
    0x6f, 0x43, 0x40, 0xf5, 0x34, 0x0, 0xe7, 0xd9,
    0xd, 0x90, 0xf5, 0x6f, 0x20, 0xe5, 0x0, 0x8e,
    0x10, 0xf5, 0xb, 0xc0, 0xe5, 0x1, 0xd4, 0x35,
    0xf5, 0x2, 0xd1, 0xe5, 0x0, 0x0, 0x5f, 0xd2,
    0x0, 0x0,

    /* U+969B "際" */
    0x0, 0x0, 0x5, 0x40, 0x31, 0x0, 0x0, 0xef,
    0xfb, 0xd, 0x83, 0xc8, 0x45, 0x50, 0xe8, 0xab,
    0x5e, 0xbf, 0xdd, 0xbd, 0xf1, 0xe5, 0xa9, 0xed,
    0x7f, 0x3f, 0x39, 0xa0, 0xe5, 0xee, 0xf4, 0xdb,
    0x9, 0xdf, 0x30, 0xe7, 0xe2, 0x2d, 0xf3, 0x1,
    0xfa, 0x0, 0xe5, 0xe3, 0x3e, 0xb5, 0x55, 0xaf,
    0x70, 0xe5, 0x8b, 0xf7, 0xdd, 0xdd, 0xd5, 0xf4,
    0xe5, 0x6c, 0x34, 0x44, 0x44, 0x44, 0x30, 0xe5,
    0x8c, 0x5e, 0xee, 0xfe, 0xee, 0x60, 0xe9, 0xf6,
    0x6, 0x23, 0xf2, 0x35, 0x0, 0xe5, 0x0, 0x6f,
    0x23, 0xf2, 0x4f, 0x40, 0xe5, 0x3, 0xf6, 0x25,
    0xf2, 0x8, 0xe0, 0xe5, 0x0, 0x40, 0x8f, 0xc0,
    0x0, 0x30, 0x0, 0x0, 0x0, 0x0, 0x0, 0x0,
    0x0,

    /* U+96C6 "集" */
    0x0, 0x4, 0xc2, 0x4, 0xc2, 0x0, 0x0, 0x0,
    0x0, 0xdd, 0x22, 0xcd, 0x22, 0x22, 0x0, 0x0,
    0x9f, 0xff, 0xff, 0xff, 0xff, 0xf5, 0x0, 0x7f,
    0xe1, 0x11, 0xe8, 0x11, 0x10, 0x0, 0x5f, 0xef,
    0xff, 0xff, 0xff, 0xff, 0xa0, 0x0, 0x67, 0xe1,
    0x11, 0xe8, 0x11, 0x10, 0x0, 0x0, 0x7f, 0xff,
    0xff, 0xff, 0xff, 0xa0, 0x0, 0x7, 0xe4, 0x44,
    0xea, 0x44, 0x44, 0x30, 0x0, 0x5b, 0xbb, 0xcf,
    0xcb, 0xbb, 0xb9, 0x0, 0x44, 0x44, 0x46, 0xf6,
    0x44, 0x44, 0x40, 0x3e, 0xee, 0xef, 0xff, 0xff,
    0xee, 0xee, 0x30, 0x0, 0x18, 0xfb, 0xfb, 0xf8,
    0x10, 0x0, 0x26, 0xbf, 0xb3, 0x3f, 0x23, 0xaf,
    0xc7, 0x22, 0xc8, 0x20, 0x3, 0xf2, 0x0, 0x17,
    0xa1,

    /* U+96E8 "雨" */
    0x2f, 0xff, 0xff, 0xff, 0xff, 0xff, 0xff, 0x61,
    0xaa, 0xaa, 0xab, 0xfc, 0xaa, 0xaa, 0xa4, 0x0,
    0x0, 0x0, 0x2f, 0x40, 0x0, 0x0, 0x0, 0x26,
    0x66, 0x67, 0xf9, 0x66, 0x67, 0x50, 0x7, 0xfe,
    0xee, 0xef, 0xee, 0xee, 0xfc, 0x0, 0x7e, 0x3,
    0x2, 0xf4, 0x40, 0xa, 0xc0, 0x7, 0xe4, 0xf9,
    0x3f, 0x5d, 0xd4, 0xac, 0x0, 0x7e, 0x2, 0xb6,
    0xf4, 0x7, 0xaa, 0xc0, 0x7, 0xe3, 0x50, 0x2f,
    0x57, 0x0, 0xac, 0x0, 0x7e, 0x5e, 0xa3, 0xf6,
    0xce, 0x4a, 0xc0, 0x7, 0xe0, 0x1b, 0x5f, 0x40,
    0x78, 0xac, 0x0, 0x7e, 0x0, 0x2, 0xf4, 0x2,
    0x2b, 0xc0, 0x7, 0xe0, 0x0, 0x2f, 0x40, 0xbf,
    0xf7, 0x0, 0x0, 0x0, 0x0, 0x0, 0x0, 0x10,
    0x0,

    /* U+96EA "雪" */
    0xf, 0xff, 0xff, 0xff, 0xff, 0xff, 0x1, 0x11,
    0x11, 0x4f, 0x31, 0x11, 0x11, 0xff, 0xff, 0xff,
    0xff, 0xff, 0xff, 0xff, 0x62, 0x22, 0x5f, 0x42,
    0x22, 0x7f, 0xf6, 0xff, 0xf5, 0xf5, 0xff, 0xf6,
    0xf3, 0x48, 0x88, 0x5f, 0x48, 0x88, 0x43, 0x2,
    0x77, 0x74, 0xc3, 0x77, 0x73, 0x0, 0x9e, 0xee,
    0xee, 0xee, 0xee, 0x70, 0x2, 0x33, 0x33, 0x33,
    0x33, 0xf8, 0x0, 0x15, 0x55, 0x55, 0x55, 0x5f,
    0x80, 0x3, 0xcc, 0xcc, 0xcc, 0xcc, 0xf8, 0x0,
    0x23, 0x33, 0x33, 0x33, 0x3f, 0x80, 0xd, 0xff,
    0xff, 0xff, 0xff, 0xf8, 0x0,

    /* U+96F7 "雷" */
    0xf, 0xff, 0xff, 0xff, 0xff, 0xff, 0x2, 0x33,
    0x33, 0x6f, 0x53, 0x33, 0x32, 0xff, 0xff, 0xff,
    0xff, 0xff, 0xff, 0xff, 0x54, 0x44, 0x4f, 0x34,
    0x44, 0x5f, 0xf5, 0xbb, 0xb5, 0xf4, 0xbb, 0xb6,
    0xf2, 0x5c, 0xcc, 0x5f, 0x4c, 0xcc, 0x63, 0x1,
    0x33, 0x33, 0xe2, 0x33, 0x31, 0x0, 0x58, 0x88,
    0x88, 0x88, 0x88, 0x50, 0xa, 0xd8, 0x8a, 0xf9,
    0x88, 0xea, 0x0, 0xad, 0x88, 0x9f, 0x98, 0x8d,
    0xa0, 0xa, 0xd7, 0x79, 0xf8, 0x77, 0xda, 0x0,
    0xae, 0x99, 0xaf, 0xa9, 0x9e, 0xa0, 0xa, 0xe8,
    0x88, 0x88, 0x88, 0xea, 0x0, 0x11, 0x0, 0x0,
    0x0, 0x0, 0x0,

    /* U+9727 "霧" */
    0x0, 0xaa, 0xaa, 0xbf, 0xba, 0xaa, 0x90, 0x0,
    0x9a, 0xaa, 0xab, 0xfb, 0xaa, 0xaa, 0xa0, 0xf,
    0x95, 0x55, 0x7f, 0x75, 0x55, 0x9f, 0x0, 0xf5,
    0xab, 0xb6, 0xf4, 0xbb, 0xb5, 0xf0, 0x2, 0x1b,
    0xbb, 0x5f, 0x4b, 0xbb, 0x22, 0x0, 0x35, 0x66,
    0x64, 0x53, 0xc1, 0x0, 0x0, 0x6, 0xa9, 0xbf,
    0x73, 0xee, 0xee, 0xfd, 0x0, 0x7, 0xdf, 0x80,
    0xba, 0xb5, 0xd6, 0x0, 0x1c, 0xcc, 0xff, 0xc5,
    0x7e, 0xee, 0x96, 0x10, 0x26, 0xff, 0x4d, 0x77,
    0x88, 0x37, 0x80, 0x3, 0xe7, 0xe4, 0x6a, 0xff,
    0xff, 0xf7, 0x1, 0xd3, 0x4e, 0x0, 0x19, 0xe1,
    0xe, 0x50, 0x0, 0x6f, 0xb0, 0x4f, 0x91, 0xae,
    0xd1, 0x0, 0x0, 0x0, 0x0, 0x0, 0x0, 0x0,
    0x0,

    /* U+9762 "面" */
    0x2f, 0xff, 0xff, 0xff, 0xff, 0xff, 0xff, 0x31,
    0x55, 0x55, 0x5b, 0xf6, 0x55, 0x55, 0x51, 0x0,
    0x0, 0x0, 0xbc, 0x0, 0x0, 0x0, 0x0, 0x6b,
    0xbb, 0xbf, 0xeb, 0xbb, 0xbb, 0x60, 0x8, 0xf9,
    0xbf, 0x99, 0xaf, 0xa9, 0xf8, 0x0, 0x8d, 0x4,
    0xf0, 0x3, 0xf1, 0xe, 0x80, 0x8, 0xd0, 0x4f,
    0xff, 0xff, 0x10, 0xe8, 0x0, 0x8d, 0x4, 0xf2,
    0x14, 0xf1, 0xe, 0x80, 0x8, 0xd0, 0x4f, 0x33,
    0x6f, 0x10, 0xe8, 0x0, 0x8d, 0x4, 0xfe, 0xee,
    0xf1, 0xe, 0x80, 0x8, 0xd0, 0x4f, 0x0, 0x3f,
    0x10, 0xe8, 0x0, 0x8f, 0xde, 0xfd, 0xdd, 0xfd,
    0xdf, 0x80, 0x8, 0xe7, 0x77, 0x77, 0x77, 0x77,
    0xf8, 0x0,

    /* U+97F3 "音" */
    0x0, 0x0, 0x0, 0x4f, 0x30, 0x0, 0x0, 0x0,
    0x39, 0x99, 0x9b, 0xfb, 0x99, 0x99, 0x40, 0x3,
    0xbb, 0xfb, 0xbb, 0xbb, 0xfc, 0xb5, 0x0, 0x0,
    0x1f, 0x70, 0x0, 0x4f, 0x50, 0x0, 0x0, 0x0,
    0xbc, 0x0, 0xa, 0xd0, 0x0, 0x3, 0xff, 0xff,
    0xff, 0xff, 0xff, 0xff, 0xf3, 0x15, 0x55, 0x55,
    0x55, 0x55, 0x55, 0x55, 0x10, 0x0, 0x44, 0x44,
    0x44, 0x44, 0x41, 0x0, 0x0, 0xf, 0xfe, 0xee,
    0xee, 0xff, 0x40, 0x0, 0x0, 0xf6, 0x0, 0x0,
    0x3, 0xf4, 0x0, 0x0, 0xf, 0xff, 0xff, 0xff,
    0xff, 0x40, 0x0, 0x0, 0xf7, 0x22, 0x22, 0x25,
    0xf4, 0x0, 0x0, 0xf, 0x83, 0x33, 0x33, 0x6f,
    0x40, 0x0, 0x0, 0xff, 0xff, 0xff, 0xff, 0xf4,
    0x0, 0x0, 0x0, 0x0, 0x0, 0x0, 0x0, 0x0,
    0x0,

    /* U+984C "題" */
    0x5, 0xff, 0xff, 0xdb, 0xff, 0xff, 0xff, 0x30,
    0x5e, 0x0, 0x7d, 0x0, 0xe, 0x50, 0x0, 0x5,
    0xff, 0xff, 0xd0, 0xcd, 0xfd, 0xd9, 0x0, 0x5e,
    0x0, 0x8d, 0xf, 0x63, 0x3a, 0xb0, 0x5, 0xff,
    0xff, 0xc0, 0xfe, 0xdd, 0xfb, 0x0, 0x11, 0x11,
    0x11, 0x1f, 0x62, 0x2a, 0xb0, 0x2f, 0xff, 0xff,
    0xf9, 0xff, 0xff, 0xfb, 0x0, 0x27, 0x4f, 0x0,
    0xf, 0x85, 0x5b, 0xb0, 0x5, 0xd4, 0xff, 0xf5,
    0x8b, 0x99, 0xa6, 0x0, 0x6f, 0x4f, 0x22, 0x7,
    0xf2, 0x5e, 0x40, 0x9, 0xfd, 0xf0, 0xa, 0xf3,
    0x0, 0x6f, 0x20, 0xd6, 0xbf, 0x74, 0x64, 0x22,
    0x22, 0x61, 0x3e, 0x0, 0x5b, 0xef, 0xff, 0xff,
    0xff, 0x30, 0x10, 0x0, 0x0, 0x0, 0x0, 0x0,
    0x0,

    /* U+9875 "页" */
    0xf, 0xff, 0xff, 0xff, 0xff, 0xff, 0xff, 0x10,
    0x45, 0x55, 0x5c, 0xf5, 0x55, 0x55, 0x50, 0x0,
    0x0, 0x0, 0xe9, 0x0, 0x0, 0x0, 0x0, 0x8,
    0xff, 0xff, 0xff, 0xff, 0xfb, 0x0, 0x0, 0x9e,
    0x55, 0x55, 0x55, 0x5d, 0xc0, 0x0, 0x9, 0xd0,
    0x2, 0xd3, 0x0, 0xcc, 0x0, 0x0, 0x9d, 0x0,
    0x3f, 0x40, 0xc, 0xc0, 0x0, 0x9, 0xd0, 0x3,
    0xf4, 0x0, 0xcc, 0x0, 0x0, 0x9d, 0x0, 0x4f,
    0x30, 0xc, 0xc0, 0x0, 0x9, 0xd0, 0xa, 0xf3,
    0x40, 0xcc, 0x0, 0x0, 0x0, 0x1a, 0xf6, 0x7f,
    0xd5, 0x0, 0x0, 0x4, 0x9f, 0xe5, 0x0, 0x2a,
    0xfc, 0x30, 0xe, 0xfc, 0x60, 0x0, 0x0, 0x3,
    0xcd, 0x0, 0x11, 0x0, 0x0, 0x0, 0x0, 0x0,
    0x10,

    /* U+9AD8 "高" */
    0x0, 0x0, 0x0, 0x5f, 0x20, 0x0, 0x0, 0x0,
    0x88, 0x88, 0x8b, 0xf9, 0x88, 0x88, 0x80, 0xb,
    0xbb, 0xbb, 0xbb, 0xbb, 0xbb, 0xbb, 0x0, 0x0,
    0x12, 0x22, 0x22, 0x22, 0x10, 0x0, 0x0, 0x9,
    0xfd, 0xdd, 0xdd, 0xf9, 0x0, 0x0, 0x0, 0x9c,
    0x0, 0x0, 0xe, 0x90, 0x0, 0x0, 0x9, 0xff,
    0xff, 0xff, 0xf9, 0x0, 0x0, 0x14, 0x44, 0x44,
    0x44, 0x44, 0x44, 0x20, 0x6, 0xff, 0xff, 0xff,
    0xff, 0xff, 0xf8, 0x0, 0x6f, 0x0, 0x21, 0x11,
    0x10, 0xe, 0x80, 0x6, 0xf0, 0x5f, 0xee, 0xef,
    0x50, 0xe8, 0x0, 0x6f, 0x5, 0xd0, 0x0, 0xe5,
    0xe, 0x80, 0x6, 0xf0, 0x5f, 0xff, 0xff, 0x61,
    0xe8, 0x0, 0x6f, 0x3, 0x90, 0x0, 0xd, 0xfd,
    0x30,

    /* U+FF0C "，" */
    0x6, 0x50, 0x5f, 0xf3, 0x1c, 0xf5, 0x1, 0xf2,
    0x3d, 0x90, 0x76, 0x0,

    /* U+FF1B "；" */
    0x1, 0x71, 0x0, 0xbf, 0xb0, 0x7, 0xf7, 0x0,
    0x0, 0x0, 0x0, 0x0, 0x0, 0x0, 0x0, 0x0,
    0x0, 0x0, 0x6f, 0x90, 0x9, 0xff, 0x0, 0x8,
    0xf0, 0x0, 0x9b, 0x0, 0x9e, 0x20, 0x8, 0x10,
    0x0
};


/*---------------------
 *  GLYPH DESCRIPTION
 *--------------------*/

static const lv_font_fmt_txt_glyph_dsc_t glyph_dsc[] = {
    {.bitmap_index = 0, .adv_w = 0, .box_w = 0, .box_h = 0, .ofs_x = 0, .ofs_y = 0} /* id = 0 reserved */,
    {.bitmap_index = 0, .adv_w = 54, .box_w = 0, .box_h = 0, .ofs_x = 0, .ofs_y = 0},
    {.bitmap_index = 0, .adv_w = 82, .box_w = 3, .box_h = 12, .ofs_x = 1, .ofs_y = 0},
    {.bitmap_index = 18, .adv_w = 124, .box_w = 6, .box_h = 6, .ofs_x = 1, .ofs_y = 7},
    {.bitmap_index = 36, .adv_w = 137, .box_w = 9, .box_h = 12, .ofs_x = 0, .ofs_y = 0},
    {.bitmap_index = 90, .adv_w = 137, .box_w = 8, .box_h = 16, .ofs_x = 0, .ofs_y = -2},
    {.bitmap_index = 154, .adv_w = 225, .box_w = 14, .box_h = 12, .ofs_x = 0, .ofs_y = 0},
    {.bitmap_index = 238, .adv_w = 169, .box_w = 11, .box_h = 12, .ofs_x = 0, .ofs_y = 0},
    {.bitmap_index = 304, .adv_w = 72, .box_w = 3, .box_h = 6, .ofs_x = 1, .ofs_y = 7},
    {.bitmap_index = 313, .adv_w = 85, .box_w = 4, .box_h = 18, .ofs_x = 1, .ofs_y = -4},
    {.bitmap_index = 349, .adv_w = 85, .box_w = 4, .box_h = 18, .ofs_x = 0, .ofs_y = -4},
    {.bitmap_index = 385, .adv_w = 116, .box_w = 7, .box_h = 6, .ofs_x = 0, .ofs_y = 7},
    {.bitmap_index = 406, .adv_w = 137, .box_w = 8, .box_h = 9, .ofs_x = 0, .ofs_y = 2},
    {.bitmap_index = 442, .adv_w = 72, .box_w = 4, .box_h = 7, .ofs_x = 0, .ofs_y = -4},
    {.bitmap_index = 456, .adv_w = 86, .box_w = 5, .box_h = 3, .ofs_x = 0, .ofs_y = 3},
    {.bitmap_index = 464, .adv_w = 72, .box_w = 3, .box_h = 3, .ofs_x = 1, .ofs_y = 0},
    {.bitmap_index = 469, .adv_w = 94, .box_w = 6, .box_h = 16, .ofs_x = 0, .ofs_y = -3},
    {.bitmap_index = 517, .adv_w = 137, .box_w = 8, .box_h = 12, .ofs_x = 0, .ofs_y = 0},
    {.bitmap_index = 565, .adv_w = 137, .box_w = 7, .box_h = 12, .ofs_x = 1, .ofs_y = 0},
    {.bitmap_index = 607, .adv_w = 137, .box_w = 8, .box_h = 12, .ofs_x = 0, .ofs_y = 0},
    {.bitmap_index = 655, .adv_w = 137, .box_w = 8, .box_h = 12, .ofs_x = 0, .ofs_y = 0},
    {.bitmap_index = 703, .adv_w = 137, .box_w = 9, .box_h = 12, .ofs_x = 0, .ofs_y = 0},
    {.bitmap_index = 757, .adv_w = 137, .box_w = 8, .box_h = 12, .ofs_x = 0, .ofs_y = 0},
    {.bitmap_index = 805, .adv_w = 137, .box_w = 8, .box_h = 12, .ofs_x = 0, .ofs_y = 0},
    {.bitmap_index = 853, .adv_w = 137, .box_w = 8, .box_h = 12, .ofs_x = 0, .ofs_y = 0},
    {.bitmap_index = 901, .adv_w = 137, .box_w = 8, .box_h = 12, .ofs_x = 0, .ofs_y = 0},
    {.bitmap_index = 949, .adv_w = 137, .box_w = 8, .box_h = 12, .ofs_x = 0, .ofs_y = 0},
    {.bitmap_index = 997, .adv_w = 72, .box_w = 3, .box_h = 9, .ofs_x = 1, .ofs_y = 0},
    {.bitmap_index = 1011, .adv_w = 72, .box_w = 4, .box_h = 13, .ofs_x = 0, .ofs_y = -4},
    {.bitmap_index = 1037, .adv_w = 137, .box_w = 8, .box_h = 8, .ofs_x = 0, .ofs_y = 2},
    {.bitmap_index = 1069, .adv_w = 137, .box_w = 8, .box_h = 6, .ofs_x = 0, .ofs_y = 3},
    {.bitmap_index = 1093, .adv_w = 137, .box_w = 8, .box_h = 8, .ofs_x = 0, .ofs_y = 2},
    {.bitmap_index = 1125, .adv_w = 118, .box_w = 7, .box_h = 12, .ofs_x = 0, .ofs_y = 0},
    {.bitmap_index = 1167, .adv_w = 233, .box_w = 14, .box_h = 15, .ofs_x = 0, .ofs_y = -3},
    {.bitmap_index = 1272, .adv_w = 149, .box_w = 10, .box_h = 12, .ofs_x = 0, .ofs_y = 0},
    {.bitmap_index = 1332, .adv_w = 160, .box_w = 9, .box_h = 12, .ofs_x = 1, .ofs_y = 0},
    {.bitmap_index = 1386, .adv_w = 155, .box_w = 10, .box_h = 12, .ofs_x = 0, .ofs_y = 0},
    {.bitmap_index = 1446, .adv_w = 168, .box_w = 9, .box_h = 12, .ofs_x = 1, .ofs_y = 0},
    {.bitmap_index = 1500, .adv_w = 144, .box_w = 8, .box_h = 12, .ofs_x = 1, .ofs_y = 0},
    {.bitmap_index = 1548, .adv_w = 136, .box_w = 7, .box_h = 12, .ofs_x = 1, .ofs_y = 0},
    {.bitmap_index = 1590, .adv_w = 168, .box_w = 10, .box_h = 12, .ofs_x = 0, .ofs_y = 0},
    {.bitmap_index = 1650, .adv_w = 178, .box_w = 9, .box_h = 12, .ofs_x = 1, .ofs_y = 0},
    {.bitmap_index = 1704, .adv_w = 74, .box_w = 3, .box_h = 12, .ofs_x = 1, .ofs_y = 0},
    {.bitmap_index = 1722, .adv_w = 132, .box_w = 7, .box_h = 12, .ofs_x = 0, .ofs_y = 0},
    {.bitmap_index = 1764, .adv_w = 159, .box_w = 9, .box_h = 12, .ofs_x = 1, .ofs_y = 0},
    {.bitmap_index = 1818, .adv_w = 134, .box_w = 7, .box_h = 12, .ofs_x = 1, .ofs_y = 0},
    {.bitmap_index = 1860, .adv_w = 199, .box_w = 11, .box_h = 12, .ofs_x = 1, .ofs_y = 0},
    {.bitmap_index = 1926, .adv_w = 176, .box_w = 9, .box_h = 12, .ofs_x = 1, .ofs_y = 0},
    {.bitmap_index = 1980, .adv_w = 181, .box_w = 11, .box_h = 12, .ofs_x = 0, .ofs_y = 0},
    {.bitmap_index = 2046, .adv_w = 156, .box_w = 9, .box_h = 12, .ofs_x = 1, .ofs_y = 0},
    {.bitmap_index = 2100, .adv_w = 181, .box_w = 11, .box_h = 15, .ofs_x = 0, .ofs_y = -3},
    {.bitmap_index = 2183, .adv_w = 157, .box_w = 9, .box_h = 12, .ofs_x = 1, .ofs_y = 0},
    {.bitmap_index = 2237, .adv_w = 146, .box_w = 9, .box_h = 12, .ofs_x = 0, .ofs_y = 0},
    {.bitmap_index = 2291, .adv_w = 147, .box_w = 9, .box_h = 12, .ofs_x = 0, .ofs_y = 0},
    {.bitmap_index = 2345, .adv_w = 176, .box_w = 9, .box_h = 12, .ofs_x = 1, .ofs_y = 0},
    {.bitmap_index = 2399, .adv_w = 143, .box_w = 10, .box_h = 12, .ofs_x = -1, .ofs_y = 0},
    {.bitmap_index = 2459, .adv_w = 215, .box_w = 14, .box_h = 12, .ofs_x = 0, .ofs_y = 0},
    {.bitmap_index = 2543, .adv_w = 143, .box_w = 9, .box_h = 12, .ofs_x = 0, .ofs_y = 0},
    {.bitmap_index = 2597, .adv_w = 133, .box_w = 10, .box_h = 12, .ofs_x = -1, .ofs_y = 0},
    {.bitmap_index = 2657, .adv_w = 146, .box_w = 9, .box_h = 12, .ofs_x = 0, .ofs_y = 0},
    {.bitmap_index = 2711, .adv_w = 85, .box_w = 4, .box_h = 16, .ofs_x = 1, .ofs_y = -3},
    {.bitmap_index = 2743, .adv_w = 94, .box_w = 6, .box_h = 16, .ofs_x = 0, .ofs_y = -3},
    {.bitmap_index = 2791, .adv_w = 85, .box_w = 4, .box_h = 16, .ofs_x = 0, .ofs_y = -3},
    {.bitmap_index = 2823, .adv_w = 137, .box_w = 8, .box_h = 7, .ofs_x = 0, .ofs_y = 5},
    {.bitmap_index = 2851, .adv_w = 135, .box_w = 9, .box_h = 2, .ofs_x = 0, .ofs_y = -3},
    {.bitmap_index = 2860, .adv_w = 148, .box_w = 5, .box_h = 5, .ofs_x = 1, .ofs_y = 10},
    {.bitmap_index = 2873, .adv_w = 138, .box_w = 8, .box_h = 9, .ofs_x = 0, .ofs_y = 0},
    {.bitmap_index = 2909, .adv_w = 151, .box_w = 8, .box_h = 13, .ofs_x = 1, .ofs_y = 0},
    {.bitmap_index = 2961, .adv_w = 124, .box_w = 8, .box_h = 9, .ofs_x = 0, .ofs_y = 0},
    {.bitmap_index = 2997, .adv_w = 151, .box_w = 9, .box_h = 13, .ofs_x = 0, .ofs_y = 0},
    {.bitmap_index = 3056, .adv_w = 136, .box_w = 8, .box_h = 9, .ofs_x = 0, .ofs_y = 0},
    {.bitmap_index = 3092, .adv_w = 83, .box_w = 6, .box_h = 13, .ofs_x = 0, .ofs_y = 0},
    {.bitmap_index = 3131, .adv_w = 139, .box_w = 9, .box_h = 13, .ofs_x = 0, .ofs_y = -4},
    {.bitmap_index = 3190, .adv_w = 149, .box_w = 8, .box_h = 13, .ofs_x = 1, .ofs_y = 0},
    {.bitmap_index = 3242, .adv_w = 69, .box_w = 3, .box_h = 13, .ofs_x = 1, .ofs_y = 0},
    {.bitmap_index = 3262, .adv_w = 69, .box_w = 5, .box_h = 17, .ofs_x = -1, .ofs_y = -4},
    {.bitmap_index = 3305, .adv_w = 138, .box_w = 8, .box_h = 13, .ofs_x = 1, .ofs_y = 0},
    {.bitmap_index = 3357, .adv_w = 72, .box_w = 3, .box_h = 13, .ofs_x = 1, .ofs_y = 0},
    {.bitmap_index = 3377, .adv_w = 226, .box_w = 12, .box_h = 9, .ofs_x = 1, .ofs_y = 0},
    {.bitmap_index = 3431, .adv_w = 150, .box_w = 8, .box_h = 9, .ofs_x = 1, .ofs_y = 0},
    {.bitmap_index = 3467, .adv_w = 148, .box_w = 9, .box_h = 9, .ofs_x = 0, .ofs_y = 0},
    {.bitmap_index = 3508, .adv_w = 151, .box_w = 8, .box_h = 13, .ofs_x = 1, .ofs_y = -4},
    {.bitmap_index = 3560, .adv_w = 151, .box_w = 9, .box_h = 13, .ofs_x = 0, .ofs_y = -4},
    {.bitmap_index = 3619, .adv_w = 98, .box_w = 6, .box_h = 10, .ofs_x = 1, .ofs_y = 0},
    {.bitmap_index = 3649, .adv_w = 115, .box_w = 7, .box_h = 9, .ofs_x = 0, .ofs_y = 0},
    {.bitmap_index = 3681, .adv_w = 95, .box_w = 6, .box_h = 12, .ofs_x = 0, .ofs_y = 0},
    {.bitmap_index = 3717, .adv_w = 149, .box_w = 8, .box_h = 9, .ofs_x = 1, .ofs_y = 0},
    {.bitmap_index = 3753, .adv_w = 131, .box_w = 8, .box_h = 9, .ofs_x = 0, .ofs_y = 0},
    {.bitmap_index = 3789, .adv_w = 199, .box_w = 13, .box_h = 9, .ofs_x = 0, .ofs_y = 0},
    {.bitmap_index = 3848, .adv_w = 126, .box_w = 8, .box_h = 9, .ofs_x = 0, .ofs_y = 0},
    {.bitmap_index = 3884, .adv_w = 131, .box_w = 8, .box_h = 13, .ofs_x = 0, .ofs_y = -4},
    {.bitmap_index = 3936, .adv_w = 118, .box_w = 7, .box_h = 9, .ofs_x = 0, .ofs_y = 0},
    {.bitmap_index = 3968, .adv_w = 85, .box_w = 5, .box_h = 16, .ofs_x = 0, .ofs_y = -3},
    {.bitmap_index = 4008, .adv_w = 67, .box_w = 2, .box_h = 18, .ofs_x = 1, .ofs_y = -4},
    {.bitmap_index = 4026, .adv_w = 85, .box_w = 5, .box_h = 16, .ofs_x = 0, .ofs_y = -3},
    {.bitmap_index = 4066, .adv_w = 137, .box_w = 8, .box_h = 4, .ofs_x = 0, .ofs_y = 4},
    {.bitmap_index = 4082, .adv_w = 92, .box_w = 6, .box_h = 5, .ofs_x = 0, .ofs_y = 8},
    {.bitmap_index = 4097, .adv_w = 138, .box_w = 3, .box_h = 3, .ofs_x = 3, .ofs_y = 5},
    {.bitmap_index = 4102, .adv_w = 240, .box_w = 11, .box_h = 12, .ofs_x = 2, .ofs_y = 0},
    {.bitmap_index = 4168, .adv_w = 240, .box_w = 11, .box_h = 11, .ofs_x = 2, .ofs_y = 1},
    {.bitmap_index = 4229, .adv_w = 130, .box_w = 8, .box_h = 3, .ofs_x = 0, .ofs_y = 3},
    {.bitmap_index = 4241, .adv_w = 240, .box_w = 13, .box_h = 3, .ofs_x = 1, .ofs_y = 5},
    {.bitmap_index = 4261, .adv_w = 240, .box_w = 9, .box_h = 14, .ofs_x = 3, .ofs_y = -1},
    {.bitmap_index = 4324, .adv_w = 240, .box_w = 9, .box_h = 14, .ofs_x = 3, .ofs_y = -1},
    {.bitmap_index = 4387, .adv_w = 240, .box_w = 15, .box_h = 7, .ofs_x = 0, .ofs_y = 2},
    {.bitmap_index = 4440, .adv_w = 240, .box_w = 0, .box_h = 0, .ofs_x = 0, .ofs_y = 0},
    {.bitmap_index = 4440, .adv_w = 240, .box_w = 6, .box_h = 5, .ofs_x = 0, .ofs_y = -1},
    {.bitmap_index = 4455, .adv_w = 240, .box_w = 6, .box_h = 5, .ofs_x = 0, .ofs_y = -1},
    {.bitmap_index = 4470, .adv_w = 240, .box_w = 6, .box_h = 10, .ofs_x = 9, .ofs_y = 3},
    {.bitmap_index = 4500, .adv_w = 240, .box_w = 6, .box_h = 10, .ofs_x = 0, .ofs_y = -1},
    {.bitmap_index = 4530, .adv_w = 240, .box_w = 13, .box_h = 12, .ofs_x = 1, .ofs_y = -1},
    {.bitmap_index = 4608, .adv_w = 240, .box_w = 14, .box_h = 13, .ofs_x = 1, .ofs_y = -1},
    {.bitmap_index = 4699, .adv_w = 240, .box_w = 15, .box_h = 14, .ofs_x = 0, .ofs_y = -1},
    {.bitmap_index = 4804, .adv_w = 240, .box_w = 11, .box_h = 14, .ofs_x = 2, .ofs_y = -1},
    {.bitmap_index = 4881, .adv_w = 240, .box_w = 10, .box_h = 15, .ofs_x = 2, .ofs_y = -2},
    {.bitmap_index = 4956, .adv_w = 240, .box_w = 13, .box_h = 14, .ofs_x = 2, .ofs_y = -1},
    {.bitmap_index = 5047, .adv_w = 240, .box_w = 11, .box_h = 14, .ofs_x = 2, .ofs_y = -1},
    {.bitmap_index = 5124, .adv_w = 240, .box_w = 11, .box_h = 14, .ofs_x = 3, .ofs_y = -1},
    {.bitmap_index = 5201, .adv_w = 240, .box_w = 11, .box_h = 13, .ofs_x = 3, .ofs_y = -1},
    {.bitmap_index = 5273, .adv_w = 240, .box_w = 13, .box_h = 15, .ofs_x = 1, .ofs_y = -2},
    {.bitmap_index = 5371, .adv_w = 240, .box_w = 14, .box_h = 13, .ofs_x = 0, .ofs_y = -1},
    {.bitmap_index = 5462, .adv_w = 240, .box_w = 14, .box_h = 13, .ofs_x = 1, .ofs_y = -1},
    {.bitmap_index = 5553, .adv_w = 240, .box_w = 14, .box_h = 10, .ofs_x = 0, .ofs_y = 0},
    {.bitmap_index = 5623, .adv_w = 240, .box_w = 13, .box_h = 13, .ofs_x = 1, .ofs_y = -1},
    {.bitmap_index = 5708, .adv_w = 240, .box_w = 13, .box_h = 12, .ofs_x = 1, .ofs_y = -1},
    {.bitmap_index = 5786, .adv_w = 240, .box_w = 11, .box_h = 13, .ofs_x = 2, .ofs_y = -1},
    {.bitmap_index = 5858, .adv_w = 240, .box_w = 14, .box_h = 14, .ofs_x = 1, .ofs_y = -1},
    {.bitmap_index = 5956, .adv_w = 240, .box_w = 13, .box_h = 13, .ofs_x = 1, .ofs_y = -1},
    {.bitmap_index = 6041, .adv_w = 240, .box_w = 13, .box_h = 12, .ofs_x = 1, .ofs_y = -1},
    {.bitmap_index = 6119, .adv_w = 240, .box_w = 14, .box_h = 13, .ofs_x = 1, .ofs_y = -1},
    {.bitmap_index = 6210, .adv_w = 240, .box_w = 15, .box_h = 10, .ofs_x = 0, .ofs_y = 0},
    {.bitmap_index = 6285, .adv_w = 240, .box_w = 12, .box_h = 13, .ofs_x = 2, .ofs_y = -1},
    {.bitmap_index = 6363, .adv_w = 240, .box_w = 15, .box_h = 13, .ofs_x = 0, .ofs_y = -1},
    {.bitmap_index = 6461, .adv_w = 240, .box_w = 13, .box_h = 13, .ofs_x = 1, .ofs_y = -1},
    {.bitmap_index = 6546, .adv_w = 240, .box_w = 13, .box_h = 13, .ofs_x = 1, .ofs_y = -1},
    {.bitmap_index = 6631, .adv_w = 240, .box_w = 13, .box_h = 14, .ofs_x = 1, .ofs_y = -1},
    {.bitmap_index = 6722, .adv_w = 240, .box_w = 10, .box_h = 14, .ofs_x = 3, .ofs_y = -1},
    {.bitmap_index = 6792, .adv_w = 240, .box_w = 12, .box_h = 13, .ofs_x = 1, .ofs_y = -1},
    {.bitmap_index = 6870, .adv_w = 240, .box_w = 15, .box_h = 14, .ofs_x = 0, .ofs_y = -1},
    {.bitmap_index = 6975, .adv_w = 240, .box_w = 15, .box_h = 14, .ofs_x = 0, .ofs_y = -1},
    {.bitmap_index = 7080, .adv_w = 240, .box_w = 13, .box_h = 14, .ofs_x = 1, .ofs_y = -1},
    {.bitmap_index = 7171, .adv_w = 240, .box_w = 15, .box_h = 13, .ofs_x = 0, .ofs_y = -1},
    {.bitmap_index = 7269, .adv_w = 240, .box_w = 13, .box_h = 13, .ofs_x = 1, .ofs_y = -1},
    {.bitmap_index = 7354, .adv_w = 240, .box_w = 13, .box_h = 13, .ofs_x = 1, .ofs_y = -1},
    {.bitmap_index = 7439, .adv_w = 240, .box_w = 12, .box_h = 13, .ofs_x = 1, .ofs_y = -1},
    {.bitmap_index = 7517, .adv_w = 240, .box_w = 13, .box_h = 13, .ofs_x = 1, .ofs_y = -1},
    {.bitmap_index = 7602, .adv_w = 240, .box_w = 13, .box_h = 14, .ofs_x = 1, .ofs_y = -1},
    {.bitmap_index = 7693, .adv_w = 240, .box_w = 14, .box_h = 13, .ofs_x = 0, .ofs_y = -1},
    {.bitmap_index = 7784, .adv_w = 240, .box_w = 15, .box_h = 15, .ofs_x = 0, .ofs_y = -2},
    {.bitmap_index = 7897, .adv_w = 240, .box_w = 13, .box_h = 12, .ofs_x = 1, .ofs_y = -1},
    {.bitmap_index = 7975, .adv_w = 240, .box_w = 14, .box_h = 13, .ofs_x = 0, .ofs_y = -1},
    {.bitmap_index = 8066, .adv_w = 240, .box_w = 13, .box_h = 14, .ofs_x = 1, .ofs_y = -1},
    {.bitmap_index = 8157, .adv_w = 240, .box_w = 15, .box_h = 15, .ofs_x = 0, .ofs_y = -2},
    {.bitmap_index = 8270, .adv_w = 240, .box_w = 13, .box_h = 13, .ofs_x = 1, .ofs_y = -1},
    {.bitmap_index = 8355, .adv_w = 240, .box_w = 11, .box_h = 11, .ofs_x = 2, .ofs_y = -2},
    {.bitmap_index = 8416, .adv_w = 240, .box_w = 14, .box_h = 14, .ofs_x = 1, .ofs_y = -1},
    {.bitmap_index = 8514, .adv_w = 240, .box_w = 9, .box_h = 13, .ofs_x = 4, .ofs_y = -1},
    {.bitmap_index = 8573, .adv_w = 240, .box_w = 10, .box_h = 13, .ofs_x = 4, .ofs_y = -1},
    {.bitmap_index = 8638, .adv_w = 240, .box_w = 14, .box_h = 13, .ofs_x = 1, .ofs_y = -1},
    {.bitmap_index = 8729, .adv_w = 240, .box_w = 15, .box_h = 13, .ofs_x = 0, .ofs_y = -1},
    {.bitmap_index = 8827, .adv_w = 240, .box_w = 12, .box_h = 14, .ofs_x = 2, .ofs_y = -1},
    {.bitmap_index = 8911, .adv_w = 240, .box_w = 14, .box_h = 14, .ofs_x = 1, .ofs_y = -1},
    {.bitmap_index = 9009, .adv_w = 240, .box_w = 14, .box_h = 13, .ofs_x = 1, .ofs_y = -1},
    {.bitmap_index = 9100, .adv_w = 240, .box_w = 14, .box_h = 13, .ofs_x = 1, .ofs_y = -1},
    {.bitmap_index = 9191, .adv_w = 240, .box_w = 13, .box_h = 12, .ofs_x = 1, .ofs_y = -1},
    {.bitmap_index = 9269, .adv_w = 240, .box_w = 12, .box_h = 12, .ofs_x = 2, .ofs_y = -2},
    {.bitmap_index = 9341, .adv_w = 240, .box_w = 11, .box_h = 8, .ofs_x = 2, .ofs_y = 0},
    {.bitmap_index = 9385, .adv_w = 240, .box_w = 13, .box_h = 13, .ofs_x = 1, .ofs_y = -1},
    {.bitmap_index = 9470, .adv_w = 240, .box_w = 9, .box_h = 13, .ofs_x = 3, .ofs_y = -1},
    {.bitmap_index = 9529, .adv_w = 240, .box_w = 15, .box_h = 13, .ofs_x = 0, .ofs_y = -1},
    {.bitmap_index = 9627, .adv_w = 240, .box_w = 11, .box_h = 13, .ofs_x = 3, .ofs_y = -1},
    {.bitmap_index = 9699, .adv_w = 240, .box_w = 13, .box_h = 12, .ofs_x = 1, .ofs_y = -1},
    {.bitmap_index = 9777, .adv_w = 240, .box_w = 13, .box_h = 13, .ofs_x = 1, .ofs_y = -1},
    {.bitmap_index = 9862, .adv_w = 240, .box_w = 5, .box_h = 4, .ofs_x = 5, .ofs_y = 4},
    {.bitmap_index = 9872, .adv_w = 240, .box_w = 13, .box_h = 3, .ofs_x = 1, .ofs_y = 4},
    {.bitmap_index = 9892, .adv_w = 240, .box_w = 15, .box_h = 2, .ofs_x = 0, .ofs_y = 5},
    {.bitmap_index = 9907, .adv_w = 240, .box_w = 15, .box_h = 14, .ofs_x = 0, .ofs_y = -1},
    {.bitmap_index = 10012, .adv_w = 240, .box_w = 15, .box_h = 13, .ofs_x = 0, .ofs_y = -1},
    {.bitmap_index = 10110, .adv_w = 240, .box_w = 15, .box_h = 13, .ofs_x = 0, .ofs_y = -1},
    {.bitmap_index = 10208, .adv_w = 240, .box_w = 15, .box_h = 13, .ofs_x = 0, .ofs_y = -1},
    {.bitmap_index = 10306, .adv_w = 240, .box_w = 13, .box_h = 14, .ofs_x = 1, .ofs_y = -1},
    {.bitmap_index = 10397, .adv_w = 240, .box_w = 15, .box_h = 15, .ofs_x = 0, .ofs_y = -2},
    {.bitmap_index = 10510, .adv_w = 240, .box_w = 15, .box_h = 15, .ofs_x = 0, .ofs_y = -2},
    {.bitmap_index = 10623, .adv_w = 240, .box_w = 15, .box_h = 15, .ofs_x = 0, .ofs_y = -2},
    {.bitmap_index = 10736, .adv_w = 240, .box_w = 15, .box_h = 15, .ofs_x = 0, .ofs_y = -2},
    {.bitmap_index = 10849, .adv_w = 240, .box_w = 15, .box_h = 15, .ofs_x = 0, .ofs_y = -1},
    {.bitmap_index = 10962, .adv_w = 240, .box_w = 15, .box_h = 15, .ofs_x = 0, .ofs_y = -2},
    {.bitmap_index = 11075, .adv_w = 240, .box_w = 15, .box_h = 15, .ofs_x = 0, .ofs_y = -1},
    {.bitmap_index = 11188, .adv_w = 240, .box_w = 16, .box_h = 14, .ofs_x = -1, .ofs_y = -1},
    {.bitmap_index = 11300, .adv_w = 240, .box_w = 15, .box_h = 14, .ofs_x = 0, .ofs_y = -1},
    {.bitmap_index = 11405, .adv_w = 240, .box_w = 15, .box_h = 14, .ofs_x = 0, .ofs_y = -1},
    {.bitmap_index = 11510, .adv_w = 240, .box_w = 15, .box_h = 14, .ofs_x = 0, .ofs_y = -1},
    {.bitmap_index = 11615, .adv_w = 240, .box_w = 15, .box_h = 15, .ofs_x = 0, .ofs_y = -1},
    {.bitmap_index = 11728, .adv_w = 240, .box_w = 14, .box_h = 16, .ofs_x = 0, .ofs_y = -2},
    {.bitmap_index = 11840, .adv_w = 240, .box_w = 15, .box_h = 16, .ofs_x = 0, .ofs_y = -2},
    {.bitmap_index = 11960, .adv_w = 240, .box_w = 15, .box_h = 14, .ofs_x = 0, .ofs_y = -1},
    {.bitmap_index = 12065, .adv_w = 240, .box_w = 15, .box_h = 15, .ofs_x = 0, .ofs_y = -2},
    {.bitmap_index = 12178, .adv_w = 240, .box_w = 16, .box_h = 15, .ofs_x = -1, .ofs_y = -1},
    {.bitmap_index = 12298, .adv_w = 240, .box_w = 15, .box_h = 14, .ofs_x = 0, .ofs_y = -2},
    {.bitmap_index = 12403, .adv_w = 240, .box_w = 15, .box_h = 14, .ofs_x = 0, .ofs_y = -2},
    {.bitmap_index = 12508, .adv_w = 240, .box_w = 15, .box_h = 14, .ofs_x = 0, .ofs_y = -1},
    {.bitmap_index = 12613, .adv_w = 240, .box_w = 15, .box_h = 15, .ofs_x = 0, .ofs_y = -2},
    {.bitmap_index = 12726, .adv_w = 240, .box_w = 15, .box_h = 15, .ofs_x = 0, .ofs_y = -2},
    {.bitmap_index = 12839, .adv_w = 240, .box_w = 13, .box_h = 14, .ofs_x = 1, .ofs_y = -1},
    {.bitmap_index = 12930, .adv_w = 240, .box_w = 15, .box_h = 14, .ofs_x = 0, .ofs_y = -2},
    {.bitmap_index = 13035, .adv_w = 240, .box_w = 15, .box_h = 15, .ofs_x = 0, .ofs_y = -2},
    {.bitmap_index = 13148, .adv_w = 240, .box_w = 15, .box_h = 15, .ofs_x = 0, .ofs_y = -2},
    {.bitmap_index = 13261, .adv_w = 240, .box_w = 14, .box_h = 14, .ofs_x = 0, .ofs_y = -2},
    {.bitmap_index = 13359, .adv_w = 240, .box_w = 14, .box_h = 15, .ofs_x = 0, .ofs_y = -2},
    {.bitmap_index = 13464, .adv_w = 240, .box_w = 14, .box_h = 15, .ofs_x = 0, .ofs_y = -2},
    {.bitmap_index = 13569, .adv_w = 240, .box_w = 14, .box_h = 15, .ofs_x = 0, .ofs_y = -2},
    {.bitmap_index = 13674, .adv_w = 240, .box_w = 14, .box_h = 16, .ofs_x = 0, .ofs_y = -2},
    {.bitmap_index = 13786, .adv_w = 240, .box_w = 14, .box_h = 14, .ofs_x = 0, .ofs_y = -1},
    {.bitmap_index = 13884, .adv_w = 240, .box_w = 15, .box_h = 15, .ofs_x = 0, .ofs_y = -2},
    {.bitmap_index = 13997, .adv_w = 240, .box_w = 15, .box_h = 14, .ofs_x = 0, .ofs_y = -1},
    {.bitmap_index = 14102, .adv_w = 240, .box_w = 14, .box_h = 15, .ofs_x = 0, .ofs_y = -2},
    {.bitmap_index = 14207, .adv_w = 240, .box_w = 14, .box_h = 15, .ofs_x = 0, .ofs_y = -2},
    {.bitmap_index = 14312, .adv_w = 240, .box_w = 15, .box_h = 14, .ofs_x = 0, .ofs_y = -1},
    {.bitmap_index = 14417, .adv_w = 240, .box_w = 14, .box_h = 13, .ofs_x = 1, .ofs_y = -1},
    {.bitmap_index = 14508, .adv_w = 240, .box_w = 15, .box_h = 14, .ofs_x = 0, .ofs_y = -1},
    {.bitmap_index = 14613, .adv_w = 240, .box_w = 15, .box_h = 14, .ofs_x = 0, .ofs_y = -2},
    {.bitmap_index = 14718, .adv_w = 240, .box_w = 15, .box_h = 14, .ofs_x = 0, .ofs_y = -2},
    {.bitmap_index = 14823, .adv_w = 240, .box_w = 15, .box_h = 13, .ofs_x = 0, .ofs_y = -1},
    {.bitmap_index = 14921, .adv_w = 240, .box_w = 13, .box_h = 14, .ofs_x = 1, .ofs_y = -2},
    {.bitmap_index = 15012, .adv_w = 240, .box_w = 15, .box_h = 14, .ofs_x = 0, .ofs_y = -2},
    {.bitmap_index = 15117, .adv_w = 240, .box_w = 15, .box_h = 15, .ofs_x = 0, .ofs_y = -2},
    {.bitmap_index = 15230, .adv_w = 240, .box_w = 15, .box_h = 14, .ofs_x = 0, .ofs_y = -2},
    {.bitmap_index = 15335, .adv_w = 240, .box_w = 13, .box_h = 13, .ofs_x = 1, .ofs_y = -1},
    {.bitmap_index = 15420, .adv_w = 240, .box_w = 15, .box_h = 14, .ofs_x = 0, .ofs_y = -1},
    {.bitmap_index = 15525, .adv_w = 240, .box_w = 14, .box_h = 14, .ofs_x = 0, .ofs_y = -1},
    {.bitmap_index = 15623, .adv_w = 240, .box_w = 14, .box_h = 14, .ofs_x = 1, .ofs_y = -2},
    {.bitmap_index = 15721, .adv_w = 240, .box_w = 13, .box_h = 13, .ofs_x = 1, .ofs_y = -1},
    {.bitmap_index = 15806, .adv_w = 240, .box_w = 15, .box_h = 14, .ofs_x = 0, .ofs_y = -1},
    {.bitmap_index = 15911, .adv_w = 240, .box_w = 15, .box_h = 14, .ofs_x = 0, .ofs_y = -1},
    {.bitmap_index = 16016, .adv_w = 240, .box_w = 15, .box_h = 14, .ofs_x = 0, .ofs_y = -1},
    {.bitmap_index = 16121, .adv_w = 240, .box_w = 15, .box_h = 16, .ofs_x = 0, .ofs_y = -2},
    {.bitmap_index = 16241, .adv_w = 240, .box_w = 15, .box_h = 14, .ofs_x = 0, .ofs_y = -1},
    {.bitmap_index = 16346, .adv_w = 240, .box_w = 15, .box_h = 15, .ofs_x = 0, .ofs_y = -2},
    {.bitmap_index = 16459, .adv_w = 240, .box_w = 15, .box_h = 15, .ofs_x = 0, .ofs_y = -2},
    {.bitmap_index = 16572, .adv_w = 240, .box_w = 14, .box_h = 15, .ofs_x = 0, .ofs_y = -2},
    {.bitmap_index = 16677, .adv_w = 240, .box_w = 15, .box_h = 15, .ofs_x = 0, .ofs_y = -2},
    {.bitmap_index = 16790, .adv_w = 240, .box_w = 15, .box_h = 14, .ofs_x = 0, .ofs_y = -2},
    {.bitmap_index = 16895, .adv_w = 240, .box_w = 15, .box_h = 15, .ofs_x = 0, .ofs_y = -2},
    {.bitmap_index = 17008, .adv_w = 240, .box_w = 15, .box_h = 15, .ofs_x = 0, .ofs_y = -2},
    {.bitmap_index = 17121, .adv_w = 240, .box_w = 15, .box_h = 15, .ofs_x = 0, .ofs_y = -2},
    {.bitmap_index = 17234, .adv_w = 240, .box_w = 15, .box_h = 15, .ofs_x = 0, .ofs_y = -2},
    {.bitmap_index = 17347, .adv_w = 240, .box_w = 15, .box_h = 15, .ofs_x = 0, .ofs_y = -2},
    {.bitmap_index = 17460, .adv_w = 240, .box_w = 15, .box_h = 14, .ofs_x = 0, .ofs_y = -1},
    {.bitmap_index = 17565, .adv_w = 240, .box_w = 15, .box_h = 14, .ofs_x = 0, .ofs_y = -1},
    {.bitmap_index = 17670, .adv_w = 240, .box_w = 15, .box_h = 15, .ofs_x = 0, .ofs_y = -2},
    {.bitmap_index = 17783, .adv_w = 240, .box_w = 15, .box_h = 14, .ofs_x = 0, .ofs_y = -2},
    {.bitmap_index = 17888, .adv_w = 240, .box_w = 13, .box_h = 13, .ofs_x = 1, .ofs_y = -1},
    {.bitmap_index = 17973, .adv_w = 240, .box_w = 15, .box_h = 14, .ofs_x = 0, .ofs_y = -1},
    {.bitmap_index = 18078, .adv_w = 240, .box_w = 14, .box_h = 13, .ofs_x = 1, .ofs_y = -1},
    {.bitmap_index = 18169, .adv_w = 240, .box_w = 15, .box_h = 14, .ofs_x = 0, .ofs_y = -1},
    {.bitmap_index = 18274, .adv_w = 240, .box_w = 15, .box_h = 15, .ofs_x = 0, .ofs_y = -2},
    {.bitmap_index = 18387, .adv_w = 240, .box_w = 15, .box_h = 15, .ofs_x = 0, .ofs_y = -2},
    {.bitmap_index = 18500, .adv_w = 240, .box_w = 13, .box_h = 14, .ofs_x = 1, .ofs_y = -1},
    {.bitmap_index = 18591, .adv_w = 240, .box_w = 15, .box_h = 15, .ofs_x = 0, .ofs_y = -2},
    {.bitmap_index = 18704, .adv_w = 240, .box_w = 15, .box_h = 15, .ofs_x = 0, .ofs_y = -2},
    {.bitmap_index = 18817, .adv_w = 240, .box_w = 15, .box_h = 15, .ofs_x = 0, .ofs_y = -2},
    {.bitmap_index = 18930, .adv_w = 240, .box_w = 15, .box_h = 14, .ofs_x = 0, .ofs_y = -1},
    {.bitmap_index = 19035, .adv_w = 240, .box_w = 15, .box_h = 14, .ofs_x = 0, .ofs_y = -1},
    {.bitmap_index = 19140, .adv_w = 240, .box_w = 15, .box_h = 15, .ofs_x = 0, .ofs_y = -2},
    {.bitmap_index = 19253, .adv_w = 240, .box_w = 15, .box_h = 14, .ofs_x = 0, .ofs_y = -1},
    {.bitmap_index = 19358, .adv_w = 240, .box_w = 15, .box_h = 14, .ofs_x = 0, .ofs_y = -1},
    {.bitmap_index = 19463, .adv_w = 240, .box_w = 15, .box_h = 15, .ofs_x = 0, .ofs_y = -1},
    {.bitmap_index = 19576, .adv_w = 240, .box_w = 15, .box_h = 15, .ofs_x = 0, .ofs_y = -1},
    {.bitmap_index = 19689, .adv_w = 240, .box_w = 15, .box_h = 16, .ofs_x = 0, .ofs_y = -2},
    {.bitmap_index = 19809, .adv_w = 240, .box_w = 15, .box_h = 15, .ofs_x = 0, .ofs_y = -2},
    {.bitmap_index = 19922, .adv_w = 240, .box_w = 15, .box_h = 14, .ofs_x = 0, .ofs_y = -1},
    {.bitmap_index = 20027, .adv_w = 240, .box_w = 15, .box_h = 16, .ofs_x = 0, .ofs_y = -2},
    {.bitmap_index = 20147, .adv_w = 240, .box_w = 15, .box_h = 15, .ofs_x = 0, .ofs_y = -2},
    {.bitmap_index = 20260, .adv_w = 240, .box_w = 15, .box_h = 15, .ofs_x = 0, .ofs_y = -2},
    {.bitmap_index = 20373, .adv_w = 240, .box_w = 15, .box_h = 15, .ofs_x = 0, .ofs_y = -2},
    {.bitmap_index = 20486, .adv_w = 240, .box_w = 15, .box_h = 14, .ofs_x = 0, .ofs_y = -1},
    {.bitmap_index = 20591, .adv_w = 240, .box_w = 15, .box_h = 15, .ofs_x = 0, .ofs_y = -2},
    {.bitmap_index = 20704, .adv_w = 240, .box_w = 15, .box_h = 15, .ofs_x = 0, .ofs_y = -2},
    {.bitmap_index = 20817, .adv_w = 240, .box_w = 15, .box_h = 14, .ofs_x = 0, .ofs_y = -1},
    {.bitmap_index = 20922, .adv_w = 240, .box_w = 15, .box_h = 15, .ofs_x = 0, .ofs_y = -2},
    {.bitmap_index = 21035, .adv_w = 240, .box_w = 15, .box_h = 15, .ofs_x = 0, .ofs_y = -2},
    {.bitmap_index = 21148, .adv_w = 240, .box_w = 15, .box_h = 15, .ofs_x = 0, .ofs_y = -2},
    {.bitmap_index = 21261, .adv_w = 240, .box_w = 15, .box_h = 16, .ofs_x = 0, .ofs_y = -2},
    {.bitmap_index = 21381, .adv_w = 240, .box_w = 14, .box_h = 15, .ofs_x = 1, .ofs_y = -2},
    {.bitmap_index = 21486, .adv_w = 240, .box_w = 15, .box_h = 15, .ofs_x = 0, .ofs_y = -2},
    {.bitmap_index = 21599, .adv_w = 240, .box_w = 15, .box_h = 15, .ofs_x = 0, .ofs_y = -2},
    {.bitmap_index = 21712, .adv_w = 240, .box_w = 11, .box_h = 14, .ofs_x = 2, .ofs_y = -2},
    {.bitmap_index = 21789, .adv_w = 240, .box_w = 13, .box_h = 14, .ofs_x = 1, .ofs_y = -2},
    {.bitmap_index = 21880, .adv_w = 240, .box_w = 13, .box_h = 14, .ofs_x = 1, .ofs_y = -2},
    {.bitmap_index = 21971, .adv_w = 240, .box_w = 14, .box_h = 15, .ofs_x = 1, .ofs_y = -2},
    {.bitmap_index = 22076, .adv_w = 240, .box_w = 14, .box_h = 14, .ofs_x = 1, .ofs_y = -1},
    {.bitmap_index = 22174, .adv_w = 240, .box_w = 15, .box_h = 14, .ofs_x = 0, .ofs_y = -2},
    {.bitmap_index = 22279, .adv_w = 240, .box_w = 15, .box_h = 14, .ofs_x = 0, .ofs_y = -2},
    {.bitmap_index = 22384, .adv_w = 240, .box_w = 15, .box_h = 13, .ofs_x = 0, .ofs_y = -1},
    {.bitmap_index = 22482, .adv_w = 240, .box_w = 13, .box_h = 14, .ofs_x = 0, .ofs_y = -2},
    {.bitmap_index = 22573, .adv_w = 240, .box_w = 15, .box_h = 14, .ofs_x = 0, .ofs_y = -1},
    {.bitmap_index = 22678, .adv_w = 240, .box_w = 15, .box_h = 14, .ofs_x = 0, .ofs_y = -2},
    {.bitmap_index = 22783, .adv_w = 240, .box_w = 14, .box_h = 15, .ofs_x = 0, .ofs_y = -2},
    {.bitmap_index = 22888, .adv_w = 240, .box_w = 15, .box_h = 14, .ofs_x = 0, .ofs_y = -1},
    {.bitmap_index = 22993, .adv_w = 240, .box_w = 15, .box_h = 14, .ofs_x = 0, .ofs_y = -1},
    {.bitmap_index = 23098, .adv_w = 240, .box_w = 15, .box_h = 14, .ofs_x = 0, .ofs_y = -1},
    {.bitmap_index = 23203, .adv_w = 240, .box_w = 15, .box_h = 14, .ofs_x = 0, .ofs_y = -1},
    {.bitmap_index = 23308, .adv_w = 240, .box_w = 15, .box_h = 14, .ofs_x = 0, .ofs_y = -1},
    {.bitmap_index = 23413, .adv_w = 240, .box_w = 15, .box_h = 14, .ofs_x = 0, .ofs_y = -1},
    {.bitmap_index = 23518, .adv_w = 240, .box_w = 15, .box_h = 14, .ofs_x = 0, .ofs_y = -1},
    {.bitmap_index = 23623, .adv_w = 240, .box_w = 15, .box_h = 13, .ofs_x = 0, .ofs_y = -1},
    {.bitmap_index = 23721, .adv_w = 240, .box_w = 15, .box_h = 15, .ofs_x = 0, .ofs_y = -1},
    {.bitmap_index = 23834, .adv_w = 240, .box_w = 15, .box_h = 14, .ofs_x = 0, .ofs_y = -1},
    {.bitmap_index = 23939, .adv_w = 240, .box_w = 15, .box_h = 15, .ofs_x = 0, .ofs_y = -2},
    {.bitmap_index = 24052, .adv_w = 240, .box_w = 15, .box_h = 15, .ofs_x = 0, .ofs_y = -1},
    {.bitmap_index = 24165, .adv_w = 240, .box_w = 15, .box_h = 15, .ofs_x = 0, .ofs_y = -2},
    {.bitmap_index = 24278, .adv_w = 240, .box_w = 15, .box_h = 16, .ofs_x = 0, .ofs_y = -2},
    {.bitmap_index = 24398, .adv_w = 240, .box_w = 15, .box_h = 15, .ofs_x = 0, .ofs_y = -2},
    {.bitmap_index = 24511, .adv_w = 240, .box_w = 15, .box_h = 14, .ofs_x = 0, .ofs_y = -1},
    {.bitmap_index = 24616, .adv_w = 240, .box_w = 15, .box_h = 14, .ofs_x = 0, .ofs_y = -1},
    {.bitmap_index = 24721, .adv_w = 240, .box_w = 15, .box_h = 15, .ofs_x = 0, .ofs_y = -2},
    {.bitmap_index = 24834, .adv_w = 240, .box_w = 15, .box_h = 14, .ofs_x = 0, .ofs_y = -1},
    {.bitmap_index = 24939, .adv_w = 240, .box_w = 15, .box_h = 15, .ofs_x = 0, .ofs_y = -2},
    {.bitmap_index = 25052, .adv_w = 240, .box_w = 15, .box_h = 15, .ofs_x = 0, .ofs_y = -2},
    {.bitmap_index = 25165, .adv_w = 240, .box_w = 15, .box_h = 15, .ofs_x = 0, .ofs_y = -2},
    {.bitmap_index = 25278, .adv_w = 240, .box_w = 15, .box_h = 15, .ofs_x = 0, .ofs_y = -2},
    {.bitmap_index = 25391, .adv_w = 240, .box_w = 15, .box_h = 15, .ofs_x = 0, .ofs_y = -2},
    {.bitmap_index = 25504, .adv_w = 240, .box_w = 15, .box_h = 15, .ofs_x = 0, .ofs_y = -2},
    {.bitmap_index = 25617, .adv_w = 240, .box_w = 15, .box_h = 15, .ofs_x = 0, .ofs_y = -2},
    {.bitmap_index = 25730, .adv_w = 240, .box_w = 15, .box_h = 14, .ofs_x = 0, .ofs_y = -1},
    {.bitmap_index = 25835, .adv_w = 240, .box_w = 15, .box_h = 15, .ofs_x = 0, .ofs_y = -2},
    {.bitmap_index = 25948, .adv_w = 240, .box_w = 15, .box_h = 15, .ofs_x = 0, .ofs_y = -2},
    {.bitmap_index = 26061, .adv_w = 240, .box_w = 15, .box_h = 14, .ofs_x = 0, .ofs_y = -1},
    {.bitmap_index = 26166, .adv_w = 240, .box_w = 15, .box_h = 15, .ofs_x = 0, .ofs_y = -2},
    {.bitmap_index = 26279, .adv_w = 240, .box_w = 15, .box_h = 15, .ofs_x = 0, .ofs_y = -2},
    {.bitmap_index = 26392, .adv_w = 240, .box_w = 15, .box_h = 15, .ofs_x = 0, .ofs_y = -2},
    {.bitmap_index = 26505, .adv_w = 240, .box_w = 15, .box_h = 16, .ofs_x = 0, .ofs_y = -2},
    {.bitmap_index = 26625, .adv_w = 240, .box_w = 15, .box_h = 14, .ofs_x = 0, .ofs_y = -1},
    {.bitmap_index = 26730, .adv_w = 240, .box_w = 14, .box_h = 14, .ofs_x = 0, .ofs_y = -2},
    {.bitmap_index = 26828, .adv_w = 240, .box_w = 15, .box_h = 13, .ofs_x = 0, .ofs_y = -1},
    {.bitmap_index = 26926, .adv_w = 240, .box_w = 14, .box_h = 15, .ofs_x = 0, .ofs_y = -2},
    {.bitmap_index = 27031, .adv_w = 240, .box_w = 15, .box_h = 15, .ofs_x = 0, .ofs_y = -2},
    {.bitmap_index = 27144, .adv_w = 240, .box_w = 15, .box_h = 13, .ofs_x = 0, .ofs_y = -1},
    {.bitmap_index = 27242, .adv_w = 240, .box_w = 13, .box_h = 15, .ofs_x = 1, .ofs_y = -2},
    {.bitmap_index = 27340, .adv_w = 240, .box_w = 15, .box_h = 14, .ofs_x = 0, .ofs_y = -1},
    {.bitmap_index = 27445, .adv_w = 240, .box_w = 15, .box_h = 14, .ofs_x = 0, .ofs_y = -1},
    {.bitmap_index = 27550, .adv_w = 240, .box_w = 15, .box_h = 14, .ofs_x = 0, .ofs_y = -2},
    {.bitmap_index = 27655, .adv_w = 240, .box_w = 15, .box_h = 15, .ofs_x = 0, .ofs_y = -2},
    {.bitmap_index = 27768, .adv_w = 240, .box_w = 15, .box_h = 15, .ofs_x = 0, .ofs_y = -2},
    {.bitmap_index = 27881, .adv_w = 240, .box_w = 15, .box_h = 14, .ofs_x = 0, .ofs_y = -1},
    {.bitmap_index = 27986, .adv_w = 240, .box_w = 15, .box_h = 14, .ofs_x = 0, .ofs_y = -1},
    {.bitmap_index = 28091, .adv_w = 240, .box_w = 15, .box_h = 15, .ofs_x = 0, .ofs_y = -2},
    {.bitmap_index = 28204, .adv_w = 240, .box_w = 15, .box_h = 14, .ofs_x = 0, .ofs_y = -1},
    {.bitmap_index = 28309, .adv_w = 240, .box_w = 15, .box_h = 15, .ofs_x = 0, .ofs_y = -2},
    {.bitmap_index = 28422, .adv_w = 240, .box_w = 15, .box_h = 15, .ofs_x = 0, .ofs_y = -2},
    {.bitmap_index = 28535, .adv_w = 240, .box_w = 14, .box_h = 14, .ofs_x = 0, .ofs_y = -1},
    {.bitmap_index = 28633, .adv_w = 240, .box_w = 15, .box_h = 15, .ofs_x = 0, .ofs_y = -2},
    {.bitmap_index = 28746, .adv_w = 240, .box_w = 15, .box_h = 15, .ofs_x = 0, .ofs_y = -2},
    {.bitmap_index = 28859, .adv_w = 240, .box_w = 13, .box_h = 13, .ofs_x = 1, .ofs_y = -1},
    {.bitmap_index = 28944, .adv_w = 240, .box_w = 15, .box_h = 13, .ofs_x = 0, .ofs_y = -1},
    {.bitmap_index = 29042, .adv_w = 240, .box_w = 15, .box_h = 15, .ofs_x = 0, .ofs_y = -2},
    {.bitmap_index = 29155, .adv_w = 240, .box_w = 15, .box_h = 15, .ofs_x = 0, .ofs_y = -1},
    {.bitmap_index = 29268, .adv_w = 240, .box_w = 11, .box_h = 15, .ofs_x = 2, .ofs_y = -2},
    {.bitmap_index = 29351, .adv_w = 240, .box_w = 15, .box_h = 15, .ofs_x = 0, .ofs_y = -2},
    {.bitmap_index = 29464, .adv_w = 240, .box_w = 15, .box_h = 15, .ofs_x = 0, .ofs_y = -2},
    {.bitmap_index = 29577, .adv_w = 240, .box_w = 15, .box_h = 15, .ofs_x = 0, .ofs_y = -2},
    {.bitmap_index = 29690, .adv_w = 240, .box_w = 15, .box_h = 14, .ofs_x = 0, .ofs_y = -2},
    {.bitmap_index = 29795, .adv_w = 240, .box_w = 13, .box_h = 15, .ofs_x = 0, .ofs_y = -2},
    {.bitmap_index = 29893, .adv_w = 240, .box_w = 15, .box_h = 15, .ofs_x = 0, .ofs_y = -2},
    {.bitmap_index = 30006, .adv_w = 240, .box_w = 15, .box_h = 15, .ofs_x = 0, .ofs_y = -2},
    {.bitmap_index = 30119, .adv_w = 240, .box_w = 15, .box_h = 14, .ofs_x = 0, .ofs_y = -2},
    {.bitmap_index = 30224, .adv_w = 240, .box_w = 15, .box_h = 13, .ofs_x = 0, .ofs_y = -1},
    {.bitmap_index = 30322, .adv_w = 240, .box_w = 15, .box_h = 15, .ofs_x = 0, .ofs_y = -2},
    {.bitmap_index = 30435, .adv_w = 240, .box_w = 15, .box_h = 14, .ofs_x = 0, .ofs_y = -1},
    {.bitmap_index = 30540, .adv_w = 240, .box_w = 15, .box_h = 14, .ofs_x = 0, .ofs_y = -1},
    {.bitmap_index = 30645, .adv_w = 240, .box_w = 15, .box_h = 15, .ofs_x = 0, .ofs_y = -2},
    {.bitmap_index = 30758, .adv_w = 240, .box_w = 15, .box_h = 15, .ofs_x = 0, .ofs_y = -2},
    {.bitmap_index = 30871, .adv_w = 240, .box_w = 15, .box_h = 15, .ofs_x = 0, .ofs_y = -2},
    {.bitmap_index = 30984, .adv_w = 240, .box_w = 15, .box_h = 15, .ofs_x = 0, .ofs_y = -2},
    {.bitmap_index = 31097, .adv_w = 240, .box_w = 15, .box_h = 14, .ofs_x = 0, .ofs_y = -1},
    {.bitmap_index = 31202, .adv_w = 240, .box_w = 15, .box_h = 14, .ofs_x = 0, .ofs_y = -1},
    {.bitmap_index = 31307, .adv_w = 240, .box_w = 15, .box_h = 15, .ofs_x = 0, .ofs_y = -2},
    {.bitmap_index = 31420, .adv_w = 240, .box_w = 15, .box_h = 15, .ofs_x = 0, .ofs_y = -2},
    {.bitmap_index = 31533, .adv_w = 240, .box_w = 15, .box_h = 16, .ofs_x = 0, .ofs_y = -2},
    {.bitmap_index = 31653, .adv_w = 240, .box_w = 15, .box_h = 15, .ofs_x = 0, .ofs_y = -2},
    {.bitmap_index = 31766, .adv_w = 240, .box_w = 15, .box_h = 15, .ofs_x = 0, .ofs_y = -2},
    {.bitmap_index = 31879, .adv_w = 240, .box_w = 15, .box_h = 15, .ofs_x = 0, .ofs_y = -2},
    {.bitmap_index = 31992, .adv_w = 240, .box_w = 15, .box_h = 14, .ofs_x = 0, .ofs_y = -1},
    {.bitmap_index = 32097, .adv_w = 240, .box_w = 15, .box_h = 14, .ofs_x = 0, .ofs_y = -1},
    {.bitmap_index = 32202, .adv_w = 240, .box_w = 15, .box_h = 13, .ofs_x = 0, .ofs_y = -1},
    {.bitmap_index = 32300, .adv_w = 240, .box_w = 15, .box_h = 14, .ofs_x = 0, .ofs_y = -1},
    {.bitmap_index = 32405, .adv_w = 240, .box_w = 15, .box_h = 14, .ofs_x = 0, .ofs_y = -2},
    {.bitmap_index = 32510, .adv_w = 240, .box_w = 13, .box_h = 14, .ofs_x = 1, .ofs_y = -2},
    {.bitmap_index = 32601, .adv_w = 240, .box_w = 13, .box_h = 14, .ofs_x = 1, .ofs_y = -2},
    {.bitmap_index = 32692, .adv_w = 240, .box_w = 13, .box_h = 14, .ofs_x = 1, .ofs_y = -2},
    {.bitmap_index = 32783, .adv_w = 240, .box_w = 14, .box_h = 15, .ofs_x = 1, .ofs_y = -2},
    {.bitmap_index = 32888, .adv_w = 240, .box_w = 14, .box_h = 14, .ofs_x = 1, .ofs_y = -1},
    {.bitmap_index = 32986, .adv_w = 240, .box_w = 14, .box_h = 14, .ofs_x = 1, .ofs_y = -1},
    {.bitmap_index = 33084, .adv_w = 240, .box_w = 14, .box_h = 15, .ofs_x = 1, .ofs_y = -2},
    {.bitmap_index = 33189, .adv_w = 240, .box_w = 15, .box_h = 14, .ofs_x = 0, .ofs_y = -1},
    {.bitmap_index = 33294, .adv_w = 240, .box_w = 15, .box_h = 14, .ofs_x = 0, .ofs_y = -2},
    {.bitmap_index = 33399, .adv_w = 240, .box_w = 13, .box_h = 13, .ofs_x = 1, .ofs_y = -1},
    {.bitmap_index = 33484, .adv_w = 240, .box_w = 13, .box_h = 14, .ofs_x = 1, .ofs_y = -2},
    {.bitmap_index = 33575, .adv_w = 240, .box_w = 15, .box_h = 14, .ofs_x = 0, .ofs_y = -2},
    {.bitmap_index = 33680, .adv_w = 240, .box_w = 15, .box_h = 13, .ofs_x = 0, .ofs_y = -1},
    {.bitmap_index = 33778, .adv_w = 240, .box_w = 15, .box_h = 15, .ofs_x = 0, .ofs_y = -2},
    {.bitmap_index = 33891, .adv_w = 240, .box_w = 15, .box_h = 14, .ofs_x = 0, .ofs_y = -2},
    {.bitmap_index = 33996, .adv_w = 240, .box_w = 15, .box_h = 14, .ofs_x = 0, .ofs_y = -2},
    {.bitmap_index = 34101, .adv_w = 240, .box_w = 15, .box_h = 14, .ofs_x = 0, .ofs_y = -1},
    {.bitmap_index = 34206, .adv_w = 240, .box_w = 4, .box_h = 6, .ofs_x = 2, .ofs_y = -2},
    {.bitmap_index = 34218, .adv_w = 240, .box_w = 5, .box_h = 13, .ofs_x = 5, .ofs_y = -2}
};

/*---------------------
 *  CHARACTER MAPPING
 *--------------------*/

static const uint16_t unicode_list_1[] = {
    0x0, 0x7, 0x27, 0x47, 0x1f63, 0x1f76, 0x20e1, 0x20e3,
    0x216e, 0x2f50, 0x2f51, 0x2f52, 0x2f5c, 0x2f5d, 0x2f94, 0x2f9b,
    0x2f9c, 0x2f9d, 0x2f9f, 0x2fa4, 0x2fa5, 0x2fa7, 0x2fa8, 0x2fa9,
    0x2fab, 0x2fb0, 0x2fb4, 0x2fb6, 0x2fb7, 0x2fb8, 0x2fba, 0x2fbb,
    0x2fbe, 0x2fbf, 0x2fc8, 0x2fce, 0x2fcf, 0x2fd0, 0x2fd1, 0x2fd2,
    0x2fda, 0x2fdb, 0x2fdc, 0x2fdf, 0x2fe2, 0x2fe3, 0x2ff4, 0x2ffa,
    0x2ffb, 0x2ffd, 0x2fff, 0x3005, 0x3006, 0x3009, 0x300b, 0x300f,
    0x3010, 0x3011, 0x3013, 0x3017, 0x3018, 0x3019, 0x301d, 0x3021,
    0x3023, 0x3027, 0x302b, 0x3030, 0x3032, 0x3033, 0x3035, 0x3039,
    0x303a, 0x303b, 0x303c, 0x303f, 0x3043, 0x304b, 0x304c, 0x4d50,
    0x4d5a, 0x4d5b, 0x4d5d, 0x4d74, 0x4d7d, 0x4dd8, 0x4ddb, 0x4dfc,
    0x4e1a, 0x4e46, 0x4e6a, 0x4e9d, 0x4e9e, 0x4ea3, 0x4ea9, 0x4eac,
    0x4ecf, 0x4edb, 0x4eeb, 0x4f2d, 0x4f31, 0x4f74, 0x5093, 0x50b5,
    0x50b8, 0x50bd, 0x50c1, 0x50d5, 0x50dd, 0x513d, 0x5156, 0x5157,
    0x5167, 0x5179, 0x517b, 0x5186, 0x518b, 0x519a, 0x519d, 0x51f0,
    0x5225, 0x5255, 0x528a, 0x52a8, 0x52ef, 0x531c, 0x5326, 0x5333,
    0x533f, 0x5343, 0x5347, 0x535c, 0x537b, 0x53dc, 0x5411, 0x562e,
    0x566f, 0x5678, 0x5680, 0x5697, 0x572f, 0x5781, 0x5784, 0x5840,
    0x586a, 0x5879, 0x5881, 0x5aa8, 0x5aea, 0x5aef, 0x5af2, 0x5af4,
    0x5b4e, 0x5b52, 0x5b9f, 0x5bc1, 0x5d36, 0x5d42, 0x5dc4, 0x5de5,
    0x5df6, 0x5ea3, 0x5eb2, 0x5ed5, 0x5ee7, 0x5f15, 0x5f28, 0x5f2c,
    0x5fbf, 0x6015, 0x606f, 0x609b, 0x6166, 0x6190, 0x6226, 0x6251,
    0x6259, 0x62be, 0x62f5, 0x62f7, 0x631f, 0x6320, 0x641d, 0x647f,
    0x64a7, 0x64c0, 0x64e9, 0x64fd, 0x6500, 0x6509, 0x6535, 0x6537,
    0x655e, 0x6592, 0x65c4, 0x6617, 0x6644, 0x6650, 0x6658, 0x6659,
    0x665d, 0x666f, 0x6678, 0x667a, 0x667c, 0x668a, 0x66b1, 0x66b5,
    0x66c1, 0x66ec, 0x6723, 0x6798, 0x686c, 0x69af, 0x6a71, 0x6adb,
    0x6b1f, 0x6b24, 0x6b64, 0x6b67, 0x6b84, 0x6bf1, 0x6c11, 0x6cc7,
    0x6d58, 0x6d79, 0x6d82, 0x6dcf, 0x6e21, 0x6e2a, 0x6e64, 0x6fbb,
    0x7009, 0x7071, 0x7198, 0x7206, 0x72d7, 0x7478, 0x748b, 0x74a9,
    0x75ca, 0x75ce, 0x75d4, 0x765b, 0x780a, 0x788a, 0x790b, 0x7922,
    0x795b, 0x79e3, 0x79e7, 0x7a7c, 0x7aa4, 0x7c54, 0x7c80, 0x7c92,
    0x7cea, 0x7ea1, 0x7ebe, 0x7ede, 0x804d, 0x813a, 0x879c, 0x87b8,
    0x884d, 0x88d1, 0x8922, 0x8933, 0x8936, 0x897d, 0x898c, 0x89b6,
    0x89c3, 0x89dd, 0x89fc, 0x89fd, 0x8ac0, 0x8c17, 0x8e1a, 0x8eb6,
    0x8f0c, 0x8f24, 0x8f40, 0x8f81, 0x9038, 0x909d, 0x90e2, 0x911d,
    0x911f, 0x9121, 0x94c7, 0x94d9, 0x94db, 0x94e3, 0x959d, 0x95a0,
    0x95b4, 0x95eb, 0x9616, 0x9638, 0x963a, 0x9647, 0x9677, 0x96b2,
    0x9743, 0x979c, 0x97c5, 0x9a28, 0xfe5c, 0xfe6b
};

/*Collect the unicode lists and glyph_id offsets*/
static const lv_font_fmt_txt_cmap_t cmaps[] =
{
    {
        .range_start = 32, .range_length = 95, .glyph_id_start = 1,
        .unicode_list = NULL, .glyph_id_ofs_list = NULL, .list_length = 0, .type = LV_FONT_FMT_TXT_CMAP_FORMAT0_TINY
    },
    {
        .range_start = 176, .range_length = 65132, .glyph_id_start = 96,
        .unicode_list = unicode_list_1, .glyph_id_ofs_list = NULL, .list_length = 310, .type = LV_FONT_FMT_TXT_CMAP_SPARSE_TINY
    }
};

/*-----------------
 *    KERNING
 *----------------*/


/*Pair left and right glyphs for kerning*/
static const uint16_t kern_pair_glyph_ids[] =
{
    3, 13,
    3, 15,
    3, 34,
    3, 43,
    3, 52,
    3, 57,
    3, 68,
    3, 69,
    3, 70,
    3, 80,
    3, 82,
    3, 84,
    8, 13,
    8, 15,
    8, 34,
    8, 43,
    8, 52,
    8, 57,
    8, 68,
    8, 69,
    8, 70,
    8, 80,
    8, 82,
    8, 84,
    9, 43,
    9, 75,
    13, 3,
    13, 8,
    13, 11,
    13, 53,
    13, 54,
    13, 55,
    13, 56,
    13, 58,
    13, 68,
    13, 69,
    13, 70,
    13, 75,
    13, 80,
    13, 82,
    13, 85,
    13, 87,
    13, 88,
    13, 90,
    14, 43,
    14, 52,
    14, 53,
    14, 55,
    14, 56,
    14, 57,
    14, 58,
    14, 59,
    14, 85,
    14, 87,
    14, 89,
    15, 3,
    15, 8,
    15, 11,
    15, 53,
    15, 54,
    15, 55,
    15, 56,
    15, 58,
    15, 68,
    15, 69,
    15, 70,
    15, 75,
    15, 80,
    15, 82,
    15, 85,
    15, 87,
    15, 88,
    15, 90,
    16, 34,
    16, 36,
    16, 40,
    16, 43,
    16, 48,
    16, 50,
    16, 66,
    16, 68,
    16, 69,
    16, 70,
    16, 72,
    16, 74,
    16, 75,
    16, 80,
    16, 82,
    16, 85,
    16, 86,
    27, 11,
    27, 58,
    28, 11,
    28, 58,
    34, 3,
    34, 8,
    34, 11,
    34, 32,
    34, 34,
    34, 36,
    34, 40,
    34, 48,
    34, 50,
    34, 53,
    34, 54,
    34, 55,
    34, 57,
    34, 58,
    34, 59,
    34, 61,
    34, 66,
    34, 71,
    34, 84,
    34, 85,
    34, 86,
    34, 87,
    34, 88,
    34, 89,
    34, 90,
    34, 97,
    35, 11,
    35, 43,
    35, 52,
    35, 53,
    35, 55,
    35, 56,
    35, 57,
    35, 58,
    35, 59,
    35, 85,
    35, 87,
    35, 88,
    35, 89,
    35, 90,
    35, 97,
    36, 14,
    36, 36,
    36, 40,
    36, 43,
    36, 48,
    36, 50,
    36, 52,
    36, 53,
    36, 54,
    36, 55,
    36, 56,
    36, 57,
    36, 58,
    36, 59,
    36, 72,
    36, 85,
    36, 86,
    36, 87,
    36, 88,
    36, 90,
    36, 97,
    36, 100,
    37, 11,
    37, 16,
    37, 34,
    37, 43,
    37, 53,
    37, 55,
    37, 56,
    37, 57,
    37, 58,
    37, 59,
    37, 89,
    37, 91,
    38, 68,
    38, 69,
    38, 70,
    38, 80,
    38, 82,
    38, 85,
    38, 87,
    38, 89,
    38, 90,
    39, 13,
    39, 15,
    39, 16,
    39, 34,
    39, 36,
    39, 40,
    39, 43,
    39, 48,
    39, 50,
    39, 52,
    39, 55,
    39, 56,
    39, 57,
    39, 58,
    39, 59,
    39, 66,
    39, 68,
    39, 69,
    39, 70,
    39, 72,
    39, 78,
    39, 79,
    39, 80,
    39, 81,
    39, 82,
    39, 83,
    39, 84,
    39, 85,
    39, 86,
    39, 87,
    39, 88,
    39, 89,
    39, 90,
    39, 91,
    39, 97,
    40, 11,
    40, 34,
    40, 53,
    40, 55,
    40, 56,
    43, 13,
    43, 15,
    43, 43,
    44, 3,
    44, 8,
    44, 11,
    44, 14,
    44, 32,
    44, 34,
    44, 36,
    44, 40,
    44, 48,
    44, 50,
    44, 52,
    44, 53,
    44, 54,
    44, 55,
    44, 56,
    44, 58,
    44, 68,
    44, 69,
    44, 70,
    44, 75,
    44, 80,
    44, 82,
    44, 85,
    44, 86,
    44, 87,
    44, 88,
    44, 89,
    44, 90,
    44, 91,
    44, 97,
    44, 100,
    45, 3,
    45, 8,
    45, 11,
    45, 14,
    45, 32,
    45, 34,
    45, 36,
    45, 40,
    45, 48,
    45, 50,
    45, 52,
    45, 53,
    45, 54,
    45, 55,
    45, 56,
    45, 58,
    45, 61,
    45, 68,
    45, 69,
    45, 70,
    45, 71,
    45, 72,
    45, 80,
    45, 82,
    45, 85,
    45, 86,
    45, 87,
    45, 88,
    45, 90,
    45, 97,
    45, 100,
    48, 11,
    48, 16,
    48, 34,
    48, 43,
    48, 53,
    48, 55,
    48, 56,
    48, 57,
    48, 58,
    48, 59,
    48, 89,
    48, 91,
    49, 13,
    49, 14,
    49, 15,
    49, 16,
    49, 34,
    49, 43,
    49, 52,
    49, 53,
    49, 57,
    49, 58,
    49, 59,
    49, 66,
    49, 68,
    49, 69,
    49, 70,
    49, 72,
    49, 80,
    49, 82,
    49, 84,
    49, 89,
    49, 91,
    49, 97,
    49, 100,
    50, 11,
    50, 16,
    50, 34,
    50, 43,
    50, 53,
    50, 55,
    50, 56,
    50, 57,
    50, 58,
    50, 59,
    50, 89,
    50, 91,
    51, 11,
    51, 14,
    51, 34,
    51, 43,
    51, 52,
    51, 53,
    51, 55,
    51, 56,
    51, 57,
    51, 58,
    51, 59,
    51, 66,
    51, 68,
    51, 69,
    51, 70,
    51, 72,
    51, 80,
    51, 82,
    51, 89,
    51, 91,
    51, 97,
    51, 100,
    52, 11,
    52, 14,
    52, 43,
    52, 52,
    52, 53,
    52, 58,
    52, 85,
    52, 91,
    52, 97,
    52, 100,
    53, 13,
    53, 14,
    53, 15,
    53, 16,
    53, 27,
    53, 28,
    53, 34,
    53, 36,
    53, 40,
    53, 43,
    53, 48,
    53, 50,
    53, 52,
    53, 57,
    53, 58,
    53, 59,
    53, 66,
    53, 68,
    53, 69,
    53, 70,
    53, 71,
    53, 72,
    53, 78,
    53, 79,
    53, 80,
    53, 81,
    53, 82,
    53, 83,
    53, 84,
    53, 85,
    53, 86,
    53, 87,
    53, 88,
    53, 89,
    53, 90,
    53, 91,
    53, 97,
    53, 100,
    54, 13,
    54, 15,
    54, 16,
    54, 34,
    54, 43,
    54, 52,
    54, 55,
    54, 57,
    54, 58,
    54, 66,
    54, 72,
    54, 84,
    54, 89,
    55, 13,
    55, 14,
    55, 15,
    55, 16,
    55, 34,
    55, 36,
    55, 40,
    55, 43,
    55, 48,
    55, 50,
    55, 52,
    55, 54,
    55, 55,
    55, 59,
    55, 66,
    55, 68,
    55, 69,
    55, 70,
    55, 72,
    55, 78,
    55, 79,
    55, 80,
    55, 81,
    55, 82,
    55, 83,
    55, 84,
    55, 86,
    55, 87,
    55, 88,
    55, 89,
    55, 90,
    55, 91,
    55, 97,
    55, 100,
    56, 13,
    56, 14,
    56, 15,
    56, 16,
    56, 36,
    56, 40,
    56, 43,
    56, 48,
    56, 50,
    56, 52,
    56, 59,
    56, 66,
    56, 72,
    56, 91,
    56, 100,
    57, 3,
    57, 8,
    57, 11,
    57, 14,
    57, 34,
    57, 36,
    57, 40,
    57, 43,
    57, 48,
    57, 50,
    57, 52,
    57, 53,
    57, 54,
    57, 66,
    57, 68,
    57, 69,
    57, 70,
    57, 71,
    57, 80,
    57, 82,
    57, 85,
    57, 86,
    57, 87,
    57, 88,
    57, 89,
    57, 90,
    57, 91,
    57, 97,
    57, 100,
    58, 13,
    58, 14,
    58, 15,
    58, 16,
    58, 27,
    58, 28,
    58, 32,
    58, 34,
    58, 36,
    58, 40,
    58, 43,
    58, 48,
    58, 50,
    58, 52,
    58, 53,
    58, 54,
    58, 59,
    58, 66,
    58, 68,
    58, 69,
    58, 70,
    58, 72,
    58, 78,
    58, 79,
    58, 80,
    58, 81,
    58, 82,
    58, 83,
    58, 84,
    58, 85,
    58, 86,
    58, 87,
    58, 88,
    58, 89,
    58, 90,
    58, 91,
    58, 97,
    58, 100,
    59, 14,
    59, 34,
    59, 36,
    59, 40,
    59, 43,
    59, 48,
    59, 50,
    59, 52,
    59, 54,
    59, 55,
    59, 56,
    59, 58,
    59, 59,
    59, 66,
    59, 68,
    59, 69,
    59, 70,
    59, 71,
    59, 72,
    59, 80,
    59, 82,
    59, 85,
    59, 86,
    59, 87,
    59, 88,
    59, 89,
    59, 90,
    59, 97,
    59, 100,
    60, 43,
    60, 75,
    61, 53,
    61, 54,
    61, 55,
    61, 56,
    61, 58,
    61, 72,
    61, 75,
    61, 87,
    61, 88,
    61, 90,
    66, 11,
    66, 32,
    66, 53,
    66, 55,
    66, 56,
    66, 58,
    66, 85,
    67, 3,
    67, 8,
    67, 11,
    67, 13,
    67, 14,
    67, 15,
    67, 32,
    67, 53,
    67, 55,
    67, 57,
    67, 58,
    67, 61,
    67, 66,
    67, 71,
    67, 84,
    67, 85,
    67, 87,
    67, 88,
    67, 89,
    67, 90,
    67, 91,
    67, 100,
    68, 14,
    68, 53,
    68, 55,
    68, 58,
    68, 66,
    68, 68,
    68, 69,
    68, 70,
    68, 72,
    68, 80,
    68, 82,
    68, 85,
    68, 87,
    68, 88,
    68, 90,
    68, 97,
    68, 100,
    70, 11,
    70, 14,
    70, 32,
    70, 43,
    70, 52,
    70, 53,
    70, 55,
    70, 56,
    70, 58,
    70, 61,
    70, 66,
    70, 71,
    70, 72,
    70, 85,
    70, 87,
    70, 88,
    70, 89,
    70, 90,
    70, 91,
    70, 97,
    70, 100,
    71, 2,
    71, 3,
    71, 8,
    71, 10,
    71, 13,
    71, 14,
    71, 15,
    71, 16,
    71, 32,
    71, 53,
    71, 55,
    71, 56,
    71, 57,
    71, 58,
    71, 61,
    71, 62,
    71, 66,
    71, 68,
    71, 69,
    71, 70,
    71, 72,
    71, 75,
    71, 80,
    71, 82,
    71, 84,
    71, 87,
    71, 89,
    71, 91,
    71, 94,
    71, 97,
    71, 100,
    72, 10,
    72, 11,
    72, 16,
    72, 32,
    72, 53,
    72, 58,
    72, 62,
    72, 66,
    72, 68,
    72, 69,
    72, 70,
    72, 75,
    72, 80,
    72, 82,
    72, 87,
    72, 88,
    72, 90,
    72, 91,
    72, 94,
    72, 97,
    73, 11,
    73, 32,
    73, 53,
    73, 55,
    73, 58,
    76, 11,
    76, 13,
    76, 14,
    76, 15,
    76, 27,
    76, 28,
    76, 32,
    76, 53,
    76, 58,
    76, 66,
    76, 68,
    76, 69,
    76, 70,
    76, 72,
    76, 75,
    76, 80,
    76, 82,
    76, 85,
    76, 86,
    76, 89,
    76, 91,
    76, 97,
    76, 100,
    77, 75,
    78, 11,
    78, 32,
    78, 53,
    78, 55,
    78, 58,
    79, 11,
    79, 32,
    79, 53,
    79, 55,
    79, 58,
    80, 3,
    80, 8,
    80, 11,
    80, 13,
    80, 14,
    80, 15,
    80, 32,
    80, 53,
    80, 55,
    80, 57,
    80, 58,
    80, 61,
    80, 66,
    80, 71,
    80, 84,
    80, 85,
    80, 87,
    80, 88,
    80, 89,
    80, 90,
    80, 91,
    80, 100,
    81, 3,
    81, 8,
    81, 11,
    81, 13,
    81, 14,
    81, 15,
    81, 32,
    81, 53,
    81, 55,
    81, 57,
    81, 58,
    81, 61,
    81, 66,
    81, 71,
    81, 84,
    81, 85,
    81, 87,
    81, 88,
    81, 89,
    81, 90,
    81, 91,
    81, 100,
    82, 11,
    82, 53,
    82, 55,
    82, 58,
    83, 13,
    83, 14,
    83, 15,
    83, 16,
    83, 27,
    83, 28,
    83, 34,
    83, 43,
    83, 59,
    83, 61,
    83, 66,
    83, 68,
    83, 69,
    83, 70,
    83, 72,
    83, 80,
    83, 82,
    83, 84,
    83, 87,
    83, 88,
    83, 90,
    83, 91,
    83, 97,
    83, 100,
    84, 11,
    84, 14,
    84, 32,
    84, 53,
    84, 55,
    84, 58,
    84, 85,
    84, 100,
    85, 13,
    85, 14,
    85, 15,
    85, 16,
    85, 27,
    85, 28,
    85, 32,
    85, 53,
    85, 58,
    85, 66,
    85, 68,
    85, 69,
    85, 70,
    85, 72,
    85, 80,
    85, 82,
    85, 84,
    85, 85,
    85, 89,
    85, 97,
    85, 100,
    86, 11,
    86, 53,
    86, 55,
    86, 58,
    87, 11,
    87, 13,
    87, 14,
    87, 15,
    87, 16,
    87, 34,
    87, 43,
    87, 53,
    87, 55,
    87, 58,
    87, 59,
    87, 66,
    87, 68,
    87, 69,
    87, 70,
    87, 75,
    87, 80,
    87, 82,
    87, 91,
    87, 100,
    88, 11,
    88, 13,
    88, 15,
    88, 16,
    88, 34,
    88, 43,
    88, 53,
    88, 55,
    88, 57,
    88, 58,
    88, 66,
    88, 68,
    88, 69,
    88, 70,
    88, 75,
    88, 80,
    88, 82,
    88, 91,
    89, 2,
    89, 11,
    89, 13,
    89, 14,
    89, 15,
    89, 28,
    89, 36,
    89, 40,
    89, 48,
    89, 50,
    89, 52,
    89, 53,
    89, 55,
    89, 57,
    89, 58,
    89, 66,
    89, 68,
    89, 69,
    89, 70,
    89, 80,
    89, 82,
    89, 85,
    89, 90,
    89, 97,
    89, 100,
    90, 13,
    90, 15,
    90, 16,
    90, 43,
    90, 53,
    90, 55,
    90, 57,
    90, 58,
    90, 66,
    90, 68,
    90, 69,
    90, 70,
    90, 75,
    90, 80,
    90, 82,
    90, 89,
    90, 91,
    91, 14,
    91, 53,
    91, 58,
    91, 66,
    91, 68,
    91, 69,
    91, 70,
    91, 72,
    91, 80,
    91, 82,
    91, 86,
    91, 87,
    91, 90,
    91, 97,
    91, 100,
    92, 43,
    92, 75,
    97, 34,
    97, 52,
    97, 53,
    97, 55,
    97, 57,
    97, 58,
    97, 59,
    97, 89,
    100, 43,
    100, 52,
    100, 53,
    100, 55,
    100, 56,
    100, 57,
    100, 58,
    100, 59,
    100, 85,
    100, 87,
    100, 89,
    110, 123,
    110, 124,
    111, 106,
    111, 107,
    111, 129,
    111, 404,
    112, 106,
    112, 107,
    112, 404,
    113, 106,
    113, 107,
    113, 137,
    113, 404,
    114, 123,
    114, 124,
    114, 132,
    114, 137,
    114, 404,
    115, 119,
    115, 123,
    115, 124,
    115, 404,
    117, 119,
    117, 122,
    117, 123,
    117, 124,
    117, 147,
    119, 106,
    119, 107,
    119, 123,
    119, 124,
    119, 130,
    119, 146,
    119, 404,
    121, 106,
    121, 107,
    121, 131,
    121, 404,
    122, 106,
    122, 107,
    122, 404,
    123, 106,
    123, 107,
    123, 113,
    123, 114,
    123, 122,
    123, 129,
    123, 131,
    123, 135,
    123, 140,
    123, 404,
    124, 106,
    124, 107,
    124, 404,
    125, 106,
    125, 114,
    125, 119,
    125, 122,
    125, 123,
    125, 124,
    125, 126,
    125, 128,
    125, 130,
    125, 404,
    127, 106,
    127, 112,
    127, 114,
    127, 115,
    127, 116,
    127, 119,
    127, 404,
    128, 113,
    128, 404,
    129, 121,
    130, 123,
    130, 124,
    130, 125,
    130, 404,
    131, 106,
    131, 107,
    131, 120,
    131, 404,
    132, 404,
    134, 404,
    135, 106,
    135, 110,
    135, 122,
    135, 123,
    135, 124,
    135, 125,
    135, 404,
    136, 106,
    136, 107,
    136, 122,
    136, 404,
    137, 122,
    138, 106,
    138, 107,
    138, 122,
    138, 123,
    138, 124,
    139, 138,
    141, 119,
    141, 123,
    141, 124,
    142, 106,
    142, 107,
    142, 146,
    142, 149,
    142, 151,
    142, 152,
    142, 159,
    142, 163,
    143, 106,
    143, 107,
    143, 146,
    143, 163,
    143, 404,
    144, 106,
    144, 404,
    145, 106,
    145, 107,
    145, 149,
    145, 172,
    145, 404,
    146, 106,
    146, 107,
    146, 146,
    146, 149,
    146, 151,
    146, 152,
    146, 159,
    146, 163,
    146, 169,
    146, 173,
    146, 404,
    147, 106,
    147, 107,
    147, 149,
    147, 159,
    147, 163,
    147, 404,
    148, 106,
    148, 107,
    148, 149,
    148, 163,
    148, 404,
    151, 106,
    151, 107,
    151, 404,
    152, 106,
    152, 107,
    152, 404,
    153, 106,
    153, 107,
    153, 163,
    153, 165,
    153, 404,
    154, 106,
    154, 107,
    154, 404,
    155, 106,
    155, 107,
    155, 163,
    155, 404,
    156, 106,
    156, 107,
    156, 404,
    157, 106,
    157, 107,
    157, 404,
    159, 156,
    159, 157,
    159, 172,
    161, 106,
    161, 107,
    161, 166,
    161, 404,
    163, 161,
    163, 167,
    165, 106,
    165, 107,
    166, 106,
    166, 170,
    167, 106,
    167, 107,
    167, 149,
    167, 159,
    167, 163,
    167, 404,
    168, 106,
    168, 107,
    168, 404,
    169, 144,
    169, 163,
    169, 172,
    170, 163,
    171, 106,
    171, 107,
    171, 159,
    171, 404,
    172, 106,
    172, 107,
    172, 149,
    172, 158,
    172, 161,
    172, 163,
    172, 404,
    174, 106,
    174, 107,
    174, 123,
    174, 124,
    174, 147,
    174, 148,
    174, 149,
    174, 159,
    174, 161,
    174, 163,
    174, 172
};

/* Kerning between the respective left and right glyphs
 * 4.4 format which needs to scaled with `kern_scale`*/
static const int8_t kern_pair_values[] =
{
    -33, -33, -17, -28, -4, -4, -8, -8,
    -8, -8, -8, -6, -33, -33, -17, -28,
    -4, -4, -8, -8, -8, -8, -8, -6,
    -6, 21, -29, -29, -40, -28, -7, -19,
    -10, -28, -4, -4, -4, 7, -4, -4,
    -15, -12, -8, -6, -6, -6, -14, -6,
    -4, -9, -20, -6, -8, -4, -5, -29,
    -29, -40, -28, -7, -19, -10, -28, -4,
    -4, -4, 7, -4, -4, -15, -12, -8,
    -6, -12, -4, -4, -23, -4, -4, -8,
    -8, -8, -8, -4, 4, 4, -8, -8,
    0, -6, -13, -9, -13, -9, -17, -17,
    -25, -9, -2, -4, -4, -4, -4, -17,
    -5, -5, -1, -5, -2, -12, 5, -4,
    5, -5, -2, -4, -2, -2, -4, -8,
    -9, -6, -5, -8, -3, -2, -2, -5,
    -2, -4, -5, -4, -4, -5, -6, -9,
    -9, -9, -4, -9, -9, -8, -5, -5,
    -2, -2, -2, -4, -4, -6, -9, -4,
    -5, -4, -5, -17, -9, -9, -5, -4,
    -13, -8, -4, -2, -6, -6, -6, -5,
    -4, -4, -4, -4, -4, -4, -8, -4,
    -11, -4, -22, -22, -18, -11, -4, -4,
    -38, -4, -4, -7, -1, -1, -8, -2,
    -9, -10, -5, -5, -5, -8, -6, -6,
    -5, -6, -5, -6, -7, -4, -6, -8,
    -6, -9, -6, -11, -5, -8, -2, -6,
    -5, -2, -8, -8, -12, -8, -8, -12,
    -11, -4, -4, -7, -7, -7, -7, -4,
    -6, -5, -5, -4, -6, -4, -4, -4,
    -4, -4, -4, -12, -5, -8, -6, -6,
    -8, -5, -14, -11, -28, -28, -44, -15,
    -11, -1, -9, -9, -9, -9, -7, -33,
    -9, -22, -16, -22, -23, -4, -4, -4,
    -5, -2, -4, -4, -7, -4, -12, -10,
    -12, -28, -15, -9, -5, -4, -13, -8,
    -4, -2, -6, -6, -6, -5, -4, -33,
    -9, -33, -20, -14, -40, -4, -7, -8,
    -4, -21, -12, -7, -7, -7, -8, -7,
    -7, -4, -5, -6, -2, -9, -9, -5,
    -4, -13, -8, -4, -2, -6, -6, -6,
    -5, -4, -4, -8, -2, -5, -5, -5,
    -1, 0, -2, -2, -4, -2, -4, -4,
    -4, -2, -4, -4, -4, -4, -4, -8,
    -5, 3, -5, -5, -6, -5, -8, -2,
    -4, 3, -30, -20, -30, -24, -6, -6,
    -12, -8, -8, -35, -8, -8, -11, -6,
    -5, -15, -20, -20, -20, -20, -5, -20,
    -13, -13, -20, -13, -20, -13, -17, -5,
    -13, -9, -9, -11, -9, -20, -18, -20,
    -6, -6, -8, -5, -14, -4, -2, -4,
    -5, -2, -4, -2, -4, -19, -6, -19,
    -12, -5, -4, -4, -20, -4, -4, -4,
    -4, 2, -6, -8, -5, -5, -5, -7,
    -6, -6, -5, -6, -5, -6, -5, -9,
    -4, -4, -5, -4, -8, -3, -6, -10,
    -4, -10, -7, -2, -2, -17, -2, -2,
    -2, -2, -5, -4, -4, -4, -4, -4,
    -4, -9, -1, -6, -6, -2, -6, -6,
    -5, -6, -4, -4, -4, -4, -4, -6,
    -4, -4, -6, -4, -6, -5, -4, -6,
    -5, -12, -9, -27, -20, -27, -18, -9,
    -9, -4, -5, -5, -5, -28, -5, -5,
    -6, -5, -4, -8, -20, -13, -13, -13,
    -17, -12, -12, -13, -12, -13, -12, -13,
    -10, -10, -5, -8, -10, -5, -14, -14,
    -20, -9, -2, -6, -6, -9, -6, -6,
    -9, -4, -2, -2, -5, -5, -5, -6,
    -6, -6, -6, -5, -6, -6, -5, -6,
    -5, -5, -8, -5, -17, -9, -6, 21,
    -23, -8, -14, -8, -20, 7, 18, -6,
    -4, 2, -15, -6, -8, -6, -2, -8,
    -5, -8, -8, -6, -4, 0, -4, -6,
    -17, -6, -2, -14, -9, -5, -2, -2,
    -6, -2, -2, -6, -2, -3, 0, -8,
    -6, -5, -8, -4, -7, -7, -7, -4,
    -7, -7, -4, 0, 0, 0, -5, -8,
    -9, 2, -4, -6, -6, -8, -6, -4,
    -9, -8, -5, -2, -4, -4, 0, 0,
    -4, 0, -1, -2, 2, 2, 10, 10,
    11, -16, -5, -16, -4, 6, 11, 17,
    11, 7, 14, 13, 11, -6, -4, -4,
    -4, -5, -4, -4, -4, -2, 2, -2,
    -5, 11, -6, -5, 2, -9, 10, -12,
    -9, -5, 2, -6, -5, -5, -5, 10,
    -5, -5, -2, -2, 2, -5, 2, -2,
    -9, -4, -8, -4, -6, -7, 2, -15,
    2, 2, 2, -6, -12, -5, -4, -7,
    -7, -7, -4, -4, -7, -7, -8, -5,
    -4, -4, -9, -15, 1, -9, -4, -8,
    -4, -6, -9, -4, -8, -4, -6, -8,
    -8, -6, -4, 0, -4, -6, -17, -6,
    -2, -14, -9, -5, -2, -2, -6, -2,
    -2, -6, -2, -3, 0, -8, -8, -6,
    -4, 0, -4, -6, -17, -6, -2, -14,
    -9, -5, -2, -2, -6, -2, -2, -6,
    -2, -3, 0, -7, -6, -5, -9, -18,
    -8, -18, -9, 4, 4, -5, -17, -4,
    2, -8, -4, -4, -4, -4, -4, -4,
    -2, 4, 3, 4, -2, -5, -8, -13,
    2, -5, -8, -4, -6, -6, 2, -1,
    -9, -1, 0, 2, 2, -9, -5, -2,
    -7, -5, -5, -5, -4, -5, -5, -4,
    -6, -5, -6, -9, -7, -6, -5, -9,
    -4, -12, -4, -12, -6, -4, -12, -6,
    -4, -5, -4, -6, -2, -2, -2, -4,
    -2, -2, -8, -4, -4, -15, -15, -2,
    -2, -9, -8, -4, -5, -8, -4, -2,
    -2, -2, -4, -2, -2, -6, -5, -7,
    2, -5, -4, 2, -4, -4, -4, -4,
    -2, -9, -5, -4, -10, -4, -6, -6,
    -6, -6, -6, -8, -2, -6, -5, -12,
    -12, -4, -12, -6, -2, -2, -4, -6,
    -2, -2, -2, -4, -2, -2, -5, -8,
    -6, -8, -8, -6, -4, -4, -4, -2,
    -4, -4, -4, -2, -2, -4, -6, -6,
    21, -8, -8, -18, -9, -9, -19, -11,
    -6, -6, -6, -14, -6, -4, -9, -20,
    -6, -8, -4, -5, -7, -7, -5, -5,
    -10, -14, -5, -5, -14, -17, -12, -5,
    -7, -7, -7, 10, -5, -7, 2, 2,
    2, 2, -5, -14, -7, -7, -5, -19,
    -24, 2, 2, -17, -7, -10, -7, -7,
    -5, -12, -10, -10, -12, -12, -7, -7,
    -7, -5, -5, -12, -12, -5, -17, -10,
    -10, -10, -10, -7, -7, -10, -7, -7,
    -7, -2, -12, -10, -7, -5, -5, -5,
    -5, 2, -12, -7, -14, -5, -17, -17,
    -12, -7, -10, -10, -7, -12, -10, -12,
    -7, -5, -10, -10, -10, -5, -10, -10,
    -5, 2, -17, -10, 2, 2, -5, -7,
    -7, -12, -5, -12, -12, -5, -5, -5,
    -7, -10, -10, -5, -5, -14, -14, -5,
    -7, -12, -5, -7, -10, -10, -7, -7,
    -7, -22, -19, -10, -7, -10, -10, -12,
    -19, -7, -5, -22, -22, -22, -5, -10,
    -5, -17, -19, -17, -2, -5, -14, -7,
    -7, -12, -12, -7, -12, -14, -12, -5,
    -2, -7, -2, -2, -12, -7, -7, -5,
    -12, -5, -5, -7, -10, -5, -5, 7,
    7, 12, -7, -7, -5, -12, -14, -12,
    -5, -5, -5, -5, -5, -5, -5, -2,
    -7, -12, -14, -10, -7, -7, -5, -5,
    -5, -14, -14, -5, -12, -14, -14, -5,
    -5, -7, -5, -12, -2, -2, -14, -14,
    -5, -5, -12, -2, -14, -7, -12
};

/*Collect the kern pair's data in one place*/
static const lv_font_fmt_txt_kern_pair_t kern_pairs =
{
    .glyph_ids = kern_pair_glyph_ids,
    .values = kern_pair_values,
    .pair_cnt = 1167,
    .glyph_ids_size = 1
};

/*--------------------
 *  ALL CUSTOM DATA
 *--------------------*/

#if LVGL_VERSION_MAJOR == 8
/*Store all the custom data of the font*/
static  lv_font_fmt_txt_glyph_cache_t cache;
#endif

#if LVGL_VERSION_MAJOR >= 8
static const lv_font_fmt_txt_dsc_t font_dsc = {
#else
static lv_font_fmt_txt_dsc_t font_dsc = {
#endif
    .glyph_bitmap = glyph_bitmap,
    .glyph_dsc = glyph_dsc,
    .cmaps = cmaps,
    .kern_dsc = &kern_pairs,
    .kern_scale = 16,
    .cmap_num = 2,
    .bpp = 4,
    .kern_classes = 0,
    .bitmap_format = 0,
#if LVGL_VERSION_MAJOR == 8
    .cache = &cache
#endif
};



/*-----------------
 *  PUBLIC FONT
 *----------------*/

/*Initialize a public general font descriptor*/
#if LVGL_VERSION_MAJOR >= 8
const lv_font_t sh_font_15_500 = {
#else
lv_font_t sh_font_15_500 = {
#endif
    .get_glyph_dsc = lv_font_get_glyph_dsc_fmt_txt,    /*Function pointer to get glyph's data*/
    .get_glyph_bitmap = lv_font_get_bitmap_fmt_txt,    /*Function pointer to get glyph's bitmap*/
    .line_height = 19,          /*The maximum line height required by the font*/
    .base_line = 4,             /*Baseline measured from the bottom of the line*/
#if !(LVGL_VERSION_MAJOR == 6 && LVGL_VERSION_MINOR == 0)
    .subpx = LV_FONT_SUBPX_NONE,
#endif
#if LV_VERSION_CHECK(7, 4, 0) || LVGL_VERSION_MAJOR >= 8
    .underline_position = -2,
    .underline_thickness = 1,
#endif
    .dsc = &font_dsc,          /*The custom font data. Will be accessed by `get_glyph_bitmap/dsc` */
#if LV_VERSION_CHECK(8, 2, 0) || LVGL_VERSION_MAJOR >= 9
    .fallback = NULL,
#endif
    .user_data = NULL,
};



#endif /*#if SH_FONT_15_500*/

